sku_id,retailer,country,sku_name_eng,description_short_eng,breadcrumbs_eng,sku_url,image_url,sku_last_price,gtin,brand,category,attribute,frozen_payload
1000100698,Ozdilek Sanal Market,Turkey,camlica mandarin soda 6X200ml,"camlica mandarin flavored soda, for years unchanging classic taste and cooling soda arbitrary refreshment with whatever you are looking for the moment is with you!","[""""drink"""","""" cold drinks"""","""" carbonated drinks"""","""" soda""""]",https://www.ozdilekteyim.com/market/camlica-mandalina-gazoz-6x200-ml,https://img-ozdilekteyim.mncdn.com/mnresize/848/848/medias/8697520790614.jpg?context=bWFzdGVyfHNhcHByb2R1Y3RpbWd8MzczMzM1fGltYWdlL2pwZWd8YUdJMkwyZzJaUzh4TURVMU5UZzFOVGN6TWpjMk5nfDIwMzUwZDJiZWZiNTFhNGMwMzFlN2M4NjcwZjNiMjFkMTYwOWYwNTM5NDU4MzQzNWIyMjgzN2YwMmI2YTdiZWQ,59.95,8697520790614,Çamlica,Other Non-Cola Carbonates,Volume: 200; Juice Content: 0-2%; Pack Type: Bottle; Carbonization: carbonated; Flavour: mandarin,
1000226316,amazon,USA,"Oat Milk Lattes- Cold Brew, Cold Brew Coffee Cans, Canned Coffee, Iced Coffee, Organic, Dairy Free, Gluten Free, Lightly Sweetened with Coconut Nectar- Peppermint Mocha, 8 Fl Oz (12 Pack)","* * *
## Important information 
[ingredients_start]
Ingredients 
Oat milk (water, oats), coconut nectar, cold brew coffee (water, coffee beans), cacao powder, Himalayan pink salt, gum acacia, peppermi","["""" Any Department"""","""" Grocery & Gourmet Food"""","""" Beverages"""","""" Coffee"""","""" Iced Coffee & Cold- Brew""""]",https://www.amazon.com/dp/B0DDR5ZPK8,https://m.media-amazon.com/images/I/71ThbLCegyL._AC_UL320_.jpg,44.99,850061075130,Pop & Bottle,RTD Coffee,"Immune Support Ingredients: antioxidants; Volume: 237; Coffee Type: mocha; Free From: dairy free; RTD Coffee Style: oat milk, latte, cold brew; Sustainable Sourcing: organic; Juice Content: 0-2%; Caffeine: 15-25 mg; Flavour: coconut, peppermint, mocha, oat, coffee; Carbonization: still; Naturally derived: natural acids, natural; Pack Type: Tin",
10002990,Carrefour,France,natural mineral water saint amand,"the freeze can precipitate the minerals of saint amand in white crystals, without result for health. Store in a clean place, dry, temperate and odorless. after opening, keep cool and to consume quickl","["""" drinks"""","""" waters"""","""" still waters""""]",https://www.carrefour.fr/p/eau-minerale-naturelle-saint-amand-3162850012019,https://www.carrefour.fr/media/1500x1500/Photosite/PGC/BOISSONS/3162850012019_PHOTOSITE_20180904_160417_0.jpg?placeholder=1,2.94,3162850012019,Saint-Amand,Still Bottled Water,"Pack Material Type: Plastic; Nutri-Score: A; No Artificial Ingredients: no nitrites/nitrates; Juice Content: 0-2%; Naturally derived: natural minerals, natural; Volume: 1500; Pack Type: Bottle; Caffeine: 15-25 mg; Health Claims: good source of minerals; Carbonization: still",
1000304279,Kroger,USA,Manzanita Sol Apple Soda Bottle - 2 liter,,"["""" Grocery"""","""" Pantry"""","""" Water, Milk, Soda & Beverages"""","""" Beverages"""","""" Soda & Pop"""","""" Specialty Sodas""""]",https://www.kroger.com/p/manzanita-sol-apple-soda-bottle/0001200001321#:#zipcode=46204&storeid=02100339,https://www.kroger.com/product/images/xlarge/front/0001200001321,2.99,12000013218,Manzanita Sol,Other Non-Cola Carbonates,Pack Type: Bottle; Volume: 2000; Juice Content: 0-2%; Flavour: apple,
1000344085,Kroger,USA,Sanzo Mango Sparkling Water Can - 12 fl oz,,"["""" Grocery"""","""" Beverages"""","""" Sparkling Water & Seltzer Water"""","""" Flavored Sparkling Water & Seltzer""""]",https://www.kroger.com/p/sanzo-mango-sparkling-water-can/0086000035291#:#zipcode=46204&storeid=02100339,https://www.kroger.com/product/images/xlarge/front/0086000035291,1.99,860000352918,Sanzo,Functional Bottled Water,"Flavour: mango; Volume: 355; Juice Content: 0-2%; Pack Type: Can; Carbonization: carbonated, sparkling",
1000432099,amazon,USA,"Energy Drink | Unmatched Energy · Amplified Focus | N- Acetyl-L- Tyrosine, Alpha-GPC, 200mg Caffeine, Uridine, Saffron | 0 Sugar Or Artificial Colors | 16oz, 12- Pack ( Berry Burst)","* * *
## Important information 
Directions 
Open container and enjoy drink. 
Legal Disclaimer 
Statements regarding dietary supplements have not been evaluated by the FDA and are not intended to diagn","["""" Any Department"""","""" Grocery & Gourmet Food"""","""" Beverages"""","""" Bottled Beverages, Water & Drink Mixes"""","""" Energy Drinks""""]",https://www.amazon.com/dp/B0D3NRQ1J5,https://m.media-amazon.com/images/I/71HE2rL6mnL._AC_UL320_.jpg,34.99,810113510439,Gorilla Mind,Energy Drinks,"Volume: 473; Juice Content: 0-2%; Immune Support Ingredients: antioxidants; Flavour: berry; No Artificial Ingredients: no artificial flavours, no artificial colours; Caffeine: 100-150 mg; Carbonization: still; Health Claims: no sugar, energy boosting, antioxidant, nootropic/enhanced mental performance, no calories; Pack Type: Can",
1000486377,amazon,USA,"BUM Sugar- Free Energy Drink, Champion Mentality - Lightly Carbonated & No Artificial Colors, Natural Caffeine & Citicoline for Energy & Focus, Brain Boost & Workout Sports Beverage - 12 oz, Pack of 12","* * *
## Important information 
[ingredients_start]
Ingredients 
Carbonated Water, Natural and Artifical Flavor, Citric Acid, Cognizin Citicoline, Natural Caffeine (from Coffee Bean), Sucralose, Sodiu","["""" Grocery & Gourmet Food"""","""" Beverages"""","""" Bottled Beverages, Water & Drink Mixes"""","""" Energy Drinks""""]",https://www.amazon.com/dp/B0D74CJ2F2,https://m.media-amazon.com/images/I/717PWdm5YEL._AC_UL320_.jpg,29.99,850057175448,Bum Energy,Energy Drinks,"Free From: no caffeine; Volume: 355; Sweetener: sucralose; Carbonization: gently carbonated; No Artificial Ingredients: no artificial flavours, no artificial colours; Naturally derived: natural flavours, natural; Health Claims: no sugar, energy boosting; Pack Type: Can; Juice Content: 0-2%",
1000510072,Bol.com,Netherlands,tchibo caffè cream Mild (8x 1000gr),"this one 100% arabica coffee has a slight show of chocolate and a nice one brandingsaroma. enjoy the velvety soft crema. tchibo caffè cream Mild is ideal for a mild one café au lait, latte and latte m","["""" eat drink"""","""" soft drink, juice, coffee and tea"""","""" coffee""""]",https://www.bol.com/nl/nl/p/tchibo-caffe-crema-mild/9300000186860076/,https://media.s-bol.com/mWlW34x48V30/pYoxovV/625x1200.jpg,141.99,4046234816020,Tchibo,RTD Coffee,"Roast Type: light; Weight: 1000; Geographic Origin: germany; Coffee Type: arabica; RTD Coffee Style: latte; Caffeine: 0-15 mg; Juice Content: 0-2%; Free From: no caffeine, no allergens; Pack Type: Pouch; Carbonization: still",
1000516011,Kroger,USA,Sanzo Calamansi ( Golden Lime) Sparkling Water - 12 fl oz,,"["""" Grocery"""","""" Beverages"""","""" Sparkling Water & Seltzer Water"""","""" Flavored Sparkling Water & Seltzer""""]",https://www.kroger.com/p/sanzo-calamansi-golden-lime-sparkling-water/0086000035290#:#zipcode=46204&storeid=02100339,https://www.kroger.com/product/images/xlarge/front/0086000035290,1.99,860000352901,Sanzo,Functional Bottled Water,"Flavour: lime; Volume: 355; Pack Type: Can; Carbonization: carbonated, sparkling; Juice Content: 0-2%",
1000566827,Thrive Market,USA,"Sparkling Water, Rose, Lime, Hibiscus Tea","Sparkling water with an organic hibiscus blend Plus rose, lime & cardamom extracts Light & bright Middle Eastern-inspired flavor For everyday refreshments, pool days, or happy hours Non-GMO Project Ve","["""" Beverages"""","""" Water & Sparkling Water""""]",https://thrivemarket.com/p/sound-sparkling-water-rose-lime-hibiscus-tea,https://img.thrivemarket.com/store/full/8/5/854322005461_front_1_1.jpg,1.99,854322005461,Sound,Functional Bottled Water,"Diets: kosher; Volume: 355; Sustainable Sourcing: organic; Health Claims: no sugar, no added sugar; Caffeine: 0-15 mg; Pack Type: Can; Juice Content: 0-2%; No Artificial Ingredients: no artificial additives; Carbonization: sparkling; Flavour: tea, rose, lime, hibiscus; Free From: no alcohol, grain free, no soy, no peanuts, no eggs, no caffeine, no yeast, no shellfish, no nuts, no crustaceans, no allergens, no fish, dairy free, wheat free",
1000656051,Albert Heijn,Netherlands,Hip Pop Living soda pink grapefruit,"characteristics: deposit (only the netherlands), 
use: to open and drink it, 
Highlights: low in kcal & free of sweeteners,100% natural, nothing artificial, with probiotics, contains living cultures.,","["""" soft drink, juices, water"""","""" Ice tea"""","""" ice tea green""""]",https://www.ah.nl/producten/product/wi584163/hip-pop-living-soda-pink-grapefruit,https://static.ah.nl/dam/product/AHI_4354523130303938383930?revLabel=1&rendition=400x400_JPG_Q85&fileType=binary,1.99,5060512670905,Hip Pop,Other Non-Cola Carbonates,"Volume: 330; Pack Type: Can; Diets: vegan; Carbonization: still; Juice Content: 0-2%; Flavour: grapefruit; Health Claims: probiotic; Caffeine: 0-15 mg; Naturally derived: natural flavours, natural; No Artificial Ingredients: no artificial sweeteners",
1000710367,Albert Heijn,Netherlands,Hip Pop kombucha blueberry & ginger,"characteristics: deposit (only the netherlands), 
use: to open and drink it, 
Highlights: low in kcal & free of sweeteners,100% natural, nothing artificial, with probiotics, contains living cultures.,","["""" soft drink, juices, water"""","""" Ice tea"""","""" ice tea green""""]",https://www.ah.nl/producten/product/wi584165/hip-pop-kombucha-blueberry-en-ginger,https://static.ah.nl/dam/product/AHI_4354523130303938383838?revLabel=1&rendition=400x400_JPG_Q85&fileType=binary,1.99,5060512670967,Hip Pop,Carbonated RTD Tea and Kombucha,"Juice Content: 0-2%; Health Claims: probiotic; Volume: 330; No Artificial Ingredients: no artificial sweeteners; Tea Type: green, black; Caffeine: 0-15 mg; Immune Support Ingredients: ginger; Flavour: blueberry, ginger; Sweetener: cane sugar; Naturally derived: natural flavours, natural; Pack Type: Can",
1000749660,safeway,USA,Machu Picchu Pineapple Blueberry Energy Drink - 12 Fl. Oz.,,"["""" Beverages"""","""" Energy Drinks & Shots"""","""" Energy Drinks & Shots""""]",https://www.safeway.com/shop/product-details.970570636.html,https://images.albertsons-media.com/is/image/ABS/970570636,3.29,850033206180,Machu Picchu,Energy Drinks,"Carbonization: still; Flavour: pineapple, blueberry; Juice Content: 0-2%; Volume: 355; Pack Type: Can; Health Claims: energy boosting",
1000802081,Kroger,USA,Proud Source Bottled Water - 16 fl oz,,"["""" Grocery"""","""" Pantry"""","""" Beverages"""","""" Water"""","""" Spring Water""""]",https://www.kroger.com/p/proud-source-bottled-water/0085330300702#:#zipcode=46204&storeid=02100339,https://www.kroger.com/product/images/xlarge/right/0085330300702,1.99,853303007029,Proud Source,Functional Bottled Water,Volume: 473; Juice Content: 0-2%; Carbonization: still,
1000813567,safeway,USA,Pickle Juice Pickle Shot - 2.5 Fl. Oz.,,"["""" Beverages"""","""" Energy Drinks & Shots"""","""" Energy Shots""""]",https://www.safeway.com/shop/product-details.960281725.html,https://images.albertsons-media.com/is/image/ABS/960281725,2.49,183633000026,Pickle Juice,Not from Concentrate 100% Juice,Carbonization: still; Juice Content: 0-2%; Pack Type: Can,
1000827279,Willys,Sweden,"raspberry soda soda, Pet",carbonated soft drink with raspberry flavor. 1.5 liters.,"["""" drink"""",""""soda"""",""""soda big""""]",https://www.willys.se/produkt/Hallonsoda-Lask-Pet-101608032_ST,"https://assets.axfood.se/image/upload/f_auto,t_500/07611612404433_C1N1_s01",12.9,7611612404433,Premier,Other Non-Cola Carbonates,Sweetener: sugar; Juice Content: 2-5%; Volume: 1500; Carbonization: carbonated; Pack Type: Bottle; Naturally derived: natural fragrances; Flavour: raspberry,
1000894002,Albert Heijn,Netherlands,Hip Pop kombucha strawberry & pineapple,"characteristics: deposit (only the netherlands), 
use: to open and drink it, 
Highlights: low in kcal & free of sweeteners,100% natural, nothing artificial, with probiotics, contains living cultures.,","["""" soft drink, juices, water"""","""" Ice tea"""","""" ice tea green""""]",https://www.ah.nl/producten/product/wi584164/hip-pop-kombucha-strawberry-en-pineapple,https://static.ah.nl/dam/product/AHI_4354523130303938383735?revLabel=1&rendition=400x400_JPG_Q85&fileType=binary,1.99,5060512671001,Hip Pop,Carbonated RTD Tea and Kombucha,"Sweetener: cane sugar; Pack Type: Can; Caffeine: 0-15 mg; Health Claims: probiotic; Volume: 330; No Artificial Ingredients: no artificial sweeteners; Flavour: strawberry, pineapple; Juice Content: 0-2%; Naturally derived: natural flavours, natural; Tea Type: green, black",
1000914264,Albert Heijn,Netherlands,rivella lemon slightly sparkling,"characteristics: deposit (only the netherlands), divorced collection, 
keep: cool, keep dry and dark. perishable after opening., 
Highlights: with natural ingredients?, slightly sparkling, nice and re","["""" soft drink, juices, water"""","""" Tonic, ginger, bitter, crafts and special fresh"""","""" rivella""""]",https://www.ah.nl/producten/product/wi584130/rivella-citroen-licht-sprankelend,https://static.ah.nl/dam/product/AHI_4354523130303931393835?revLabel=1&rendition=400x400_JPG_Q85&fileType=binary,2.99,8715600249743,Rivella,Other Non-Cola Carbonates,"Sweetener: cyclamate, saccharin, acesulfame potassium; Pack Type: Liquid Carton; Naturally derived: natural fragrances, natural; Flavour: lemon; Juice Content: 0-2%; Caffeine: 15-25 mg; Volume: 1500; Carbonization: sparkling",
10009275,CVS,USA,Navitas Organics Cacao Powder,"Packed with beneficial nutrients and a rich, unsweetened dark chocolate taste, Navitas Organics Cacao Powder is perfect for satisfying your chocolate craving and elevating all manner of chocolatey foo","[""""diet-nutrition"""",""""balanced-nutrition"""",""""powders""""]",https://www.cvs.com/shop/navitas-organics-cacao-powder-prodid-176319#zipcode=60804#store_id=8742#skuid=176319#skuid=176319,https://www.cvs.com/bizcontent/merchandising/productimages/large/858847000871.jpg,11.99,858847000871,Navitas,Powder Concentrates,"Pack Material Type: Paper / Carton; Sustainable Sourcing: organic; Immune Support Ingredients: antioxidants; Contains Minerals: magnesium; No Artificial Ingredients: no artificial sweeteners; Sweetener: unsweetened; Concentrate Format: powder; Juice Content: 100%; Health Claims: no added sugar, antioxidant, superfood, balanced nutrition",
10009367,Greenweez,France,"ethical 
pure juice pineapple organic madagascar - 1 liter","reference 1ETHI0148 info weight price per litre : 5.49 €/ litre 
pure juice pineapple organic madagascar - 1 liter . certified organic. fair. rich in vitamin A and C. 100% pure juice pineapple. stimul","["""" drinks"""","""" juice organic"""","""" exotic fruit juice organic""""]",https://www.greenweez.com/ethiquable-pur-jus-ananas-madagascar-bio-1-l-p97520,https://static.greenweez.com/images/products/97000/210/ethiquable-pur-jus-ananas-madagascar-bio-1l.jpg,5.87,3760091727114,Ethiquable,Not from Concentrate 100% Juice,"Carbonization: still; Volume: 1000; Pack Material Type: Paper / Carton; Sweetener: sugar; Health Claims: good source of vitamins; Juice Content: 100%; Geographic Origin: madagascar; Flavour: pineapple; Immune Support Ingredients: vitamin c; Made From: pineapple; Caffeine: 15-25 mg; Sustainable Sourcing: fairtrade, organic",
1000940992,safeway,USA,Uptime Mango Pineapple Sugar Free Energy Drink - 12 FZ,,"["""" Beverages"""","""" Energy Drinks & Shots"""","""" Energy Drinks & Shots""""]",https://www.safeway.com/shop/product-details.970109867.html,https://images.albertsons-media.com/is/image/ABS/970109867,2.5,25713921909,Uptime,Energy Drinks,"Juice Content: 0-2%; Carbonization: still; Health Claims: energy boosting, no sugar; Flavour: pineapple, mango",
1000943999,Albert Heijn,Netherlands,Hip Pop Living soda tropical peach,"characteristics: deposit (only the netherlands), 
use: to open and drink it, 
Highlights: low in kcal & free of sweeteners,100% natural, nothing artificial, with probiotics, contains living cultures.,","["""" soft drink, juices, water"""","""" Ice tea"""","""" ice tea green""""]",https://www.ah.nl/producten/product/wi584162/hip-pop-living-soda-tropical-peach,https://static.ah.nl/dam/product/AHI_4354523130303938383833?revLabel=1&rendition=400x400_JPG_Q85&fileType=binary,1.99,5060512670929,Hip Pop,Other Non-Cola Carbonates,"Caffeine: 0-15 mg; Pack Type: Can; Carbonization: still; Juice Content: 0-2%; Flavour: peach; Volume: 330; No Artificial Ingredients: no artificial sweeteners; Naturally derived: natural flavours, natural; Health Claims: probiotic; Diets: vegan",
1000988218,Coop,Netherlands,fernandes Cream ginger,"> 
## extra information 
contact coca- Cola European Partners 
contact details po box 8775.3009 at, rotterdam 
## legal information 
operating instructions cool to serve 
storage instructions out of t","["""" groceries"""","""" soft drink, juices, and, Water"""","""" soft drinks"""","""" others, soft drink""""]",https://www.coop.nl/product/8710642037167,https://cdn.syndy.com/media/products/08140300-bd8b-6045-3b69-08dcf1db38c3/images/AW0HA3GItENDpZ-NPK0ohvI./AAAAXPyZrHaS2wjc8laHUg.290x290.jpg,1.04,8710642037167,Fernandes,Other Non-Cola Carbonates,Carbonization: carbonated; Flavour: ginger; Immune Support Ingredients: ginger; Volume: 250; Juice Content: 0-2%; Environmentally Friendly: environmentally friendly; Pack Type: Can,
1000991449,Aldi,United Kingdom,Sun Quench Fruit-o Mixed Fruit Squash 1l,"## Specifications 
[ingredients_start]

Ingredients Water, Sugar, Fruit Juices From Concentrate ( Grape, Apple, Raspberry, Blackcurrant) (10%), Acid: Citric Acid; Flavourings ( Contains 𝐁𝐚𝐫𝐥𝐞𝐲); Plant","["""" Home"""","""" Drinks"""","""" Soft Drinks & Juices"""","""" Squash & Cordial""""]",https://groceries.aldi.co.uk/en-GB/p-sun-quench-fruit-o-mixed-fruit-squash-1l/4061462462566,https://aldprdproductimages.azureedge.net/media/resized\$Aldi_GB\01.11.24\4061462462566_0_M.jpg,1.09,4061462462566,Sun Quench,Liquid Concentrates,"Sweetener: sucralose, sugar, acesulfame potassium; Caffeine: 15-25 mg; Pack Type: Bottle; Immune Support Ingredients: vitamin c; Volume: 1000; Health Claims: low sugar, good source of vitamins",
10010264,Giant Eagle,USA,Purified Water - Natural Orange,6- 16oz bottles,"["""" Beverages"""","""" Flavored Drinks"""","""" Flavored""""]",https://curbsideexpress.gianteagle.com/store/7EBA1124#/product/sku/00019063232303,https://cnt.gianteagle.com/api/Images/v7/products/190908/dimensions/large/jpg,4,19063232303,Fruit2O,Still Flavoured Bottled Water,Pack Type: Bottle; Flavour: orange; Pack Material Type: Plastic; Water Type: purified; Juice Content: 0-2%; Naturally derived: natural; Carbonization: still,
1001068351,Coop,Netherlands,rivella lemon,"> 
## extra information 
contact vrumona B.v. 
contact details reply number 2210.3970 wd, bunnik 
## legal information 
operating instructions chilled best. 
refrigerated storage instructions, keep dr","["""" groceries"""","""" soft drink, juices, and, Water"""","""" soft drinks"""","""" others, soft drink""""]",https://www.coop.nl/product/8715600249743,https://cdn.syndy.com/media/products/b01e0000-bd9e-6045-9812-08dcb55d6a40/images/AW0HA3GItENDpZ-NPK0ohvI./AAAAXPyZrHbMugjc_Ce6fA.290x290.jpg,3.14,8715600249743,Rivella,Other Non-Cola Carbonates,Volume: 1500; Carbonization: still; Pack Type: Liquid Carton; Juice Content: 0-2%; Flavour: lemon; Water Type: mineral,
1001135174,amazon,USA,"KERNS Nectar Can, 888903201021, Apricot, 11.5 Ounce","* * *
## Important information 
[ingredients_start]
Ingredients 
Water, Apricot Puree from Concentrate, Sugar, Malic Acid, Natural Flavor, Ascorbic Acid ( Vitamin C). 
[ingredients_end]

Legal Disclai","["""" Any Department"""","""" Grocery & Gourmet Food"""","""" Beverages"""","""" Bottled Beverages, Water & Drink Mixes"""","""" Juices""""]",https://www.amazon.com/dp/B07VHWFP51,https://m.media-amazon.com/images/I/71iirmCPRlL._AC_UL320_.jpg,14.26,888903201027,Kern's,Nectars,"Made From: apricot, coconut, pineapple, peach, mango; Juice Features: from concentrate; Carbonization: still; Volume: 340; Flavour: apricot; Juice Content: 15-25%; Diets: kosher; Health Claims: no added sugar; Pack Type: Can; Immune Support Ingredients: vitamin c; Caffeine: 15-25 mg; Naturally derived: natural flavours; No Artificial Ingredients: no artificial flavours",
1001173315,Coop,Netherlands,sourcing vitamin water grape lemon,"> 
## extra information 
contact vrumona B.v. 
contact details reply number 2210.3970 wd, bunnik 
## legal information 
storage instructions for best before end: see neck bottle. cool, keep dry and da","["""" groceries"""","""" soft drink, juices, and, Water"""","""" Water"""","""" Water, with, a, taste""""]",https://www.coop.nl/product/8715600249453,https://cdn.syndy.com/media/products/08140000-bd8b-6045-0044-08dcf1db38c8/images/AW0HA3GItENDpZ-NPK0ohvI./AAAAXPyZrHZCtAjc_CeufQ.290x290.jpg,1.88,8715600249453,Sourcy,Functional Bottled Water,"Pack Type: Bottle; Flavour: grape, lemon; Carbonization: still; Volume: 500; Caffeine: 15-25 mg",
1001306530,safeway,USA,Redcon1 Energy Prime Time Punch 16fz - 16 FZ,,"["""" Beverages"""","""" Energy Drinks & Shots"""","""" Energy Drinks & Shots""""]",https://www.safeway.com/shop/product-details.971078267.html,https://images.albertsons-media.com/is/image/ABS/971078267,2.49,810044577662,Redcon1,Energy Drinks,Juice Content: 0-2%; Carbonization: still; Health Claims: energy boosting; Pack Type: Can,
1001405249,Asda,United Kingdom,Burst Orange 400ml,"No added sugar*
* Contains naturally occurring sugars.
No added nonsense**
** No artificial colours, flavours or sweeteners. 
1 of Your 5 a Day. Refreshingly no-nonsense. 1 / 5 In Every Bottle. Vegan ","["""" Chilled Food"""","""" Sandwiches, Snacks & Drinks"""","""" Sandwiches, Snacks & Drinks""""]",https://groceries.asda.com/product/1000383236909,https://ui.assets-asda.com:443/dm/5038512002637,1.7,5038512002637,Juice Burst,Juice Drinks (up to 24% Juice),"Made From: orange; Naturally derived: natural flavours, natural; Juice Features: from concentrate; Health Claims: no added sugar; Caffeine: 15-25 mg; Volume: 400; Carbonization: still; No Artificial Ingredients: no artificial colours, no artificial flavours, no artificial sweeteners; Flavour: orange",
1001470657,amazon,USA,"KILL CLIFF Blood Orange Recovery Drink, 12 FZ","* * *
## Important information 
[ingredients_start]
Ingredients 
Carbonated Water, Erythritol ( Natural Sweetener), Vitamin & Plant Extract Blend ( Taurine, D- Glucuron 
[ingredients_end]

Legal Discl","["""" Grocery & Gourmet Food"""","""" Beverages"""","""" Bottled Beverages, Water & Drink Mixes"""","""" Sports Drinks""""]",https://www.amazon.com/dp/B009YJ33K2,https://m.media-amazon.com/images/I/41Ei5ZpFUcL._AC_UL320_.jpg,2.96,896743002001,Kill Cliff,Sports Drinks,"Health Claims: good source of minerals, hydrating; Sports Ingredients: electrolytes; Caffeine: 0-15 mg; Sweetener: erythritol; Volume: 355; No Artificial Ingredients: no gmo, no artificial flavours; Flavour: orange; Carbonization: gently carbonated; Pack Type: Carton/Box; Juice Content: 0-2%; Naturally derived: natural flavours, natural sweeteners; Immune Support Ingredients: vitamin c",
1001573296,safeway,USA,Aura Bora Water Sparkling Basil Berry - 12 FZ,,"["""" Beverages"""","""" Water & Sparkling Water"""","""" Enhanced Water""""]",https://www.safeway.com/shop/product-details.970066138.html,https://images.albertsons-media.com/is/image/ABS/970066138,2.5,860002260938,Aura Bora,Functional Bottled Water,"Juice Content: 0-2%; Pack Material Type: Metal; Carbonization: sparkling; Flavour: berry, basil",
1001787666,Kroger,USA,TEN Alkaline Spring Water,"TEN Spring Water is Perfection in a Bottle. Sourced from natural springs, never from a municipal (tap) water source, Stable pH -- tested to hold pH in the bottle for a minimum of 2 years,BPA-free bott","["""" Grocery"""","""" Pantry"""","""" Beverages"""","""" Water"""","""" Alkaline Water""""]",https://www.kroger.com/p/ten-alkaline-spring-water/0081005300022#:#zipcode=46204&storeid=02100339,https://www.kroger.com/product/images/xlarge/front/0081005300022,4.79,810053000229,Ten,Functional Bottled Water,"Water Type: spring, alkaline; Juice Content: 0-2%; Naturally derived: natural; Volume: 3785; Carbonization: still",
1001815828,Target,USA,Life Aid Fit Aid Go Hydration + Athletic Recovery Powder Citrus Medley - 6 packets,"
[ingredients_start]
 Does Not Contain Any of the 9 Major Allergens Product Form: Powder Package Quantity: 6 TCIN: 94162547 UPC: 810047240570 Origin: made in the USA 
[ingredients_end]

Life Aid Fit A","["""" Health"""","""" Vitamins & Supplements"""","""" Immune System Supplements""""]",https://www.target.com/p/lifeaid-fitaid-go-hydration-athletic-recovery-powder-citrus-medley-6-packets/-/A-94162547,https://target.scene7.com/is/image/Target/GUEST_decc6068-6486-4d68-a4bf-93167752413e,69.05,810047240570,LIFEAID,Powder Concentrates,"Free From: no allergens; Caffeine: 0-15 mg; Concentrate Format: powder; Pack Type: Carton/Box; Flavour: citrus; Naturally derived: natural sweeteners; Geographic Origin: united states; Sweetener: monk fruit, stevia; No Artificial Ingredients: no sucralose; Health Claims: no sugar, no added sugar, immune system health, hydrating",
1001961770,Kroger,USA,Kohana Cold Brew Concentrate,"Experience the rich and smooth flavor of Kohana Cold Brew Concentrate! Each pack contains 32 oz of meticulously brewed coffee concentrate, ready to mix with your favorite milk or water for a refreshin","["""" Grocery"""","""" Beverages"""","""" Coffee"""","""" Cold Brew, Iced & Bottled Coffee""""]",https://www.kroger.com/p/kohana-cold-brew-concentrate/0380407826317?fulfillment=IN_STORE,https://www.kroger.com/product/images/xlarge/front/0380407826317,98.99,3804078263179,Kohana,RTD Coffee,"Volume: 946; Juice Content: 0-2%; RTD Coffee Style: milk, cold brew; Carbonization: still",
1002004030,safeway,USA,Bolt24 Peach Mango 16.9 Oz. - 16.9 OZ,,"["""" Beverages"""","""" Sports Drinks"""","""" Sports Drinks""""]",https://www.safeway.com/shop/product-details.970033355.html,https://images.albertsons-media.com/is/image/ABS/970033355,1.79,52000047776,Bolt 24,Sports Drinks,"Volume: 500; Carbonization: still; Flavour: peach, mango; Juice Content: 0-2%",
100210306,Sainsbury's,United Kingdom,Regal Siprus Mixed Fruit Nectar 2 Ltr,"Information
Description
Mixed Fruit Nectar
Made from 5 fruits
Suitable for vegetarians
Full product range available online www.shopatregal.com
Find us on Facebook and Twitter
Product of IRP
Bottle des","["""" Dairy, eggs & juice"""","""" Fruit juice & drinks"""","""" Chilled fruit juice & smoothies""""]",https://www.sainsburys.co.uk/shop/gb/groceries/product/details/diwali/regal-siprus-mixed-fruit-nectar-2-ltr,https://assets.sainsburys-groceries.co.uk/gol/7953221/image.jpg,2.5,5027738013381,Regal,Nectars,"Juice Features: smoothie; Volume: 2000; Caffeine: 15-25 mg; Pack Material Type: Plastic; Naturally derived: natural sweeteners, natural colourants; Sweetener: sugar; Carbonization: still; Juice Content: 50-75%; Immune Support Ingredients: vitamin c, antioxidants; Made From: orange, apple, guava, mango; Pack Type: Bottle; Health Claims: antioxidant",
1002116588,Walmart,USA,KR Pink Grapefruit Flavored Seltzer Water Cans 12 pk / 12 fl oz - Pack of 2,""""" 
* Nutrition Facts 
* 12.0 servings per container 
* Serving size 1 can (354mL) 
* Amount per serving 
* Calories 0 
* % Daily value* 
* Total Fat0g Total Fat 
* Sodium10mg Sodium 
* Total Carbohydr","["""" Food"""","""" Beverages"""","""" Water"""","""" Flavored Water"""","""" All Flavored Water""""]",https://www.walmart.com/ip/KR-Pink-Grapefruit-Flavored-Seltzer-Water-Cans-12-pk-12-fl-oz-Pack-of-2/15768011946?classType=REGULAR,https://i5.walmartimages.com/seo/2X-KR-Pink-Grapefruit-Flavored-Seltzer-Water-Cans-12-fl-oz-12-pk_93ad7b8b-1efa-4e36-ab8f-3769901fe1a8.5952c7e3c1ebbb0c3ee0c8f13ebfa97b.jpeg,20.99,100140707828,Strike Force,Sparkling Flavoured Bottled Water,Volume: 355; Water Type: seltzer; Flavour: grapefruit; Pack Type: Carton/Box; Carbonization: carbonated; Juice Content: 0-2%; Caffeine: 15-25 mg,
1002262631,superdrug,United Kingdom,WOW Hydrate ELECTROLYTE Lemon and Lime - 500ml (x 12),other Features Our tasty range of electrolyte drinks contains a variety of essential vitamins and electrolytes complemented by a delicious flavour. These vitamins and electrolytes are stored in the ca,"[""""health"""",""""diet-fitness""""]",https://www.superdrug.com/health/diet-fitness/health-shots-energy-drinks/wow-hydrate-electrolyte-lemon-and-lime-500ml-x-12/p/mp-00143331,https://www.superdrug.com/medias/prd-front-mp-00143331-600x600?context=bWFzdGVyfHByZC1pbWFnZXN8NTIxNjN8aW1hZ2UvanBlZ3xhRGRsTDJnNFlTOHhNVFE0TURZeE5URTFOemM1TUM5d2NtUXRabkp2Ym5RdGJYQXRNREF4TkRNek16RmZOakF3ZURZd01BfGNhNzJmMmY1N2Q5ODIyYjZmMGUyMTM5NjdkNTc4YTRiNTE0MmU0Mjg5OTg4ZTY1NDkzMmU0N2EzOTQxYmU4ZGY,17.99,5060446100455,Wow Hydrate,Sports Drinks,"Sports Positioning: fitness; Flavour: lemon, lime; Diets: low carbs; Juice Content: 0-2%; Volume: 500; Contains Minerals: calcium; Carbonization: still; Sports Ingredients: electrolytes; Health Claims: no sugar, immune system health, mood-enhancing, antioxidant, good source of minerals, good source of vitamins, hydrating, fatigue relief; Naturally derived: natural flavours; Caffeine: 50-100 mg; Sweetener: sucralose; Pack Type: Blister; Immune Support Ingredients: vitamin c, antioxidants",
1002383316,amazon,France,"LIFEAID FITAID Energy lot of 12 packs of natural caffeine, ketogenic, formula to optimal performance : bcaa, quercetin, electrolytes, omega-3s, 15 calories, paleo, vegan and without gluten, 35 ml","mark LIFEAID 
form of the liquid article 
flavor Fitaid Energy lot of 200 mg of caffeine 
type of paleo diet 
number of items 12 
packaging information can 
item volume 144 fluid ounces 
number of uni","["""" all stores"""","""" grocery"""","""" coffee, tea and drinks"""","""" energy drinks""""]",https://www.amazon.fr/dp/B09WY6726Y,https://m.media-amazon.com/images/I/716D5whEubL._AC_UL320_.jpg,161.85,810047240969,LIFEAID,Energy Drinks,"Sports Ingredients: bcaa, electrolytes; Diets: paleo diet; Contains Minerals: calcium; Free From: dairy free; Sweetener: sucralose; Carbonization: still; Energy Source: green tea; Immune Support Ingredients: vitamin c, turmeric; Juice Content: 0-2%; Health Claims: energy boosting, stress relief, low calories, good source of vitamins, fatigue relief, hydrating; Pack Type: Can; Naturally derived: natural flavours, natural sweeteners, natural",
1002448096,amazon,USA,"Texas Tea White Tea, Poteet Strawberry, 16 Ounce","* * *
## Important information 
[ingredients_start]
Ingredients 
Brewed Organic White Tea ( Water Tea), Pure Cane Sugar, Poteet Strawberry Puree, Natural Strawberry 
[ingredients_end]

Directions 
Ope","["""" Any Department"""","""" Grocery & Gourmet Food"""","""" Beverages"""","""" Tea"""","""" White""""]",https://www.amazon.com/dp/B00K021VJC,https://m.media-amazon.com/images/I/51ExB7Gud2L._AC_UL320_.jpg,17.99,852750003028,Texas Tea,Still RTD Tea,"Pack Type: Bottle; Volume: 473; Pack Material Type: Glass; Naturally derived: natural flavours, natural; Carbonization: still; Sweetener: cane sugar; Tea Type: white; Juice Content: 15-25%; Sustainable Sourcing: organic; Flavour: tea, strawberry",
1002466685,Tesco,Ireland,Emmi Caffe Latte Cappuccino Ready To Drink 230 Ml,"Pasteurised iced coffee with cocoa., Creamy and chocolatey, our Cappuccino Caffe Latte iced coffee is your reward for those 'on-the-go', 'gotta get it done' days! Here's your iced coffee Cappuccino. W","["""" Drinks"""","""" Coffee"""","""" Chilled Coffee""""]",https://www.tesco.ie/groceries/en-IE/products/253978518,https://digitalcontent.api.tesco.com/v2/media/ghs/7ad2326f-4efb-4f63-8445-c827f60fd7b8/2a57c689-12d3-49bb-9f82-c035188fdd4c_961216374.jpeg?h=540&w=540,1.99,7610900248872,Emmi,RTD Coffee,"Volume: 230; RTD Coffee Style: latte; Sweetener: sugar; Coffee Type: arabica; Sustainable Sourcing: rainforest alliance; Roast Type: italian; Carbonization: still; Flavour: cappuccino, latte; Pack Type: Tub/Cup/Pot; Juice Content: 0-2%",
1002477949,amazon,Canada,"Shine Water Vitamin D Hydration Electrolyte Drink, Fruit Punch 12 Pack, Sugar Free Naturally Flavored Water, Magnesium, Zinc, Vitamin B12, Folic Acid, Plant Based Antioxidants, Low Calorie","# Product information 
Collapse all Expand all Measurements package-weight 5.94 Kilograms 
Number Of Pieces 12 
count 1 
Unit Count 192.00 millilitre 
Number of Items 12 
Item Volume 12 Fluid Ounces 
","["""" Grocery & Gourmet Food"""","""" Beverages"""","""" Sports Drinks""""]",https://www.amazon.ca/dp/B0CTRXMM7J,https://m.media-amazon.com/images/I/8162DEVMfWL._AC_UL320_.jpg,,850036444152,Shine Water,Sports Drinks,"Sports Ingredients: electrolytes; Diets: kosher; No Artificial Ingredients: no artificial preservatives, no artificial flavours, no artificial colours; Naturally derived: natural flavours; Volume: 355; Geographic Origin: united states; Health Claims: no sugar, antioxidant, low calories, good source of vitamins, hydrating; Carbonization: still; Caffeine: 15-25 mg; Contains Minerals: magnesium; Immune Support Ingredients: vitamin c, zinc, antioxidants",
1002529896,safeway,USA,Lemon Perfect Lemon 6-15.2fz - 6-15.2 FZ,,"["""" Beverages"""","""" Water & Sparkling Water"""","""" Enhanced Water""""]",https://www.safeway.com/shop/product-details.970950774.html,https://images.albertsons-media.com/is/image/ABS/970950774,9.99,850003748955,Lemon Perfect,Sparkling Flavoured Bottled Water,Flavour: lemon; Carbonization: sparkling,
1002764793,Hemköp,Sweden,"hop soda, bottle","renew jultraditionen with our hop julmust, one adults alternative to the traditional christmas must. with tones and humlekaraktar results this julmust in an easy floral and citruspraglad taste profile","["""" all supplies"""","""" drink"""",""""soda"""",""""soda small""""]",https://www.hemkop.se/produkt/H-101595491_ST,"https://assets.axfood.se/image/upload/f_auto,t_200/07310401054377_C1N1_s01",15.95,7310401054377,Nygårda,Other Non-Cola Carbonates,"Carbonization: gently carbonated; Sweetener: sugar; Volume: 330; Juice Content: 0-2%; Caffeine: 15-25 mg; Pack Type: Bottle; Naturally derived: natural fragrances, natural flavours",
100284616,K Ruoka,Finland,moomin wild berries juice drink 0.5l,,"["""" beverages"""","""" juice"""","""" single-dose juices""""]",https://www.k-ruoka.fi/kauppa/tuote/moomin-metsamarjat-mehujuoma-05l-6420610113787,https://public.keskofiles.com/f/k-ruoka/product/6420610113787,2.09,6420610113787,Moomin,Juice Drinks (up to 24% Juice),"Sweetener: sugar; Naturally derived: natural flavours, natural fragrances; Volume: 500; Water Type: spring; Made From: bilberry, blueberry; Pack Material Type: Paper / Carton; Flavour: wild berries, berry; Carbonization: still; Pack Type: Liquid Carton",
1002955702,K Ruoka,Finland,power crazy Joulujengi energy drink 0.33l,"""""power goes crazy with new taste and look! power crazy Joulujengi energy drink is a one-of-a-kind seasonal product. The drink has a delicious christmas red berries flavor, a crazy flavor perfect for t","["""" beverages"""","""" energy- and sports drinks"""","""" energy drinks""""]",https://www.k-ruoka.fi/kauppa/tuote/teho-hullu-joulujengi-033l-tlk-6419800121558,https://public.keskofiles.com/f/k-ruoka/product/6419800121558,1.69,6419800121558,Teho,Energy Drinks,"Sweetener: sucralose, sugar; Volume: 330; Carbonization: still; Health Claims: energy boosting; Pack Type: Can; Juice Content: 0-2%",
1003114233,amazon,USA,"BREW DR Organic Cherry Limeade Kombucha, 14 FZ","* * *
## Important information 
Legal Disclaimer 
Statements regarding dietary supplements have not been evaluated by the FDA and are not intended to diagnose, treat, cure, or prevent any disease or h","["""" Grocery & Gourmet Food"""","""" Beverages"""","""" Tea Beverages"""","""" Kombucha Tea""""]",https://www.amazon.com/dp/B0CGMLL477,https://m.media-amazon.com/images/I/71R5dWLccJL._AC_UL320_.jpg,3.99,850044821143,Brew Dr Kombucha,Carbonated RTD Tea and Kombucha,"Flavour: cherry; Sweetener: cane sugar; Sustainable Sourcing: usda organic, organic; Environmentally Friendly: climate pledge friendly, no pesticides; Juice Content: 0-2%; Health Claims: probiotic; Carbonization: still; Caffeine: 0-15 mg; No Artificial Ingredients: no artificial colours, no artificial flavours; Pack Type: Bottle; Tea Type: green",
1003131245,safeway,USA,Protein2o Protein Infused Water Tropical Coconut + Electrolytes - 16.9 Fl. Oz.,,"["""" Beverages"""","""" Water & Sparkling Water"""","""" Enhanced Water""""]",https://www.safeway.com/shop/product-details.960225210.html,https://images.albertsons-media.com/is/image/ABS/960225210?$ng-ecom-pdp-mobile$&defaultImage=Not_Available,2.29,858379004095,Protein2O,Functional Bottled Water,Sports Ingredients: electrolytes; Volume: 500; Carbonization: sparkling; Juice Content: 0-2%; Water Type: coconut; Flavour: coconut,
1003718169,Willys,Sweden,"Must soda, can","nygårdas julmust based sig på one original recipe from 1910 and tastes as a must should taste. with a perfect balance between sweetness, juliga spices and lovely foam is ours must loved by both large ","["""" drink"""",""""soda"""",""""soda small""""]",https://www.willys.se/produkt/Must-Lask-Burk-101509378_ST,"https://assets.axfood.se/image/upload/f_auto,t_500/07310401051918_C1N1_s01",5.9,7310401051918,Nygårda,Other Non-Cola Carbonates,Volume: 330; Carbonization: gently carbonated; Juice Content: 0-2%; Sweetener: sugar; Pack Type: Can,
1003718780,El Corte Inglés,Spain,VITAE kombucha kombucha ecological with taste of apple and cinnamon 250 ml bottle,,"[""""supermarket"""",""""nutrition and wellness"""",""""drinks and juices"""",""""waters and soft drinks""""]",https://www.elcorteingles.es/supermercado/0110120723000590-vitae-kombucha-kombucha-ecologica-con-sabor-a-manzana-y-canela-botella-250-ml/,https://sgfm.elcorteingles.es/SGFM/dctm/MEDIA03/202407/09/00120723000590____1__40x40.jpg,2.49,651973512276,Vitae Kombucha,Carbonated RTD Tea and Kombucha,"Volume: 250; Carbonization: carbonated; Flavour: cinnamon, apple; Environmentally Friendly: environmentally friendly; Pack Type: Bottle",
1003734206,Target,USA,"Recess Zero Proof Craft Mocktails, Alcohol Free, Ginger Lime """" Mule"""" - 12 Fl Oz Can ( Pack of 12)","
[ingredients_start]
 Does Not Contain Any of the 9 Major Allergens Form: Liquid 
[ingredients_end]
State of Readiness: Ready to Drink Carbonation type 1: Carbonated Net weight: 144 fl oz (us) Package","["""" Grocery"""","""" Beverages"""","""" Water""""]",https://www.target.com/p/recess-zero-proof-craft-mocktails-alcohol-free-ginger-lime-mule-12-fl-oz-can-pack-of-12/-/A-94152299,https://target.scene7.com/is/image/Target/GUEST_d4dd378d-6200-456e-af55-6cf7bda2d236,78.99,664697917067,Recess,Other Non-Cola Carbonates,"Volume: 355; Energy Source: guayusa, l-theanine; Flavour: lime, ginger; Naturally derived: natural; Caffeine: 0-15 mg; Botanicals And Functional Ingredients: adaptogen, lemon balm; Pack Type: Can; Immune Support Ingredients: ginger; Carbonization: carbonated, sparkling; Juice Content: 0-2%; Free From: no alcohol, no allergens; Health Claims: low sugar, low calories; Geographic Origin: united states",
1003791286,amazon,USA,"Mug Root Beer Soda, 16.9 oz, 6pk","Brand Mug 
Flavor Root Beer 
Number of Items 1 
Item Volume 16.9 Fluid Ounces 
Unit Count 101.4 Fl Oz 
* * *
## Important information 
Legal Disclaimer 
Statements regarding dietary supplements have n","["""" Any Department"""","""" Grocery & Gourmet Food"""","""" Beverages"""","""" Bottled Beverages, Water & Drink Mixes"""","""" Soft Drinks""""]",https://www.amazon.com/dp/B00OG85PC0,https://m.media-amazon.com/images/I/813jARH+wdL._AC_UL320_.jpg,18.86,12000811425,Mug Root Beer,Other Non-Cola Carbonates,Juice Content: 0-2%; Volume: 500; Pack Type: Bottle; Carbonization: still,
1003836376,Mytime.de,Germany,true fruits Smoothie orange,"description
the Hautattraktion in the cooling shelf: the smoothie orange with pureed orange peel. the new Smoothie recipe orange peel, Acerola, goji, Mango & apple make him fruity fresh. 
series
true ","["""" fruit vegetable"""","""" fruit""""]",https://www.mytime.de/true_fruits_smoothie_orange_4507030079.html,https://d2jdyzt6tc17s.cloudfront.net/products/images/4507030079_4260122391288_01.jpg.jpg,3.39,4260122391288,True Fruits,Not from Concentrate 100% Juice,"Volume: 250; Carbonization: still; Caffeine: 15-25 mg; Juice Features: smoothie; Juice Content: 100%; Sweetener: sugar; Pack Type: Bottle; Flavour: orange; Made From: apple, orange, barbados cherry, mango",
1003849840,Lyko,Sweden,pureness kombucha raspberry organic 400 ml,kombucha - refreshing with millennial history ; kombucha is an easy rippling and refreshing drink that brewery on fermented green tea. in asia is kombucha a traditional drink with millennial history.,"[""""health & well-being"""","""" supplements"""","""" stomach & intestines""""]",https://lyko.com/sv/halsa-valmaende/kosttillskott/mage-tarm/pureness-kombucha-hallon-eko-400ml,https://lyko.com/globalassets/product-images/pureness-kombucha-hallon-eko-400ml-3694-158-0400_1.jpg?ref=BFC2E46D94,28,7350116311976,Pureness,Carbonated RTD Tea and Kombucha,"Sweetener: cane sugar; Naturally derived: natural; Volume: 400; Water Type: filtered; Carbonization: carbonated, sparkling; Flavour: raspberry; Sustainable Sourcing: organic; Tea Type: green; Health Claims: immune system health, low sugar, probiotic; Pack Type: Can",
1003928100,Mytime.de,Germany,true fruits Smoothie mint,"description
the Universalmittel of everyday life - mint! Flauer stomach? pour peppermint tea on! Mundgulli am Date? Pfefferminzkaugummi between the Beisserchen! something is missing something else gre","["""" fruit vegetable"""","""" fruit""""]",https://www.mytime.de/true_fruits_smoothie_mint_4507030261.html,https://d2jdyzt6tc17s.cloudfront.net/products/images/4507030261_4260122391486_01.jpg.jpg,3.39,4260122391486,True Fruits,Not from Concentrate 100% Juice,"Flavour: mint; Juice Features: smoothie; Juice Content: 100%; Volume: 250; Sweetener: sugar; Carbonization: still; Made From: banana, pineapple, apple, orange, lime, onion",
100396517,Hy-Vee,USA,Klarbrunn Vita Ice Strawberry Watermelon Sparkling Water,"Description
Naturally flavored. Vitamins, zero sugar, antioxidants. Vitamin infused. From the makers of Klarbrunn. Vitaice.com. Please recycle. Proudly bottled in the USA by independent bottles.
UPC: ","["""" Pantry"""","""" Beverages"""","""" Waters"""","""" Sparkling Water""""]",https://www.hy-vee.com/grocery/PD48448869/Klarbrunn-Vita-Ice-Strawberry-Watermelon-Sparkling-Water,https://fa74d61d848a20b729bb-0251b36b713060ab3e0e8321940e01ff.ssl.cf2.rackcdn.com/0028435399350_CF_default_default_large.jpeg,1,28435399353,Klarbrunn,Sparkling Flavoured Bottled Water,"Pack Type: Bottle; Juice Content: 0-2%; Energy Source: green tea; Immune Support Ingredients: antioxidants; Health Claims: no sugar; Naturally derived: natural flavours; Sweetener: sucralose; Carbonization: carbonated, sparkling; Water Type: purified; Contains Minerals: calcium; Pack Material Type: Plastic; Volume: 503; Flavour: strawberry, watermelon",
1004003226,Walmart,USA,Zero Calorie Flavored Water Peach (12 bottles),""""" Zero Calorie Flavored Water Peach (12 bottles)"""" ; Bottled Drinking Water Type Flavored- Infused Waters ; Container Type Bottle ; Flavor Peach ; Brand Unbranded","["""" Food"""","""" Beverages"""","""" Water"""","""" Flavored Water"""","""" All Flavored Water""""]",https://www.walmart.com/ip/Zero-Calorie-Flavored-Water-Peach-12-bottles/13877306160?classType=VARIANT,https://i5.walmartimages.com/seo/Zero-Calorie-Flavored-Water-Peach-12-bottles_527323e4-ab3e-4545-bdfe-568805aa6f21.44517f46f3e295996a6adb80040108ce.jpeg,42.09,646035595779,Fruit2O,Still Flavoured Bottled Water,"Pack Type: Bottle; Volume: 500; Health Claims: no calories; Flavour: peach; Water Type: flavoured, drinking; Juice Content: 0-2%; Caffeine: 0-15 mg; Carbonization: still",
1004027521,Walmart,USA,"Clearly Canadian Sparkling Flavored Water ( Orchard Peach, 6 Pack)",""""" 
* Item Volume: 325 Milliliters 
* Package Information: Bottle 
* Unit Count: 66.0 Fl Oz 
"""" ; Bottled Drinking Water Type Spring Waters ; Flavor Orchard Peach ; Container Type Bottle ; Food Form Liq","["""" Food"""","""" Beverages"""","""" Water"""","""" Sparkling Water""""]",https://www.walmart.com/ip/Clearly-Canadian-Sparkling-Flavored-Water-Orchard-Peach-6-Pack/14002259852?classType=REGULAR,https://i5.walmartimages.com/asr/f3939b88-5d2b-44a6-9676-eed0b21d21ea.b14cb75e94f6fb07b34d42966ce31edb.jpeg,36.38,824238660856,Clearly Canadian,Sparkling Flavoured Bottled Water,Pack Type: Bottle; Caffeine: 0-15 mg; Flavour: peach; Carbonization: sparkling; Water Type: flavoured; Juice Content: 0-2%,
1004037245,Coop,Netherlands,Tenzing Lime & mint,"> 
## store & use 
storage advice at least tenable until: see bottom of can 
## extra information 
legal product name sparkling lime and mint drink with vitamin c. 
Contact basecamp Brews 
## legal in","["""" groceries"""","""" soft drink, juices, and, Water"""","""" energy drinks"""","""" sports drink""""]",https://www.coop.nl/product/5060444851021,https://cdn.syndy.com/media/products/b01e0200-bd9e-6045-aba1-08dcb55d64ac/images/AW0HA3GItENDpZ-NPK0ohvI./AAAAWQeVO0KCKAjdDdddeQ.290x290.jpg,1.56,5060444851021,Tenzing,Energy Drinks,"Sweetener: sugar; Volume: 250; Naturally derived: natural fragrances; Energy Source: green tea; Pack Type: Can; Caffeine: 25-50 mg; Flavour: lime, mint; Sports Ingredients: electrolytes; Geographic Origin: netherlands; Carbonization: sparkling; Sustainable Sourcing: rainforest alliance; Immune Support Ingredients: vitamin c; Health Claims: energy boosting, good source of vitamins",
1004095894,Coop,Netherlands,fernandes Super pineapple sparkling lemonade,"> 
fernandes Super Pineapple is a tropical soda with pineapple taste. the product originally comes out suriname. 
* tropical soft drink with fruit flavor 
## store & use 
storage advice at least tenab","["""" groceries"""","""" soft drink, juices, and, Water"""","""" soft drinks"""","""" others, soft drink""""]",https://www.coop.nl/product/8710642036047,https://cdn.syndy.com/media/products/734a0000-ff27-0003-e03f-08d9948a4479/images/AW0HA3GItENDpZ-NPK0ohvI./AAAAd-sakNqJUAjdAtcNrg.290x290.jpg,3.14,8710642036047,Fernandes,Other Non-Cola Carbonates,"Juice Content: 0-2%; Flavour: pineapple, lemon; Volume: 1500; Immune Support Ingredients: antioxidants; Environmentally Friendly: environmentally friendly; Carbonization: carbonated, sparkling; Sweetener: sugar; Caffeine: 15-25 mg",
1004112793,Hy-Vee,USA,Swoon Brands Llc Zero Sugar Peach Tea,"Product Details 
Description 
For us, it's personal. Our co-founder Jen is a type 1 diabetic, so we created Swoon with a mission to make zero sugar drinks that actually taste good. Nothing artificial.","["""" Beverages"""","""" Tea Drinks & Mixes"""","""" Tea Drinks""""]",https://www.hy-vee.com/aisles-online/p/3525755/Swoon-Brands-Llc-Zero-Sugar-Peach-Tea,https://e22d0640933e3c7f8c86-34aee0c49088be50e3ac6555f6c963fb.ssl.cf2.rackcdn.com/e4508034-af37-42b5-a9f4-e65b95dfccdd_thumb.png,2.69,858344005546,Swoon,Still RTD Tea,"Naturally derived: natural flavours; Volume: 355; Water Type: filtered; Juice Content: 0-2%; Flavour: peach, tea; Carbonization: still; Pack Type: Can; No Artificial Ingredients: no gmo; Sweetener: monk fruit; Health Claims: low calories, no sugar; Immune Support Ingredients: vitamin c; Caffeine: 15-25 mg; Diets: diabetic, kosher",
1004119226,Mytime.de,Germany,true fruits Smoothie green,"description
kale one knows though rather from vacation at the north sea in combination with be called potatoes and smoked sausage, but kale tastes good too without mett.
without preservative substance","["""" fruit vegetable"""","""" fruit""""]",https://www.mytime.de/true_fruits_smoothie_green_4507030142.html,https://d2jdyzt6tc17s.cloudfront.net/products/images/4507030142_4260122391073_01.jpg,5.29,4260122391073,True Fruits,Not from Concentrate 100% Juice,"Volume: 750; Sweetener: sugar; Contains Minerals: sulfur; Juice Features: smoothie; Juice Content: 100%; No Artificial Ingredients: no artificial additives; Carbonization: still; Immune Support Ingredients: ginger; Caffeine: 15-25 mg; Made From: ginger, banana, apple, pear, kale, potato, spinach; Pack Type: Can; Free From: lactose free",
1004308646,Target,USA,Moshi Sparkling Yuzu Peach Juice - Case of 12 - 12 fl oz,"
[ingredients_start]
 Does Not Contain Any of the 9 Major Allergens 
[ingredients_end]
State of Readiness: Ready to Drink Form: Liquid Net weight: 144 fl oz (us) Package Quantity: 12 Percentage juice ","["""" Grocery"""","""" Beverages"""","""" Juice & Cider""""]",https://www.target.com/p/moshi-sparkling-yuzu-peach-juice-case-of-12-12-fl-oz/-/A-92437396,https://target.scene7.com/is/image/Target/GUEST_d6e332fa-9d85-4422-94fb-62dc6abc0725,65.35,850001566230,Moshi,Other Non-Cola Carbonates,"Free From: no allergens; Sweetener: cane sugar; Carbonization: carbonated, sparkling; Volume: 355; Naturally derived: natural flavours; Pack Type: Bottle; Diets: kosher; Caffeine: 0-15 mg; Juice Content: 0-2%; No Artificial Ingredients: no gmo; Flavour: peach; Geographic Origin: united states; Sustainable Sourcing: organic",
1004325127,Lyko,Sweden,pureness kombucha Cola organic 400 ml,kombucha - refreshing with millennial history ; kombucha is an easy rippling and refreshing drink that brewery on fermented green tea. in asia is kombucha a traditional drink with millennial history.,"[""""health & well-being"""","""" supplements"""","""" stomach & intestines""""]",https://lyko.com/sv/halsa-valmaende/kosttillskott/mage-tarm/pureness-kombucha-cola-eko-400ml,https://lyko.com/globalassets/product-images/pureness-kombucha-cola-eko-400ml-3694-157-0400_1.jpg?ref=679968B392,28,7350116311952,Pureness,Carbonated RTD Tea and Kombucha,"Volume: 400; Carbonization: carbonated, sparkling; Water Type: filtered; Naturally derived: natural flavours, natural; Sweetener: cane sugar; Tea Type: green; Sustainable Sourcing: organic; Juice Content: 0-2%; Health Claims: low sugar, immune system health, probiotic",
1004348272,Lyko,Sweden,pureness kombucha ginger & lemon organic 400 ml,kombucha - refreshing with millennial history ; kombucha is an easy rippling and refreshing drink that brewery on fermented green tea. in asia is kombucha a traditional drink with millennial history.,"[""""health & well-being"""","""" supplements"""","""" stomach & intestines""""]",https://lyko.com/sv/halsa-valmaende/kosttillskott/mage-tarm/pureness-kombucha-ingefara---citron-eko-400ml,https://lyko.com/globalassets/product-images/pureness-kombucha-ingefara--citron-eko-400ml-3694-159-0400_1.jpg?ref=1538406EED,28,7350116311969,Pureness,Carbonated RTD Tea and Kombucha,"Sweetener: cane sugar; Water Type: filtered; Volume: 400; Sustainable Sourcing: organic; Naturally derived: natural flavours, natural fragrances; Tea Type: green; Carbonization: carbonated, sparkling; Health Claims: low sugar, immune system health, probiotic; Immune Support Ingredients: ginger; Flavour: ginger, lemon; Juice Content: 0-2%",
1004349662,Mytime.de,Germany,true fruits Smoothie triple yellow,"description
by doing Smoothie yellow is hiding completely unnoticed the champion under the Mangos, the Kesar Mango from india. you can see that him not an, but one it tastes good. 
series
true fruits ","["""" fruit vegetable"""","""" fruit""""]",https://www.mytime.de/true_fruits_smoothie_triple_yellow_4507030085.html,https://d2jdyzt6tc17s.cloudfront.net/products/images/4507030085_4260122390373_01.jpg,5.29,4260122390373,True Fruits,Not from Concentrate 100% Juice,"Juice Features: smoothie; Volume: 750; Sweetener: sugar; Carbonization: still; Caffeine: 15-25 mg; Made From: banana, apple, orange, passion fruit, mango; Free From: lactose free; Juice Content: 100%",
1004356249,Coop,Sweden,julmust hop,"renew jultraditionen with our hop julmust, one adults alternative to the traditional christmas must. with tones and humlekaraktar results this julmust in an easy floral and citruspraglad taste profile","["""" drink"""","""" lask"""","""" colasmak""""]",https://www.coop.se/handla/varor/-7310401054377,http://res.cloudinary.com/coopsverige/image/upload/v1719294412/cloud/367054.tiff,13.95,7310401054377,Nygårda,Other Non-Cola Carbonates,"Volume: 330; Carbonization: gently carbonated; Juice Content: 0-2%; Naturally derived: natural flavours, natural fragrances; Sweetener: sugar; Pack Type: Bottle",
1004391575,amazon,United Kingdom,Duskin | Apple Juice - Cox | 4 x 1l,"Unit count 4000 millilitre 
Brand DUSKIN 
Flavour Apple 
Item form Liquid 
Age range (description) Adult 
Item volume 1 Litres 
UPC 758391122480 
* * *
# About this item 
* gluten_free 
› See more pro","["""" Grocery"""","""" Drinks"""","""" Juice & Smoothies""""]",https://www.amazon.co.uk/dp/B01LWXVZS0,https://m.media-amazon.com/images/I/517z0+DGxqL._AC_UL320_.jpg,26.08,758391122480,Duskin,Not from Concentrate 100% Juice,Flavour: apple; Caffeine: 150-200 mg; Made From: apple; Pack Type: Bottle; Carbonization: still; Volume: 1000; Juice Features: smoothie; Juice Content: 100%; Pack Material Type: Glass,
1004407078,Lyko,Sweden,pureness kombucha peach organic 400 ml,kombucha - refreshing with millennial history ; kombucha is an easy rippling and refreshing drink that brewery on fermented green tea. in asia is kombucha a traditional drink with millennial history.,"[""""health & well-being"""","""" supplements"""","""" stomach & intestines""""]",https://lyko.com/sv/halsa-valmaende/kosttillskott/mage-tarm/pureness-kombucha-persika-eko-400ml,https://lyko.com/globalassets/product-images/pureness-kombucha-persika-eko-400ml-3694-160-0400_1.jpg?ref=F87116FBFA,28,7350116311945,Pureness,Carbonated RTD Tea and Kombucha,"Water Type: filtered; Sustainable Sourcing: organic; Volume: 400; Sweetener: cane sugar; Health Claims: low sugar, immune system health, probiotic; Naturally derived: natural fragrances; Carbonization: carbonated, sparkling; Flavour: peach; Juice Content: 0-2%; Tea Type: green",
1004487837,S-kaupat,Finland,Pro Brands bcaa drink pear flavored 330ml,Pro Brands bcaa drink pear flavored 330ml,"["""" sports nutrition and health products"""","""" sports nutrition"""","""" sports nutrition drinks""""]",https://www.s-kaupat.fi/tuote/probrands-bcaa-juoma-paarynanmakuinen-330ml/7350021426154,https://cdn.s-cloud.fi/v1/w640_q75/product/ean/7350021426154_kuva1.jpg,1.89,7350021426154,Pro!Brands,Energy Drinks,"Sports Ingredients: bcaa; Juice Content: 0-2%; Pack Type: Can; Flavour: pear; Water Type: flavoured; Volume: 330; Sweetener: sucralose, acesulfame potassium; Energy Source: b-vitamins; Health Claims: energy boosting; Carbonization: carbonated",
1004541447,Mytime.de,Germany,vilsa Plus Bio blackcurrant ( disposable),,"["""" beverages"""","""" water with taste""""]",https://www.mytime.de/vilsa_plus_bio_schwarze_johannisbeere_%28einweg%29_4504051593.html,https://d2jdyzt6tc17s.cloudfront.net/products/images/4504051593_4104450064493_01.jpg,5.94,4104450064493,Vilsa,Sparkling Flavoured Bottled Water,Juice Content: 0-2%; Pack Type: Pouch; Volume: 1000; Carbonization: still; Sustainable Sourcing: organic; Flavour: blackcurrant,
1004565332,Rewe,Germany,More Nutrition zerup Peach Ice Tea 65ml,,"["""" beverages & luxury foods""""]",https://shop.rewe.de/p/more-nutrition-zerup-peach-ice-tea-65ml/8870936,https://img.rewe-static.de/8870936/38918546_digital-image.png,5.99,4260644046130,More Nutrition,Still RTD Tea,"Carbonization: still; Sweetener: sucralose, acesulfame potassium; Naturally derived: natural fragrances; Juice Content: 5-10%; Flavour: peach, tea; Caffeine: 15-25 mg",
1004631086,Mytime.de,Germany,riemerschmid bar- Syrup pomegranate Grenadine,,"["""" beverages"""","""" syrup""""]",https://www.mytime.de/riemerschmid_bar-syrup_granatapfel_grenadine_4504061191.html,https://d2jdyzt6tc17s.cloudfront.net/products/images/4504061191_4000269101469_01.jpg.jpg,4.99,4000269101469,Riemerschmid,Liquid Concentrates,Pack Type: Bottle; Volume: 700; Flavour: pomegranate,
1004631693,Mytime.de,Germany,moloko soft drink ( disposable),,"["""" beverages"""","""" cola & lemonades""""]",https://www.mytime.de/moloko_softdrink_%28einweg%29_4504051398.html,https://d2jdyzt6tc17s.cloudfront.net/products/images/4504051398_4051454000012_01.jpg.jpg,1.79,4051454000012,Moloko,Other Non-Cola Carbonates,Volume: 250; Carbonization: carbonated; Pack Type: Can; Juice Content: 0-2%,
1004640309,Mytime.de,Germany,bebivita fennel with apple in still mineral water ( disposable),,"["""" Baby"""","""" baby food"""","""" fruit juices""""]",https://www.mytime.de/bebivita_fenchel_mit_apfel_in_stillem_mineralwasser_%28einweg%29_4502131468.html,https://d2jdyzt6tc17s.cloudfront.net/products/images/4502131468_4018852032779_01.jpg,1.69,4018852032779,Bebivita,Functional Bottled Water,"Flavour: apple, fennel; Volume: 500; Pack Type: Bottle; Water Type: mineral; Carbonization: still",
1004645190,Mytime.de,Germany,every day mineral water medium ( disposable),,"["""" beverages"""","""" water"""","""" Medium""""]",https://www.mytime.de/jeden_tag_mineralwasser_medium_%28einweg%29_4504051572.html,https://d2jdyzt6tc17s.cloudfront.net/products/images/4504051572_4042600359153_01.jpg,1.14,4042600359153,Jeden Tag,Carbonated Bottled Water,Pack Type: Bottle; Volume: 1500; Juice Content: 0-2%; Water Type: mineral; Carbonization: still,
1004705514,Mytime.de,Germany,vilsa fountain Lemon ( reusable),,"["""" beverages"""","""" water with taste""""]",https://www.mytime.de/vilsa_brunnen_lemon_%28mehrweg%29_4504012643.html,https://d2jdyzt6tc17s.cloudfront.net/products/images/4504012643_4104450120946_01.jpg,7.29,4104450120946,Vilsa,Still Flavoured Bottled Water,Volume: 700; Pack Type: Blister; Carbonization: still; Flavour: lemon; Juice Content: 0-2%,
1004713348,Mytime.de,Germany,mezzo mix Zero ( reusable),,"["""" beverages"""","""" cola & lemonades""""]",https://www.mytime.de/mezzo_mix_zero_%28mehrweg%29_4504010391.html,https://d2jdyzt6tc17s.cloudfront.net/products/images/4504010391_5449000143129_01.jpg.jpg,1.39,5449000143129,Mezzo Mix,Reduced Sugar Cola Carbonates,Carbonization: carbonated; Volume: 1000; Pack Type: Bottle; Juice Content: 0-2%,
1004714356,Mytime.de,Germany,bio-center 100% direct juice lime,,"["""" beverages"""",""""juices & fruity""""]",https://www.mytime.de/biozentrale_100_prozent_direktsaft_limette_4502085150.html,https://d2jdyzt6tc17s.cloudfront.net/products/images/4502085150_4005009103680_01.jpg.jpg,3.39,4005009103680,Bio Zentrale,Not from Concentrate 100% Juice,Volume: 250; Juice Content: 100%; Pack Type: Bottle; Made From: lime; Sustainable Sourcing: organic; Flavour: lime; Carbonization: still,
1004734175,Coop,Sweden,julmust Bourbon,".
storage 
stored for a maximum of 30 days °C
country of manufacture 
sweden","["""" drink"""","""" lask"""","""" colasmak""""]",https://www.coop.se/handla/varor/-7310401051376,http://res.cloudinary.com/coopsverige/image/upload/v1686893552/cloud/283226.tiff,13.95,7310401051376,Nygårda,Other Non-Cola Carbonates,Carbonization: gently carbonated; Pack Type: Bottle; Sweetener: sugar; Juice Content: 0-2%; Volume: 330,
1004831113,Mytime.de,Germany,mezzo mix ( reusable),"description
Cola kisses Orange. caffeinated soft drink with plant extracts and fine orange taste. 
content
12 x 1.00 l 
packaging type
box 
packaging form
pre-pack 
durability
unopened at least 18 day","["""" beverages"""","""" cola & lemonades""""]",https://www.mytime.de/mezzo_mix_%28mehrweg%29_4504010565.html,https://d2jdyzt6tc17s.cloudfront.net/products/images/4504010565_5449000018038_01.jpg,12.79,5449000018038,Mezzo Mix,Regular Cola Carbonates,Caffeine: 15-25 mg; Juice Content: 0-2%; Volume: 1000; Sweetener: sugar,
1004831795,meijer,USA,"Evolution Fresh Organic Orange Squeeze Real Fruit Soda, 12 oz","Fruity, bubbly sodas made from real squeezed fruit, never from concentrate, and a touch of natural sweetener, blended with functional ingredients like probiotics, fiber and antioxidants for digestive ","["""" Fresh"""","""" Produce"""","""" Fresh Juice & Beverages""""]",https://www.meijer.com/shopping/product/-/76235700060.html,https://www.meijer.com/content/dam/meijer/product/0762/35/7000/60/0762357000606_1_A1C1_0600.png,2.99,762357000606,Evolution Fresh,Not from Concentrate 100% Juice,"Immune Support Ingredients: antioxidants; Naturally derived: natural sweeteners; Flavour: orange; Carbonization: carbonated; Volume: 355; Health Claims: no added sugar, digestive health, immune system health, probiotic, antioxidant, pre-biotic; Juice Content: 100%; Made From: orange; Pack Type: Can; Juice Features: not from concentrate; Sustainable Sourcing: organic; No Artificial Ingredients: no artificial sweeteners, no artificial colours",
1004889750,Walmart,USA,"Electrolytes Powder Packets - Electrolytes No Sugar - Hydration Packets - Electrolyte Mix - Keto Electrolytes - (30 Packets) Fasting Electrolytes - Water Enhancer, No Tablets, Sports Drink - Tropical",""""" None"""" ; Brand Dr. Price's ; Manufacturer Part Number PT148643-543360036406","["""" Food"""","""" Beverages"""","""" Sports Drinks"""","""" Sports Drinks""""]",https://www.walmart.com/ip/Electrolytes-Powder-Packets-No-Sugar-Hydration-Electrolyte-Mix-Keto-30-Packets-Fasting-Water-Enhancer-Tablets-Sports-Drink-Tropical/5620874175?classType=REGULAR,https://i5.walmartimages.com/seo/Electrolytes-Powder-Packets-No-Sugar-Hydration-Electrolyte-Mix-Keto-30-Packets-Fasting-Water-Enhancer-Tablets-Sports-Drink-Tropical_f3fece9e-2690-4a82-9ebd-9a983f824551.7639e6e7cfb4a67c39474da31d11ee35.jpeg,39.99,543360036406,Dr. Price's,Powder Concentrates,"Sports Ingredients: electrolytes; Concentrate Format: powder, sport, electrolytes; Count per Unit: 30; Pack Type: Carton/Box; Health Claims: no sugar; Juice Content: 0-2%",
1004910390,Auchan,Portugal,kombucha the gutsy captain ginger lemon bio 400 ml,"marketing information cold, Vegan, vegetarian, biological, without gluten, flavor to ginger and lemon. done with juice of fruits with cultures cheers produced in portugal no preservatives description ","[""""biological-and-alternatives"""",""""biological""""]",https://www.auchan.pt/pt/biologicos-e-alternativas/biologicos/biologicos-bebidas/kombucha-e-iced-tea/kombucha-the-gutsy-captain-gengibre-limao-bio-400-ml/3829280.html,https://www.auchan.pt/on/demandware.static/-/Sites-auchan-pt-master-catalog/default/dw37cbe0b9/images/hi-res/003829280.jpg,2.12,5600821267276,The Gutsy Captain,Carbonated RTD Tea and Kombucha,"Geographic Origin: portugal; Sustainable Sourcing: organic; Flavour: ginger, lemon; Immune Support Ingredients: ginger; Volume: 400; Pack Type: Bottle; No Artificial Ingredients: no artificial flavours, no artificial preservatives",
1004948076,Coop,Sweden,soda trochumust,"soda trochumust
storage 
stored for a maximum of 30 days °C
country of manufacture 
sweden","["""" drink"""","""" lask"""","""" others & tastes""""]",https://www.coop.se/handla/varor/-7310401051741,http://res.cloudinary.com/coopsverige/image/upload/v1703858726/cloud/315114.tiff,8.5,7310401051741,Trocadero,Other Non-Cola Carbonates,"Sweetener: sugar; Caffeine: 15-25 mg; Pack Type: Can; Immune Support Ingredients: vitamin c, antioxidants; Naturally derived: natural fragrances; Carbonization: gently carbonated; Volume: 330",
1004966952,Mytime.de,Germany,christinen soft drink lime ( reusable),,"["""" beverages"""","""" water with taste""""]",https://www.mytime.de/christinen_erfrischungsgetraenk_limette_%28mehrweg%29_4504010178.html,https://d2jdyzt6tc17s.cloudfront.net/products/images/4504010178_4042600342889_01.jpg.jpg,0.69,4042600342889,Christinen,Lemonade/Lime,Flavour: lime; Juice Content: 0-2%; Volume: 750; Carbonization: still,
1005016844,Mytime.de,Germany,Fritz- Spritz Bio apple juice spritzer ( reusable),,"["""" beverages"""","""" spritz""""]",https://www.mytime.de/fritz-spritz_bio_apfelsaftschorle_%28mehrweg%29_4504012376.html,https://d2jdyzt6tc17s.cloudfront.net/products/images/4504012376_4260107222576_01.jpg.jpg,2.49,4260107222576,Fritz- Spritz,Other Non-Cola Carbonates,Carbonization: still; Flavour: apple; Juice Content: 100%; Volume: 500; Sustainable Sourcing: organic,
1005016936,Mytime.de,Germany,mövenpick Iced Coffee macchiato iced coffee,"description
meet here finest highlands- Arabica- beans on robusta- beans and a shot whole milk and create like this a unique one round and harmonious milk coffee.
caffeine content approx. 34mg / 100ml","["""" freshness & cooling"""","""" milk & cream""""]",https://www.mytime.de/moevenpick_iced_coffee_macchiato_eiskaffee_4503061719.html,https://d2jdyzt6tc17s.cloudfront.net/products/images/4503061719_4002334110314_01.jpg,1.19,4002334110314,Mövenpick,RTD Coffee,Caffeine: 15-25 mg; Weight: 200; Flavour: coffee; Sweetener: sugar; Carbonization: still; Juice Content: 0-2%; Pack Type: Tub/Cup/Pot,
1005041692,meijer,USA,"Evolution Fresh Organic Strawberry Vanilla Real Fruit Soda, 12 oz","Fruity, bubbly sodas made from real squeezed fruit, never from concentrate, and a touch of natural sweetener, blended with functional ingredients like probiotics, fiber and antioxidants for digestive ","["""" Fresh"""","""" Produce"""","""" Fresh Juice & Beverages""""]",https://www.meijer.com/shopping/product/-/76235700058.html,https://www.meijer.com/content/dam/meijer/product/0762/35/7000/58/0762357000583_1_A1C1_0600.png,2.99,762357000583,Evolution Fresh,Other Non-Cola Carbonates,"Naturally derived: natural sweeteners; Carbonization: carbonated; Flavour: strawberry, vanilla; No Artificial Ingredients: no artificial colours, no artificial sweeteners; Pack Type: Can; Juice Content: 100%; Volume: 355; Immune Support Ingredients: antioxidants; Health Claims: no added sugar, digestive health, immune system health, probiotic, antioxidant, pre-biotic; Sustainable Sourcing: organic",
10050777,Sainsbury's,United Kingdom,KA Sparkling Black Grape Juice Soft Drink 330ml,"### Description 
Sparkling Black Grape Flavour Soft Drink with Sugar and Sweeteners 
Sparkling Black Grape Flavoured Soft Drink 
An Authentic Taste of the Caribbean 
Suitable for Vegans 
Drink Kool 
P","["""" Drinks"""","""" Fizzy drinks"""","""" Fruit flavoured""""]",https://www.sainsburys.co.uk/gol-ui/product/ka-sparkling-black-grape-drink-330ml,https://assets.sainsburys-groceries.co.uk/gol/7798203/image.jpg,0.6,5010889010040,KA,Other Non-Cola Carbonates,"Pack Material Type: Metal; Energy Source: b-vitamins; Sweetener: sucralose, sugar, acesulfame potassium; Volume: 330; Diets: vegan; Sustainable Packaging: can be recycled; Carbonization: carbonated, sparkling; Pack Type: Can; Flavour: grape",
1005088488,Coop,Sweden,trochumust Zero,,"["""" drink"""","""" lask"""","""" others & tastes""""]",https://www.coop.se/handla/varor/-7310401051758,http://res.cloudinary.com/coopsverige/image/upload/v1703858721/cloud/315113.tiff,7.5,7310401051758,Trocadero,Other Non-Cola Carbonates,"Carbonization: gently carbonated; Immune Support Ingredients: vitamin c, antioxidants; Volume: 330; Pack Type: Can; Sweetener: aspartame, acesulfame potassium; Naturally derived: natural fragrances; Energy Source: b-vitamins; Caffeine: 15-25 mg; Juice Content: 0-2%",
1005091224,Coop,Sweden,julmust,"nygårdas julmust based sig på one original recipe from 1910 and tastes as a must should taste. with a perfect balance between sweetness, juliga spices and lovely foam is ours must loved by both large ","["""" drink"""","""" lask"""","""" colasmak""""]",https://www.coop.se/handla/varor/-7310401001661,http://res.cloudinary.com/coopsverige/image/upload/v1662340934/cloud/258169.tiff,5.95,7310401001661,Nygårda,Other Non-Cola Carbonates,Carbonization: gently carbonated; Juice Content: 0-2%; Sweetener: sugar; Volume: 330; Pack Type: Bottle,
1005215657,amazon,USA,"Peach Mango Smoothie Mix (16 oz, ZIN: 526880)","* * *
## Important information 
[ingredients_start]
Ingredients 
Beet Powder, Beta- Carotene ( Orange Colour), Cane Sugar ( Pure), Canola Oil, Citric Acid, Corn Starch, Dextrose, Guar Gum, Maltodextri","["""" Any Department"""","""" Grocery & Gourmet Food"""","""" Beverages"""","""" Bottled Beverages, Water & Drink Mixes"""","""" Juices"""","""" Juice Smoothie Drinks""""]",https://www.amazon.com/dp/B07G8LN7VM,https://m.media-amazon.com/images/I/41JDEgG5HmL._AC_UL320_.jpg,32.47,664435268802,Larissa Veronica,Powder Concentrates,"Sports Ingredients: protein; Geographic Origin: united states; Sustainable Sourcing: organic; Naturally derived: natural flavours, natural; Pack Type: Bag/Packet; No Artificial Ingredients: no gmo; Sweetener: cane sugar; Juice Content: 0-2%; Weight: 454; Immune Support Ingredients: vitamin c; Flavour: peach, mango; Concentrate Format: powder, vitamins; Caffeine: 15-25 mg; Sustainable Packaging: can be recycled",
1005219309,Carrefour,France,soft drink pink grapefruit the FRENCH please,,"["""" drinks"""","""" colas, iced teas, syrups and sodas"""","""" lemonades, files and tonics""""]",https://www.carrefour.fr/p/boisson-gazeuse-pamplemousse-rose-la-french-s-il-vous-plait-3770009345286,https://media.carrefour.fr/medias/87655b197d584ff6b8053c48a9beef2f/p_1500x1500/03770009345286_C1N1_s01.png,2.39,3770009345286,La French,Other Non-Cola Carbonates,Pack Type: Bottle; Geographic Origin: france; Juice Content: 0-2%; Flavour: grapefruit; Volume: 1000; Carbonization: still,
1005228770,Asda,United Kingdom,Defence Hot Mango Immunity Shots 7x Daily Shots 420ml,"WAKE SHAKE BOOM
Fire up your immune system with this vit C & D3-rich shot. Cold-pressed with juicy mangoes and fresh ginger and turmeric roots, with a pinch of cayenne for a spicy kick
- 7 x Daily Sho","["""" Chilled Food"""","""" Chilled Juice & Smoothies"""","""" Chilled Juice""""]",https://groceries.asda.com/product/1000383218809,https://ui.assets-asda.com:443/dm/5060490010861,5.95,5060490010861,Moju,Not from Concentrate 100% Juice,"Health Claims: immune system health; Carbonization: still; Naturally derived: natural; Volume: 420; Pack Type: Bottle; Juice Features: cold press, smoothie; Flavour: mango; Caffeine: 15-25 mg; Made From: ginger, apple, pepper, lemon, orange, barbados cherry, mango; Immune Support Ingredients: vitamin c, ginger, turmeric, antioxidants",
1005824008,amazon,United Kingdom,"ABE Pre Workout Cans - All Black Everything Energy + Performance Drink, ABE Carbonated Beverage Sugar Free with Caffeine ( Pack of 24 Cans x 330ml) ( Cloudy Lemonade)","## Product information 
# Technical Details 
##### General Information 
Product Dimensions ‎25 x 37 x 14.5 cm; 8.44 kg 
Item model number ‎5056555200087 
Product Name ‎ Carbonated Energy Drink with Sw","["""" Any Department"""","""" Grocery"""","""" Drinks"""","""" Energy Drinks""""]",https://www.amazon.co.uk/dp/B09GG3QD3W,https://m.media-amazon.com/images/I/81iaN7pnSAL._AC_UL320_.jpg,37.9,5056555200087,Applied Nutrition,Energy Drinks,"Juice Content: 0-2%; Caffeine: 25-50 mg; Volume: 330; Health Claims: no sugar, good source of vitamins, energy boosting; Naturally derived: natural flavours; Sports Positioning: pre-workout; Energy Source: b-vitamins; Sweetener: sucralose; Carbonization: carbonated; Flavour: lemon",
1005869287,amazon,USA,"Coffee Mate Caramel Iced Coffee, Non Dairy Coffee Drink 50 fl oz","* * *
## Important information 
[ingredients_start]
Ingredients 
Coffee ( Water, Coffee), Sugar, And Less Than 2% Of Canola Oil, Micellar Casein (A Milk Derivative), Gellan Gum, Mono- And Diglycerides","["""" Grocery & Gourmet Food"""","""" Beverages"""","""" Coffee"""","""" Iced Coffee & Cold- Brew""""]",https://www.amazon.com/dp/B0DG6VGCX9,https://m.media-amazon.com/images/I/71VzoLFanyL._AC_UL320_.jpg,,50000927876,Coffee-Mate,RTD Coffee,"Free From: dairy free; Flavour: caramel, coffee; Roast Type: medium; Naturally derived: natural flavours; Carbonization: still; Juice Content: 0-2%",
1005930651,Sam McCauley Chemists,Ireland,O.R.S Oral Hydration Tablets Lemon 24s,"O.R.S Oral Hydration Tablets Lemon 24s 
Stay hydrated and refreshed with O.R.S Oral Hydration Tablets Lemon 24s--specially formulated to support rapid hydration and electrolyte balance. These efferves","["""" Vitamins"""","""" Sports Nutrition""""]",https://www.mccauley.ie/ors-oral-rehydration-tabs-lemon-24s,https://www.mccauley.ie/media/catalog/product/cache/f7e569194cfe716b8763f2e65df57c6e/5/0/5060135050085___l.jpg,9.95,5060135050085,O.R.S,Powder Concentrates,"Health Claims: hydrating; Sweetener: glucose; Concentrate Format: sport, tablet, electrolytes; Juice Content: 0-2%; Sports Ingredients: electrolytes; Flavour: lemon; Count per Unit: 24; Sports Positioning: muscle growth; Water Type: flavoured; No Artificial Ingredients: no artificial preservatives",
1006224395,Walmart,Canada,"NUTRAMENT ENERGY NUTRITION DRNK, NUTRAMENT","Energy nutrition drink
Delicious and nutritious quick energy boost 15 grams of protein to help build muscle 35% daily value of 24 vitamins and minerals, name: Condition, value: New; name: Walmart Item","["""" Grocery"""","""" Drinks"""","""" Meal Replacement Shakes""""]",http://www.walmart.ca/en/ip/NUTRAMENT-DRNK/71RNGLFVJ33D,https://i5.walmartimages.com/asr/abbe5c68-56f7-4b37-b161-c83af69bb181.0cfad1fe28f8d58f119b0333096822c0.jpeg,3.78,889497005602,Nutrament,Energy Drinks,"Sweetener: sugar; Contains Minerals: manganese, calcium, magnesium; Immune Support Ingredients: zinc; Energy Source: b-vitamins; Carbonization: still; Juice Content: 0-2%; Health Claims: energy boosting",
1006406967,Meny,Norway,rudolf & nissens christmas soda 0.5l,Display pall 0.5 l christmas soda - 288 sale,"["""" drink"""","""" christmas soda""""]",https://meny.no/varer/drikke/julebrus/rudolfnissens-7033850007656,https://bilder.ngdata.no/7033850007656/meny/large.jpg,26.9,7033850007656,Oskar Sylte,Other Non-Cola Carbonates,Volume: 500; Water Type: soda; Carbonization: carbonated; Sweetener: sugar; Juice Content: 0-2%; Pack Type: Bottle,
1006463432,amazon,USA,"Coffee Mate French Vanilla Flavored Iced Coffee, Non- Dairy Cold Coffee, Ready To Drink 50 fl oz","* * *
## Important information 
[ingredients_start]
Ingredients 
Coffee ( Water, Coffee), Sugar, And Less Than 2% Of Canola Oil, Micellar Casein (A Milk Derivative), Gellan Gum, Mono- And Diglycerides","["""" Grocery & Gourmet Food"""","""" Beverages"""","""" Coffee"""","""" Iced Coffee & Cold- Brew""""]",https://www.amazon.com/dp/B0DG6C25NZ,https://m.media-amazon.com/images/I/712I0S+AkbL._AC_UL320_.jpg,,50000308330,Coffee-Mate,RTD Coffee,"RTD Coffee Style: milk; Flavour: vanilla, coffee; Sustainable Packaging: can be recycled; Free From: dairy free; Juice Content: 0-2%; Health Claims: no sugar; Carbonization: still; Naturally derived: natural flavours; Geographic Origin: france",
1006566889,Asda,United Kingdom,Original Iced Coffee 250ml,"Coffee + Milk. Single-origin. Arabica coffee & semi-skimmed milk. Suitable for vegetarians. 
Manufacturer Address: Jimmy's Iced Coffee,
8 Airfield Rd,
Dorset,
UK,
BH23 3TG.","["""" Drinks"""","""" Milk & Yogurt Drinks"""","""" Coffee Drinks""""]",https://groceries.asda.com/product/1000383256792,https://ui.assets-asda.com:443/dm/5010102001978,1.7,5010102001978,Jimmy's,RTD Coffee,Sweetener: sugar; Volume: 250; Pack Type: Can; Flavour: coffee; Caffeine: 25-50 mg; Coffee Type: arabica; Juice Content: 0-2%; Sustainable Sourcing: rainforest alliance; Carbonization: still,
1006567210,amazon,USA,Black Tea (Té Negro) Hatsu 400ml - Imported from Colombia,"* * *
## Important information 
[ingredients_start]
Ingredients 
Black Tea 
[ingredients_end]

Legal Disclaimer 
Statements regarding dietary supplements have not been evaluated by the FDA and are not","["""" Grocery & Gourmet Food"""","""" Beverages"""","""" Tea Beverages"""","""" Black Tea""""]",https://www.amazon.com/dp/B0DN7TKT3X,https://m.media-amazon.com/images/I/41ewyUt3I1L._AC_UL320_.jpg,9.95,702367258055,Hatsu,Still RTD Tea,"Volume: 400; Juice Content: 0-2%; Geographic Origin: colombia; Carbonization: still; Health Claims: energy boosting; Pack Type: Bottle; Flavour: tea; Tea Type: loose leaf, black",
1006567524,Carrefour,Italy,tassoni Ginger Ale there biological 4 x 180 ml,"ingredients 
lifestyles 
biological 
; 
soft drink
Ginger ale bio 
; 
storage 
environment store in cool and dry place, away from light is from heat sources. once opened to consume within a few days. ","["""" water, juices and sodas"""","""" sodas""""]",https://www.carrefour.it/p/tassoni-ginger-ale-la-biologica-4-x-180-ml/8005613040278.html,https://www.carrefour.it/on/demandware.static/-/Sites-carrefour-master-catalog-IT/default/dwf33c6002/large/GINGERALETASSONIX4-8005613040278-1.png,3.99,8005613040278,TASSONI,Tonic Water/Mixers/Other Bitters,"Sweetener: sugar; Volume: 180; Pack Type: Bottle; Flavour: ginger; Carbonization: carbonated; Juice Content: 15-25%; Caffeine: 15-25 mg; Immune Support Ingredients: ginger; Sustainable Sourcing: organic; Geographic Origin: italy; Naturally derived: natural flavours, natural",
1006702246,Spar,Norway,apple & orange pressed 1l sunniva,"sunniva with taste of apple and orange with cinnamon, vanilla and cardamom - gives you the taste of jul. it has one mild and fresh apple taste, with a hint of christmas spices, and tastes as well cold","["""" online store"""","""" drink"""","""" Juice""""]",https://spar.no/nettbutikk/varer/drikke/juice/epleappelsin-7038010071096,https://bilder.ngdata.no/7038010071096/kmh/large.jpg?fallback=404&foretrekk=bedark,44.9,7038010071096,Sunniva,Not from Concentrate 100% Juice,"Juice Content: 100%; Pack Type: Liquid Carton; Volume: 1000; Geographic Origin: norway; Juice Features: from concentrate; Immune Support Ingredients: vitamin c; Made From: orange, apple, lemon; Carbonization: still; Flavour: orange, apple",
1006719512,Spar,Norway,farris frus apple & Kiwi 0.33l box,"farris frus is a bubbly mixture of farris and soda. farris frus hair even more taste, and is added 1% juice and are sweetened for of taste fault. without sugar and calories, is farris frus a tasty opt","["""" online store"""","""" drink"""","""" water""""]",https://spar.no/nettbutikk/varer/drikke/vann/vann-med-kullsyre/farris-frus-7044613877126,https://bilder.ngdata.no/7044613877126/kmh/large.jpg?fallback=404&foretrekk=bedark,18.9,7044613877126,Farris,Sparkling Flavoured Bottled Water,"Health Claims: no calories, no sugar; Volume: 330; Caffeine: 15-25 mg; Flavour: kiwi, apple; Sweetener: aspartame, acesulfame potassium; Carbonization: carbonated; Pack Type: Can; Naturally derived: natural fragrances, natural; Geographic Origin: norway",
1006770215,Spar,Norway,powerking sports drink Mango 0.5l bottle,"energy when you need that with an exciting taste of mango
producer: unil as
country of origin: the netherlands
ean: 7611612222365","["""" online store"""","""" drink"""","""" energy drink""""]",https://spar.no/nettbutikk/varer/drikke/energidrikk/powerking-7611612222365,https://bilder.ngdata.no/7611612222365/kmh/large.jpg?fallback=404&foretrekk=bedark,18.9,7611612222365,Powerking,Energy Drinks,Caffeine: 15-25 mg; Flavour: mango; Volume: 500; Health Claims: energy boosting; Pack Type: Bottle; Juice Content: 0-2%; Sweetener: sugar; Energy Source: b-vitamins; Immune Support Ingredients: antioxidants; Carbonization: still; Geographic Origin: netherlands,
1006795457,Spar,Norway,farris Original 0.33l box,"producer: is called as
brand: farris
country of origin: norway
ean: 7044610877136","["""" online store"""","""" drink"""","""" water""""]",https://spar.no/nettbutikk/varer/drikke/vann/vann-med-kullsyre/farris-original-7044610877136,https://bilder.ngdata.no/7044610877136/kmh/large.jpg?fallback=404&foretrekk=bedark,18.9,7044610877136,Farris,Carbonated Bottled Water,Water Type: mineral; Juice Content: 0-2%; Geographic Origin: norway; Naturally derived: natural; Volume: 330; Carbonization: carbonated,
1006802952,Spar,Norway,farris frus apple & Kiwi 0.33lx6 box,"farris frus is a bubbly mixture of farris and soda. farris frus hair even more taste, and is added 1% juice and are sweetened for of taste fault. without sugar and calories, is farris frus a tasty opt","["""" online store"""","""" drink"""","""" water""""]",https://spar.no/nettbutikk/varer/drikke/vann/vann-med-kullsyre/farris-frus-7044614877125,https://bilder.ngdata.no/7044614877125/kmh/large.jpg?fallback=404&foretrekk=bedark,89.9,7044614877125,Farris,Juice Drinks (up to 24% Juice),"Juice Features: from concentrate; Made From: kiwi, apple; Flavour: kiwi, apple; Volume: 330; Health Claims: no sugar, no calories; Caffeine: 15-25 mg; Naturally derived: natural fragrances, natural; Pack Type: Liquid Carton; Carbonization: carbonated; Geographic Origin: norway; Sweetener: aspartame, acesulfame potassium",
1006812831,Spar,Norway,farris frus peach 0.33l box,"farris frus peach is a bubbly mixture of the natural the mineral water from farris the sources and soda, with taste of peach. farris frus is a series carbonated water with even more taste than farris ","["""" online store"""","""" drink"""","""" water""""]",https://spar.no/nettbutikk/varer/drikke/vann/vann-med-kullsyre/farris-frus-7044610877150,https://bilder.ngdata.no/7044610877150/kmh/large.jpg?fallback=404&foretrekk=bedark,18.9,7044610877150,Farris,Sparkling Flavoured Bottled Water,"Health Claims: no sugar, no calories; Flavour: peach; Naturally derived: natural fragrances, natural; Sweetener: aspartame, acesulfame potassium; Volume: 330; Caffeine: 15-25 mg; Geographic Origin: norway; Pack Type: Liquid Carton; Water Type: soda; Juice Content: 0-2%; Carbonization: carbonated",
1006832588,Spar,Norway,farris frus raspberry 0.33l box,"producer: is called as
brand: farris
country of origin: norway
ean: 7044610877129","["""" online store"""","""" drink"""","""" water""""]",https://spar.no/nettbutikk/varer/drikke/vann/vann-med-kullsyre/farris-frus-7044610877129,https://bilder.ngdata.no/7044610877129/kmh/large.jpg?fallback=404&foretrekk=bedark,18.9,7044610877129,Farris,Sparkling Flavoured Bottled Water,"Juice Content: 0-2%; Pack Type: Can; Volume: 330; Naturally derived: natural fragrances, natural; Water Type: mineral; Flavour: raspberry; Sweetener: aspartame, acesulfame potassium; Carbonization: carbonated; Geographic Origin: norway",
1006920705,Walmart,USA,Starbucks Frappuccino Vanilla Iced Coffee Multipack Bottles 4 pk / 9.5 fl oz,""""" 
* Nutrition Facts 
* 4.0 About servings per container 
* Serving size 1 Bottle 
* Amount per serving 
* Calories 200 
* % Daily value* 
* Total Fat3.5g Total Fat 
* Saturated Fat2g Saturated Fat 
*","["""" Food"""","""" Coffee"""","""" Bottled Coffee"""","""" Starbucks Frappuccino""""]",https://www.walmart.com/ip/Starbucks-Frappuccino-Vanilla-Iced-Coffee-Multipack-Bottles-4-pk-9-5-fl-oz/13752652872?classType=REGULAR,https://i5.walmartimages.com/seo/Starbucks-Frappuccino-Vanilla-Iced-Coffee-Multipack-Bottles-4-pk-9-5-fl-oz_431a317c-0805-4441-9a0c-d82151dd7c68.358c568f67cbd5666684902fd47f98ac.jpeg,7.48,100142961532,Starbucks Frappuccino Vanilla,RTD Coffee,"Pack Type: Bottle; Flavour: vanilla, coffee; Carbonization: still; Volume: 281; RTD Coffee Style: milk, frappuccino; Juice Content: 0-2%; Sweetener: sugar; Caffeine: 15-25 mg",
1006933433,amazon,Canada,Bossen Concentrated Syrup_5.5 lb ( Lemon),"## Product information 
# Technical Details 
Volume ‎237 Milliliters 
Brand ‎ Bossen 
Form ‎ Liquid 
Package Information ‎ Bottle 
Manufacturer ‎ Bossen 
Parcel Dimensions ‎23.01 x 15.6 x 9.19 cm; 2.6","["""" Grocery & Gourmet Food"""","""" Beverages"""","""" Beverage Syrups & Concentrates""""]",https://www.amazon.ca/dp/B0BLHZDM7V,https://m.media-amazon.com/images/I/41mAs-0HODL._AC_UL320_.jpg,94.26,813622021915,Bossen,Liquid Concentrates,"Weight: 2497; Pack Type: Pouch; Sweetener: sugar, acesulfame potassium; Juice Content: 0-2%; Flavour: lemon",
1007072946,amazon,Netherlands,KA sparkling Karibbean Kola taste Drink 12x500ml,"brand KA 
taste Kola 
number of items 24 
item volume 500 milliliters 
number of copies 6000.0 milliliters 
weight of package 6.36 kilogram 
number of items 12 
number of items in package 1 
gtin 0500","["""" foodstuffs"""","""" drinks, coffee tea"""","""" soda""""]",https://www.amazon.nl/dp/B00IZN97M6,https://m.media-amazon.com/images/I/71uQN9rScnL._AC_UL320_.jpg,35.76,5000382112372,KA,Other Non-Cola Carbonates,Volume: 500; Caffeine: 150-200 mg; Pack Type: Bottle; Carbonization: sparkling; Juice Content: 0-2%,
1007110894,Willys,Sweden,"hop soda, bottle","renew jultraditionen with our hop julmust, one adults alternative to the traditional christmas must. with tones and humlekaraktar results this julmust in an easy floral and citruspraglad taste profile","["""" drink"""",""""soda"""",""""soda small""""]",https://www.willys.se/produkt/Humle-Lask-Flaska-101595491_ST,"https://assets.axfood.se/image/upload/f_auto,t_500/07310401054377_C1N1_s01",11.9,7310401054377,Nygårda,Other Non-Cola Carbonates,"Pack Type: Bottle; Caffeine: 15-25 mg; Volume: 330; Carbonization: gently carbonated; Naturally derived: natural flavours, natural fragrances; Sweetener: sugar; Juice Content: 0-2%",
1007263397,Willys,Sweden,"soda sugar free soda, can","a classic swedish julmust, as gets his sweetness from sweetener instead of from sugar (sweetener aspartame and saccharin. contains a source of phenylalanine).","["""" drink"""",""""soda"""",""""soda small""""]",https://www.willys.se/produkt/Lask-Sockerfri-Lask-Burk-101595490_ST,"https://assets.axfood.se/image/upload/f_auto,t_500/07310401054650_C1N1_s01",5.9,7310401054650,Nygårda,Other Non-Cola Carbonates,"Volume: 330; Juice Content: 0-2%; Pack Type: Can; Sweetener: saccharin, aspartame, acesulfame potassium; Health Claims: no sugar; Carbonization: carbonated, gently carbonated",
1007269766,Willys,Sweden,"Cola Zero soda, Pet","carbonated soft drink with taste of cola. without sugar, contains sweeteners. 1.5 liters.","["""" drink"""",""""soda"""",""""soda big""""]",https://www.willys.se/produkt/Cola-Zero-Lask-Pet-101608029_ST,"https://assets.axfood.se/image/upload/f_auto,t_500/07611612404402_C1N1_s01",12.9,7611612404402,Premier,Reduced Sugar Cola Carbonates,"Juice Content: 0-2%; Naturally derived: natural fragrances; Volume: 1500; No Artificial Ingredients: no artificial sweeteners; Sweetener: aspartame, acesulfame potassium; Health Claims: no sugar; Pack Type: Bottle; Carbonization: carbonated",
1007305135,Willys,Sweden,"lemon Zero soda, Pet","carbonated soft drink with taste of lemon. without sugar, contains sweeteners. 1.5 liters.","["""" drink"""",""""soda"""",""""soda big""""]",https://www.willys.se/produkt/Citron-Zero-Lask-Pet-101608034_ST,"https://assets.axfood.se/image/upload/f_auto,t_500/07611612404457_C1N1_s01",12.9,7611612404457,Premier,Lemonade/Lime,"Naturally derived: natural flavours; Juice Content: 5-10%; Volume: 1500; Carbonization: carbonated; Immune Support Ingredients: vitamin c, antioxidants; Flavour: lemon; Health Claims: no sugar; Sweetener: aspartame, acesulfame potassium; No Artificial Ingredients: no artificial sweeteners",
1007351158,Hemköp,Sweden,"Cola Zero soda, Pet","carbonated soft drink with taste of cola. without sugar, contains sweeteners. 1.5 liters.store dry and cool.","["""" all supplies"""","""" drink"""",""""soda"""",""""soda big""""]",https://www.hemkop.se/produkt/C-101608029_ST,"https://assets.axfood.se/image/upload/f_auto,t_200/07611612404402_C1N1_s01",13,7611612404402,Premier,Reduced Sugar Cola Carbonates,"Carbonization: carbonated; Naturally derived: natural fragrances; Volume: 1500; Sweetener: aspartame, acesulfame potassium; Juice Content: 0-2%; Pack Type: Bottle; No Artificial Ingredients: no artificial sweeteners; Health Claims: no sugar",
1007430073,Willys,Sweden,pineapple coconut ginger Smoothie,"Smoothie with taste of banana, pineapple, coconut and ginger. one guaranteed good and filling snack. in addition goes the bottle to reserve!","["""" dairy, cheese & eggs"""","""" Juice, fruit drink & smoothie"""","""" Smoothies""""]",https://www.willys.se/produkt/Ananas-Kokos-Ingefara-Smoothie-101581245_ST,"https://assets.axfood.se/image/upload/f_auto,t_500/07311043010417_C1N1_s01",15.5,7311043010417,Garant,Not from Concentrate 100% Juice,"Flavour: ginger, pineapple, coconut; Volume: 250; Juice Content: 100%; Made From: ginger, banana, pineapple, lemon, coconut, mango; Carbonization: still; Pack Type: Bottle; Immune Support Ingredients: ginger; Juice Features: smoothie; Caffeine: 15-25 mg",
1007601865,Willys,Sweden,"trocadero Zero soda, Pet","trocadero Zero is one soft drink with a very own taste and character. the special the taste is a result of the mixture orange and apple, a boats exciting and unusual combination as is healthy and much","["""" drink"""",""""soda"""",""""soda small""""]",https://www.willys.se/produkt/Trocadero-Zero-Lask-Pet-101595522_ST,"https://assets.axfood.se/image/upload/f_auto,t_500/07310403054498_C1N1_s01",58.9,7310403054498,Trocadero,Other Non-Cola Carbonates,"Volume: 330; Pack Type: Bag/Packet; Energy Source: b-vitamins; Caffeine: 15-25 mg; Carbonization: carbonated; Immune Support Ingredients: vitamin c, antioxidants; Sweetener: aspartame, acesulfame potassium; Juice Content: 2-5%, 0-2%",
1007619248,Hemköp,Sweden,"lemon Zero soda, Pet","carbonated soft drink with taste of lemon. without sugar, contains sweeteners. 1.5 liters.store dry and cool.","["""" all supplies"""","""" drink"""",""""soda"""",""""soda big""""]",https://www.hemkop.se/produkt/C-101608034_ST,"https://assets.axfood.se/image/upload/f_auto,t_200/07611612404457_C1N1_s01",13,7611612404457,Premier,Lemonade/Lime,"Sweetener: aspartame, acesulfame potassium; Volume: 1500; Juice Content: 5-10%; Health Claims: no sugar; Carbonization: carbonated; Immune Support Ingredients: vitamin c, antioxidants; Naturally derived: natural flavours; No Artificial Ingredients: no artificial sweeteners; Flavour: lemon",
1007638966,Willys,Sweden,"Cola soda, Pet",carbonated soft drink with taste of cola. 1.5 liters.,"["""" drink"""",""""soda"""",""""soda big""""]",https://www.willys.se/produkt/Cola-Lask-Pet-101608030_ST,"https://assets.axfood.se/image/upload/f_auto,t_500/07611612404419_C1N1_s01",12.9,7611612404419,Premier,Regular Cola Carbonates,Carbonization: carbonated; Volume: 1500; Juice Content: 0-2%; Sweetener: sugar; Pack Type: Bottle; Naturally derived: natural fragrances; Caffeine: 15-25 mg,
1007702991,amazon,USA,"Javy Coffee Concentrate - Cold Brew Coffee, Perfect for Instant Iced Coffee, Cold Brewed Coffee and Hot Coffee, 35 Servings - Birthday Cake","* * *
## Important information 
Safety Information 
Concentrated coffee may cause acidity, headache, drowsiness, and gastric issues. May interact negatively with antidiabetic medications, anticoagulan","["""" Grocery & Gourmet Food"""","""" Beverages""""]",https://www.amazon.com/dp/b0dk27mgv1,https://m.media-amazon.com/images/I/81QugauhE7L._SL1500_.jpg,23.94,850057798456,Javy,RTD Coffee,"Coffee Type: arabica; Volume: 200; Sustainable Sourcing: from sustainable sources (product); Flavour: coffee; Naturally derived: natural flavours, natural; Water Type: filtered, purified; Pack Type: Bottle; Juice Content: 0-2%; RTD Coffee Style: cold brew; No Artificial Ingredients: no artificial additives; Diets: vegan; Caffeine: 15-25 mg; Roast Type: medium, espresso; Carbonization: still; Health Claims: no sugar",
1007723013,Hemköp,Sweden,"Cola soda, Pet",carbonated soft drink with taste of cola. 1.5 liters.store dry and cool.,"["""" all supplies"""","""" drink"""",""""soda"""",""""soda big""""]",https://www.hemkop.se/produkt/C-101608030_ST,"https://assets.axfood.se/image/upload/f_auto,t_200/07611612404419_C1N1_s01",13,7611612404419,Premier,Regular Cola Carbonates,Volume: 1500; Naturally derived: natural fragrances; Sweetener: sugar; Pack Type: Bottle; Caffeine: 15-25 mg; Juice Content: 0-2%; Carbonization: carbonated,
1007834837,Kroger,USA,Lakanto Sugar- Free Water Enhancers Berry Pomegranate,Lakanto Sugar- Free Water Enhancers Berry Pomegranate,"["""" Grocery"""","""" Pantry"""","""" Beverages"""","""" Water"""","""" Enhanced Water""""]",https://www.kroger.com/p/lakanto-sugar-free-water-enhancers-berry-pomegranate/0084307600216?fulfillment=IN_STORE,https://www.kroger.com/product/images/large/front/0084307600216,7.49,843076002161,Lakanto,Liquid Concentrates,"Flavour: berry, pomegranate; Health Claims: no sugar",
1007854298,Shop Apotheke,Germany,Kraftling ginger shot mango passion fruit,our gingershot mango passion fruit for your immune system.*,"["""" nutrition & amp; lose weight"""","""" nutrition"""","""" beverages"""",""""juices & amp; Smoothies"""","""" juice- Shots""""]",https://www.shop-apotheke.com/ernaehrung/upmYG7RYD/kraftling-ingwer-shot-mango-maracuja.htm,https://cdn.shop-apotheke.com/images/mp/prod/cf3930170e234e0e97e7362ca6627e3e,9.99,4260577470484,Kraftling,Not from Concentrate 100% Juice,"Volume: 60; Health Claims: immune system health; Carbonization: still; Flavour: ginger, passionfruit, mango; Juice Features: smoothie; Immune Support Ingredients: ginger; Juice Content: 100%; Made From: ginger, passion fruit, mango",
1007887906,Target,USA,BUBBL'R Watermelon Lime Smash'r Antioxidant Sparkling Water - 6pk / 12 fl oz Cans,"
[ingredients_start]
 Does Not Contain Any of the 9 Major Allergens 
[ingredients_end]
State of Readiness: Ready to Drink Form: Liquid Package Quantity: 6 Net weight: 72 fl oz (US) TCIN: 89886997 UPC:","["""" Grocery"""","""" Beverages"""","""" Water""""]",https://www.target.com/p/bubbl-39-r-watermelon-lime-smash-39-r-antioxidant-sparkling-water-6pk-12-fl-oz-cans/-/A-89886997,https://target.scene7.com/is/image/Target/GUEST_d4f20c18-44f1-41c7-bf03-b9b1eb52b8bc,6.99,28435600466,Bubbl'r,Functional Bottled Water,"Immune Support Ingredients: antioxidants; Sweetener: stevia, sugar; Pack Type: Carton/Box; Volume: 355; Energy Source: guarana; Geographic Origin: united states; Carbonization: carbonated, sparkling; No Artificial Ingredients: no artificial sweeteners; Naturally derived: natural flavours, natural; Contains Minerals: calcium; Health Claims: no sugar, mood-enhancing, immune system health, antioxidant; Free From: no soy, no allergens; Flavour: lime, watermelon; Caffeine: 15-25 mg; Juice Content: 0-2%; Sustainable Sourcing: from sustainable sources (product)",
1007927304,Target,USA,"EH Plabs Oxy Shred Energy Drink - Zero Sugar, Zero Calories, with Amino Acids, Vitamin C, Green Tea Extract & Clean Caffeine - Kiwi Strawberry (12- Pack)","
[ingredients_start]
 Does Not Contain Any of the 9 Major Allergens Form: Liquid 
[ingredients_end]
State of Readiness: Ready to Drink Caffeine claim: Caffeinated Package Quantity: 12 Net weight: 144 ","["""" Grocery"""","""" Beverages"""","""" Energy Drinks""""]",https://www.target.com/p/ehplabs-oxyshred-energy-drink-zero-sugar-zero-calories-with-amino-acids-vitamin-c-green-tea-extract-clean-caffeine-kiwi-strawberry-12-pack/-/A-1000989575,https://target.scene7.com/is/image/Target/GUEST_e91e1785-3cd3-4b18-86e3-8baf2b99d924,29.99,850029937319,OxyShred,Energy Drinks,"Volume: 473; Sports Positioning: pre-workout; Energy Source: green tea, guarana; Health Claims: no added sugar, good source of minerals, no sugar, mood-enhancing, good source of vitamins, immune system health, energy boosting, stress relief, nootropic/enhanced mental performance, no calories; Caffeine: 50-100 mg; No Artificial Ingredients: no artificial colours; Immune Support Ingredients: vitamin c; Free From: no caffeine, no allergens; Juice Content: 0-2%; Pack Type: Can; Carbonization: carbonated; Flavour: tea, strawberry, kiwi; Naturally derived: natural flavours, natural colourants, natural; Geographic Origin: united states",
1007951351,Bol.com,Netherlands,vithit vitamin drink - Reboot Mandarin - soda with low sugar content - 12 x 50cl - benefit package,"vithit Reboot Mandarin - healthy vitamin drink 
with less than 35 calories per bottle is vithit the perfect combination of vitamins, juice, tea and water. a low sugar content, no dyes or preservatives","["""" eat drink"""","""" soft drink, juice, coffee and tea""""]",https://www.bol.com/nl/nl/p/vithit-vitaminedrank-reboot-mandarin-frisdrank-met-laag-suikergehalte-12-x-50cl-voordeelverpakking/9300000172856258/,https://media.s-bol.com/YDmv9z2qXRN2/BBOKnKY/168x197.jpg,37.07,5430004017233,Vit Hit,Liquid Concentrates,"Naturally derived: natural; Sweetener: sucralose, sugar; Nutri-Score: A; Volume: 500; Geographic Origin: ireland; No Artificial Ingredients: no artificial preservatives; Flavour: mandarin; Free From: no allergens; Immune Support Ingredients: vitamin c, antioxidants; Juice Content: 5-10%; Health Claims: low sugar, good source of vitamins, low calories; Pack Type: Bottle",
1007968621,Bol.com,Netherlands,vithit Perform vitamin drink - Mango & passion fruit - 12 x 500ml - low in sugar - benefit package,"vithit Perform - healthy vitamin drink 
with less than 35 calories per bottle is vithit the perfect combination of vitamins, juice, tea and water. a low sugar content, no dyes or preservatives, and a ","["""" eat drink"""","""" soft drink, juice, coffee and tea""""]",https://www.bol.com/nl/nl/p/vithit-vitaminedrink-frisdrank-perform-laag-suikergehalte-mango-passievrucht-12-x-50cl-voordeelverpakking/9300000172856262/,https://media.s-bol.com/gqX55oEDApjl/o2K5Lzk/162x210.jpg,37.07,5430004017264,Vit Hit,Liquid Concentrates,"Geographic Origin: belgium; No Artificial Ingredients: no artificial preservatives; Pack Type: Bottle; Volume: 500; Free From: no allergens; Sweetener: sucralose, sugar; Juice Content: 0-2%; Immune Support Ingredients: vitamin c, antioxidants; Health Claims: low sugar, low calories, good source of vitamins, fatigue relief; Naturally derived: natural fragrances; Flavour: passionfruit, mango",
1007968663,Willys,Sweden,"raspberry soda Zero soda, Pet","carbonated soft drink with raspberry flavor. without sugar, contains sweeteners. 1.5 liters.","["""" drink"""",""""soda"""",""""soda big""""]",https://www.willys.se/produkt/Hallonsoda-Zero-Lask-Pet-101608031_ST,"https://assets.axfood.se/image/upload/f_auto,t_500/07611612404426_C1N1_s01",12.9,7611612404426,Premier,Other Non-Cola Carbonates,"Sweetener: aspartame, acesulfame potassium; Carbonization: carbonated; Flavour: raspberry; Juice Content: 2-5%; Volume: 1500; No Artificial Ingredients: no artificial sweeteners; Health Claims: no sugar; Pack Type: Bottle; Naturally derived: natural fragrances",
1008030002,Shop Apotheke,Germany,Kraftling ginger shot Orange Curcuma,"our gingershot Orange Curcuma, for your immune system.*","["""" nutrition & amp; lose weight"""","""" nutrition"""","""" beverages"""",""""juices & amp; Smoothies"""","""" juice- Shots""""]",https://www.shop-apotheke.com/ernaehrung/upmGW7TD7/kraftling-ingwer-shot-orange-curcuma.htm,https://cdn.shop-apotheke.com/images/mp/prod/2a59a922b23b4adeb5ca78efd581050b,9.99,4260577470361,Kraftling,Not from Concentrate 100% Juice,"Flavour: ginger, orange; Made From: ginger, orange; Juice Content: 100%; Volume: 60; Health Claims: immune system health; Carbonization: still; Juice Features: smoothie; Immune Support Ingredients: ginger, turmeric",
1008060154,Kroger,USA,"Cortas - Rose Flower Water, 17 oz",Cortas world famous Rose Water made from distilled Damascena roses,"["""" Grocery"""","""" Pantry"""","""" Beverages"""","""" Water"""","""" Enhanced Water""""]",https://www.kroger.com/p/cortas-rose-flower-water-17-oz/0073514300430?fulfillment=IN_STORE,https://www.kroger.com/product/images/large/front/0073514300430,13.15,735143004300,Cortas,Functional Bottled Water,Pack Type: Bottle; Volume: 503; Caffeine: 0-15 mg; Water Type: distilled; Juice Content: 0-2%; Carbonization: still; Flavour: rose,
1008108874,Shop Apotheke,Germany,Kraftling ginger shot dosing bottle mango passion fruit 7 Shots,our gingershot Mango- passion fruit as dosing bottle with 7 Shots. perfect for home.,"["""" nutrition & amp; lose weight"""","""" nutrition"""","""" beverages"""",""""juices & amp; Smoothies"""","""" juice- Shots""""]",https://www.shop-apotheke.com/ernaehrung/upmUW42ZH/kraftling-ingwer-shot-dosierflasche-mango-maracuja-7-shots.htm,https://cdn.shop-apotheke.com/images/mp/prod/c806a60189684e30b3544c11196acda0,7.99,4260577471641,Kraftling,Not from Concentrate 100% Juice,"Juice Features: smoothie; Pack Type: Bottle; Volume: 400; Carbonization: still; Made From: passion fruit, ginger, mango; Juice Content: 100%; Flavour: ginger, passionfruit, mango; Immune Support Ingredients: ginger",
1008117261,Kroger,USA,Lakanto Sugar- Free Water Enhancers Fruit Punch,Lakanto Sugar- Free Water Enhancers Fruit Punch,"["""" Grocery"""","""" Pantry"""","""" Beverages"""","""" Water"""","""" Cases Of Water""""]",https://www.kroger.com/p/lakanto-sugar-free-water-enhancers-fruit-punch/0084307600220?fulfillment=IN_STORE,https://www.kroger.com/product/images/large/front/0084307600220,7.49,843076002208,Lakanto,Liquid Concentrates,Juice Content: 0-2%; Health Claims: no sugar,
1008123154,amazon,USA,"Kern's Nectar Guava Juice Drink, 59 fl oz","* * *
## Important information 
[ingredients_start]
Ingredients 
Water, Sugar, Guava Puree Concentrate, Citric Acid, Carmine Color, Ascorbic Acid ( Vitamin C). 
[ingredients_end]

Legal Disclaimer 
St","["""" Grocery & Gourmet Food"""","""" Beverages"""","""" Bottled Beverages, Water & Drink Mixes"""","""" Juices"""","""" Fruit Juice""""]",https://www.amazon.com/dp/B00IA8JINY,https://m.media-amazon.com/images/I/61GVJuCJ63L._SL1500_.jpg,,53859085728,Kern's,Nectars,Volume: 1745; Health Claims: good source of vitamins; Pack Type: Liquid Carton; Flavour: guava; Sweetener: sugar; Carbonization: still; Juice Features: from concentrate; Made From: guava; Immune Support Ingredients: vitamin c; Geographic Origin: united states,
1008139572,Target,USA,"Splenda Peel And Pour Pitcher Pods, Sweet Tea - 1.35 Fl Oz ( Pack of 12)","
[ingredients_start]
 Does Not Contain Any of the 9 Major Allergens 
[ingredients_end]
State of Readiness: Mix Form: Liquid Concentrate Sweetener source: Sucralose Net weight: 16 ounces Package Quanti","["""" Grocery"""","""" Pantry"""","""" Sugar & Sweeteners""""]",https://www.target.com/p/splenda-peel-and-pour-pitcher-pods/-/A-93305958,https://target.scene7.com/is/image/Target/GUEST_07a8aae5-2a73-43c9-a1c5-9817e216aca4,9.99,722776005569,Splenda,Liquid Concentrates,"Volume: 1499; Free From: no allergens; Flavour: tea; Geographic Origin: united states; Naturally derived: natural flavours; Water Type: flavoured; Health Claims: no sugar, no calories; Caffeine: 0-15 mg; Sweetener: sucralose; Juice Content: 0-2%",
1008146381,Bol.com,Netherlands,vithit Vitaminedrink - soft drink - Boost - low sugar content - Berry - 12 x 50cl - benefit package,"vithit · Gezondheidsdrankje · A Rocket Booster of Energy · low sugar content · no dyes or preservatives 
BOOST is a delicious mix of zomerbessen, fused with water and a powerful one eruption of ginsen","["""" eat drink"""","""" soft drink, juice, coffee and tea""""]",https://www.bol.com/nl/nl/p/vithit-vitaminedrink-frisdrank-boost-laag-suikergehalte-berry-12-x-50cl-voordeelverpakking/9300000172856260/,https://media.s-bol.com/qnnKwJmYDwO0/mZYZx23/162x210.jpg,37.07,5430004017226,Vit Hit,Other Non-Cola Carbonates,"Carbonization: still; Pack Type: Bottle; Juice Content: 0-2%; Naturally derived: natural; Botanicals And Functional Ingredients: ginseng; Free From: no caffeine, no allergens; Volume: 500; Flavour: berry; Nutri-Score: A; Immune Support Ingredients: elderberry; Caffeine: 0-15 mg; Health Claims: low sugar, low calories, good source of vitamins; Sweetener: sucralose, sugar; No Artificial Ingredients: no artificial preservatives",
1008150748,Kroger,USA,International Delight Home Alone Peppermint Mocha Iced Coffee,"International Delight Home Alone Peppermint Mocha Iced Coffee makes everything nice with a classic combination of chocolate, peppermint and perfectly brewed coffee. This iced mocha coffee is made with","["""" Grocery"""","""" Beverages"""","""" Coffee"""","""" Cold Brew, Iced & Bottled Coffee""""]",https://www.kroger.com/p/international-delight-home-alone-peppermint-mocha-iced-coffee/0003663207924?fulfillment=IN_STORE,https://www.kroger.com/product/images/xlarge/front/0003663207924,4.99,36632079244,International Delight,RTD Coffee,"Volume: 1893; Juice Content: 0-2%; Carbonization: still; Coffee Type: mocha; Flavour: peppermint, mocha, coffee; Sweetener: cane sugar; Pack Type: Carton/Box; RTD Coffee Style: cream, mocha",
1018367358,Bol.com,Netherlands,Hip Pop - Blueberry Ginger - kombucha - 12x,"meet Hip Pop Blueberry Ginger kombucha ! this one kombucha offers a delicious balance between sweet blueberries and the spicy kick of ginger. made with 100% natural ingredients, without sweeteners and","["""" eat drink"""","""" soft drink, juice, coffee and tea""""]",https://www.bol.com/nl/nl/p/hip-pop-blueberry-ginger-kombucha-12x/9300000221418495/,https://media.s-bol.com/qEyj6p5NjrBk/YERngK9/664x1200.jpg,30.85,5060512670967,Hip Pop,Carbonated RTD Tea and Kombucha,"Flavour: ginger, blueberry; Juice Content: 0-2%; Pack Type: Can; Carbonization: still; Tea Type: green, black; No Artificial Ingredients: no artificial sweeteners; Naturally derived: natural flavours, natural; Free From: no allergens; Health Claims: hydrating, low calories, digestive health",
1018386053,Bol.com,Netherlands,Hip Pop - Strawberry & Pineapple - kombucha - 12x,meet Hip Pop Strawberry & Pineapple kombucha ! the juicy strawberry and spicy pineapple melt together until a taste explosion that you take with you to a tropical paradise. made with 100% natural ingr,"["""" eat drink"""","""" soft drink, juice, coffee and tea""""]",https://www.bol.com/nl/nl/p/hip-pop-strawberry-pineapple-kombucha-12x/9300000221418027/,https://media.s-bol.com/x0JGLZO2L82P/VO9k6wo/677x1200.jpg,30.85,5060512671001,Hip Pop,Carbonated RTD Tea and Kombucha,"Free From: no allergens; Juice Content: 0-2%; Flavour: strawberry, pineapple; Pack Type: Can; Naturally derived: natural fragrances, natural; No Artificial Ingredients: no artificial sweeteners; Health Claims: digestive health, low calories, hydrating; Tea Type: green, black",
1018515978,Bol.com,Netherlands,Hip Pop - Pink Grapefruit - Living Soda - 12x,"discover our Pink Grapefruit Living Soda: a light sparkling and wonderfully refreshing soda with the daring taste of it pink grapefruit, perfectly balanced right away hint of sweetness. 
every look of","["""" eat drink"""","""" soft drink, juice, coffee and tea""""]",https://www.bol.com/nl/nl/p/hip-pop-pink-grapefruit-living-soda-12x/9300000221419529/,https://media.s-bol.com/x0JGLmM0Bnnz/4xJqXNk/658x1200.jpg,30.85,5060512670905,Hip Pop,Other Non-Cola Carbonates,"Flavour: grapefruit; Carbonization: sparkling; Health Claims: low sugar; Free From: no allergens; Pack Type: Can; Sweetener: sugar; Juice Content: 0-2%; Naturally derived: natural flavours, natural",
1030982510,Hemköp,Sweden,"raspberry soda soda, Pet",carbonated soft drink with raspberry flavor. 1.5 liters.store dry and cool.,"["""" all supplies"""","""" drink"""",""""soda"""",""""soda big""""]",https://www.hemkop.se/produkt/H-101608032_ST,"https://assets.axfood.se/image/upload/f_auto,t_500/07611612404433_C1N1_s01",13,7611612404433,Premier,Other Non-Cola Carbonates,Pack Type: Bottle; Volume: 1500; Carbonization: carbonated; Juice Content: 2-5%; Naturally derived: natural fragrances; Flavour: raspberry; Sweetener: sugar,
1033449824,Hemköp,Sweden,apple Drakfr fruit drink,"in beautiful skåne growing the tasty and crispy swedish the apples, as harvested by hand in just right time for optimal sweetness. year after year has the trees vardats and beskurits by hand to give d","["""" all supplies"""","""" drink"""","""" juice & fruit drinks"""","""" not chilled fruit drink""""]",https://www.hemkop.se/produkt/Ä-101676576_ST,"https://assets.axfood.se/image/upload/f_auto,t_200/07314720732046_C1N1_s01",21.95,7314720732046,Kiviks Musteri,Juice Drinks (up to 24% Juice),"Volume: 1000; Juice Content: 25-50%; Juice Features: from concentrate; Made From: apple, potato, carrot; Health Claims: hydrating; Sweetener: sugar; Flavour: apple; Carbonization: still; Pack Type: Liquid Carton",
1034377526,S-kaupat,Finland,6x light feeling lemon juicy mineral water 0.33 l tlk,"light feeling lemon juicy mineral water on beverage for all ages. product compound lemon juice naturalness and health beaded mineral water, but contain energy only 20 kcal − less than many fresh juice","["""" beverages"""","""" waters"""","""" juice mineral waters and taste water""""]",https://www.s-kaupat.fi/tuote/6xkevytolo-sitruuna-mehukivennaisvesi-0-33-l-tlk/6419806053976,https://cdn.s-cloud.fi/v1/w640_q75/product/ean/6419806053976_kuva1.jpg,4.99,6419806053976,KevytOlo,Sparkling Flavoured Bottled Water,"Volume: 330; Naturally derived: natural flavours, natural; Health Claims: good source of minerals; Flavour: lemon; Pack Type: Can; Carbonization: carbonated",
1038660793,Walmart,USA,"Cutwater Non- Alcoholic Ginger Beer 6 Pack - 12oz Cans - 110 Calories Fat- Free - Soda Mixer for Moscow Mule, Dark n Stormy",""""" 
* Delight in the tantalizing fusion of spicy ginger root and pure cane sugar with our pre-mium ginger beer mixer, crafted to perfection for an elevated drinking experience 
* Elevate your homemade ","["""" Food"""","""" Alcohol"""","""" Pre- Mixed Cocktails"""","""" Cocktail Accessories""""]",https://www.walmart.com/ip/Cutwater-Non-Alcoholic-Ginger-Beer-6-Pack-12oz-Cans-110-Calories-Fat-Free-Soda-Mixer-for-Moscow-Mule-Dark-n-Stormy/8860908271?classType=undefined&variantFieldId=count_per_pack,https://i5.walmartimages.com/asr/ca48981a-25f3-4142-a290-267426399a6f.ad368930f3670210f8d6b0a4fc909d38.png,19.33,810158587823,Cutwater,Tonic Water/Mixers/Other Bitters,Juice Content: 0-2%; Flavour: ginger; Free From: no alcohol; Sweetener: cane sugar; Volume: 355; Health Claims: no calories; Immune Support Ingredients: ginger,
1040469080,Food Market Herkku,Finland,light feeling lemon juicy mineral water 0.33 l tlk,"product compound lemon juice naturalness and health beaded mineral water, but contain energy only 21 kcal − less than many fresh juices. light feeling lemon juice content on 3 %.","["""" beverages"""","""" waters"""","""" juice mineral waters and taste water""""]",https://www.s-kaupat.fi/tuote/6419800053972,https://cdn.s-cloud.fi/v1/w828_q75/product/ean/6419800053972_kuva1.jpg,0.65,6419800053972,KevytOlo,Sparkling Flavoured Bottled Water,"Volume: 330; Pack Type: Can; Flavour: lemon; Carbonization: carbonated; Health Claims: good source of minerals; Naturally derived: natural flavours, natural",
1041858355,Walmart,USA,"Cutwater Non- Alcoholic Ginger Beer 24 Pack - 12oz Cans - 110 Calories Fat- Free - Soda Mixer for Moscow Mule, Dark n Stormy",""""" 
* Delight in the tantalizing fusion of spicy ginger root and pure cane sugar with our pre-mium ginger beer mixer, crafted to perfection for an elevated drinking experience 
* Elevate your homemade ","["""" Food"""","""" Beverages"""","""" Cocktail Mixers"""","""" Ginger Beer""""]",https://www.walmart.com/ip/Cutwater-Non-Alcoholic-Ginger-Beer-24-Pack-12oz-Cans-110-Calories-Fat-Free-Soda-Mixer-for-Moscow-Mule-Dark-n-Stormy/8881453822?classType=undefined&variantFieldId=count_per_pack,https://i5.walmartimages.com/asr/0fb3bc99-ac84-44ca-b095-949add53efb7.f110285c90936b87604ca94a3deb9d2c.png,19.33,810158587854,Cutwater,Tonic Water/Mixers/Other Bitters,Flavour: ginger; Health Claims: no calories; Volume: 355; Immune Support Ingredients: ginger; Caffeine: 100-150 mg; Sweetener: cane sugar; Juice Content: 0-2%; Free From: no alcohol; Pack Type: Can,
1041889119,K Ruoka,Finland,Battery Split energy drink 0.5l,""""" Battery Split is a mystery-flavored energy drink with a summery vibe that ignites your taste buds.""""","["""" beverages"""","""" energy- and sports drinks"""","""" energy drinks""""]",https://www.k-ruoka.fi/kauppa/tuote/battery-split-05l-tlk-6415600589796,https://public.keskofiles.com/f/k-ruoka/product/6415600589796,2.99,6415600589796,Battery,Energy Drinks,Volume: 500; Health Claims: energy boosting; Pack Type: Can; Juice Content: 0-2%; Carbonization: still,
1042748759,Walmart,USA,"Cock n Bull Diet Ginger Beer 20 Pack 12oz Soda Bottles - Ideal Mixer for Cocktails, Mocktails, and Bartenders - Premium Quality for Perfect Mixed Drinks - Refreshing Fla-vor Profile- A",""""" 
* Diet Ginger Beer: Natural ginger flavor. 0 calories per bottle. Caffeine free. Very low so-dium 
* Crafted in England by a passionate ginger enthusiast, Cock'n Bull Ginger Beer began as a quest f","["""" Food"""","""" Beverages"""","""" Cocktail Mixers"""","""" Ginger Beer""""]",https://www.walmart.com/ip/Cock-n-Bull-Diet-Ginger-Beer-20-Pack-12oz-Soda-Bottles-Ideal-Mixer-Cocktails-Mocktails-Bartenders-Premium-Quality-Perfect-Mixed-Drinks-Refreshing-Fla/8798801564?classType=VARIANT,https://i5.walmartimages.com/seo/Cock-n-Bull-Diet-Ginger-Beer-20-Pack-12oz-Soda-Bottles-Ideal-Mixer-Cocktails-Mocktails-Bartenders-Premium-Quality-Perfect-Mixed-Drinks-Refreshing-Fla_2fbf1bed-1695-4e7c-b124-c677a2f0e824.9042eadab55f60b3a1ace2bcff54077c.png,47.98,810158581197,Cock N Bull,Tonic Water/Mixers/Other Bitters,Volume: 355; Caffeine: 0-15 mg; Flavour: ginger; Free From: no caffeine; Naturally derived: natural flavours; Juice Content: 0-2%; Immune Support Ingredients: ginger,
1043504899,Walmart,USA,"Cock n Bull Apple Ginger Beer 24 Pack 12oz Soda Bottles - Ideal Mixer for Cocktails, Mocktails, and Bartenders - Premium Quality for Perfect Mixed Drinks - Refreshing Flavor Profile- A",""""" 
* Apple Ginger Beer: 100% Natural Apple and Ginger Flavors Perfect for Dark and Stormy Cocktails, Moscow Mules and Hot Toddys 
* Crafted in England by a passionate ginger enthusiast, Cock'n Bull Gi","["""" Food"""","""" Beverages"""","""" Cocktail Mixers"""","""" Ginger Beer""""]",https://www.walmart.com/ip/Cock-n-Bull-Apple-Ginger-Beer-24-Pack-12oz-Soda-Bottles-Ideal-Mixer-Cocktails-Mocktails-Bartenders-Premium-Quality-Perfect-Mixed-Drinks-Refreshing-Fl/8794217025?classType=VARIANT,https://i5.walmartimages.com/seo/Cock-n-Bull-Apple-Ginger-Beer-24-Pack-12oz-Soda-Bottles-Ideal-Mixer-Cocktails-Mocktails-Bartenders-Premium-Quality-Perfect-Mixed-Drinks-Refreshing-Fl_e2e59330-dc4b-48c8-aff6-774f2d5e813f.f4b3257d00473083e9c268826efa7134.png,74.98,810158581289,Cock N Bull,Tonic Water/Mixers/Other Bitters,"Flavour: ginger, apple; Volume: 355; Pack Type: Bottle; Juice Content: 0-2%; Naturally derived: natural; Immune Support Ingredients: ginger",
1054347099,Food Market Herkku,Finland,joy lemon soft drink 0.33l,joy lemon soft drink 33cl,"["""" beverages"""","""" soft drinks"""","""" citrus drinks""""]",https://www.s-kaupat.fi/tuote/3292482520016,https://cdn.s-cloud.fi/v1/w828_q75/product/ean/3292482520016_kuva1.jpg,2.99,3292482520016,La Mortuacienne,Lemonade/Lime,"Caffeine: 0-15 mg; Volume: 330; Naturally derived: natural flavours; Sweetener: sugar; Carbonization: carbonated; Pack Type: Bottle; Immune Support Ingredients: vitamin c, antioxidants; Juice Content: 0-2%; Flavour: lemon",
109882955,E Leclerc,France,Soda pulp orange - 1.5 liters,"carbonated drink to the citrus juice based on concentrates and pulps, with sugar and sweeteners.
null
country of transformation product : france","["""" food"""","""" alcohol-free drinks"""","""" Sodas""""]","https://www.e-leclerc.com/catalogue/marques-distributeurs/eco-plus/alimentaire/boissons-sans-alcool/sodas/soda-pulpe-orange---1-5-l,107156","http://e-leclerc.scene7.com/is/image/gtinternet/3450970138567?wid=600&hei=600&fit=fit,1",0.71,3450970138567,Eco+,Orange Carbonates,Sweetener: sugar; Flavour: orange; Pack Material Type: Plastic; Volume: 1500; Naturally derived: natural flavours; Immune Support Ingredients: antioxidants; Juice Content: 0-2%; Pack Type: Bottle; Carbonization: carbonated,
145887335,Intermarche,Belgium,lemonade organic,"at lemon juice. 
organic cane sugar.","["""" drinks"""","""" juice & syrup"""","""" juice""""]",https://eshop.intermarche.be/2-soignies/rayon/boissons/jus-sirop/10768-jus,https://driveimg4.intermarche.com/be/Ressources/images/produit/zoom/DB9409BB7E242A77B81749F07965BBF7-bio-paquito-citronnade-bio.jpg,1.59,3250392595319,Paquito,Juice Drinks (up to 24% Juice),"Carbonization: still; Sustainable Sourcing: organic; Volume: 1000; Pack Type: Bottle; Juice Content: 10-15%; Naturally derived: natural flavours; Sweetener: cane sugar; Pack Material Type: Plastic; Made From: lemon, lime; Juice Features: with pulp; Flavour: lemon",
203946453,Co-op,United Kingdom,Savsé Super Green Smoothie 750ml,,"["""" Chilled & Deli"""","""" Chilled Juice & Smoothies""""]",https://quickshop.coop.co.uk/product/b186aab8-9e2f-40fd-8282-47a630177b0d,https://ssonlineorderingpocsst01.blob.core.windows.net/brandbankimages/5060333540012_1024x1024,3,5060333540012,Savsé,Not from Concentrate 100% Juice,Pack Material Type: Metal; Volume: 750; Carbonization: still; Juice Features: smoothie; Juice Content: 100%,
20600327,Sainsbury's,United Kingdom,Savse Nina's Super Green Raw Smoothie 250ml,"Information
Description
Kale, Spinach, Pear, Apple, Lemon, Kiwi Broccoli & Banana
Raw smoothies, made different
Fruit & veg, cold pressed
95 cals, 403 KJ
We never add sugar
Contains protein
High in fi","["""" Drinks"""","""" Chilled fruit juice & smoothies"""","""" Fruit & veg blends""""]",https://www.sainsburys.co.uk/shop/gb/groceries/fruit---veg-blends-304907-44/savse-super-green-250ml,https://www.sainsburys.co.uk/wcsstore7.30.17/ExtendedSitesCatalogAssetStore/images/catalog/productImages/05/5060333540005/5060333540005_L.jpeg,0.1,5060333540005,Savsé,Not from Concentrate 100% Juice,"Contains Minerals: sulfur, iron; Pack Material Type: Metal; Volume: 250; Naturally derived: natural; Sweetener: sugar; Sports Ingredients: protein; Juice Features: cold press, smoothie; Caffeine: 150-200 mg; Immune Support Ingredients: vitamin c, antioxidants; Carbonization: still; Made From: banana, apple, lemon, pear, kale, kiwi, spinach, broccoli; Health Claims: energy boosting, high/source of fibre, good source of vitamins",
337516604,Auchandrive,France,heart of Pom' pure apple juice natural glass bottle 1l,"this apple juice a been in a hurry in our workshops. to find the taste of fruit that we bite, we only use varieties of apples table. harvested in france, they are hand picked and bring to this juice a","["""" our selections"""","""" products from our regions"""","""" new- aquitaine""""]",https://www.auchan.fr/coeur-de-pom-pur-jus-de-pomme-naturel-bouteille-verre/pr-C1212841,https://media.auchan.fr/MEDIASTEP132181525_1200x1200/B2CD/,2.45,3760195900000,Coeur De Pom,Not from Concentrate 100% Juice,Juice Content: 100%; Juice Features: pasteurized; Flavour: apple; Volume: 1000; Made From: apple; Pack Type: Bottle; Carbonization: still; Naturally derived: natural; Pack Material Type: Glass,
338115436,Carrefour,France,sparkling natural mineral water ogeu,"Store in a clean place, dry and cool, out of the sun and smells. after opening, keep cool. true consumer service : Service consumer advice . operator service : SOCIETE waters minerals D'OGEU piece fou","["""" alcohol-free drinks"""","""" waters"""","""" carbonated waters""""]",https://www.carrefour.fr/p/eau-minerale-naturelle-gazeuse-ogeu-3119070912155,https://www.carrefour.fr/media/1500x1500/Photosite/PGC/BOISSONS/3119070912155_PHOTOSITE_20200911_045022_0.jpg?placeholder=1,2.7,3119070912155,Ogeu,Carbonated Bottled Water,"Carbonization: carbonated, sparkling; Volume: 1000; Naturally derived: natural minerals, natural; Water Type: mineral; Juice Content: 0-2%; Pack Material Type: Flexible Pack; Health Claims: good source of minerals, hydrating",
349325893,Carrefour,France,pure juice apple natural heart of POM',"before opening : to consume preferably before the date indicated on the bottle. 
after opening, to consume in 5 days. 
serve as fresh true consumer service : sas the gardens of l'orbrie 7 street l'ali","["""" alcohol-free drinks"""","""" juice fruits and vegetables"""","""" apple juice and grapes""""]",https://www.carrefour.fr/p/pur-jus-pomme-naturel-coeur-de-pom-3760195902318,https://www.carrefour.fr/media/1500x1500/Photosite/PGC/BOISSONS/3760195902318_PHOTOSITE_20200924_053459_0.jpg?placeholder=1,2.83,3760195902318,Coeur De Pom,Not from Concentrate 100% Juice,Volume: 750; Carbonization: still; Made From: apple; Juice Content: 100%; Flavour: apple; Naturally derived: natural; Pack Type: Bottle; Health Claims: no added sugar; Pack Material Type: Glass,
373448609,Cdiscount,France,organic marcel - Nectar d' organic apricot 25cl,"general information about the product 
product name organic marcel - Nectar d' organic apricot 25cl 
category drink fruit - vegetable 
general 
bottle packaging 
mark NONE 
type of product Nectar orga","["""" home"""","""" daily"""","""" organic drink (1416)""""]",https://www.cdiscount.com/au-quotidien/alimentaire/nectar-d-abricot-bio-25cl/f-127011002-auc3700749300023.html,https://www.cdiscount.com/pdt2/0/2/3/1/300x300/auc3700749300023/rw/nectar-d-abricot-bio-25cl.jpg,2.49,3700749300023,Marcel,Nectars,"Juice Features: pasteurized; Juice Content: 100%; Flavour: apricot; Sweetener: sugar; Volume: 250; Pack Material Type: Glass; Made From: grape, pear, apricot, apple; Geographic Origin: france; Pack Type: Bottle; Sustainable Sourcing: organic; Carbonization: still",
373471311,Cdiscount,France,organic marcel - pure apple juice pear peach organic 75cl,"general information about the product 
product name organic marcel - pure apple juice pear peach organic 75cl 
category drink fruit - vegetable 
general 
bottle packaging 
mark organic marcel 
type of","["""" home"""","""" daily"""","""" food - cdiscount at table"""","""" organic shop"""","""" organic drink - sales since the june 30th (1294)""""]",https://www.cdiscount.com/au-quotidien/alimentaire/pur-jus-de-pomme-peche-poire-bio-75cl/f-127011002-auc3700749302300.html,https://www.cdiscount.com/pdt2/3/0/0/1/300x300/auc3700749302300/rw/pur-jus-de-pomme-peche-poire-bio-75cl.jpg,4.05,3700749302300,Marcel,Not from Concentrate 100% Juice,"Volume: 750; Flavour: peach, apple, pear; Pack Material Type: Glass; Sustainable Sourcing: organic; Pack Type: Bottle; Geographic Origin: france; Carbonization: still; Made From: grape, peach, apple, pear, apricot; Juice Content: 100%",
373583216,Cdiscount,France,organic marcel - pure juice organic tomatoes 75cl,"general information about the product 
product name organic marcel - pure juice organic tomatoes 75cl 
category drink fruit - vegetable 
general 
mark organic marcel 
type of product pure juice organi","["""" home"""","""" daily"""","""" organic drink (182)""""]",https://www.cdiscount.com/au-quotidien/alimentaire/pur-jus-de-tomates-bio-75cl/f-127011002-auc3700749300917.html,https://www.cdiscount.com/pdt2/9/1/7/1/300x300/auc3700749300917/rw/pur-jus-de-tomates-bio-75cl.jpg,4.05,3700749300917,Marcel,Not from Concentrate 100% Juice,"Juice Content: 100%; Naturally derived: natural; Volume: 750; Carbonization: still; Made From: tomato; Pack Type: Bottle; Flavour: tomato; Geographic Origin: france; Sustainable Sourcing: organic; Pack Material Type: Glass; Environmentally Friendly: environmentally friendly, no pesticides",
373719161,Cdiscount,France,organic marcel - Nectar d' organic apricot 75cl,"general information about the product 
product name organic marcel - Nectar d' organic apricot 75cl 
category drink fruit - vegetable 
general 
mark organic marcel 
type of product Nectar organic apri","["""" home"""","""" daily"""","""" organic drink (246)""""]",https://www.cdiscount.com/au-quotidien/alimentaire/nectar-d-abricot-bio-75cl/f-127011002-auc3700749300115.html,https://www.cdiscount.com/pdt2/1/1/5/1/300x300/auc3700749300115/rw/nectar-d-abricot-bio-75cl.jpg,4.05,3700749300115,Marcel,Nectars,"Pack Type: Bottle; Pack Material Type: Glass; Juice Content: 100%; Geographic Origin: france; Volume: 750; Sustainable Sourcing: organic; Flavour: apricot; Made From: grape, apple, pear, apricot; Juice Features: pasteurized; Carbonization: still; Sweetener: sugar",
383335008,Courses U,France,"natural mineral water saint amand, pack of 6x1.5l","## more details 
* ### usage tips 
the freeze can precipitate the minerals of saint amand in white crystals, without result for health. Store in a clean place, dry, temperate and odorless. after openi","["""" alcohol-free drinks"""","""" waters""""]",https://www.coursesu.com/p/eau-minerale-naturelle-saint-amand-pack-de-6x15l/5129261.html,https://www.coursesu.com/dw/image/v2/BBQX_PRD/on/demandware.static/-/Sites-digitalu-master-catalog/default/dwc32d1ac3/3162850012019_A1N1_5129261_S13.png?sw=250&sh=250&sm=fit,2.25,3162850012019,Saint-Amand,Still Bottled Water,Pack Material Type: Paper / Carton; Volume: 1500; Water Type: mineral; Juice Content: 0-2%; Naturally derived: natural,
397234750,REMA 1000,Denmark,"orange JUICE 1 ltr. / rema 1000, ECOLOGICAL","orange JUICE rema 1000, ECOLOGICAL Discount with attitude 
in rema 1000 have we focus on quality at low prices and the headline on our work is Discount with attitude. 
we have a clear attitude to all ","["""" dairy"""","""" Juice, cocoa, drinking yogurt m.v.""""]",https://shop.rema1000.dk/varer/23932,https://cphapp.rema1000.dk/api/v1/catalog/store/1/item/23932/image/1618232678/600.jpg,33.95,5705830607010,Rema 1000,Not from Concentrate 100% Juice,Pack Type: Bottle; Made From: orange; Juice Content: 100%; Pack Material Type: Plastic; Sustainable Sourcing: organic; Flavour: orange; Environmentally Friendly: environmentally friendly; Volume: 1000; Carbonization: still; Sweetener: sugar; Juice Features: pulp free,
408247093,Sportnahrung,Germany,multipower L- Carnitine Water,"* 1000mg L- Carnitine 
* only 11 kcal 
* no sugar 
* zinc, Magnesium and selenium 
* vitamin b6 and b12 
enough liquid is important for her body. during training bow them so Leistungseinbruchen in fro","["""" muscle building"""","""" muscle building""""]",https://www.sportnahrung.de/collections/muskelaufbau/products/multipower-l-carnitine-water,https://cdn.shopify.com/s/files/1/0520/7765/8305/products/unbenannt-1_150_0a3c75cc-21f2-4202-a17d-3a5f7b50d937.png?v=1612970314,1.69,4006643166734,Multipower,Functional Bottled Water,"Juice Content: 2-5%; Energy Source: b-vitamins; Sweetener: cyclamate, sucralose, acesulfame potassium; Carbonization: still; Contains Minerals: magnesium; Health Claims: no sugar, good source of vitamins; Pack Type: Bottle; Naturally derived: natural fragrances; Immune Support Ingredients: zinc; Pack Material Type: Plastic; Caffeine: 50-100 mg; Volume: 500",
421406791,S-kaupat,Finland,shelf space 23 - life sonatural avocado 250 ml,"fresh mediterranean solar below matured fruit and vegetables cold pressed raakamehut.
100% fruit and from the plant. no added anything. no at least water.
no pasteurized / heated, when fruit and of ve","["""" selection"""","""" beverages"""","""" juice""""]",https://www.foodie.fi/entry/1018/elo-sonatural-avokado-250ml/6430042708789,https://cdn.s-cloud.fi/v1/h480w320/product/ean/6430042708789_kuva1.jpg,3.49,6430042708789,So Natural,Not from Concentrate 100% Juice,"Volume: 250; Juice Features: cold press, pasteurized; Pack Material Type: Plastic; Juice Content: 100%; Carbonization: still; Pack Type: Bottle; Flavour: avocado; Water Type: mineral; Immune Support Ingredients: vitamin c; Made From: cucumber, apple, pear, avocado, spinach",
448380388,K Ruoka,Finland,Battery energy drink 0.275l,""""" The familiar Battery taste now available also in a smaller reclosable package!""""","["""" beverages"""","""" energy- and sports drinks"""","""" energy drinks""""]",https://www.k-ruoka.fi/kauppa/tuote/battery-energiajuoma-0275l-kmp-6415600558228,https://public.keskofiles.com/f/k-ruoka/product/6415600558228,1.99,6415600558228,Battery,Energy Drinks,Pack Material Type: Plastic; Juice Content: 0-2%; Carbonization: still; Health Claims: energy boosting,
458872379,Cdiscount,France,organic marcel - Cocktail yellow fruit organic 25cl - pack of 3,"general information about the product 
product name organic marcel - Cocktail yellow fruit organic 25cl - 
category drink fruit - vegetable 
general 
mark organic marcel 
characteristics 
organic cert","["""" home"""","""" daily"""","""" organic drink (182)""""]",https://www.cdiscount.com/au-quotidien/alimentaire/marcel-bio-cocktail-de-fruits-jaunes-bio-25cl/f-127011002-mar3700749304984.html,https://www.cdiscount.com/pdt2/9/8/4/1/300x300/mar3700749304984/rw/marcel-bio-cocktail-de-fruits-jaunes-bio-25cl.jpg,7.9,3700749304984,Marcel,Nectars,"Pack Material Type: Glass; Carbonization: still; Volume: 250; Juice Content: 100%; Pack Type: Bottle; Sustainable Sourcing: organic; Made From: grape, peach, apple, pear, apricot",
460220581,Cdiscount,France,organic marcel - pure juice organic tomato 25cl - pack of 3,"general information about the product 
product name organic marcel - pure juice organic tomato 25cl - pack of 
category drink fruit - vegetable 
general 
mark organic marcel 
characteristics 
organic ","["""" home"""","""" daily"""","""" organic drink (246)""""]",https://www.cdiscount.com/au-quotidien/alimentaire/marcel-bio-pur-jus-de-tomate-bio-25cl-pack-de/f-127011002-mar3700749304991.html,https://www.cdiscount.com/pdt2/9/9/1/2/300x300/mar3700749304991/rw/marcel-bio-pur-jus-de-tomate-bio-25cl-pack-de.jpg,7.3,3700749304991,Marcel,Not from Concentrate 100% Juice,Naturally derived: natural; Carbonization: still; Made From: tomato; Volume: 250; Pack Material Type: Glass; Sustainable Sourcing: organic; Flavour: tomato; Juice Content: 100%,
4786315,meijer,USA,"Navitas Organics Cacao Powder, 8 oz","Our best-selling product, Navitas Organics Cacao Powder is made from pressing Cacao Nibs into a paste and then drying that to a powder. Pressing the nibs into a paste further concentrates the minerals","["""" Health & Beauty"""","""" Vitamins & Supplements""""]",https://www.meijer.com/product/grocery/specialty-diet/organic/navitas-cacao-powder-8-oz/t1/t1-865/t2/t2-9970/t3/t3-1446/85884700087.uts,https://static.meijer.com/Media/008/58847/0085884700087_1_A1C1_0600.png,9.99,858847000871,Navitas,Powder Concentrates,Weight: 227; Juice Content: 100%; Concentrate Format: powder; Sustainable Sourcing: organic; Immune Support Ingredients: antioxidants; Health Claims: antioxidant; Pack Material Type: Paper / Carton,
485370881,Vitalabo,Germany,L- Carnitine Water - Pineapple,"a real one nutrient bomb is in the L- Carnitine Water by multipower. zinc, selenium, Magnesium & vitamins, underneath vitamin b6 and b12. the drink comes without any sugar out and convinced based his ","["""" multipower"""",""""L- Carnitine Water""""]",https://www.vitalabo.de/multipower/l-carnitine-water?sai=25772,https://c-va.niceshops.com/upload/image/product/medium/default/multipower-l-carnitine-water-pineapple-975357-de.jpg,2.99,4006643166635,Multipower,Functional Bottled Water,"Volume: 500; Pack Type: Bottle; Carbonization: still; Immune Support Ingredients: zinc; Naturally derived: natural flavours; Sweetener: cyclamate, sucralose, acesulfame potassium; Pack Material Type: Plastic; Contains Minerals: magnesium, selenium; Energy Source: b-vitamins; Health Claims: no sugar; Flavour: pineapple",
489403563,Intermarche,France,natural mineral water sparkling ogeu the original 6x125 CL,"Information conservation : Store in a clean place, dry and cool, protected from frost, from the sun and odors. after opening, keep cool and to consume within 3 days.,natural mineral water of the pyren","["""" the magic of christmas"""","""" the cave of christmas """","""" drinks festive alcohol-free""""]",https://www.intermarche.com/produit/eau-minerale-naturelle-gazeuse-ogeu-loriginale-6x125-cl/3119070910472,https://driveimg1.intermarche.com/fr/Content/images/boitmal/produit/zoom/3050CF5D14308DA24642BC19F44FC0E6.jpg,2.99,3119070910472,Ogeu,Functional Bottled Water,"Water Type: mineral; Juice Content: 0-2%; Volume: 1250; Pack Type: Pouch; Carbonization: carbonated, sparkling; Pack Material Type: Flexible Pack; Naturally derived: natural",
49423877,Rewe,Germany,true fruits Smoothie green no. 1 250ml,,"["""" beverages & luxury foods""""]",https://shop.rewe.de/p/true-fruits-smoothie-green-no-1-250ml/2251958,https://img.rewe-static.de/2251958/23048432_digital-image.png,2.79,4260122390892,True Fruits,Not from Concentrate 100% Juice,"Carbonization: still; Made From: ginger, banana, apple, pear, spinach; Immune Support Ingredients: ginger; Juice Content: 100%; Volume: 250; Pack Material Type: Metal; Juice Features: smoothie",
495736186,Aldi,United Kingdom,The Juice Company Smooth Orange Juice From Concentrate 1l,"## Specifications 
Ingredients Orange Juice From Concentrate (100%). 
Lifestyle Vegetarian 
Net weight 1L 
Storage instructions Keep refrigerated below 5°C. Once opened, keep refrigerated and consume ","["""" Home"""","""" Drinks"""","""" Soft Drinks & Juices"""","""" Juices""""]",https://groceries.aldi.co.uk/en-GB/p-the-juice-company-smooth-orange-juice-from-concentrate-1l/4088600270227,https://aldprdproductimages.azureedge.net/media/resized\$Aldi_GB\06.09.22\4088600270227_0_M.jpg,1.45,4088600270227,The Juice Company,Not from Concentrate 100% Juice,"Flavour: orange; Volume: 1000; Made From: orange; Pack Material Type: Paper / Carton; Juice Content: 100%; Pack Type: Liquid Carton; Carbonization: still; Juice Features: smoothie, from concentrate; Sweetener: sugar",
50518353,Monoprix,France,100% pure juice fruit hurry pink grapefruit,"grapefruit juice rose with pulp, flash pasteurized and refrigerated manufacturing country : united states of america name of operator : monoprix operating address the operator: monoprix exploitation -","["""" Fruit, vegetable"""","""" fresh juice, Smoothie""""]",https://www.monoprix.fr/courses/100-pur-jus-fruit-presse-pamplemousse-rose-monoprix-152418-p,"https://cdn.monoprix.fr/cdn-cgi/image/width=1000,quality=80,format=auto,metadata=none/assets/images/grocery/152418/580x580.jpg",3.19,3248652710213,Monoprix,Not from Concentrate 100% Juice,"Pack Type: Liquid Carton; Carbonization: still; Flavour: grapefruit; Volume: 1000; Made From: grapefruit; Juice Features: smoothie, pasteurized, with pulp; Juice Content: 100%",
515358217,Aldi,United Kingdom,The Juice Company Smooth Orange Juice 6x200ml,"## Specifications 
Ingredients Orange Juice From Concentrate (100%). 
Lifestyle Vegan, Vegetarian 
Net weight 6x200ml 
Directions for use Best served chilled. Shake well before use. 
Storage instructi","["""" Home"""","""" Drinks"""","""" Soft Drinks & Juices"""","""" Children's Drinks & Juices""""]",https://groceries.aldi.co.uk/en-GB/p-the-juice-company-smooth-orange-juice-6x200ml/4088600124070,https://aldprdproductimages.azureedge.net/media/$Aldi_GB/04.10.22/4088600124070_0.jpg,1.69,4088600124070,The Juice Company,Not from Concentrate 100% Juice,"Volume: 200; Sweetener: sugar; Made From: orange; Juice Content: 100%; Juice Features: smoothie, from concentrate; Immune Support Ingredients: vitamin c; Caffeine: 15-25 mg; Flavour: orange; Pack Material Type: Flexible Pack; Carbonization: still",
524461375,Food Market Herkku,Finland,light feeling lemon juicy mineral water 0.95 l kmp,"product compound lemon juice naturalness and health beaded mineral water, but contain energy only 21 kcal − less than many fresh juices. light feeling lemon juice content on 3 %.","["""" beverages"""","""" waters"""","""" juice mineral waters and taste water""""]",https://www.s-kaupat.fi/tuote/6419800051190,https://cdn.s-cloud.fi/v1/w828_q75/product/ean/6419800051190_kuva1.jpg,2.29,6419800051190,KevytOlo,Sparkling Flavoured Bottled Water,"Pack Material Type: Plastic; Pack Type: Bottle; Flavour: lemon; Carbonization: carbonated; Health Claims: good source of minerals; Naturally derived: natural flavours, natural",
524738170,Food Market Herkku,Finland,olvi light feeling lemon juicy mineral water 1.5 l kmp,"product compound lemon juice naturalness and health beaded mineral water, but contain energy only 20 kcal − less than many fresh juices. light feeling lemon juice content on 3 %.","["""" beverages"""","""" waters"""","""" juice mineral waters and taste water""""]",https://www.s-kaupat.fi/tuote/6419800052883,https://cdn.s-cloud.fi/v1/w828_q75/product/ean/6419800052883_kuva1.jpg,1.39,6419800052883,KevytOlo,Sparkling Flavoured Bottled Water,"Volume: 1500; Carbonization: carbonated; Flavour: lemon; Pack Material Type: Plastic; Naturally derived: natural flavours, natural; Pack Type: Bottle; Caffeine: 25-50 mg; Health Claims: good source of minerals",
53772127,El Corte Inglés,Spain,SONATURAL fresh juice of avocado 750 ml bottle,"### general information 
* name of the food: juice of avocado 
* name of the operator: comfresh Iberia SL 
* operator address: Mercamadrid, y / n. 28053 Madrid, Madrid. 
* net amount: 750 milliliters ","[""""supermarket"""",""""drinks"""",""""water soft drinks and juices"""",""""juices and nectars"""",""""chilled juices""""]",https://www.elcorteingles.es/supermercado/0110118180300321-sonatural-zumo-fresco-de-aguacate-botella-750-ml/,https://sgfm.elcorteingles.es/SGFM/dctm/MEDIA03/201709/01/00118180300321____3__600x600.jpg,4.99,5603493003364,So Natural,Not from Concentrate 100% Juice,"Flavour: avocado; Pack Material Type: Plastic; Volume: 750; Carbonization: still; Made From: cucumber, apple, pear, avocado, spinach; Pack Type: Bottle; Immune Support Ingredients: vitamin c",
55613066,mat.se,Sweden,orange juice,"lovely orange juice without pulp.
origin oranges: brazil.
refrigerated goods, stored at max + 8°C. opened packaging is stored in refrigerator + 8°C durable in about 7 days. storage: refrigerated goods","["""" dairy, juice & eggs"""","""" Juice, fruit drink & smoothie"""","""" Juice""""]",https://www.mat.se/butik/apelsinjuice-garant-1750ml,https://d1hr6nb56yyl1.cloudfront.net/product-images/93224-560.jpg,26.95,7340083456695,Garant,Juice Drinks (up to 24% Juice),"Pack Material Type: Paper / Carton; Flavour: orange; Pack Type: Liquid Carton; Geographic Origin: brazil; Volume: 1750; Carbonization: still; Juice Content: 100%; Made From: orange; Juice Features: pulp free, smoothie, from concentrate",
56070791,MatHem,Sweden,kiviks fruit drink nectarine apple,,"["""" dairy, cheese & juice"""","""" juice & fruit drinks""""]",https://www.mathem.se/se/products/5005-kiviks-fruktdryck-nektarin-apple/,https://bilder.kolonial.no/prod/local_products/07412de0-e530-4ba3-8cc5-f599580877d2.jpg?auto=format&fit=max&w=396&s=665889188d9bcdcd4731f4678c26f6c3,20.5,3600520752778,Kiviks Musteri,Juice Drinks (up to 24% Juice),"Flavour: apple; Sweetener: sugar; Volume: 1500; Juice Features: from concentrate; Made From: nectarine, kiwi, apple; Caffeine: 15-25 mg; Pack Type: Liquid Carton; Carbonization: still",
641603268,S-kaupat,Finland,La mortuacienne joy grapefruit soft drink 1l,french grapefruit flavored artisan soft drink.,"["""" beverages"""","""" soft drinks"""","""" citrus drinks""""]",https://www.s-kaupat.fi/tuote/rieme-greippi-virvoitusjuoma-1l/3292482220046,https://cdn.s-cloud.fi/v1/w640_q75/product/ean/3292482220046_kuva1.jpg,7.59,3292482220046,La Mortuacienne,Other Non-Cola Carbonates,"Pack Type: Bottle; Water Type: flavoured; Juice Content: 0-2%; Naturally derived: natural flavours; Sweetener: sugar; Carbonization: carbonated; Flavour: grapefruit; Immune Support Ingredients: vitamin c, antioxidants; Volume: 1000; Pack Material Type: Metal",
688740747,amazon,USA,"Energy Drink Zero Sugar, Organic Pineapple Blueberry, 12 fl oz","Brand Machu Picchu 
Item Form Liquid 
Flavor Pineapple Blueberry 
Volume 12 Fluid Ounces 
Unit Count 12 Fl Oz 
* * *
# About this item 
* Fresh, fruity and full-flavored, with every sip you will enjoy","["""" Any Department"""","""" Grocery & Gourmet Food"""","""" Beverages"""","""" Bottled Beverages, Water & Drink Mixes"""","""" Energy Drinks""""]",https://www.amazon.com/dp/B0B35L8ZHS,https://m.media-amazon.com/images/I/71OIf+aGrQL._AC_UL320_.jpg,3.19,850033206180,Machu Picchu,Energy Drinks,"Volume: 355; Flavour: pineapple, blueberry; Naturally derived: natural; Pack Material Type: Metal; Sustainable Sourcing: organic; Juice Content: 0-2%; Botanicals And Functional Ingredients: maca; Health Claims: energy boosting, no sugar; Caffeine: 25-50 mg; Carbonization: still",
703171863,Apotek Hjartat,Sweden,pureness organic kombucha peach 370 ml,pureness organic kombucha peach is one tasty and refreshing drink brewed on fermented green tea. the drink is rich in lactic acid bacteria and has one good taste of cola. contains only four raw materi,"[""""health & lifestyle"""","""" food"""","""" beverages & shakes"""","""" kombucha""""]",https://www.apotekhjartat.se/produkt/pureness-ekologisk-kombucha-persika-370-ml,https://www.apotekhjartat.se/globalassets/inriver/resources/1053362_1.jpg,35,7350116311174,Pureness,Carbonated RTD Tea and Kombucha,"Flavour: peach; Volume: 370; Sustainable Sourcing: organic; Juice Content: 0-2%; Health Claims: low sugar, probiotic; Water Type: filtered; Carbonization: carbonated; Sweetener: cane sugar; Naturally derived: natural fragrances; Tea Type: green; Pack Material Type: Plastic",
74341317,peapod,USA,Harvest Bay Coconut Water All Natural,"Harvest Bay Coconut Water. Made from young, green coconuts. Not from concentrate. No pulp. No added sugar. 1 liter (1 qt 1.8 fl oz) 33.8 fl oz. Contains: 100% Juice. Nature's hydration. Plant based el","["""" Beverages"""","""" Coconut Water""""]",https://www.peapod.com/,https://i5.peapod.com/c/38/38YDW.jpg,4.69,75239001104,Harvest,Coconut and Other Plant Waters,"Naturally derived: natural; Pack Material Type: Paper / Carton; Sports Ingredients: electrolytes; Water Type: coconut; Made From: coconut; Pack Type: Liquid Carton; Diets: plant-based; Juice Features: pulp free, not from concentrate; Volume: 1000; Juice Content: 100%; Flavour: coconut; Health Claims: no added sugar, hydrating; No Artificial Ingredients: no gmo; Carbonization: still",
756810987,Dirk,Netherlands,fernandes Cream ginger,"soda with ginger taste, sugar and sweeteners 
serve cool","["""" drinks, juice, coffee tea"""","""" soft drinks""""]",https://www.dirk.nl/boodschappen/dranken-sap-koffie-thee/frisdranken/fernandes%20cream%20ginger/84557,https://d3r3h30p75xj6a.cloudfront.net/artikelen/153106_1_446131_638300424532717955.png,0.95,8710642037167,Fernandes,Other Non-Cola Carbonates,"Sweetener: sucralose, sugar, acesulfame potassium; Volume: 250; Immune Support Ingredients: vitamin c, ginger, antioxidants; Caffeine: 15-25 mg; Carbonization: sparkling; Pack Material Type: Metal; Pack Type: Can; Juice Content: 0-2%; Flavour: ginger",
782605478,Esselunga a Casa,Italy,"omg, Bubble Tea Passion Fruit + Popping Apple Flavour Bubbles 270 ml","sales denomination analcoholic drink with extract of green tea flavored al passion fruit (220 ml), pearls al apple juice green (50 g), quantity 270 ml, origin produced in eu","["""" water, beer and soft drinks"""","""" soft drinks and drinks""""]",https://www.esselungaacasa.it/ecommerce/nav/auth/supermercato/home.html#!/negozio/prodotto/5871898?productCode=515640&productType=GROCERY&menuItemId=300000000002068,https://images.services.esselunga.it/html/img_prodotti/esselunga/big/515640.jpg,2.99,4779033974218,OMG!,Still RTD Tea,"Contains Minerals: calcium; Sweetener: fructose, sugar; Volume: 270; Caffeine: 15-25 mg; Pack Material Type: Metal; Juice Content: 0-2%; Pack Type: Can; Tea Type: green; Flavour: tea, passionfruit, apple; Carbonization: still",
896030834,Meny,Norway,farris frus peach 0.5l bottle,"farris frus peach is a bubbly mixture of the natural the mineral water from farris the sources and soda, with taste of peach. farris frus is a series carbonated water with even more taste than farris ","["""" drink"""","""" water"""","""" water with gas""""]",https://meny.no/varer/drikke/vann/vann-med-kullsyre/farris-frus-7044610877020,https://bilder.ngdata.no/7044610877020/meny/large.jpg,24.9,7044610877020,Farris,Sparkling Flavoured Bottled Water,"Flavour: peach; Pack Type: Bottle; Volume: 500; Pack Material Type: Glass; Health Claims: no sugar, no calories; Juice Content: 0-2%; Naturally derived: natural fragrances, natural; Water Type: soda; Carbonization: carbonated, sparkling; Sweetener: aspartame, acesulfame potassium",
919472103,Spar,Austria,omg Bubble Tea passion fruit,"soft drink with passion fruit flavor, Tee- extract and fruit pearls with apple flavor 
pledge: 
* ONE WAY without deposit 
warehouse notice: 
* after opening within 24 hours consume. 
[ingredients_sta","["""" beverages"""","""" soft drinks & juices"""","""" icetea & tea-based drinks""""]",https://www.interspar.at/shop/lebensmittel/omg-bubble-tea-passionsfrucht/p/2020005054080,https://cdn1.interspar.at/cachableservlets/articleImage.dam/at/2020005054080/dt_sub.jpg,3.69,2020005054080,OMG!,Still RTD Tea,"Volume: 1000; Tea Type: green, black; Juice Content: 0-2%; Flavour: tea, passionfruit; Caffeine: 25-50 mg; Contains Minerals: calcium; Sweetener: fructose, sugar; Carbonization: still; Pack Type: Can",
canonical:2020005054080,,,,,,,,,2020005054080,,,,omg fruit tea still passion passionfruit sugar tea volume_ml_1000 package_type_can flavor_fruit flavor_passion flavor_passionfruit flavor_tea carbonation_still sweetener_type_fructose sweetener_type_sugar
canonical:3292482220046,,,,,,,,,3292482220046,,,,la mortuacienne grapefruit soda carbonated sugar joy soft soda volume_ml_1000 package_type_bottle flavor_grapefruit carbonation_carbonated sweetener_diet_sugar sweetener_type_sugar package_material_metal
canonical:3292482520016,,,,,,,,,3292482520016,,,,la mortuacienne lemon soda carbonated sugar joy soft soda volume_ml_330 package_type_bottle flavor_lemon carbonation_carbonated sweetener_diet_sugar sweetener_type_sugar
canonical:3600520752778,,,,,,,,,3600520752778,,,,kiviks musteri apple still sugar fruit nectarine volume_ml_1500 package_type_carton flavor_apple flavor_fruit flavor_nectarine carbonation_still sweetener_diet_sugar sweetener_type_sugar
canonical:3700749300023,,,,,,,,,3700749300023,,,,marcel apple nectar still sugar apricot grape pear nectar volume_ml_250 package_type_bottle flavor_apple flavor_apricot flavor_grape flavor_pear carbonation_still sweetener_diet_sugar sweetener_type_sugar package_material_glass
canonical:3700749300115,,,,,,,,,3700749300115,,,,marcel apricot nectar still sugar apple grape pear nectar volume_ml_750 package_type_bottle flavor_apple flavor_apricot flavor_grape flavor_pear carbonation_still sweetener_diet_sugar sweetener_type_sugar package_material_glass
canonical:4779033974218,,,,,,,,,4779033974218,,,,omg apple tea still fruit passion passionfruit sugar tea volume_ml_270 package_type_can flavor_apple flavor_fruit flavor_passion flavor_passionfruit flavor_tea carbonation_still sweetener_type_fructose sweetener_type_sugar package_material_metal
canonical:7314720732046,,,,,,,,,7314720732046,,,,kiviks musteri apple still sugar fruit drakfr volume_ml_1000 package_type_carton flavor_apple flavor_fruit carbonation_still sweetener_diet_sugar sweetener_type_sugar
canonical:3248652710213,,,,,,,,,3248652710213,,,,monoprix fruit still pulp grapefruit hurry pink volume_ml_1000 package_type_carton flavor_fruit flavor_grapefruit carbonation_still pulp_with_pulp
canonical:3250392595319,,,,,,,,,3250392595319,,,,paquito lemon lemonade still pulp lime sugar lemonade volume_ml_1000 package_type_bottle flavor_lemon flavor_lime carbonation_still pulp_with_pulp sweetener_type_cane_sugar package_material_plastic
canonical:3450970138567,,,,,,,,,3450970138567,,,,eco orange soda carbonated sugar pulp 1.5 soda volume_ml_1500 package_type_bottle flavor_orange carbonation_carbonated sweetener_diet_sugar pulp_with_pulp sweetener_type_sugar package_material_plastic
canonical:5430004017226,,,,,,,,,5430004017226,,,,vit hit berry soda still elderberry vithit vitaminedrink soft boost low sugar soda volume_ml_500 pack_qty_12 package_type_bottle flavor_berry flavor_elderberry carbonation_still sweetener_type_sucralose sweetener_type_sugar sweetening_low_sugar
augmentation:13294,,,,,,,,,3248652710213,,,,monoprix fruit still pulp grapefruit hurry pink volume_ml_1000 package_type_carton flavor_fruit flavor_grapefruit carbonation_still pulp_no_pulp
augmentation:13295,,,,,,,,,3250392595319,,,,paquito lemon lemonade still pulp lime sugar lemonade volume_ml_1000 package_type_bottle flavor_lemon flavor_lime carbonation_still pulp_no_pulp sweetener_type_cane_sugar package_material_plastic
augmentation:13296,,,,,,,,,3450970138567,,,,eco orange soda carbonated sugar pulp 1.5 soda volume_ml_1500 package_type_bottle flavor_orange carbonation_carbonated sweetener_diet_sugar pulp_no_pulp sweetener_type_sugar package_material_plastic
augmentation:13297,,,,,,,,,5430004017226,,,,vit hit berry soda still elderberry vithit vitaminedrink soft boost sweetened soda volume_ml_500 pack_qty_12 package_type_bottle flavor_berry flavor_elderberry carbonation_still sweetener_type_sucralose sweetener_type_sugar sweetening_sweetened
augmentation:13298,,,,,,,,,3250392595319,,,,[MASK] lemon lemonade still pulp lime sugar lemonade volume_ml_1000 package_type_bottle flavor_lemon flavor_lime carbonation_still pulp_no_pulp sweetener_type_cane_sugar package_material_plastic
augmentation:13313,,,,,,,,,3292482220046,,,,[MASK] [MASK] la mortuacienne joy grapefruit soft [MASK] 1l [MASK] pct0to2 sweetener sugar carbonated grapefruit vitamin antioxidants volume_ml_1000 package_type_bottle flavor_grapefruit carbonation_carbonated sweetener_diet_sugar sweetener_type_sugar package_material_metal juice_content_0-2%
