sku_id,target_gtin,score,source_brand,target_brand,brand_class,matched_rule,ratio,token_set_ratio,partial_ratio,levenshtein,tfidf_cosine_char,tfidf_cosine_word,token_jaccard,shared_tokens,pair_rows,source_brand_corpus_rows,target_brand_corpus_rows
153415775,7611612221887,0.7499290108680725,Powerking,Powerking,identical_normalized,compact keys equal,100.0,100.0,100.0,0,0.9999999999999999,1.0,1.0,powerking,1,134,47
510711467,3700749304540,0.7498963475227356,Marcel,Marcel,identical_normalized,compact keys equal,100.0,100.0,100.0,0,1.0000000000000002,1.0,1.0,marcel,4,129,33
80905704,7611612515344,0.7494990825653076,Piacelli,Premier,distinct_brand_true_hard_negative,low token-set similarity,40.0,40.0,50.0,7,0.012029684809820347,0.0,0.0,,1,15,121
2880687,3564700891827,0.7494626045227051,PureThé,Fresh Tea,distinct_brand_true_hard_negative,low token-set similarity,50.0,50.0,57.14285714285714,6,0.015447742978973278,0.0,0.0,,1,23,12
279017608,3301591000774,0.7494133114814758,Ekolo,Côteaux Nantais,distinct_brand_true_hard_negative,low token-set similarity,9.999999999999998,10.0,28.57142857142857,14,0.0,0.0,0.0,,1,140,34
934800838,3375830000016,0.7492737770080566,Mont,Mont,identical_normalized,compact keys equal,100.0,100.0,100.0,0,1.0000000000000004,1.0,1.0,mont,1,50,8
907813293,8690793010052,0.7491855621337891,Erikli,Erikli,identical_normalized,compact keys equal,100.0,100.0,100.0,0,1.0,1.0,1.0,erikli,5,169,18
49087055,4101130003544,0.7491661310195923,Quellbrunn,Rheinfels Quelle,distinct_brand_true_hard_negative,low token-set similarity,38.46153846153846,53.84615384615385,62.5,13,0.24691822667486504,0.0,0.0,,1,25,21
74429047,5011026701203,0.7484854459762573,Mi Wadi,Mi Wadi,identical_normalized,compact keys equal,100.0,100.0,100.0,0,0.9999999999999997,1.0,1.0,mi wadi,1,35,20
1041744561,850025251198,0.7484387159347534,Cure Hydration,Cure Hydration,identical_normalized,compact keys equal,100.0,100.0,100.0,0,1.0,1.0,1.0,cure hydration,1,93,30
69888784,647854920407,0.7476968169212341,Dr. Smoothie,Dr. Smoothie,identical_normalized,compact keys equal,100.0,100.0,100.0,0,1.0,1.0000000000000002,1.0,dr smoothie,1,47,18
979292842,4250350519240,0.7473537921905518,Body Attack,Body Attack,identical_normalized,compact keys equal,100.0,100.0,100.0,0,1.0000000000000002,1.0000000000000002,1.0,attack body,1,52,16
87945875,890704002253,0.7471294403076172,RC Cola,Live,distinct_brand_true_hard_negative,low token-set similarity,18.181818181818176,18.181818181818187,33.333333333333336,7,0.0,0.0,0.0,,1,73,21
1029228545,614362707226,0.7469336986541748,Barsmith,Barsmith,identical_normalized,compact keys equal,100.0,100.0,100.0,0,0.9999999999999996,1.0,1.0,barsmith,1,57,13
769807373,5449000290823,0.7469302415847778,DubbelFrisss,Damla,distinct_brand_true_hard_negative,low token-set similarity,23.529411764705888,23.529411764705884,33.333333333333336,10,0.015786672190962314,0.0,0.0,,1,168,9
93551199,3124480189073,0.7468758821487427,May Tea,May Tea,identical_normalized,compact keys equal,100.0,100.0,100.0,0,1.0000000000000002,1.0,1.0,may tea,6,258,36
858728998,4260667060786,0.7467118501663208,The Gutsy Captain,4Bro,distinct_brand_true_hard_negative,low token-set similarity,0.0,0.0,0.0,17,0.0,0.0,0.0,,1,38,12
122543235,4311501346617,0.7466442584991455,Edeka,Edeka,identical_normalized,compact keys equal,100.0,100.0,100.0,0,0.9999999999999998,1.0,1.0,edeka,1,105,26
1034110917,5060338922066,0.7466426491737366,Tradition,Get More,distinct_brand_true_hard_negative,low token-set similarity,23.529411764705888,23.529411764705884,40.0,9,0.0,0.0,0.0,,1,106,25
948958419,708088781575,0.7466219663619995,Jocko,Jocko,identical_normalized,compact keys equal,100.0,100.0,100.0,0,1.0,1.0,1.0,jocko,1,57,15
231929899,5411188129257,0.7464406490325928,Alpro,Alpro,identical_normalized,compact keys equal,100.0,100.0,100.0,0,1.0,1.0,1.0,alpro,1,48,8
416255674,8009490001087,0.7460314035415649,Siracuse,Siracuse,identical_normalized,compact keys equal,100.0,100.0,100.0,0,0.9999999999999997,1.0,1.0,siracuse,1,60,9
998144757,850036444121,0.7458926439285278,Shine Water,Shine Water,identical_normalized,compact keys equal,100.0,100.0,100.0,0,1.0000000000000002,1.0,1.0,shine water,1,45,12
1003817397,5060524790004,0.745766282081604,Flawsome!,Flawsome!,identical_normalized,compact keys equal,100.0,100.0,100.0,0,1.0000000000000002,1.0,1.0,flawsome,1,17,6
702798748,810014530482,0.7455943822860718,Oca,A SHOC,distinct_brand_true_hard_negative,low token-set similarity,44.44444444444444,44.44444444444444,80.0,5,0.0742556338073022,0.0,0.0,,1,23,7
482436758,850003560526,0.745405375957489,Repp,3D,distinct_brand_true_hard_negative,low token-set similarity,0.0,0.0,0.0,4,0.0,0.0,0.0,,1,16,17
83266210,7316110000889,0.7453790903091431,Fun Light,Fun Light,identical_normalized,compact keys equal,100.0,100.0,100.0,0,0.9999999999999997,1.0000000000000002,1.0,fun light,2,103,29
143150379,8690793010106,0.7451719641685486,Erikli,Erikli,identical_normalized,compact keys equal,100.0,100.0,100.0,0,1.0,1.0,1.0,erikli,5,169,18
145338357,8691530927824,0.7448841333389282,Naren,Arifoglu,distinct_brand_true_hard_negative,low token-set similarity,30.76923076923077,30.769230769230774,57.14285714285714,7,0.012113579260967228,0.0,0.0,,1,57,4
841683344,3292481350010,0.7445634007453918,Farm Boy,Rieme,distinct_brand_true_hard_negative,low token-set similarity,30.76923076923077,30.769230769230774,44.44444444444444,7,0.0,0.0,0.0,,2,143,7
735740777,7340191129047,0.744392991065979,Mehustamo,Mehustamo,identical_normalized,compact keys equal,100.0,100.0,100.0,0,0.9999999999999998,1.0,1.0,mehustamo,2,58,29
992854293,815154024136,0.7441633939743042,Pure,True North,distinct_brand_true_hard_negative,low token-set similarity,28.57142857142857,28.57142857142857,50.0,8,0.013111392885488769,0.0,0.0,,2,18,6
902850750,810158583115,0.7437645196914673,George's,Agalima,distinct_brand_true_hard_negative,low token-set similarity,13.33333333333333,13.333333333333329,25.0,8,0.0,0.0,0.0,,1,20,6
810773414,707082120328,0.7437394261360168,Oregon Chai,Oregon Chai,identical_normalized,compact keys equal,100.0,100.0,100.0,0,1.0,1.0000000000000002,1.0,chai oregon,1,22,6
962295719,746155811152,0.7436990737915039,Bremner's,L&A,distinct_brand_true_hard_negative,low token-set similarity,16.666666666666664,16.66666666666667,40.0,8,0.0,0.0,0.0,,1,19,11
73027471,811538011242,0.742801308631897,José Cuervo,José Cuervo,identical_normalized,compact keys equal,100.0,100.0,100.0,0,1.0000000000000004,1.0,1.0,cuervo jose,2,65,11
914755342,8410408012901,0.7426686882972717,Zingo,Kas,distinct_brand_true_hard_negative,low token-set similarity,0.0,0.0,0.0,5,0.0,0.0,0.0,,1,81,17
856949182,811130033512,0.7426414489746094,Dunkin',Victor Allen's,distinct_brand_true_hard_negative,low token-set similarity,19.999999999999996,20.0,25.0,13,0.025242314272310943,0.0,0.0,,1,155,10
902979373,10850019179238,0.7424793839454651,Clearly Canadian,Recess,distinct_brand_true_hard_negative,low token-set similarity,18.181818181818176,18.181818181818187,44.44444444444444,14,0.0,0.0,0.0,,1,220,17
283686895,5151808487557,0.7424052357673645,Puhdistamo,Puhdistamo,identical_normalized,compact keys equal,100.0,100.0,100.0,0,1.0000000000000002,1.0,1.0,puhdistamo,1,123,28
249360137,4101130003544,0.742389440536499,Rheinfels Quelle,Rheinfels Quelle,identical_normalized,compact keys equal,100.0,100.0,100.0,0,0.9999999999999999,1.0,1.0,quelle rheinfels,1,51,21
141909509,4018715527008,0.7423567175865173,Sinalco,Sinalco,identical_normalized,compact keys equal,100.0,100.0,100.0,0,0.9999999999999999,1.0,1.0,sinalco,1,111,27
981855534,7350116311976,0.7423051595687866,Pureness,Pureness,identical_normalized,compact keys equal,100.0,100.0,100.0,0,0.9999999999999999,1.0,1.0,pureness,2,39,13
159449556,5060118260203,0.7416824102401733,Cocofina,Cocofina,identical_normalized,compact keys equal,100.0,100.0,100.0,0,0.9999999999999996,1.0,1.0,cocofina,1,74,1
438276139,721866639691,0.7416723370552063,Marcel,Daylesford,distinct_brand_true_hard_negative,low token-set similarity,25.0,25.0,40.0,8,0.0,0.0,0.0,,1,129,7
89697839,80015536,0.7415691018104553,Levissima,Levissima,identical_normalized,compact keys equal,100.0,100.0,100.0,0,1.0000000000000002,1.0,1.0,levissima,1,168,30
718842803,7350126085713,0.7413054704666138,Fun Light,Fun Light,identical_normalized,compact keys equal,100.0,100.0,100.0,0,0.9999999999999997,1.0000000000000002,1.0,fun light,2,103,29
93534941,609311269993,0.7410652041435242,Sir Up,Hip Syrups,distinct_brand_true_hard_negative,low token-set similarity,50.0,50.0,66.66666666666667,6,0.07677452500258702,0.0,0.0,,1,51,17
5270811,815298020049,0.7409887313842773,Live,Live,identical_normalized,compact keys equal,100.0,100.0,100.0,0,0.9999999999999999,1.0,1.0,live,1,53,21
851181878,677937753189,0.7406171560287476,Pibb,Pibb,identical_normalized,compact keys equal,100.0,100.0,100.0,0,0.9999999999999999,1.0,1.0,pibb,1,74,3
175080540,3760225494035,0.7403968572616577,Les Fees Bio,Cidou,distinct_brand_true_hard_negative,low token-set similarity,23.529411764705888,23.529411764705884,57.14285714285714,12,0.0,0.0,0.0,,1,39,17
348818468,8714862616010,0.7402985692024231,Ethiquable,Fruity King,distinct_brand_true_hard_negative,low token-set similarity,19.047619047619047,19.04761904761905,23.529411764705888,10,0.0,0.0,0.0,,2,124,35
580667538,129600516787,0.7402104139328003,Nature Blessed,L&A,distinct_brand_true_hard_negative,low token-set similarity,11.764705882352944,11.764705882352942,40.0,13,0.0,0.0,0.0,,1,15,11
114282359,706098268871,0.7401558756828308,Coco Rico,Coco Rico,identical_normalized,compact keys equal,100.0,100.0,100.0,0,1.0,1.0000000000000002,1.0,coco rico,1,17,1
809612299,6430065312451,0.7399494647979736,Exotic,Poikain Parhaat,distinct_brand_true_hard_negative,low token-set similarity,19.047619047619047,19.04761904761905,44.44444444444444,14,0.0,0.0,0.0,,1,87,17
210057699,786173938622,0.7399104237556458,Possmei,Possmei,identical_normalized,compact keys equal,100.0,100.0,100.0,0,0.9999999999999997,1.0,1.0,possmei,1,21,12
905364999,860004467946,0.7398614883422852,A SHOC,Rambler,distinct_brand_true_hard_negative,low token-set similarity,15.384615384615385,15.384615384615387,25.0,6,0.0,0.0,0.0,,1,72,15
95650189,3770000858198,0.7394682168960571,Bio Frutti,Bio Frutti,identical_normalized,compact keys equal,100.0,100.0,100.0,0,0.9999999999999999,1.0000000000000002,1.0,bio frutti,1,33,7
147920571,7313619001461,0.7393603920936584,Brämhults,Brämhults,identical_normalized,compact keys equal,100.0,100.0,100.0,0,1.0000000000000007,1.0,1.0,bramhults,1,251,68
4904204,5017160000028,0.7392092347145081,Hildon,Hildon,identical_normalized,compact keys equal,100.0,100.0,100.0,0,1.0,1.0,1.0,hildon,1,43,5
580678791,7340083444616,0.7389198541641235,Cal Valls,Garant,distinct_brand_true_hard_negative,low token-set similarity,26.66666666666667,26.66666666666667,33.333333333333336,7,0.0,0.0,0.0,,1,181,63
508529711,4041685003449,0.7388249635696411,Bio Gourmet,Vitalhaus,distinct_brand_true_hard_negative,low token-set similarity,19.999999999999996,20.0,25.0,10,0.0,0.0,0.0,,1,27,12
55602974,7350000550597,0.7381932735443115,Proviva,Proviva,identical_normalized,compact keys equal,100.0,100.0,100.0,0,1.0,1.0,1.0,proviva,1,222,41
520330212,3250390006824,0.738100528717041,Kullamust,Paquito,distinct_brand_true_hard_negative,low token-set similarity,37.5,37.5,50.0,7,0.0,0.0,0.0,,1,9,11
816988150,703694611858,0.7379220724105835,Kutztown,Kutztown,identical_normalized,compact keys equal,100.0,100.0,100.0,0,1.0000000000000002,1.0,1.0,kutztown,1,29,14
466189744,853156007092,0.737774133682251,True North,Yerbae,distinct_brand_true_hard_negative,low token-set similarity,25.0,25.0,40.0,9,0.008220821061866312,0.0,0.0,,1,50,21
281664820,8412755108504,0.7375226020812988,Zumosol,Libby's,distinct_brand_true_hard_negative,low token-set similarity,14.28571428571429,14.285714285714292,25.0,7,0.0,0.0,0.0,,1,161,5
690232366,688267001352,0.7375117540359497,RC Cola,Peapod,distinct_brand_true_hard_negative,low token-set similarity,15.384615384615385,15.384615384615387,28.57142857142857,6,0.0,0.0,0.0,,1,73,96
672078252,5603493001001,0.7374169826507568,Kiviks Musteri,So Natural,distinct_brand_true_hard_negative,low token-set similarity,33.333333333333336,16.66666666666667,42.10526315789473,12,0.0,0.0,0.0,,1,261,40
214981461,5060113200747,0.7371633052825928,Kizilay,Eager,distinct_brand_true_hard_negative,low token-set similarity,16.666666666666664,16.66666666666667,28.57142857142857,7,0.0,0.0,0.0,,1,117,5
131805237,6415130077169,0.7371225357055664,Mehukatti,Mehukatti,identical_normalized,compact keys equal,100.0,100.0,100.0,0,1.0000000000000007,1.0,1.0,mehukatti,1,109,42
352634480,810158581258,0.7362233400344849,Manzanita Sol,Cock N Bull,distinct_brand_true_hard_negative,low token-set similarity,25.0,16.66666666666667,31.57894736842105,11,0.01102395200249045,0.0,0.0,,1,52,48
909572750,8015962000533,0.7361383438110352,SEK,Fiuggi,distinct_brand_true_hard_negative,low token-set similarity,0.0,0.0,0.0,6,0.0,0.0,0.0,,1,30,8
749986134,8715600246315,0.736086368560791,Sisi,Sisi,identical_normalized,compact keys equal,100.0,100.0,100.0,0,1.0,1.0,1.0,sisi,2,101,21
20394241,3124480185112,0.7359768152236938,May Tea,May Tea,identical_normalized,compact keys equal,100.0,100.0,100.0,0,1.0000000000000002,1.0,1.0,may tea,6,258,36
165783191,7613312094464,0.7358275651931763,Olympos,Aroniasaft,distinct_brand_true_hard_negative,low token-set similarity,23.529411764705888,23.529411764705884,28.57142857142857,9,0.0,0.0,0.0,,1,114,4
613901951,100142347862,0.7357596158981323,Caffe D'Vita,Starbucks Frappuccino Vanilla,distinct_brand_true_hard_negative,low token-set similarity,29.268292682926834,29.268292682926827,41.666666666666664,23,0.009327650162268138,0.0,0.0,,1,14,10
764947215,6408430102419,0.7355902194976807,Valio,Valio,identical_normalized,compact keys equal,100.0,100.0,100.0,0,0.9999999999999999,1.0,1.0,valio,3,275,91
165916902,3124480189158,0.7355157732963562,May Tea,May Tea,identical_normalized,compact keys equal,100.0,100.0,100.0,0,1.0000000000000002,1.0,1.0,may tea,6,258,36
49437976,5449000299628,0.7354685068130493,Vio,Vio,identical_normalized,compact keys equal,100.0,100.0,100.0,0,1.0000000000000002,1.0,1.0,vio,1,114,27
858729213,7610900301638,0.7352261543273926,Emmi,Emmi,identical_normalized,compact keys equal,100.0,100.0,100.0,0,1.0,1.0,1.0,emmi,1,172,31
869480020,8683079425428,0.7349408864974976,Pin,Pin,identical_normalized,compact keys equal,100.0,100.0,100.0,0,0.9999999999999998,1.0,1.0,pin,1,48,4
96265195,54001565,0.7344942092895508,Royal Bliss,Royal Bliss,identical_normalized,compact keys equal,100.0,100.0,100.0,0,1.0000000000000004,1.0,1.0,bliss royal,1,94,13
336020772,7313619001584,0.7343010306358337,God Morgon,God Morgon,identical_normalized,compact keys equal,100.0,100.0,100.0,0,0.9999999999999999,1.0,1.0,god morgon,3,257,61
245797215,8690088018923,0.734136700630188,Aksu Vital,Aksu Vital,identical_normalized,compact keys equal,100.0,100.0,100.0,0,0.9999999999999999,1.0,1.0,aksu vital,3,171,4
517435480,3124480189073,0.7339863181114197,May Tea,May Tea,identical_normalized,compact keys equal,100.0,100.0,100.0,0,1.0000000000000002,1.0,1.0,may tea,6,258,36
19697655,5710176002740,0.7339389324188232,Relentless,Cult,distinct_brand_true_hard_negative,low token-set similarity,28.57142857142857,28.57142857142857,50.0,8,0.0,0.0,0.0,,1,118,22
203843461,7350089430704,0.7337026596069336,Clean Drink,Clean Drink,identical_normalized,compact keys equal,100.0,100.0,100.0,0,1.0000000000000002,1.0,1.0,clean drink,2,101,29
280043335,4088600404004,0.7336503863334656,Proviva,The Juice Company,distinct_brand_true_hard_negative,low token-set similarity,16.666666666666664,16.66666666666667,36.36363636363637,15,0.0,0.0,0.0,,1,222,22
67284602,671785100010,0.7334597706794739,Eska,Eska,identical_normalized,compact keys equal,100.0,100.0,100.0,0,1.0,1.0,1.0,eska,2,98,18
438179574,3700749300061,0.7333974242210388,Marcel,Marcel,identical_normalized,compact keys equal,100.0,100.0,100.0,0,1.0000000000000002,1.0,1.0,marcel,4,129,33
952300679,304628333190,0.7330121397972107,Dad's,Ibc,distinct_brand_true_hard_negative,low token-set similarity,0.0,0.0,0.0,5,0.0,0.0,0.0,,1,57,1
81938494,9001432018138,0.7319861650466919,Ikea,D'Arbo,distinct_brand_true_hard_negative,low token-set similarity,19.999999999999996,20.0,28.57142857142857,6,0.0,0.0,0.0,,1,6,12
948693130,4088600124070,0.7319657802581787,Slimpie,The Juice Company,distinct_brand_true_hard_negative,low token-set similarity,25.0,33.33333333333333,33.333333333333336,14,0.037027640492489564,0.0,0.0,,1,106,22
857477196,655466965693,0.7315959930419922,Venom,Full Throttle,distinct_brand_true_hard_negative,low token-set similarity,11.111111111111116,11.111111111111114,33.333333333333336,12,0.0,0.0,0.0,,1,58,10
1009974015,3350033594142,0.7315754890441895,Monoprix,Monoprix,identical_normalized,compact keys equal,100.0,100.0,100.0,0,0.9999999999999996,1.0,1.0,monoprix,1,144,15
58781960,73145714,0.7315105199813843,Ramlösa,Ramlösa,identical_normalized,compact keys equal,100.0,100.0,100.0,0,0.9999999999999997,1.0,1.0,ramlosa,1,338,69
75367564,7310070005953,0.7315002679824829,Kotimaista,Ramlösa,distinct_brand_true_hard_negative,low token-set similarity,35.29411764705882,35.294117647058826,50.0,7,0.008274097604451145,0.0,0.0,,1,96,69
51415244,7350089431183,0.7312920093536377,Nutramino,Clean Drink,distinct_brand_true_hard_negative,low token-set similarity,40.0,40.0,50.0,9,0.010426806683511492,0.0,0.0,,1,57,29
176142885,7311043000418,0.7309391498565674,Bravo,Garant,distinct_brand_true_hard_negative,low token-set similarity,36.36363636363637,36.36363636363637,44.44444444444444,4,0.02340640136316322,0.0,0.0,,1,137,63
56449421,8410409010142,0.7307217121124268,Alvalle,Alvalle,identical_normalized,compact keys equal,100.0,100.0,100.0,0,0.9999999999999998,1.0,1.0,alvalle,1,26,6
931564036,6411301625313,0.7305495738983154,Jacobs,Paulig,distinct_brand_true_hard_negative,low token-set similarity,16.666666666666664,16.66666666666667,25.0,5,0.0,0.0,0.0,,1,42,23
339349286,3301591000514,0.7304190397262573,Côteaux Nantais,Côteaux Nantais,identical_normalized,compact keys equal,100.0,100.0,100.0,0,1.0000000000000004,1.0,1.0,coteaux nantais,1,108,34
426237408,7350089430070,0.7304174900054932,Clean Drink,Clean Drink,identical_normalized,compact keys equal,100.0,100.0,100.0,0,1.0000000000000002,1.0,1.0,clean drink,2,101,29
886948923,810095630262,0.7301156520843506,OxyShred,OxyShred,identical_normalized,compact keys equal,100.0,100.0,100.0,0,0.9999999999999998,1.0,1.0,oxyshred,1,28,8
54272430,8715600245318,0.7299312353134155,Sisi,Sisi,identical_normalized,compact keys equal,100.0,100.0,100.0,0,1.0,1.0,1.0,sisi,2,101,21
170330818,5603493006549,0.7298429012298584,So Natural,So Natural,identical_normalized,compact keys equal,100.0,100.0,100.0,0,0.9999999999999998,1.0000000000000002,1.0,natural so,1,93,40
924976629,5060407070681,0.7297930717468262,Sunmagic,Mr. Fitzpatrick's,distinct_brand_true_hard_negative,low token-set similarity,33.333333333333336,25.0,37.5,13,0.009020611100236333,0.0,0.0,,1,26,2
763759694,6408430102419,0.7296310067176819,Valio,Valio,identical_normalized,compact keys equal,100.0,100.0,100.0,0,0.9999999999999999,1.0,1.0,valio,3,275,91
29380428,642709032519,0.7294467091560364,Super Drink,Super Drink,identical_normalized,compact keys equal,100.0,100.0,100.0,0,1.0000000000000002,1.0000000000000002,1.0,drink super,1,116,31
145595847,7044610874920,0.7289727330207825,Abant,Imsdal,distinct_brand_true_hard_negative,low token-set similarity,18.181818181818176,18.181818181818187,28.57142857142857,6,0.0,0.0,0.0,,1,32,13
527540455,4100060024346,0.7288393974304199,Caresse Antillaise,Wesergold,distinct_brand_true_hard_negative,low token-set similarity,29.629629629629626,22.22222222222223,37.5,14,0.032428461665464425,0.0,0.0,,1,62,6
988826374,195515047555,0.7287690043449402,O Organics,amazon,distinct_brand_true_hard_negative,low token-set similarity,25.0,25.0,36.36363636363637,9,0.0,0.0,0.0,,1,109,3
53911412,8410128000400,0.7284268140792847,Bezoya,Bezoya,identical_normalized,compact keys equal,100.0,100.0,100.0,0,1.0000000000000002,1.0,1.0,bezoya,1,76,11
73284494,8003170074064,0.7284252643585205,Kas,Conad,distinct_brand_true_hard_negative,low token-set similarity,25.0,25.0,40.0,4,0.0,0.0,0.0,,1,127,76
117500559,3760225491881,0.7283166646957397,Loviseberg Råsaft,Cidou,distinct_brand_true_hard_negative,low token-set similarity,9.090909090909093,9.090909090909093,28.57142857142857,16,0.0,0.0,0.0,,1,143,17
59119520,3335880007717,0.7283015251159668,BOB,Prosain,distinct_brand_true_hard_negative,low token-set similarity,19.999999999999996,20.0,33.333333333333336,6,0.0,0.0,0.0,,2,85,8
762727084,6408430102419,0.7273557186126709,Valio,Valio,identical_normalized,compact keys equal,100.0,100.0,100.0,0,0.9999999999999999,1.0,1.0,valio,3,275,91
427886801,842595136616,0.7271696329116821,Uptime,Bloom,distinct_brand_true_hard_negative,low token-set similarity,18.181818181818176,18.181818181818187,28.57142857142857,5,0.0,0.0,0.0,,1,88,8
976554241,8719075630310,0.7271531820297241,Levissima,Tasting Good,distinct_brand_true_hard_negative,low token-set similarity,19.047619047619047,19.04761904761905,28.57142857142857,11,0.0,0.0,0.0,,1,168,10
47024083,860002260921,0.7269123792648315,Dry,Aura Bora,distinct_brand_true_hard_negative,low token-set similarity,16.666666666666664,16.66666666666667,40.0,8,0.0,0.0,0.0,,1,96,10
279695870,7314720734132,0.726861298084259,Mahbuba,Kiviks Musteri,distinct_brand_true_hard_negative,low token-set similarity,19.047619047619047,19.04761904761905,28.57142857142857,13,0.008325294007051861,0.0,0.0,,1,133,59
786964402,6415130126492,0.7264856100082397,Marli,Marli,identical_normalized,compact keys equal,100.0,100.0,100.0,0,1.0,1.0,1.0,marli,1,294,110
568051769,2020001482702,0.7264772653579712,River,S-BUDGET,distinct_brand_true_hard_negative,low token-set similarity,15.384615384615385,15.384615384615387,28.57142857142857,7,0.0,0.0,0.0,,1,68,5
726263376,688267001581,0.7258926033973694,Big 8,Peapod,distinct_brand_true_hard_negative,low token-set similarity,0.0,0.0,0.0,6,0.0,0.0,0.0,,4,104,96
403717530,8902579100087,0.7255069613456726,Frooti,Frooti,identical_normalized,compact keys equal,100.0,100.0,100.0,0,0.9999999999999996,1.0,1.0,frooti,1,15,1
385740938,3014409008489,0.7247811555862427,Monoprix,Sirop Sport,distinct_brand_true_hard_negative,low token-set similarity,31.57894736842105,31.578947368421055,37.5,9,0.024374968932310215,0.0,0.0,,1,144,10
145329014,5060337507363,0.7247594594955444,Saol Vitamin Water,MIXXD,distinct_brand_true_hard_negative,low token-set similarity,17.391304347826086,17.391304347826093,40.0,16,0.015626759408145664,0.0,0.0,,1,121,4
252330993,8437019410742,0.7244827747344971,Bolt 24,Nutramino,distinct_brand_true_hard_negative,low token-set similarity,12.5,12.5,25.0,9,0.0,0.0,0.0,,1,90,10
869075423,8692971071107,0.7244768142700195,Link,Link,identical_normalized,compact keys equal,100.0,100.0,100.0,0,1.0000000000000002,1.0,1.0,link,1,30,3
841486606,8720157402909,0.7240137457847595,Van de Boom,Van de Boom,identical_normalized,compact keys equal,100.0,100.0,100.0,0,0.9999999999999999,1.0,1.0,boom de van,1,31,12
1024516132,5603493002893,0.7236093282699585,Gayelord Hauser,So Natural,distinct_brand_true_hard_negative,low token-set similarity,40.0,32.0,50.0,12,0.0,0.0,0.0,,1,48,40
159578391,5449000024541,0.7235895991325378,KA,Lilt,distinct_brand_true_hard_negative,low token-set similarity,0.0,0.0,0.0,4,0.0,0.0,0.0,,1,91,7
208084089,5060338920789,0.7234251499176025,Get More,Get More,identical_normalized,compact keys equal,100.0,100.0,100.0,0,0.9999999999999999,1.0,1.0,get more,1,94,25
159827667,3770014856425,0.7234011888504028,Sunita,Hysope,distinct_brand_true_hard_negative,low token-set similarity,16.666666666666664,16.66666666666667,28.57142857142857,6,0.0,0.0,0.0,,1,147,11
579794127,688474668904,0.7231117486953735,Salvavidas,Salvavidas,identical_normalized,compact keys equal,100.0,100.0,100.0,0,1.0000000000000004,1.0,1.0,salvavidas,1,10,3
963809178,855323002596,0.7230693101882935,Stewart's,River,brand_present_only_in_title,target brand inside source title,28.57142857142857,28.57142857142857,40.0,8,0.0,0.0,0.0,,1,153,2
380747911,3335880007816,0.7227866649627686,Sade Organik,Prosain,distinct_brand_true_hard_negative,low token-set similarity,31.57894736842105,31.578947368421055,46.15384615384615,9,0.02315037007663439,0.0,0.0,,1,73,8
841529554,352154328128,0.7226905226707458,Montellier,Stewart's,distinct_brand_true_hard_negative,low token-set similarity,31.57894736842105,31.578947368421055,37.5,9,0.012258007827222113,0.0,0.0,,2,83,21
116762461,4018745934524,0.7225972414016724,Vitalhaus,Aroniasaft,distinct_brand_true_hard_negative,low token-set similarity,31.57894736842105,31.578947368421055,40.0,9,0.0,0.0,0.0,,1,134,4
67442317,8410408050187,0.7225674390792847,President's Choice,Kas,distinct_brand_true_hard_negative,low token-set similarity,9.523809523809524,9.523809523809518,33.333333333333336,17,0.01171382644828802,0.0,0.0,,1,259,17
841576339,352154328128,0.7225016355514526,Montellier,Stewart's,distinct_brand_true_hard_negative,low token-set similarity,31.57894736842105,31.578947368421055,37.5,9,0.012258007827222113,0.0,0.0,,2,83,21
836685967,6415131402311,0.7222020030021667,Princes,Mehukatti,distinct_brand_true_hard_negative,low token-set similarity,12.5,12.5,25.0,9,0.0,0.0,0.0,,1,34,42
902250305,810014530543,0.7218921184539795,Accelerator,Accelerator,identical_normalized,compact keys equal,100.0,100.0,100.0,0,1.0000000000000004,1.0,1.0,accelerator,1,61,6
224564199,5000112648935,0.7218508720397949,Tas,Chaudfontaine,distinct_brand_true_hard_negative,low token-set similarity,25.0,25.0,66.66666666666667,11,0.02043859501786175,0.0,0.0,,1,73,20
200875081,8411002101800,0.7217350006103516,Viladrau,Viladrau,identical_normalized,compact keys equal,100.0,100.0,100.0,0,0.9999999999999998,1.0,1.0,viladrau,1,29,7
75830002,8690793010052,0.7217199802398682,Erikli,Erikli,identical_normalized,compact keys equal,100.0,100.0,100.0,0,1.0,1.0,1.0,erikli,5,169,18
160613629,5060505820195,0.7203559875488281,Mr. Fitzpatrick's,Fiovana,distinct_brand_true_hard_negative,low token-set similarity,26.086956521739136,26.086956521739125,42.85714285714286,13,0.05343081790713022,0.0,0.0,,2,34,3
268217480,713733545853,0.7202996015548706,L&A,meijer,distinct_brand_true_hard_negative,low token-set similarity,0.0,0.0,0.0,6,0.0,0.0,0.0,,1,100,43
672228163,861982000255,0.7202634811401367,Bubbl'r,Glow,distinct_brand_true_hard_negative,low token-set similarity,18.181818181818176,18.181818181818187,28.57142857142857,6,0.0,0.0,0.0,,1,123,7
8427944,721866591128,0.7193244695663452,Tate & Lyle,Tate & Lyle,identical_normalized,compact keys equal,100.0,100.0,100.0,0,1.0000000000000002,1.0000000000000002,1.0,lyle tate,1,64,2
204037167,5060505820195,0.7188446521759033,Mr. Fitzpatrick's,Fiovana,distinct_brand_true_hard_negative,low token-set similarity,26.086956521739136,26.086956521739125,42.85714285714286,13,0.05343081790713022,0.0,0.0,,2,34,3
961826258,715120446507,0.7186071872711182,Slimpie,Sicilia,distinct_brand_true_hard_negative,low token-set similarity,42.85714285714286,42.857142857142854,60.0,5,0.025534324114448684,0.0,0.0,,1,106,4
449747663,995561352890,0.7184299230575562,North Coast,Central Market,distinct_brand_true_hard_negative,low token-set similarity,40.0,40.0,38.095238095238095,10,0.016968204832236995,0.0,0.0,,2,48,1
299103058,8414100384441,0.7183927297592163,Sunny Delight,Sunny Delight,identical_normalized,compact keys equal,100.0,100.0,100.0,0,1.0000000000000002,1.0000000000000002,1.0,delight sunny,1,109,23
615648172,815154024136,0.7183206081390381,Pure,True North,distinct_brand_true_hard_negative,low token-set similarity,28.57142857142857,28.57142857142857,50.0,8,0.013111392885488769,0.0,0.0,,2,18,6
257968949,5900397737594,0.7180083990097046,Lowicz,Lowicz,identical_normalized,compact keys equal,100.0,100.0,100.0,0,1.0,1.0,1.0,lowicz,2,10,2
579976080,696850062901,0.7178500890731812,Thick & Easy,Thick & Easy,identical_normalized,compact keys equal,100.0,100.0,100.0,0,1.0000000000000002,1.0,1.0,easy thick,1,159,25
726316905,769553414220,0.7175029516220093,Farm Boy,NOS,distinct_brand_true_hard_negative,low token-set similarity,18.181818181818176,18.181818181818187,40.0,7,0.0,0.0,0.0,,1,143,29
832465898,3301591000804,0.717104434967041,Hella,Côteaux Nantais,distinct_brand_true_hard_negative,low token-set similarity,19.999999999999996,20.0,40.0,13,0.0,0.0,0.0,,1,80,34
409774683,3274490970274,0.7169572114944458,Meneau,Meneau,identical_normalized,compact keys equal,100.0,100.0,100.0,0,1.0000000000000002,1.0,1.0,meneau,3,181,40
297816288,5202178008009,0.7168700695037842,Olympos,Olympos,identical_normalized,compact keys equal,100.0,100.0,100.0,0,1.0000000000000002,1.0,1.0,olympos,1,114,30
948974941,87351880,0.7168663740158081,Raak,Raak,identical_normalized,compact keys equal,100.0,100.0,100.0,0,0.9999999999999994,1.0,1.0,raak,1,148,24
168113772,8690504525127,0.7168393135070801,Çamlica,Çamlica,identical_normalized,compact keys equal,100.0,100.0,100.0,0,0.9999999999999999,1.0,1.0,camlica,1,92,20
786233749,775462750052,0.7167101502418518,Tradition,Tradition,identical_normalized,compact keys equal,100.0,100.0,100.0,0,1.0,1.0,1.0,tradition,1,106,6
375007208,7340158202165,0.7165423631668091,X- Gamer,X- Gamer,identical_normalized,compact keys equal,100.0,100.0,100.0,0,0.9999999999999996,1.0,1.0,gamer x,1,67,14
841342682,857075007171,0.7164210677146912,Cove,Rowdy Mermaid,distinct_brand_true_hard_negative,low token-set similarity,23.529411764705888,11.764705882352942,33.333333333333336,11,0.0,0.0,0.0,,1,50,9
78046727,696850061607,0.716239333152771,Thick- It,Thick & Easy,partial_overlap_needs_review,partial overlap above distinct floor,66.66666666666667,76.92307692307692,85.71428571428572,4,0.3874385817149699,0.29814197286661265,0.3333333333333333,thick,2,99,25
56443387,8435425102237,0.715595006942749,Zumosol,Zumosol,identical_normalized,compact keys equal,100.0,100.0,100.0,0,1.0000000000000002,1.0,1.0,zumosol,1,161,37
684864828,850044833290,0.7151222229003906,North Coast,Plezi,distinct_brand_true_hard_negative,low token-set similarity,0.0,0.0,0.0,11,0.0,0.0,0.0,,1,48,6
993516854,3770007351043,0.7145622968673706,FLIRT,Me Me,distinct_brand_true_hard_negative,low token-set similarity,0.0,0.0,0.0,5,0.0,0.0,0.0,,1,22,3
47970418,4100060024346,0.71453857421875,Wesergold,Wesergold,identical_normalized,compact keys equal,100.0,100.0,100.0,0,1.0,1.0,1.0,wesergold,1,27,6
415186577,868784000391,0.7144421339035034,3D,3D,identical_normalized,compact keys equal,100.0,100.0,100.0,0,1.0,1.0,1.0,3d,1,81,17
517453161,3551720042063,0.7138545513153076,May Tea,PureThé,distinct_brand_true_hard_negative,low token-set similarity,28.57142857142857,28.57142857142857,40.0,6,0.0,0.0,0.0,,1,258,4
750643907,8720157462910,0.7137371301651001,Taksi,Taksi,identical_normalized,compact keys equal,100.0,100.0,100.0,0,1.0,1.0,1.0,taksi,1,87,21
859564233,7611612513883,0.7136260867118835,Clever,Premier,distinct_brand_true_hard_negative,low token-set similarity,46.15384615384615,46.15384615384615,54.54545454545454,4,0.05397253151157293,0.0,0.0,,1,44,121
418956805,8691530918112,0.7135965824127197,Kayseri Pazarı,Arifoglu,distinct_brand_true_hard_negative,low token-set similarity,28.57142857142857,28.57142857142857,40.0,10,0.015481862004273003,0.0,0.0,,1,233,4
152045764,8436571270191,0.7135632038116455,Vibe,Ekotrebol,distinct_brand_true_hard_negative,low token-set similarity,15.384615384615385,15.384615384615387,40.0,8,0.0,0.0,0.0,,1,6,8
841531686,8410408050361,0.7132772207260132,Big 8,Kas,distinct_brand_true_hard_negative,low token-set similarity,0.0,0.0,0.0,5,0.0,0.0,0.0,,1,104,17
920646457,6408430670031,0.7131083011627197,Bremner's,Valio,distinct_brand_true_hard_negative,low token-set similarity,0.0,0.0,0.0,9,0.0,0.0,0.0,,1,19,91
726301432,628504309032,0.7128665447235107,Two Bears,Two Bears,identical_normalized,compact keys equal,100.0,100.0,100.0,0,0.9999999999999997,1.0,1.0,bears two,2,55,5
214790880,810050500258,0.712557315826416,Good & Gather,De La Calle,distinct_brand_true_hard_negative,low token-set similarity,36.36363636363637,36.36363636363637,42.10526315789473,9,0.0,0.0,0.0,,1,24,3
171198602,9001400005009,0.7123037576675415,Fruchtsirup,Yo,distinct_brand_true_hard_negative,low token-set similarity,0.0,0.0,0.0,11,0.0,0.0,0.0,,1,14,10
159366812,752836173242,0.7122671008110046,Hildon,Radnor,distinct_brand_true_hard_negative,low token-set similarity,33.333333333333336,33.33333333333333,44.44444444444444,5,0.0,0.0,0.0,,1,43,10
17049410,732623753161,0.7119572162628174,Mineragua,Mineragua,identical_normalized,compact keys equal,100.0,100.0,100.0,0,1.0000000000000002,1.0,1.0,mineragua,1,26,2
691140290,7340083489457,0.7117825746536255,President's Choice,Garant,distinct_brand_true_hard_negative,low token-set similarity,25.0,25.0,33.333333333333336,16,0.015010934372793345,0.0,0.0,,1,259,63
88157615,8410728180120,0.7116027474403381,Lanjarón,Lanjarón,identical_normalized,compact keys equal,100.0,100.0,100.0,0,1.0000000000000002,1.0,1.0,lanjaron,1,59,10
421076343,6415130087953,0.7115514874458313,God Morgon,God Morgon,identical_normalized,compact keys equal,100.0,100.0,100.0,0,0.9999999999999999,1.0,1.0,god morgon,3,257,61
726315819,858629001065,0.7112357020378113,Ting,Dg,brand_present_only_in_title,source brand inside target title,33.333333333333336,33.33333333333333,66.66666666666667,3,0.060945771251272415,0.0,0.0,,1,28,3
83491916,7310090155539,0.7110540866851807,BOB,BOB,identical_normalized,compact keys equal,100.0,100.0,100.0,0,0.9999999999999999,1.0,1.0,bob,1,85,19
125342983,8680462025654,0.7105085849761963,Cemilefendi,Cemil,containment_or_truncation,prefix truncation,62.5,62.5,100.0,6,0.44505390742118434,0.0,0.0,,2,110,2
278576552,8437007759440,0.7100162506103516,Family Christodoulou,Naturgreen,distinct_brand_true_hard_negative,low token-set similarity,19.999999999999996,13.333333333333329,22.22222222222222,18,0.0,0.0,0.0,,1,45,8
864077437,7350068292408,0.7098200917243958,Obsesso,Njie,distinct_brand_true_hard_negative,low token-set similarity,18.181818181818176,18.181818181818187,25.0,6,0.0,0.0,0.0,,1,146,22
56590130,8410165500017,0.7097259759902954,Solares,Solares,identical_normalized,compact keys equal,100.0,100.0,100.0,0,0.9999999999999997,1.0,1.0,solares,1,21,4
9698426,798235650229,0.7093180418014526,Alkalife,Nestlé,distinct_brand_true_hard_negative,low token-set similarity,28.57142857142857,28.57142857142857,40.0,6,0.0,0.0,0.0,,1,12,4
727161336,5204125100859,0.7091174721717834,Sir Up,Kampos Chioy,distinct_brand_true_hard_negative,low token-set similarity,22.22222222222222,33.33333333333333,33.333333333333336,11,0.0,0.0,0.0,,1,51,10
251699831,5018076100512,0.7090655565261841,Sunita,Sunita,identical_normalized,compact keys equal,100.0,100.0,100.0,0,1.0,1.0,1.0,sunita,1,147,11
2534587,7310867561037,0.7090198993682861,Produits U,Bravo,distinct_brand_true_hard_negative,low token-set similarity,26.66666666666667,26.66666666666667,50.0,9,0.0,0.0,0.0,,1,33,34
859903348,739510001138,0.7082573175430298,Orange Crush,SoBe,distinct_brand_true_hard_negative,low token-set similarity,25.0,37.5,40.0,11,0.00936282597043902,0.0,0.0,,1,43,14
94031063,3291337615280,0.7081976532936096,Caresse Antillaise,Caresse Antillaise,identical_normalized,compact keys equal,100.0,100.0,100.0,0,0.9999999999999998,1.0,1.0,antillaise caresse,1,62,20
246356123,8008720081011,0.7081900835037231,Ekobryggeriet,Recoaro,distinct_brand_true_hard_negative,low token-set similarity,30.000000000000004,30.0,50.0,11,0.0,0.0,0.0,,2,68,7
752244812,680332586276,0.7080534100532532,Ozarka,Hildon,distinct_brand_true_hard_negative,low token-set similarity,16.666666666666664,16.66666666666667,28.57142857142857,6,0.0,0.0,0.0,,1,196,5
587335210,7610491040992,0.707939624786377,Slimpie,Morga,distinct_brand_true_hard_negative,low token-set similarity,16.666666666666664,16.66666666666667,22.22222222222222,7,0.0,0.0,0.0,,1,106,19
969441957,811374039691,0.7075115442276001,Bucked Up,Bucked Up,identical_normalized,compact keys equal,100.0,100.0,100.0,0,0.9999999999999998,0.9999999999999999,1.0,bucked up,1,56,13
580362375,711403680477,0.7074326276779175,Raptor,NOS,distinct_brand_true_hard_negative,low token-set similarity,22.22222222222222,22.22222222222223,40.0,5,0.0,0.0,0.0,,1,11,29
78578616,3700749302300,0.7072974443435669,Marcel,Marcel,identical_normalized,compact keys equal,100.0,100.0,100.0,0,1.0000000000000002,1.0,1.0,marcel,4,129,33
736543451,6419800052982,0.7070010900497437,Pedras Salgadas,Olvi,distinct_brand_true_hard_negative,low token-set similarity,10.526315789473683,10.526315789473685,25.0,14,0.0,0.0,0.0,,1,61,52
508628351,702823656753,0.7069123983383179,Mello Yello,Mello Yello,identical_normalized,compact keys equal,100.0,100.0,100.0,0,1.0,1.0000000000000002,1.0,mello yello,1,57,7
403076881,8720157462187,0.706447184085846,Anna's Best,Cool Best,distinct_brand_true_hard_negative,low token-set similarity,50.0,61.53846153846154,71.42857142857143,6,0.39291731570552957,0.3026866799826704,0.25,best,1,29,66
75445737,810161207695,0.7055209875106812,Ibc,Maine Root,distinct_brand_true_hard_negative,low token-set similarity,15.384615384615385,15.384615384615387,33.333333333333336,9,0.0,0.0,0.0,,1,81,12
78285482,897555002296,0.7054098844528198,Hill Country Fare,Dublin,distinct_brand_true_hard_negative,low token-set similarity,17.391304347826086,17.391304347826093,33.333333333333336,15,0.0,0.0,0.0,,1,13,12
530936591,8719075630310,0.7053819298744202,PLj,Tasting Good,distinct_brand_true_hard_negative,low token-set similarity,0.0,0.0,0.0,12,0.0,0.0,0.0,,1,25,10
10531195,681131780957,0.7050871253013611,Clear American,Clear American,identical_normalized,compact keys equal,100.0,100.0,100.0,0,1.0000000000000002,1.0,1.0,american clear,1,126,5
689989863,8964000661871,0.7045034170150757,Publix,Pakola,distinct_brand_true_hard_negative,low token-set similarity,33.333333333333336,33.33333333333333,40.0,5,0.013881481399403414,0.0,0.0,,1,239,3
76199200,667103102262,0.7040509581565857,Iceland,Hawaiian Springs,distinct_brand_true_hard_negative,low token-set similarity,26.086956521739136,26.086956521739125,42.85714285714286,14,0.007975167811474424,0.0,0.0,,1,58,11
83047828,3274490970588,0.7033730745315552,Meneau,Meneau,identical_normalized,compact keys equal,100.0,100.0,100.0,0,1.0000000000000002,1.0,1.0,meneau,3,181,40
142817540,5449000247223,0.7033208608627319,Chaudfontaine,Chaudfontaine,identical_normalized,compact keys equal,100.0,100.0,100.0,0,0.9999999999999993,1.0,1.0,chaudfontaine,2,83,20
208957261,5060167500305,0.7033050656318665,Oze,What A Melon,distinct_brand_true_hard_negative,low token-set similarity,13.33333333333333,13.333333333333329,40.0,11,0.0,0.0,0.0,,1,222,3
841312832,858344005546,0.7032579779624939,Cold Brew Tea,Swoon,distinct_brand_true_hard_negative,low token-set similarity,11.111111111111116,22.22222222222223,28.57142857142857,12,0.0,0.0,0.0,,1,10,6
176170363,7314720732534,0.7027415037155151,Kiviks Musteri,Kiviks Musteri,identical_normalized,compact keys equal,100.0,100.0,100.0,0,0.9999999999999997,1.0,1.0,kiviks musteri,1,261,59
516176587,7310070733856,0.702692985534668,Nygårda,Apotekarnes,distinct_brand_true_hard_negative,low token-set similarity,22.22222222222222,22.22222222222223,33.333333333333336,9,0.0,0.0,0.0,,1,137,26
32018613,2200081476772,0.7025917768478394,Private Selection,Bio Primo,distinct_brand_true_hard_negative,low token-set similarity,30.76923076923077,30.769230769230774,50.0,14,0.11155449492713904,0.0,0.0,,1,36,13
841750186,4018852022084,0.7025524973869324,Tradition,Bebivita,distinct_brand_true_hard_negative,low token-set similarity,23.529411764705888,23.529411764705884,36.36363636363637,7,0.013168683456560519,0.0,0.0,,1,106,18
159214059,3700749300108,0.7022591829299927,Clive's Fruit Farm,Marcel,distinct_brand_true_hard_negative,low token-set similarity,16.666666666666664,16.66666666666667,50.0,17,0.010861316025833167,0.0,0.0,,1,15,33
613535064,835143015006,0.7015254497528076,Aloha Maid,Aloha Maid,identical_normalized,compact keys equal,100.0,100.0,100.0,0,0.9999999999999998,1.0,1.0,aloha maid,2,32,4
953060460,656382219808,0.7014719247817993,Mautner Markhof,Brookes,distinct_brand_true_hard_negative,low token-set similarity,18.181818181818176,27.272727272727266,33.333333333333336,13,0.0,0.0,0.0,,1,48,1
173671805,810014530031,0.7012615203857422,Adrenaline Shoc,Adrenaline Shoc,identical_normalized,compact keys equal,100.0,100.0,100.0,0,1.0000000000000007,0.9999999999999998,1.0,adrenaline shoc,1,121,16
702295022,5404017402744,0.7008812427520752,QNT,QNT,identical_normalized,compact keys equal,100.0,100.0,100.0,0,1.0,1.0,1.0,qnt,1,62,11
78823228,894357002004,0.7007869482040405,Obsthof Retter,Smart Juice,distinct_brand_true_hard_negative,low token-set similarity,31.999999999999996,24.0,38.095238095238095,11,0.0,0.0,0.0,,1,36,14
508721166,850026937039,0.7005749940872192,Bubbl'r,Aura Bora,distinct_brand_true_hard_negative,low token-set similarity,37.5,37.5,42.85714285714286,7,0.009942214793238324,0.0,0.0,,1,123,10
565234106,3804078275394,0.7004007697105408,Soleil,Nixie,distinct_brand_true_hard_negative,low token-set similarity,18.181818181818176,18.181818181818187,28.57142857142857,5,0.0,0.0,0.0,,1,45,16
118049674,5603493002886,0.700355052947998,Garant,So Natural,distinct_brand_true_hard_negative,low token-set similarity,37.5,37.5,50.0,8,0.01904291926934381,0.0,0.0,,1,191,40
292408091,853158004235,0.700167179107666,Alkaline88,Alkaline88,identical_normalized,compact keys equal,100.0,100.0,100.0,0,1.0000000000000002,1.0,1.0,alkaline88,1,100,18
779986442,4088600552538,0.6999224424362183,The Juice Company,The Juice Company,identical_normalized,compact keys equal,100.0,100.0,100.0,0,0.9999999999999998,1.0000000000000004,1.0,company juice the,1,40,22
302639039,8690504519164,0.6998294591903687,Cidou,Çamlica,distinct_brand_true_hard_negative,low token-set similarity,33.333333333333336,33.33333333333333,40.0,6,0.0,0.0,0.0,,1,62,20
841257481,3292481350010,0.6997524499893188,Farm Boy,Rieme,distinct_brand_true_hard_negative,low token-set similarity,30.76923076923077,30.769230769230774,44.44444444444444,7,0.0,0.0,0.0,,2,143,7
524237330,5201156173296,0.69972825050354,ebe,ebe,identical_normalized,compact keys equal,100.0,100.0,100.0,0,0.9999999999999999,1.0,1.0,ebe,1,52,27
713423372,5060268001251,0.6996274590492249,Coldpress,Coldpress,identical_normalized,compact keys equal,100.0,100.0,100.0,0,0.9999999999999999,1.0,1.0,coldpress,2,48,16
688085456,3335880007823,0.6994057893753052,Prosain,Prosain,identical_normalized,compact keys equal,100.0,100.0,100.0,0,1.0000000000000002,1.0,1.0,prosain,1,34,8
872371973,617285924831,0.6992005109786987,Vi Drate,Vi Drate,identical_normalized,compact keys equal,100.0,100.0,100.0,0,1.0,1.0000000000000002,1.0,drate vi,1,18,8
229516012,3350033594142,0.6989985704421997,Natur pur,Monoprix,distinct_brand_true_hard_negative,low token-set similarity,35.29411764705882,35.294117647058826,36.36363636363637,9,0.0,0.0,0.0,,1,2,15
726242335,688267098116,0.6984714269638062,Big 8,Peapod,distinct_brand_true_hard_negative,low token-set similarity,0.0,0.0,0.0,6,0.0,0.0,0.0,,4,104,96
47925302,4088600388816,0.698123574256897,Mezzo Mix,The Juice Company,distinct_brand_true_hard_negative,low token-set similarity,23.076923076923073,23.07692307692308,37.5,14,0.0,0.0,0.0,,1,63,22
658702369,761774124537,0.6978589296340942,Proud Source,Open Water,distinct_brand_true_hard_negative,low token-set similarity,27.27272727272727,27.272727272727266,33.333333333333336,11,0.0,0.0,0.0,,1,144,5
55611218,3335880007717,0.6978562474250793,BOB,Prosain,distinct_brand_true_hard_negative,low token-set similarity,19.999999999999996,20.0,33.333333333333336,6,0.0,0.0,0.0,,2,85,8
58081170,8412042502312,0.697468638420105,Thonon,Mondariz,distinct_brand_true_hard_negative,low token-set similarity,28.57142857142857,28.57142857142857,44.44444444444444,7,0.02848634789402958,0.0,0.0,,1,24,8
849326971,793674820462,0.6973897218704224,Barsmith,Frostie,distinct_brand_true_hard_negative,low token-set similarity,40.0,40.0,46.15384615384615,6,0.0,0.0,0.0,,1,57,24
868857790,685987084795,0.6970130205154419,Wellsley Farms,Zephyrhills,distinct_brand_true_hard_negative,low token-set similarity,31.999999999999996,32.0,50.0,11,0.05050772592998069,0.0,0.0,,1,34,2
16317724,616003790116,0.696773111820221,Zing Zang,Zing Zang,identical_normalized,compact keys equal,100.0,100.0,100.0,0,1.0000000000000002,1.0,1.0,zang zing,1,56,8
380663756,4051454000357,0.6967552900314331,Sade Organik,Moloko,distinct_brand_true_hard_negative,low token-set similarity,22.22222222222222,22.22222222222223,28.57142857142857,11,0.0,0.0,0.0,,1,73,2
412602413,858379004279,0.6965457797050476,Meneau,Protein2O,distinct_brand_true_hard_negative,low token-set similarity,26.66666666666667,26.66666666666667,36.36363636363637,8,0.0,0.0,0.0,,1,181,8
330203227,8690504526391,0.6964164972305298,Zafer,Çamlica,distinct_brand_true_hard_negative,low token-set similarity,16.666666666666664,16.66666666666667,33.333333333333336,6,0.0,0.0,0.0,,1,31,20
122019798,8426633001405,0.6961977481842041,Edeka,Eco+,distinct_brand_true_hard_negative,low token-set similarity,25.0,25.0,50.0,4,0.022772269866476253,0.0,0.0,,1,105,14
8595669,815154020008,0.6961359977722168,Venom,NOS,distinct_brand_true_hard_negative,low token-set similarity,50.0,50.0,66.66666666666667,3,0.04571662671472414,0.0,0.0,,1,58,29
750968944,4260667060083,0.6954531669616699,4Bro,4Bro,identical_normalized,compact keys equal,100.0,100.0,100.0,0,1.0000000000000002,1.0,1.0,4bro,2,86,12
16675307,5060268001114,0.6949214935302734,Coldpress,Coldpress,identical_normalized,compact keys equal,100.0,100.0,100.0,0,0.9999999999999999,1.0,1.0,coldpress,2,48,16
1043535946,7314720732459,0.6947551965713501,River,Kiviks Musteri,distinct_brand_true_hard_negative,low token-set similarity,42.10526315789473,42.10526315789474,57.14285714285714,10,0.05105787921847578,0.0,0.0,,1,68,59
427040119,850031418066,0.6941025853157043,Içim,Just Water,distinct_brand_true_hard_negative,low token-set similarity,0.0,0.0,0.0,10,0.0,0.0,0.0,,1,48,21
384958838,3272030030235,0.693162202835083,Moulin de Valdonne,Moulin de Valdonne,identical_normalized,compact keys equal,100.0,100.0,100.0,0,1.000000000000001,1.0,1.0,de moulin valdonne,1,172,27
91081980,5060477670057,0.6930993795394897,Clive's Fruit Farm,Actiph,distinct_brand_true_hard_negative,low token-set similarity,16.666666666666664,16.66666666666667,44.44444444444444,17,0.0,0.0,0.0,,1,15,4
125509776,3289196040565,0.6927281618118286,Içim,Jardin Bio,distinct_brand_true_hard_negative,low token-set similarity,28.57142857142857,28.57142857142857,33.333333333333336,8,0.0,0.0,0.0,,1,48,26
762531972,8437010011023,0.6925482749938965,Ekolo,Ekolo,identical_normalized,compact keys equal,100.0,100.0,100.0,0,1.0,1.0,1.0,ekolo,1,140,26
100362630,720887069616,0.6924946904182434,Nooma,Nooma,identical_normalized,compact keys equal,100.0,100.0,100.0,0,0.9999999999999998,1.0,1.0,nooma,1,25,6
668501249,8056326430139,0.692361056804657,Beebad,Beebad,identical_normalized,compact keys equal,100.0,100.0,100.0,0,1.0000000000000002,1.0,1.0,beebad,1,30,5
355972020,607353953511,0.6923099756240845,Everfresh,Berri,distinct_brand_true_hard_negative,low token-set similarity,42.85714285714286,42.857142857142854,60.0,6,0.011191863785274814,0.0,0.0,,1,33,9
96743354,3250390001522,0.6922074556350708,Sir Up,Paquito,distinct_brand_true_hard_negative,low token-set similarity,15.384615384615385,15.384615384615387,28.57142857142857,7,0.0,0.0,0.0,,1,51,11
442913051,7340083480263,0.6920278668403625,Garant,Garant,identical_normalized,compact keys equal,100.0,100.0,100.0,0,1.0,1.0,1.0,garant,1,191,63
54290452,278161195419,0.6913267374038696,Jumbo,Fruit2O,distinct_brand_true_hard_negative,low token-set similarity,33.333333333333336,33.33333333333333,40.0,5,0.012873657076182482,0.0,0.0,,1,15,5
116229417,8410283363891,0.6913022994995117,Proviant,La Casera,distinct_brand_true_hard_negative,low token-set similarity,23.529411764705888,23.529411764705884,40.0,9,0.0,0.0,0.0,,1,47,32
445083413,995561352890,0.6911535263061523,North Coast,Central Market,distinct_brand_true_hard_negative,low token-set similarity,40.0,40.0,38.095238095238095,10,0.016968204832236995,0.0,0.0,,2,48,1
465685050,4102380025683,0.6905859112739563,Naya,Hella,distinct_brand_true_hard_negative,low token-set similarity,22.22222222222222,22.22222222222223,40.0,4,0.016161170405724682,0.0,0.0,,1,45,32
344795396,754262746731,0.6903584003448486,Bossen,Bossen,identical_normalized,compact keys equal,100.0,100.0,100.0,0,0.9999999999999993,1.0,1.0,bossen,1,32,17
318287896,850010701264,0.6896445751190186,Aspire,Goat Fuel,distinct_brand_true_hard_negative,low token-set similarity,26.66666666666667,13.333333333333329,33.333333333333336,7,0.0,0.0,0.0,,1,136,13
76884982,8690574002115,0.6896263360977173,Yedigun,Yedigun,identical_normalized,compact keys equal,100.0,100.0,100.0,0,1.0,1.0,1.0,yedigun,1,86,15
364925563,5060407070681,0.6895549893379211,Isostar,Mr. Fitzpatrick's,distinct_brand_true_hard_negative,low token-set similarity,34.78260869565217,34.78260869565217,57.14285714285714,13,0.0,0.0,0.0,,1,99,2
394640053,4032108138824,0.6894757747650146,Basic Ayurveda,Cosmoveda,distinct_brand_true_hard_negative,low token-set similarity,43.47826086956522,34.78260869565217,61.53846153846154,9,0.20640976852098422,0.0,0.0,,1,10,31
374854268,688267000980,0.6893531680107117,President's Choice,Peapod,distinct_brand_true_hard_negative,low token-set similarity,25.0,25.0,50.0,15,0.01001774744139923,0.0,0.0,,1,259,96
909276206,5201946910339,0.6892590522766113,Damla,BIKOS,distinct_brand_true_hard_negative,low token-set similarity,0.0,0.0,0.0,5,0.0,0.0,0.0,,1,41,20
463848622,8714862616010,0.6891986131668091,Ethiquable,Fruity King,distinct_brand_true_hard_negative,low token-set similarity,19.047619047619047,19.04761904761905,23.529411764705888,10,0.0,0.0,0.0,,2,124,35
841441993,7070841003211,0.6890594959259033,Sun-Rype,Lerum,distinct_brand_true_hard_negative,low token-set similarity,15.384615384615385,30.769230769230774,33.333333333333336,7,0.0,0.0,0.0,,1,149,21
407565077,3292482260028,0.6886814832687378,Yedigun,Rieme,distinct_brand_true_hard_negative,low token-set similarity,16.666666666666664,16.66666666666667,28.57142857142857,6,0.0,0.0,0.0,,1,86,7
302004862,4260631760902,0.6884573698043823,ESN,ESN,identical_normalized,compact keys equal,100.0,100.0,100.0,0,1.0000000000000002,1.0,1.0,esn,2,82,16
959300328,3274490972360,0.6884567737579346,Meneau,Meneau,identical_normalized,compact keys equal,100.0,100.0,100.0,0,1.0000000000000002,1.0,1.0,meneau,3,181,40
159275338,7310403034551,0.6884309649467468,Thirsty Planet,Trocadero,distinct_brand_true_hard_negative,low token-set similarity,34.78260869565217,26.086956521739125,33.333333333333336,11,0.008749654300066073,0.0,0.0,,1,138,32
914834084,7034280001962,0.6883885264396667,Ethiquable,Rå,distinct_brand_true_hard_negative,low token-set similarity,16.666666666666664,16.66666666666667,50.0,9,0.0,0.0,0.0,,1,124,11
732669269,7350089431114,0.6879997849464417,Puhdistamo,Clean Drink,distinct_brand_true_hard_negative,low token-set similarity,19.047619047619047,19.04761904761905,26.66666666666667,11,0.0,0.0,0.0,,1,123,29
67377898,5017160000028,0.6878150701522827,President's Choice,Hildon,distinct_brand_true_hard_negative,low token-set similarity,25.0,33.33333333333333,50.0,16,0.0,0.0,0.0,,1,259,5
18614793,5201309705145,0.6877719163894653,R Whites,Tuborg,distinct_brand_true_hard_negative,low token-set similarity,14.28571428571429,14.285714285714292,28.57142857142857,8,0.0,0.0,0.0,,1,65,19
524036039,7340191171060,0.687467098236084,Mehustamo,Mehustamo,identical_normalized,compact keys equal,100.0,100.0,100.0,0,0.9999999999999998,1.0,1.0,mehustamo,2,58,29
195773055,7314720716558,0.6873279809951782,El Corte Inglés,Kiviks Musteri,distinct_brand_true_hard_negative,low token-set similarity,27.586206896551722,20.689655172413794,33.333333333333336,14,0.015174082004670006,0.0,0.0,,1,205,59
841736656,627987101393,0.6871247291564941,Viveau,Viveau,identical_normalized,compact keys equal,100.0,100.0,100.0,0,1.0,1.0,1.0,viveau,1,25,2
112585917,785357022867,0.6865704655647278,McCafé,Peet's Coffee,distinct_brand_true_hard_negative,low token-set similarity,31.57894736842105,31.578947368421055,50.0,10,0.0,0.0,0.0,,1,39,12
909069030,4088600399287,0.6856333613395691,Günbak,Sun Quench,distinct_brand_true_hard_negative,low token-set similarity,25.0,25.0,44.44444444444444,8,0.0,0.0,0.0,,1,144,14
78888962,8718989925826,0.6853787302970886,Stift,Vers Sap,distinct_brand_true_hard_negative,low token-set similarity,15.384615384615385,15.384615384615387,25.0,7,0.0145499492050203,0.0,0.0,,1,26,16
53419243,4015016002067,0.6848912239074707,Waldquelle,Waldquelle,identical_normalized,compact keys equal,100.0,100.0,100.0,0,1.0000000000000002,1.0,1.0,waldquelle,1,35,13
47926787,7611612513920,0.683695912361145,Christinen,Premier,distinct_brand_true_hard_negative,low token-set similarity,35.29411764705882,35.294117647058826,42.85714285714286,7,0.0,0.0,0.0,,1,34,121
47999149,4039057416539,0.68346107006073,Fritz- Spritz,Bio Gourmet,distinct_brand_true_hard_negative,low token-set similarity,34.78260869565217,34.78260869565217,38.095238095238095,10,0.0,0.0,0.0,,1,11,9
444751585,5060338920017,0.683422327041626,4Bro,Get More,distinct_brand_true_hard_negative,low token-set similarity,16.666666666666664,16.66666666666667,33.333333333333336,7,0.0,0.0,0.0,,1,86,25
79949320,853158004075,0.6833904981613159,Christinen,Alkaline88,distinct_brand_true_hard_negative,low token-set similarity,30.000000000000004,30.0,42.85714285714286,8,0.039692935667154455,0.0,0.0,,1,34,18
71095805,4260447590595,0.6833416223526001,Beetology,Bleichhof,distinct_brand_true_hard_negative,low token-set similarity,33.333333333333336,33.33333333333333,42.85714285714286,7,0.00780196099993962,0.0,0.0,,1,13,7
747894136,3124480190994,0.6827362179756165,4Bro,Oasis,distinct_brand_true_hard_negative,low token-set similarity,22.22222222222222,22.22222222222223,40.0,5,0.0,0.0,0.0,,1,86,10
432690638,6220171966071,0.682591438293457,Clearly Canadian,Clearly Canadian,identical_normalized,compact keys equal,100.0,100.0,100.0,0,1.0000000000000004,1.0,1.0,canadian clearly,1,220,16
371058801,4041685002572,0.6824234127998352,Vitalhaus,Vitalhaus,identical_normalized,compact keys equal,100.0,100.0,100.0,0,0.9999999999999999,1.0,1.0,vitalhaus,1,134,12
67563848,7310867561013,0.6823630928993225,Rougemont,Bravo,distinct_brand_true_hard_negative,low token-set similarity,28.57142857142857,28.57142857142857,57.14285714285714,8,0.0,0.0,0.0,,2,41,34
783880263,810076291109,0.6823219656944275,Starry,Jocko,distinct_brand_true_hard_negative,low token-set similarity,0.0,0.0,0.0,6,0.0,0.0,0.0,,1,221,15
909429100,850014705718,0.682016134262085,Dragonball Z,Rowdy Energy,distinct_brand_true_hard_negative,low token-set similarity,25.0,25.0,37.5,12,0.0,0.0,0.0,,1,13,17
207503276,8681349009910,0.6817348003387451,Oze,Oze,identical_normalized,compact keys equal,100.0,100.0,100.0,0,0.9999999999999999,1.0,1.0,oze,1,222,1
131906984,4101130061889,0.6817042231559753,QNT,Rheinfels Quelle,distinct_brand_true_hard_negative,low token-set similarity,10.526315789473683,21.05263157894737,33.333333333333336,15,0.03552215532796482,0.0,0.0,,1,62,21
957830195,799793026969,0.681390106678009,Sunita,Paradise,distinct_brand_true_hard_negative,low token-set similarity,14.28571428571429,14.285714285714292,25.0,7,0.0,0.0,0.0,,1,147,1
849780836,721332820080,0.681158721446991,Amy & Brian,Amy & Brian,identical_normalized,compact keys equal,100.0,100.0,100.0,0,0.9999999999999997,1.0000000000000002,1.0,amy brian,1,126,7
20411934,6416884206461,0.6810086965560913,Ozarka,Villi,distinct_brand_true_hard_negative,low token-set similarity,0.0,0.0,0.0,6,0.0,0.0,0.0,,1,196,25
53926692,8410494303112,0.6808736324310303,Kas,Kas,identical_normalized,compact keys equal,100.0,100.0,100.0,0,0.9999999999999999,1.0,1.0,kas,1,127,17
179763870,810158581234,0.6807288527488708,Kiju,Cock N Bull,distinct_brand_true_hard_negative,low token-set similarity,26.66666666666667,13.333333333333329,28.57142857142857,9,0.0,0.0,0.0,,1,90,48
517371316,8024884248299,0.6797471046447754,Mont Roucous,Mont,containment_or_truncation,prefix truncation,50.0,100.0,100.0,8,0.4993138145216963,0.5371114610294242,0.5,mont,1,63,8
96647181,5400119579650,0.6791551113128662,Jardin Bio,Delhaize,distinct_brand_true_hard_negative,low token-set similarity,22.22222222222222,22.22222222222223,30.76923076923077,9,0.0,0.0,0.0,,1,179,15
289925780,8690723581201,0.6789976358413696,Mahbuba,Frutti,distinct_brand_true_hard_negative,low token-set similarity,15.384615384615385,15.384615384615387,22.22222222222222,7,0.0,0.0,0.0,,1,133,13
353289244,896211003813,0.6789247989654541,Aloha Maid,De Mi Pais,distinct_brand_true_hard_negative,low token-set similarity,40.0,40.0,53.333333333333336,7,0.0309182958043893,0.0,0.0,,1,32,8
362962886,352154300780,0.6787161827087402,Everfresh,Xyience,distinct_brand_true_hard_negative,low token-set similarity,25.0,25.0,40.0,8,0.0,0.0,0.0,,2,33,19
907683998,3272030001235,0.6785730123519897,Green's,Moulin de Valdonne,brand_present_only_in_title,source brand inside target title,16.000000000000004,24.0,28.57142857142857,16,0.0,0.0,0.0,,1,6,27
57538305,4006220023191,0.6785687208175659,Produits U,Fruity King,distinct_brand_true_hard_negative,low token-set similarity,47.61904761904761,47.61904761904762,58.82352941176471,8,0.06242351062329099,0.0,0.0,,1,33,35
75317993,8411902002207,0.6783262491226196,Cabreiroa,Cabreiroa,identical_normalized,compact keys equal,100.0,100.0,100.0,0,0.9999999999999999,1.0,1.0,cabreiroa,1,67,15
465098047,3257971080617,0.6783084869384766,Bezoya,Mont Roucous,distinct_brand_true_hard_negative,low token-set similarity,11.111111111111116,11.111111111111114,25.0,11,0.0,0.0,0.0,,1,76,8
15792258,5029396000710,0.6781212091445923,House of broughton,House of broughton,identical_normalized,compact keys equal,100.0,100.0,100.0,0,1.0000000000000007,0.9999999999999999,1.0,broughton house of,1,37,3
995887561,6411200001287,0.6780163049697876,Jeden Tag,Valio,distinct_brand_true_hard_negative,low token-set similarity,14.28571428571429,14.285714285714292,28.57142857142857,9,0.0,0.0,0.0,,1,26,91
431969071,3760225491775,0.677712082862854,Lambda,Cidou,distinct_brand_true_hard_negative,low token-set similarity,18.181818181818176,18.181818181818187,28.57142857142857,6,0.0,0.0,0.0,,1,34,17
872633196,8693354007041,0.6772286891937256,Doganay,Doganay,identical_normalized,compact keys equal,100.0,100.0,100.0,0,0.9999999999999994,1.0,1.0,doganay,1,163,13
145778438,4066447762983,0.6769604682922363,Saka,Babylove,distinct_brand_true_hard_negative,low token-set similarity,16.666666666666664,16.66666666666667,33.333333333333336,7,0.0,0.0,0.0,,1,62,6
267426017,8690088018923,0.6767493486404419,Aksu Vital,Aksu Vital,identical_normalized,compact keys equal,100.0,100.0,100.0,0,0.9999999999999999,1.0,1.0,aksu vital,3,171,4
47920067,4025127020799,0.6764949560165405,Effect,Effect,identical_normalized,compact keys equal,100.0,100.0,100.0,0,0.9999999999999997,1.0,1.0,effect,1,49,10
395838408,769553414459,0.675961971282959,Red Rain,Red Rain,identical_normalized,compact keys equal,100.0,100.0,100.0,0,0.9999999999999999,1.0,1.0,rain red,1,31,2
831292940,6415130050506,0.6748338937759399,God Morgon,God Morgon,identical_normalized,compact keys equal,100.0,100.0,100.0,0,0.9999999999999999,1.0,1.0,god morgon,3,257,61
18737688,769553414220,0.674734354019165,Super Drink,NOS,distinct_brand_true_hard_negative,low token-set similarity,14.28571428571429,28.57142857142857,50.0,11,0.0,0.0,0.0,,1,116,29
464905493,5707577123082,0.6742042899131775,S Pellegrino,Nutramino,distinct_brand_true_hard_negative,low token-set similarity,38.095238095238095,38.095238095238095,61.53846153846154,9,0.11200795248193862,0.0,0.0,,1,78,10
752351567,3700749305035,0.6741250157356262,Elisha,Marcel,distinct_brand_true_hard_negative,low token-set similarity,33.333333333333336,33.33333333333333,50.0,6,0.020960695868886933,0.0,0.0,,1,6,33
171981612,3335880007823,0.6741109490394592,Olympos,Prosain,distinct_brand_true_hard_negative,low token-set similarity,42.85714285714286,42.857142857142854,60.0,7,0.02379280620049714,0.0,0.0,,1,114,8
497607124,679461100057,0.6740504503250122,Penta,Penta,identical_normalized,compact keys equal,100.0,100.0,100.0,0,0.9999999999999998,1.0,1.0,penta,1,43,3
125267583,8680462025654,0.6738814115524292,Cemilefendi,Cemil,containment_or_truncation,prefix truncation,62.5,62.5,100.0,6,0.44505390742118434,0.0,0.0,,2,110,2
489391770,858379004347,0.673577606678009,D'Arbo,Protein2O,distinct_brand_true_hard_negative,low token-set similarity,26.66666666666667,26.66666666666667,44.44444444444444,8,0.010808299550610231,0.0,0.0,,1,77,8
410761846,8437017153146,0.6734921932220459,Kom Vida,Kom Vida,identical_normalized,compact keys equal,100.0,100.0,100.0,0,0.9999999999999999,1.0,1.0,kom vida,1,122,21
436821649,4055188068379,0.6728286743164062,Tri Top,Tri Top,identical_normalized,compact keys equal,100.0,100.0,100.0,0,0.9999999999999998,1.0000000000000002,1.0,top tri,1,91,13
258663625,87342598,0.6723819971084595,Bolt 24,Sports Water,distinct_brand_true_hard_negative,low token-set similarity,31.57894736842105,21.05263157894737,42.85714285714286,9,0.0,0.0,0.0,,1,90,3
83085806,3245390020390,0.6720783710479736,Cidou,Reflet de France,distinct_brand_true_hard_negative,low token-set similarity,9.523809523809524,9.523809523809518,28.57142857142857,15,0.0,0.0,0.0,,1,62,7
830747687,3291330001356,0.6716177463531494,Valensina,Caresse Antillaise,distinct_brand_true_hard_negative,low token-set similarity,37.03703703703704,29.629629629629633,44.44444444444444,13,0.0,0.0,0.0,,1,97,20
54715120,3268651011784,0.6713279485702515,Carola,Carola,identical_normalized,compact keys equal,100.0,100.0,100.0,0,1.0,1.0,1.0,carola,1,48,16
117615212,815154020251,0.6712314486503601,Rip It,NOS,distinct_brand_true_hard_negative,low token-set similarity,0.0,0.0,0.0,6,0.0,0.0,0.0,,1,25,29
409883752,5201946900675,0.6711511611938477,BIKOS,BIKOS,identical_normalized,compact keys equal,100.0,100.0,100.0,0,0.9999999999999997,1.0,1.0,bikos,1,95,20
221712501,752798350002,0.6709860563278198,Mio Mio,Orange Crush,distinct_brand_true_hard_negative,low token-set similarity,21.052631578947366,13.333333333333329,28.57142857142857,11,0.0,0.0,0.0,,1,29,8
866547280,20855346005530,0.6709548830986023,Community Coffee,Lucky Jack,distinct_brand_true_hard_negative,low token-set similarity,30.76923076923077,30.769230769230774,40.0,13,0.0077533328506737414,0.0,0.0,,1,37,8
229211957,5060466510265,0.6704878807067871,Erikli,Relentless,distinct_brand_true_hard_negative,low token-set similarity,25.0,25.0,44.44444444444444,8,0.0,0.0,0.0,,1,169,21
67789418,5449000111739,0.6699777841567993,Chaudfontaine,Chaudfontaine,identical_normalized,compact keys equal,100.0,100.0,100.0,0,0.9999999999999993,1.0,1.0,chaudfontaine,2,83,20
539655627,4029679840034,0.6694165468215942,226ers,PowerBar,distinct_brand_true_hard_negative,low token-set similarity,28.57142857142857,28.57142857142857,36.36363636363637,6,0.009696061105458379,0.0,0.0,,1,96,17
718240476,100141411823,0.6693623065948486,Wandering Bear,Barissimo,distinct_brand_true_hard_negative,low token-set similarity,26.086956521739136,34.78260869565217,46.15384615384615,11,0.022889057943598974,0.0,0.0,,1,147,2
71713660,6415712400071,0.6691204309463501,Kotimaista,Kotimaista,identical_normalized,compact keys equal,100.0,100.0,100.0,0,1.0000000000000002,1.0,1.0,kotimaista,1,96,49
841572419,858176002522,0.668310284614563,Farm Boy,Super Drink,distinct_brand_true_hard_negative,low token-set similarity,21.052631578947366,21.05263157894737,28.57142857142857,10,0.0,0.0,0.0,,1,143,31
580179838,8710395945696,0.6682584285736084,Savia,Roosvicee,distinct_brand_true_hard_negative,low token-set similarity,42.85714285714286,42.857142857142854,60.0,7,0.016508837999165908,0.0,0.0,,1,35,33
532379100,4029679123632,0.6679461598396301,PowerBar,PowerBar,identical_normalized,compact keys equal,100.0,100.0,100.0,0,1.0000000000000002,1.0,1.0,powerbar,1,135,17
786107854,671785400042,0.6679039001464844,Naya,Eska,distinct_brand_true_hard_negative,low token-set similarity,25.0,25.0,40.0,3,0.01928975736315822,0.0,0.0,,1,45,18
841379196,8711900016344,0.6672309637069702,Peace Tea,Wicky,distinct_brand_true_hard_negative,low token-set similarity,14.28571428571429,14.285714285714292,22.22222222222222,8,0.0,0.0,0.0,,1,232,28
81480080,897351000878,0.6670379638671875,Sprecher,Hi Ball,distinct_brand_true_hard_negative,low token-set similarity,13.33333333333333,13.333333333333329,19.999999999999996,8,0.0,0.0,0.0,,1,93,5
750834038,4260667060786,0.6667912006378174,4Bro,4Bro,identical_normalized,compact keys equal,100.0,100.0,100.0,0,1.0000000000000002,1.0,1.0,4bro,2,86,12
963102914,787670900402,0.6660387516021729,Turkey Hill,Fit,distinct_brand_true_hard_negative,low token-set similarity,14.28571428571429,28.57142857142857,50.0,10,0.0,0.0,0.0,,1,125,3
55740572,8715600246452,0.6656172871589661,Crystal Clear,Crystal Clear,identical_normalized,compact keys equal,100.0,100.0,100.0,0,1.0000000000000007,1.0,1.0,clear crystal,2,117,33
578263598,3124480195326,0.6654127836227417,May Tea,May Tea,identical_normalized,compact keys equal,100.0,100.0,100.0,0,1.0000000000000002,1.0,1.0,may tea,6,258,36
912116732,8720157401964,0.665001630783081,DubbelFrisss,DubbelFrisss,identical_normalized,compact keys equal,100.0,100.0,100.0,0,0.9999999999999997,1.0,1.0,dubbelfrisss,2,168,52
208885479,843076001478,0.6648656129837036,Oze,Lakanto,distinct_brand_true_hard_negative,low token-set similarity,19.999999999999996,20.0,50.0,7,0.0,0.0,0.0,,1,222,14
517056474,352154328128,0.664725124835968,Inca Kola,Stewart's,distinct_brand_true_hard_negative,low token-set similarity,22.22222222222222,22.22222222222223,28.57142857142857,9,0.0,0.0,0.0,,1,42,21
356075621,352154300780,0.6644392609596252,Everfresh,Xyience,distinct_brand_true_hard_negative,low token-set similarity,25.0,25.0,40.0,8,0.0,0.0,0.0,,2,33,19
81159701,4260012974393,0.6640685200691223,Jardin Bio,Alnavit,distinct_brand_true_hard_negative,low token-set similarity,35.29411764705882,23.529411764705884,33.333333333333336,7,0.0,0.0,0.0,,1,179,19
842033159,5060268000209,0.6636512279510498,Obsesso,Coldpress,distinct_brand_true_hard_negative,low token-set similarity,50.0,50.0,60.0,6,0.05743131934260487,0.0,0.0,,1,146,16
275988746,4006309020103,0.6632737517356873,Schoenenberger,Schoenenberger,identical_normalized,compact keys equal,100.0,100.0,100.0,0,1.0000000000000009,1.0,1.0,schoenenberger,1,32,6
966974285,856128004884,0.6630978584289551,Strike Force,Sunberry,distinct_brand_true_hard_negative,low token-set similarity,30.000000000000004,20.0,36.36363636363637,9,0.008422685508089741,0.0,0.0,,1,49,7
67878005,5410233710228,0.663095235824585,Réal,Realemon,containment_or_truncation,prefix truncation,66.66666666666667,66.66666666666666,100.0,4,0.03021976747073251,0.0,0.0,,1,102,4
915079232,7340083411199,0.6630674600601196,Niehoffs Vaihinger,Garant,distinct_brand_true_hard_negative,low token-set similarity,16.666666666666664,16.66666666666667,44.44444444444444,16,0.0,0.0,0.0,,1,51,63
68706319,8008627000177,0.6629717946052551,Whole Foods Market,Lete,distinct_brand_true_hard_negative,low token-set similarity,27.27272727272727,27.272727272727266,66.66666666666667,15,0.03969212842668812,0.0,0.0,,1,95,4
445403395,5010102241107,0.6625717282295227,London Essence Co,London Essence Co,identical_normalized,compact keys equal,100.0,100.0,100.0,0,1.0000000000000002,0.9999999999999999,1.0,co essence london,1,55,5
653814658,8714862708913,0.6617938280105591,Creative Roots,Fruity King,distinct_brand_true_hard_negative,low token-set similarity,24.0,24.0,35.29411764705882,11,0.0,0.0,0.0,,1,42,35
23131007,5010102119611,0.6612147092819214,R Whites,R Whites,identical_normalized,compact keys equal,100.0,100.0,100.0,0,1.0000000000000004,1.0,1.0,r whites,1,65,5
14852750,5060438160115,0.6611813306808472,Odwalla,Protein Water,distinct_brand_true_hard_negative,low token-set similarity,30.000000000000004,30.0,33.333333333333336,10,0.02041007107441098,0.0,0.0,,1,57,3
873410104,649424330555,0.6610190868377686,Icee,Rio,distinct_brand_true_hard_negative,low token-set similarity,28.57142857142857,28.57142857142857,50.0,4,0.0,0.0,0.0,,1,38,1
351319158,655466867744,0.6608747243881226,Dark Blue,Full Throttle,distinct_brand_true_hard_negative,low token-set similarity,27.27272727272727,27.272727272727266,40.0,11,0.006151451881834106,0.0,0.0,,1,17,10
54220751,8715600246452,0.6607047319412231,Crystal Clear,Crystal Clear,identical_normalized,compact keys equal,100.0,100.0,100.0,0,1.0000000000000007,1.0,1.0,clear crystal,2,117,33
935900948,8722200960855,0.6605219841003418,Liquid Ice,AA,distinct_brand_true_hard_negative,low token-set similarity,0.0,0.0,0.0,10,0.0,0.0,0.0,,1,26,18
428908907,810048481804,0.6603811979293823,River,Kist,distinct_brand_true_hard_negative,low token-set similarity,22.22222222222222,22.22222222222223,33.333333333333336,4,0.0,0.0,0.0,,1,68,3
1046525407,5997210702235,0.6601367592811584,Fun Light,Rolnik,distinct_brand_true_hard_negative,low token-set similarity,26.66666666666667,26.66666666666667,36.36363636363637,8,0.0,0.0,0.0,,1,103,2
290780600,3770014856401,0.6600521802902222,Kizilay,Hysope,distinct_brand_true_hard_negative,low token-set similarity,15.384615384615385,15.384615384615387,28.57142857142857,7,0.0,0.0,0.0,,1,117,11
841273394,762357474445,0.6600278615951538,Greenhouse,Evolution Fresh,distinct_brand_true_hard_negative,low token-set similarity,31.999999999999996,32.0,42.85714285714286,13,0.007686903748132382,0.0,0.0,,1,31,62
231425617,8680462031655,0.6598812937736511,Kayseri Pazarı,Kayseri Pazarı,identical_normalized,compact keys equal,100.0,100.0,100.0,0,1.0000000000000004,1.0,1.0,kayseri pazar,1,233,1
47906564,3256222240022,0.6596027612686157,Rotbäckchen,Produits U,distinct_brand_true_hard_negative,low token-set similarity,28.57142857142857,28.57142857142857,46.15384615384615,10,0.009676212840575809,0.0,0.0,,1,36,3
431785827,5060174770371,0.6595726013183594,Niehoffs Vaihinger,Cherry Good,distinct_brand_true_hard_negative,low token-set similarity,20.68965517241379,20.689655172413794,35.29411764705882,16,0.005932677838167878,0.0,0.0,,1,51,2
289798881,5060102621331,0.6591075658798218,Mahbuba,Hartridges,distinct_brand_true_hard_negative,low token-set similarity,23.529411764705888,23.529411764705884,44.44444444444444,9,0.0,0.0,0.0,,1,133,9
1034108691,855842004262,0.6589733362197876,Rocky Mountain,Rocky Mountain,identical_normalized,compact keys equal,100.0,100.0,100.0,0,1.0000000000000007,1.0000000000000002,1.0,mountain rocky,1,15,6
212809474,466125153852,0.6578661203384399,ESI,Savia,distinct_brand_true_hard_negative,low token-set similarity,50.0,50.0,50.0,4,0.0,0.0,0.0,,1,22,8
693355839,6430032800042,0.6570419669151306,Cal Valls,Raikastamo,distinct_brand_true_hard_negative,low token-set similarity,31.57894736842105,31.578947368421055,40.0,9,0.0,0.0,0.0,,1,181,37
568032409,100140709075,0.6568800210952759,Ozarka,Strike Force,distinct_brand_true_hard_negative,low token-set similarity,22.22222222222222,33.33333333333333,40.0,11,0.0,0.0,0.0,,1,196,13
552423542,850027473291,0.655884861946106,Mix,VUE,brand_present_only_in_title,source brand inside target title,0.0,0.0,0.0,3,0.0,0.0,0.0,,1,64,3
959981856,739510900400,0.6558126211166382,Mug,SoBe,distinct_brand_true_hard_negative,low token-set similarity,0.0,0.0,0.0,4,0.0,0.0,0.0,,1,57,14
1040564365,4260456730586,0.6551476716995239,Gonrgy,Gonrgy,identical_normalized,compact keys equal,100.0,100.0,100.0,0,0.9999999999999997,1.0,1.0,gonrgy,1,29,9
956091711,695145142519,0.6550042629241943,Thick- It,Thick & Easy,partial_overlap_needs_review,partial overlap above distinct floor,66.66666666666667,76.92307692307692,85.71428571428572,4,0.3874385817149699,0.29814197286661265,0.3333333333333333,thick,2,99,25
993458367,688267001222,0.6549354791641235,Big 8,Peapod,distinct_brand_true_hard_negative,low token-set similarity,0.0,0.0,0.0,6,0.0,0.0,0.0,,4,104,96
80191474,4021375101761,0.6544539332389832,Ahoj Brause,Afri-Cola,distinct_brand_true_hard_negative,low token-set similarity,30.000000000000004,30.0,35.29411764705882,9,0.009773699347257633,0.0,0.0,,1,12,5
199496622,759740727196,0.6542105674743652,Skinny Mixes,Ralph's,distinct_brand_true_hard_negative,low token-set similarity,21.052631578947366,21.05263157894737,30.76923076923077,10,0.007007541933766413,0.0,0.0,,1,25,14
55762341,8715600239348,0.6540451049804688,Sourcy,Sourcy,identical_normalized,compact keys equal,100.0,100.0,100.0,0,1.0,1.0,1.0,sourcy,1,224,33
421217577,6419800052982,0.6538415551185608,Quézac,Olvi,distinct_brand_true_hard_negative,low token-set similarity,0.0,0.0,0.0,6,0.0,0.0,0.0,,1,44,52
981843714,7611612515269,0.6534940600395203,Ekobryggeriet,Premier,distinct_brand_true_hard_negative,low token-set similarity,40.0,40.0,54.54545454545454,9,0.024444284494845273,0.0,0.0,,1,68,121
430300205,4260137742556,0.6530364155769348,Römerquelle,Frusano,distinct_brand_true_hard_negative,low token-set similarity,22.22222222222222,22.22222222222223,44.44444444444444,9,0.0,0.0,0.0,,1,74,5
777301725,850888005310,0.6528239250183105,Nesfruta,Sanavi,distinct_brand_true_hard_negative,low token-set similarity,28.57142857142857,28.57142857142857,33.333333333333336,7,0.0,0.0,0.0,,1,33,9
584758317,616003265713,0.6526403427124023,Nature Blessed,Zing Zang,distinct_brand_true_hard_negative,low token-set similarity,17.391304347826086,17.391304347826093,36.36363636363637,13,0.0,0.0,0.0,,1,15,8
1014479190,702367905096,0.6524543762207031,Tang,Tang,identical_normalized,compact keys equal,100.0,100.0,100.0,0,0.9999999999999997,1.0,1.0,tang,1,191,33
387721911,3431590000557,0.652428150177002,Erikli,Danival,distinct_brand_true_hard_negative,low token-set similarity,30.76923076923077,30.769230769230774,40.0,6,0.0,0.0,0.0,,1,169,1
359892445,5201005081673,0.6523911356925964,Amita,Amita,identical_normalized,compact keys equal,100.0,100.0,100.0,0,0.9999999999999998,1.0,1.0,amita,1,146,36
908244119,3245390022691,0.6521415114402771,Migros,Reflet de France,distinct_brand_true_hard_negative,low token-set similarity,9.090909090909093,9.090909090909093,28.57142857142857,15,0.0,0.0,0.0,,1,74,7
885971944,42305187,0.6517596244812012,Clever,Alnavit,distinct_brand_true_hard_negative,low token-set similarity,30.76923076923077,30.769230769230774,36.36363636363637,5,0.0,0.0,0.0,,1,44,19
58047099,5607047012024,0.651412308216095,Fior di Loto,Pingo Doce,distinct_brand_true_hard_negative,low token-set similarity,45.45454545454546,36.36363636363637,50.0,9,0.02143075837761463,0.0,0.0,,1,23,7
517639675,7350000550498,0.6511409282684326,Mockingbird,Proviva,distinct_brand_true_hard_negative,low token-set similarity,22.22222222222222,22.22222222222223,33.333333333333336,10,0.0,0.0,0.0,,1,57,41
152568512,7340083456664,0.6510041952133179,Active O2,Garant,distinct_brand_true_hard_negative,low token-set similarity,26.66666666666667,26.66666666666667,44.44444444444444,9,0.0,0.0,0.0,,1,77,63
841450045,815154024112,0.6506552696228027,Loop,True North,distinct_brand_true_hard_negative,low token-set similarity,14.28571428571429,14.285714285714292,25.0,9,0.0,0.0,0.0,,1,100,6
72233549,745559826205,0.6503177285194397,Sambazon,Frannie's,distinct_brand_true_hard_negative,low token-set similarity,23.529411764705888,23.529411764705884,33.333333333333336,8,0.0,0.0,0.0,,1,46,18
375195660,8690088018893,0.649977445602417,Aksu Vital,Aksu Vital,identical_normalized,compact keys equal,100.0,100.0,100.0,0,0.9999999999999999,1.0,1.0,aksu vital,3,171,4
54293000,5600377971696,0.6499419212341309,Sourcy,Healsi,distinct_brand_true_hard_negative,low token-set similarity,16.666666666666664,16.66666666666667,28.57142857142857,6,0.0,0.0,0.0,,1,224,9
1044614004,7310070004765,0.6496313810348511,Vida,Ramlösa,distinct_brand_true_hard_negative,low token-set similarity,18.181818181818176,18.181818181818187,40.0,6,0.014225716879953026,0.0,0.0,,1,9,69
78837304,3124480185167,0.649391770362854,May Tea,May Tea,identical_normalized,compact keys equal,100.0,100.0,100.0,0,1.0000000000000002,1.0,1.0,may tea,6,258,36
123637764,7610491085405,0.6493675708770752,Meneau,Morga,distinct_brand_true_hard_negative,low token-set similarity,36.36363636363637,36.36363636363637,40.0,4,0.018138354241055116,0.0,0.0,,1,181,19
81223081,3291330001356,0.6493027210235596,Jardin Bio,Caresse Antillaise,distinct_brand_true_hard_negative,low token-set similarity,28.57142857142857,28.57142857142857,33.333333333333336,14,0.007804694245279835,0.0,0.0,,1,179,20
899475718,688267001222,0.6487398147583008,Big 8,Peapod,distinct_brand_true_hard_negative,low token-set similarity,0.0,0.0,0.0,6,0.0,0.0,0.0,,4,104,96
76600491,702334644621,0.6486645936965942,Angel Specialty Products,Angel Specialty Products,identical_normalized,compact keys equal,100.0,100.0,100.0,0,1.0000000000000009,1.0000000000000002,1.0,angel products specialty,1,9,8
1041827803,5201005079403,0.6482601761817932,Cool Best,Frulite,distinct_brand_true_hard_negative,low token-set similarity,25.0,12.5,30.76923076923077,7,0.0,0.0,0.0,,1,234,7
251592610,810081770835,0.6480351686477661,Aqua Esse,Fusion Select,distinct_brand_true_hard_negative,low token-set similarity,36.36363636363637,36.36363636363637,44.44444444444444,11,0.014357332246385048,0.0,0.0,,1,48,10
836427278,8412042502305,0.6475826501846313,Monchique,Mondariz,distinct_brand_true_hard_negative,low token-set similarity,47.05882352941176,47.05882352941177,57.14285714285714,6,0.09295539551289611,0.0,0.0,,1,24,8
52258539,4066600103448,0.6472684144973755,Spezi,Paulaner,distinct_brand_true_hard_negative,low token-set similarity,30.76923076923077,30.769230769230774,33.333333333333336,8,0.0,0.0,0.0,,1,17,5
54294950,8719214811037,0.6467459201812744,Slimpie,Slimpie,identical_normalized,compact keys equal,100.0,100.0,100.0,0,0.9999999999999999,1.0,1.0,slimpie,3,106,16
597396465,785571473452,0.6465214490890503,Javy,Javy,identical_normalized,compact keys equal,100.0,100.0,100.0,0,1.0,1.0,1.0,javy,1,201,16
59068988,3564700871508,0.6463991403579712,William Fox,Frucci,distinct_brand_true_hard_negative,low token-set similarity,11.764705882352944,23.529411764705884,25.0,11,0.012209203862006504,0.0,0.0,,1,69,31
12609331,5900397737594,0.6462134122848511,Lowicz,Lowicz,identical_normalized,compact keys equal,100.0,100.0,100.0,0,1.0,1.0,1.0,lowicz,2,10,2
613937907,784672206433,0.6461811065673828,Tea Zone,Buddha Bubbles Boba,distinct_brand_true_hard_negative,low token-set similarity,22.22222222222222,22.22222222222223,40.0,16,0.012545722580327998,0.0,0.0,,1,30,22
47988008,3274490970182,0.6456590890884399,D'Arbo,Meneau,distinct_brand_true_hard_negative,low token-set similarity,16.666666666666664,16.66666666666667,25.0,6,0.0,0.0,0.0,,1,77,40
133162458,3760224570457,0.6451957821846008,Les Fees Bio,Les Fees Bio,identical_normalized,compact keys equal,100.0,100.0,100.0,0,1.0000000000000002,1.0,1.0,bio fees les,1,39,10
122962103,5449000273031,0.6445531845092773,Mr. Fitzpatrick's,Chaudfontaine,distinct_brand_true_hard_negative,low token-set similarity,27.586206896551722,27.58620689655173,31.999999999999996,14,0.0,0.0,0.0,,1,34,20
969956216,7350116311426,0.6439331769943237,Pureness,Pureness,identical_normalized,compact keys equal,100.0,100.0,100.0,0,0.9999999999999999,1.0,1.0,pureness,2,39,13
553514421,8719214811167,0.6438515782356262,Slimpie,Slimpie,identical_normalized,compact keys equal,100.0,100.0,100.0,0,0.9999999999999999,1.0,1.0,slimpie,3,106,16
81709213,7310090395164,0.6430673003196716,Stift,Fun,distinct_brand_true_hard_negative,low token-set similarity,25.0,25.0,40.0,5,0.0,0.0,0.0,,1,26,46
249643217,5425002401382,0.6429522037506104,Bio Food,QNT,distinct_brand_true_hard_negative,low token-set similarity,0.0,0.0,0.0,8,0.0,0.0,0.0,,1,23,11
149880103,7611612516587,0.6425201892852783,Erbology,Premier,distinct_brand_true_hard_negative,low token-set similarity,26.66666666666667,26.66666666666667,44.44444444444444,7,0.01042468279974368,0.0,0.0,,1,40,121
80679178,4306188267867,0.6413813233375549,Stift,Jeden Tag,distinct_brand_true_hard_negative,low token-set similarity,14.28571428571429,14.285714285714292,25.0,8,0.0,0.0,0.0,,1,26,7
908401849,8690793010502,0.6407866477966309,Erikli,Erikli,identical_normalized,compact keys equal,100.0,100.0,100.0,0,1.0,1.0,1.0,erikli,5,169,18
445414439,3551720039391,0.6405250430107117,Albi,PureThé,distinct_brand_true_hard_negative,low token-set similarity,0.0,0.0,0.0,7,0.0,0.0,0.0,,1,115,4
1006827951,5201156633035,0.6403518319129944,Nesfruta,ebe,distinct_brand_true_hard_negative,low token-set similarity,18.181818181818176,18.181818181818187,40.0,7,0.0,0.0,0.0,,1,33,27
811355449,5060102622215,0.6397516131401062,S Pellegrino,Hartridges,distinct_brand_true_hard_negative,low token-set similarity,18.181818181818176,27.272727272727266,28.57142857142857,11,0.013959506570292504,0.0,0.0,,1,78,9
198319640,898806002607,0.6391795873641968,Full Circle Market,Icee,distinct_brand_true_hard_negative,low token-set similarity,36.36363636363637,36.36363636363637,50.0,14,0.008199051404080901,0.0,0.0,,1,8,7
447226739,3274490970595,0.6388488411903381,Albi,Meneau,distinct_brand_true_hard_negative,low token-set similarity,19.999999999999996,20.0,33.333333333333336,6,0.0,0.0,0.0,,1,115,40
403080380,9015160105930,0.6384375095367432,Sir Up,Almdudler,distinct_brand_true_hard_negative,low token-set similarity,13.33333333333333,13.333333333333329,28.57142857142857,8,0.014794118106847446,0.0,0.0,,1,51,9
302147372,4250519605821,0.6383498907089233,ESN,ESN,identical_normalized,compact keys equal,100.0,100.0,100.0,0,1.0000000000000002,1.0,1.0,esn,2,82,16
810191846,4260447590793,0.6376026272773743,Günbak,Bleichhof,distinct_brand_true_hard_negative,low token-set similarity,13.33333333333333,13.333333333333329,28.57142857142857,9,0.0,0.0,0.0,,1,144,7
859341013,6415718072104,0.6373292207717896,Radnor,Rainbow,distinct_brand_true_hard_negative,low token-set similarity,61.53846153846154,61.53846153846154,66.66666666666667,3,0.05702225133649898,0.0,0.0,,1,100,81
251659448,4260667060083,0.6372283697128296,Pip Organic,4Bro,distinct_brand_true_hard_negative,low token-set similarity,13.33333333333333,13.333333333333329,25.0,10,0.0,0.0,0.0,,1,63,12
6652397,5000382041863,0.6354261040687561,Strathmore,Strathmore,identical_normalized,compact keys equal,100.0,100.0,100.0,0,1.0000000000000004,1.0,1.0,strathmore,1,47,5
68130594,688267001352,0.6352896690368652,A&W,Peapod,distinct_brand_true_hard_negative,low token-set similarity,22.22222222222222,22.22222222222223,33.333333333333336,5,0.0,0.0,0.0,,1,62,96
967135454,855103006080,0.6351480484008789,Peace Tea,Seven Teas,distinct_brand_true_hard_negative,low token-set similarity,63.1578947368421,63.1578947368421,66.66666666666667,5,0.13820764785688816,0.0,0.0,,2,232,10
614255170,8690723581201,0.63509202003479,Fruit Fast,Frutti,distinct_brand_true_hard_negative,low token-set similarity,62.5,50.0,80.0,6,0.16779339469377,0.0,0.0,,1,28,13
190436079,804090204825,0.6339600682258606,Natural Brew,Starbucks Frappuccino Vanilla,distinct_brand_true_hard_negative,low token-set similarity,24.390243902439025,29.268292682926827,37.5,24,0.006244485187071233,0.0,0.0,,1,21,10
880107624,8712800100942,0.6338004469871521,Içim,Friesche,distinct_brand_true_hard_negative,low token-set similarity,33.333333333333336,33.33333333333333,50.0,6,0.0,0.0,0.0,,1,48,10
173405062,5999076233250,0.6337720155715942,Aurica,Bio Techusa,distinct_brand_true_hard_negative,low token-set similarity,35.29411764705882,35.294117647058826,44.44444444444444,9,0.008732406576187162,0.0,0.0,,1,59,14
81054050,4101130002912,0.6336171627044678,Stift,Rheinfels Quelle,distinct_brand_true_hard_negative,low token-set similarity,19.047619047619047,19.04761904761905,40.0,14,0.0,0.0,0.0,,1,26,21
201466507,739223006260,0.6332917213439941,Skinny Mixes,Nu Naturals,distinct_brand_true_hard_negative,low token-set similarity,26.086956521739136,26.086956521739125,31.57894736842105,10,0.00643199473458275,0.0,0.0,,1,25,8
199835405,787776666233,0.6326526403427124,Moulin de Valdonne,Davincii,distinct_brand_true_hard_negative,low token-set similarity,23.076923076923073,23.07692307692308,30.76923076923077,16,0.017333113497466947,0.0,0.0,,1,172,12
512752621,8722200964969,0.6301707625389099,Bar-le-Duc,Bar-le-Duc,identical_normalized,compact keys equal,100.0,100.0,100.0,0,1.0000000000000007,1.0000000000000002,1.0,bar duc le,1,103,26
79479983,721866642714,0.6300308704376221,Qcumber,Qcumber,identical_normalized,compact keys equal,100.0,100.0,100.0,0,0.9999999999999998,1.0,1.0,qcumber,1,28,3
81093782,42278924,0.6297867298126221,Bezoya,Alnavit,distinct_brand_true_hard_negative,low token-set similarity,15.384615384615385,15.384615384615387,28.57142857142857,7,0.0,0.0,0.0,,1,76,19
278867691,810158588004,0.629118800163269,Sweetbird,George's,distinct_brand_true_hard_negative,low token-set similarity,23.529411764705888,23.529411764705884,33.333333333333336,8,0.0,0.0,0.0,,1,50,7
829932092,710051617606,0.627993106842041,Dropp,Rebbl,distinct_brand_true_hard_negative,low token-set similarity,19.999999999999996,20.0,33.333333333333336,5,0.0,0.0,0.0,,1,16,9
422265888,4250519604350,0.6272433400154114,Obrilo,ESN,distinct_brand_true_hard_negative,low token-set similarity,0.0,0.0,0.0,6,0.0,0.0,0.0,,1,17,16
823433189,753677049161,0.6263424158096313,JOYBA,Ralph's,distinct_brand_true_hard_negative,low token-set similarity,16.666666666666664,16.66666666666667,28.57142857142857,7,0.0,0.0,0.0,,1,62,14
76620758,8719214810436,0.6258998513221741,Slimpie,Slimpie,identical_normalized,compact keys equal,100.0,100.0,100.0,0,0.9999999999999999,1.0,1.0,slimpie,3,106,16
857532621,853158004037,0.6249877214431763,Faragello,Alkaline88,distinct_brand_true_hard_negative,low token-set similarity,31.57894736842105,31.578947368421055,42.85714285714286,9,0.0,0.0,0.0,,1,1,18
303744852,690543000027,0.6245582103729248,Folkington's,Boston America,distinct_brand_true_hard_negative,low token-set similarity,38.46153846153846,30.769230769230774,52.63157894736843,12,0.04435604045172899,0.0,0.0,,1,54,5
49800872,6415130027980,0.6245445013046265,Albi,Marli,distinct_brand_true_hard_negative,low token-set similarity,66.66666666666667,66.66666666666666,75.0,3,0.027339360479520552,0.0,0.0,,1,115,110
277195985,5060113200266,0.6238508820533752,Cido,Eager,distinct_brand_true_hard_negative,low token-set similarity,0.0,0.0,0.0,5,0.0,0.0,0.0,,1,1,5
457803667,5060406080155,0.623165488243103,Bärenmarke,Minor Figures,distinct_brand_true_hard_negative,low token-set similarity,26.086956521739136,34.78260869565217,31.57894736842105,11,0.00790743058544642,0.0,0.0,,1,35,3
386252862,4260667060908,0.6228319406509399,Ege Lokman,4Bro,distinct_brand_true_hard_negative,low token-set similarity,14.28571428571429,14.285714285714292,25.0,9,0.0,0.0,0.0,,1,260,12
75890437,744160230005,0.6224530935287476,Collins,Barsmith,distinct_brand_true_hard_negative,low token-set similarity,13.33333333333333,13.333333333333329,19.999999999999996,7,0.0,0.0,0.0,,1,28,13
579536999,637910117070,0.6224288940429688,United Sodas of America,Bawls,distinct_brand_true_hard_negative,low token-set similarity,14.28571428571429,14.285714285714292,40.0,22,0.006169713011572127,0.0,0.0,,1,18,22
133643782,860785000486,0.6221927404403687,Active O2,Shine Water,distinct_brand_true_hard_negative,low token-set similarity,30.000000000000004,30.0,46.15384615384615,9,0.007667577721732871,0.0,0.0,,1,77,12
173663881,852789008445,0.6217191219329834,LIFEWTR,ZenWTR,distinct_brand_true_hard_negative,low token-set similarity,61.53846153846154,61.53846153846154,80.0,4,0.2164784780975511,0.0,0.0,,1,125,8
841237577,671785201007,0.6216100454330444,Eska,Eska,identical_normalized,compact keys equal,100.0,100.0,100.0,0,1.0,1.0,1.0,eska,2,98,18
1046883222,8713300075426,0.6215397119522095,Sun Quench,DubbelFrisss,distinct_brand_true_hard_negative,low token-set similarity,18.181818181818176,27.272727272727266,26.66666666666667,11,0.0,0.0,0.0,,1,30,52
908430333,8690793010038,0.621224045753479,Erikli,Erikli,identical_normalized,compact keys equal,100.0,100.0,100.0,0,1.0,1.0,1.0,erikli,5,169,18
251631676,7040518520358,0.6208961009979248,Pip Organic,Cevita,distinct_brand_true_hard_negative,low token-set similarity,23.529411764705888,23.529411764705884,28.57142857142857,10,0.0,0.0,0.0,,1,63,36
258180626,4104760401865,0.6205669641494751,Hochwald,Black Forest,distinct_brand_true_hard_negative,low token-set similarity,9.999999999999998,10.0,19.999999999999996,11,0.0,0.0,0.0,,1,15,5
123998589,850001988902,0.6205024719238281,Sun-Rype,Real Ketones,distinct_brand_true_hard_negative,low token-set similarity,19.999999999999996,20.0,40.0,10,0.0,0.0,0.0,,1,149,6
300591788,687408968417,0.6204671859741211,Raptor,Raptor,identical_normalized,compact keys equal,100.0,100.0,100.0,0,1.0000000000000002,1.0,1.0,raptor,1,11,1
961119203,8720157464884,0.6196995973587036,Organic Health,Taksi,distinct_brand_true_hard_negative,low token-set similarity,21.052631578947366,31.578947368421055,40.0,13,0.0,0.0,0.0,,1,62,21
755794542,4104450003195,0.61932373046875,Montellier,Deit,distinct_brand_true_hard_negative,low token-set similarity,28.57142857142857,28.57142857142857,50.0,8,0.0,0.0,0.0,,1,83,14
864248362,785357017382,0.6182699203491211,Obsesso,Peet's Coffee,distinct_brand_true_hard_negative,low token-set similarity,30.000000000000004,30.0,42.85714285714286,11,0.0,0.0,0.0,,1,146,12
150010434,8056326430139,0.6172597408294678,Plenish,Beebad,distinct_brand_true_hard_negative,low token-set similarity,15.384615384615385,15.384615384615387,22.22222222222222,6,0.0,0.0,0.0,,1,30,5
582506647,8432425091219,0.6166658401489258,Kaiku,Kaiku,identical_normalized,compact keys equal,100.0,100.0,100.0,0,0.9999999999999998,1.0,1.0,kaiku,1,142,21
954007980,7310070003027,0.6156609654426575,Qwell,Ramlösa,distinct_brand_true_hard_negative,low token-set similarity,16.666666666666664,16.66666666666667,22.22222222222222,6,0.0,0.0,0.0,,1,8,69
300302244,680201880306,0.6147869825363159,Cactus Cooler,Mistic,distinct_brand_true_hard_negative,low token-set similarity,21.052631578947366,21.05263157894737,33.333333333333336,11,0.0,0.0,0.0,,1,18,8
957538171,8431108105496,0.6143317818641663,Bullit,Bragulat,distinct_brand_true_hard_negative,low token-set similarity,57.14285714285714,57.142857142857146,60.0,5,0.048480119322548004,0.0,0.0,,1,82,2
281736812,8693593310018,0.6138386726379395,Aksu Vital,Akmina,distinct_brand_true_hard_negative,low token-set similarity,50.0,50.0,50.0,6,0.08630929366071484,0.0,0.0,,1,171,7
749914622,628504309032,0.6127859354019165,Two Bears,Two Bears,identical_normalized,compact keys equal,100.0,100.0,100.0,0,0.9999999999999997,1.0,1.0,bears two,2,55,5
992927700,5015612151571,0.6113272905349731,Greenhouse Juice,Nielsen-Massey,distinct_brand_true_hard_negative,low token-set similarity,33.333333333333336,33.33333333333333,41.666666666666664,13,0.023025234963550866,0.0,0.0,,1,63,1
365953038,811538011167,0.6112224459648132,José Cuervo,José Cuervo,identical_normalized,compact keys equal,100.0,100.0,100.0,0,1.0000000000000004,1.0,1.0,cuervo jose,2,65,11
841413294,7310867561013,0.610880970954895,Rougemont,Bravo,distinct_brand_true_hard_negative,low token-set similarity,28.57142857142857,28.57142857142857,57.14285714285714,8,0.0,0.0,0.0,,2,41,34
71344157,2020005436367,0.6108583807945251,Ozarka,Römerquelle,distinct_brand_true_hard_negative,low token-set similarity,23.529411764705888,23.529411764705884,36.36363636363637,9,0.0,0.0,0.0,,1,196,25
123810994,6430070650166,0.6105636358261108,Bigallet,The Good Guys,distinct_brand_true_hard_negative,low token-set similarity,9.523809523809524,19.04761904761905,22.22222222222222,12,0.0,0.0,0.0,,1,32,15
949076136,8719153003708,0.6100168824195862,Organic Health,BioToday,distinct_brand_true_hard_negative,low token-set similarity,18.181818181818176,27.272727272727266,33.333333333333336,12,0.0,0.0,0.0,,1,62,11
95497908,691338243056,0.6097532510757446,Plein fruit,Clear American,distinct_brand_true_hard_negative,low token-set similarity,40.0,40.0,45.45454545454546,10,0.019305185014970687,0.0,0.0,,1,25,5
740115312,5701161712478,0.6097511053085327,Slush Puppie,Blue Keld,distinct_brand_true_hard_negative,low token-set similarity,38.095238095238095,38.095238095238095,40.0,9,0.03103567340603733,0.0,0.0,,1,21,14
1041184342,662166223305,0.6096212267875671,Gold Medal,Patience Fruit & Co,distinct_brand_true_hard_negative,low token-set similarity,7.4074074074074066,22.22222222222223,18.181818181818176,16,0.0,0.0,0.0,,1,13,3
934520202,8433329089876,0.6095176935195923,Ogeu,El Corte Inglés,distinct_brand_true_hard_negative,low token-set similarity,31.57894736842105,31.578947368421055,50.0,12,0.0,0.0,0.0,,1,32,72
163862932,7310865074539,0.6078234910964966,Loop,God Morgon,distinct_brand_true_hard_negative,low token-set similarity,28.57142857142857,28.57142857142857,50.0,8,0.0,0.0,0.0,,1,100,61
431789838,4100060024346,0.605932354927063,Niehoffs Vaihinger,Wesergold,distinct_brand_true_hard_negative,low token-set similarity,29.629629629629626,29.629629629629633,36.36363636363637,16,0.006203052345053962,0.0,0.0,,1,51,6
833469890,8680014080735,0.605880856513977,Fuska,Fuska,identical_normalized,compact keys equal,100.0,100.0,100.0,0,0.9999999999999998,1.0,1.0,fuska,1,32,1
908708287,882381057275,0.6057902574539185,Gülşah,Poli,distinct_brand_true_hard_negative,low token-set similarity,19.999999999999996,20.0,28.57142857142857,5,0.0,0.0,0.0,,1,33,7
551621389,8694023200565,0.6057490110397339,Poli,Poli,identical_normalized,compact keys equal,100.0,100.0,100.0,0,0.9999999999999996,1.0,1.0,poli,2,55,7
382623406,4260593957686,0.6047838926315308,3D,nu3,distinct_brand_true_hard_negative,low token-set similarity,40.0,40.0,66.66666666666667,3,0.0,0.0,0.0,,1,81,1
135425684,8018161002001,0.6043609380722046,NONAGE,Achillea,distinct_brand_true_hard_negative,low token-set similarity,28.57142857142857,28.57142857142857,28.57142857142857,7,0.0,0.0,0.0,,1,2,7
841696724,8717163859568,0.6041831970214844,Well,Jif,distinct_brand_true_hard_negative,low token-set similarity,0.0,0.0,0.0,4,0.0,0.0,0.0,,1,35,3
1033851117,785357019331,0.604015588760376,Farm Boy,Peet's Coffee,distinct_brand_true_hard_negative,low token-set similarity,19.047619047619047,19.04761904761905,26.66666666666667,11,0.0,0.0,0.0,,1,143,12
153554995,6415130036739,0.6036566495895386,Daylesford,Marli,distinct_brand_true_hard_negative,low token-set similarity,26.66666666666667,26.66666666666667,44.44444444444444,8,0.0,0.0,0.0,,1,71,110
811911947,622356616874,0.6034877300262451,Gülşah,Thirsti,distinct_brand_true_hard_negative,low token-set similarity,15.384615384615385,15.384615384615387,25.0,6,0.0,0.0,0.0,,1,33,7
904530530,4058300156282,0.6030548214912415,Splash Blast,Selters,distinct_brand_true_hard_negative,low token-set similarity,31.57894736842105,31.578947368421055,50.0,9,0.007983925641874673,0.0,0.0,,1,60,6
522532861,855891006125,0.6024247407913208,CForce,CForce,identical_normalized,compact keys equal,100.0,100.0,100.0,0,0.9999999999999996,1.0,1.0,cforce,1,17,5
220210595,5906732626035,0.6019258499145508,Dr Brown's,Krokus,distinct_brand_true_hard_negative,low token-set similarity,37.5,37.5,50.0,7,0.020733064900838847,0.0,0.0,,1,173,1
1032556519,189727000712,0.601696252822876,Teavana,Kiju Organic,distinct_brand_true_hard_negative,low token-set similarity,21.052631578947366,21.05263157894737,36.36363636363637,10,0.01156375636508619,0.0,0.0,,1,83,4
249993827,3800500925752,0.5993080139160156,Torku,Vitaorganic,distinct_brand_true_hard_negative,low token-set similarity,37.5,37.5,60.0,8,0.014456388734409154,0.0,0.0,,1,37,6
864132099,7313619001416,0.5990955829620361,Cheribundi,Brämhults,distinct_brand_true_hard_negative,low token-set similarity,21.052631578947366,21.05263157894737,28.57142857142857,9,0.0,0.0,0.0,,1,96,68
955789718,614362707226,0.5989092588424683,Margaritaville,Barsmith,distinct_brand_true_hard_negative,low token-set similarity,36.36363636363637,36.36363636363637,50.0,10,0.025788682386084595,0.0,0.0,,1,51,13
53874577,7044610874920,0.5987887382507324,El Corte Inglés,Imsdal,distinct_brand_true_hard_negative,low token-set similarity,19.047619047619047,19.04761904761905,33.333333333333336,14,0.03462321734056,0.0,0.0,,1,205,13
162881892,8713300051505,0.5969367623329163,DubbelFrisss,DubbelFrisss,identical_normalized,compact keys equal,100.0,100.0,100.0,0,0.9999999999999997,1.0,1.0,dubbelfrisss,2,168,52
269397226,4013143110525,0.5967159271240234,Bad Liebenwerda,Bad Liebenwerda,identical_normalized,compact keys equal,100.0,100.0,100.0,0,1.0000000000000007,1.0000000000000002,1.0,bad liebenwerda,1,73,22
929773096,850014705008,0.5957106351852417,Boost,Rowdy Energy,distinct_brand_true_hard_negative,low token-set similarity,11.764705882352944,11.764705882352942,28.57142857142857,11,0.0,0.0,0.0,,1,120,17
1030903041,7350146812153,0.594410240650177,Latitude 65,Latitude 65,identical_normalized,compact keys equal,100.0,100.0,100.0,0,1.0,1.0000000000000002,1.0,65 latitude,1,56,16
1027331954,793674480208,0.5943636894226074,No 1 Living,Kist,distinct_brand_true_hard_negative,low token-set similarity,13.33333333333333,13.333333333333329,28.57142857142857,10,0.0,0.0,0.0,,1,25,3
983156110,8008720081011,0.5938320159912109,Ekobryggeriet,Recoaro,distinct_brand_true_hard_negative,low token-set similarity,30.000000000000004,30.0,50.0,11,0.0,0.0,0.0,,2,68,7
432050917,3700749300016,0.5929861068725586,Marcel,Marcel,identical_normalized,compact keys equal,100.0,100.0,100.0,0,1.0000000000000002,1.0,1.0,marcel,4,129,33
961432659,9005336008103,0.5928882360458374,Organic Health,Obsthof Retter,distinct_brand_true_hard_negative,low token-set similarity,28.57142857142857,28.57142857142857,34.78260869565217,11,0.02234934986336031,0.0,0.0,,1,62,16
966822508,853204007548,0.5912632346153259,Private Selection,Bizzy,distinct_brand_true_hard_negative,low token-set similarity,9.090909090909093,9.090909090909093,25.0,16,0.0,0.0,0.0,,1,36,6
629159278,4260213391630,0.5895740985870361,Dr. Goerg,Dr. Goerg,identical_normalized,compact keys equal,100.0,100.0,100.0,0,0.9999999999999998,1.0000000000000002,1.0,dr goerg,1,54,2
856492149,3804078268266,0.5891154408454895,Phocus,Machu Picchu,distinct_brand_true_hard_negative,low token-set similarity,33.333333333333336,33.33333333333333,50.0,10,0.007951380884830946,0.0,0.0,,1,6,9
20132101,6010851994940,0.5890669226646423,Musselman's,Musselman's,identical_normalized,compact keys equal,100.0,100.0,100.0,0,1.0000000000000007,1.0,1.0,musselman s,1,14,1
902256110,722776003749,0.5887358784675598,Turkey Hill,Splenda,distinct_brand_true_hard_negative,low token-set similarity,11.111111111111116,22.22222222222223,25.0,10,0.0,0.0,0.0,,1,125,15
170983248,855103006080,0.588411808013916,Peace Tea,Seven Teas,distinct_brand_true_hard_negative,low token-set similarity,63.1578947368421,63.1578947368421,66.66666666666667,5,0.13820764785688816,0.0,0.0,,2,232,10
72272964,798235701013,0.5876448154449463,Tang,L&A,distinct_brand_true_hard_negative,low token-set similarity,28.57142857142857,28.57142857142857,40.0,4,0.0,0.0,0.0,,1,191,11
251621253,5999885917396,0.5871233940124512,Aqua Pacific,Viwa,distinct_brand_true_hard_negative,low token-set similarity,12.5,12.5,40.0,11,0.008932300766616955,0.0,0.0,,1,52,3
948859879,7040518520372,0.5868442058563232,Organic Health,Cevita,distinct_brand_true_hard_negative,low token-set similarity,30.000000000000004,30.0,50.0,11,0.0,0.0,0.0,,1,62,36
282993181,4013256991950,0.5862365961074829,Sade Organik,Lichtenauer,distinct_brand_true_hard_negative,low token-set similarity,26.086956521739136,26.086956521739125,33.333333333333336,11,0.0,0.0,0.0,,1,73,13
961335205,5404017402751,0.585379958152771,Organic Health,QNT,distinct_brand_true_hard_negative,low token-set similarity,23.529411764705888,11.764705882352942,40.0,12,0.0,0.0,0.0,,1,62,11
55769912,722776003749,0.5843260288238525,Publix,Splenda,distinct_brand_true_hard_negative,low token-set similarity,30.76923076923077,30.769230769230774,44.44444444444444,6,0.0,0.0,0.0,,1,239,15
74513378,5060524790264,0.5842125415802002,Yedigun,Flawsome!,distinct_brand_true_hard_negative,low token-set similarity,13.33333333333333,13.333333333333329,25.0,8,0.0,0.0,0.0,,1,86,6
252460537,90311307,0.5839489102363586,Römerquelle,Römerquelle,identical_normalized,compact keys equal,100.0,100.0,100.0,0,1.0000000000000007,1.0,1.0,romerquelle,1,74,25
82414438,7350068170065,0.5836677551269531,Ozarka,Loviseberg Råsaft,distinct_brand_true_hard_negative,low token-set similarity,26.086956521739136,26.086956521739125,36.36363636363637,14,0.0,0.0,0.0,,1,196,36
220913990,8680050690035,0.583281397819519,Cemil,Cemil,identical_normalized,compact keys equal,100.0,100.0,100.0,0,0.9999999999999999,1.0,1.0,cemil,1,21,2
756811718,654690512833,0.582893431186676,Mug Root Beer,Mug Root Beer,identical_normalized,compact keys equal,100.0,100.0,100.0,0,1.0000000000000004,0.9999999999999998,1.0,beer mug root,1,48,3
242872509,634158670480,0.5818091630935669,Moose Juice,Moose Juice,identical_normalized,compact keys equal,100.0,100.0,100.0,0,1.0,0.9999999999999998,1.0,juice moose,1,20,1
850975576,8410283348058,0.5801788568496704,Big Red,La Casera,distinct_brand_true_hard_negative,low token-set similarity,25.0,12.5,28.57142857142857,8,0.0,0.0,0.0,,1,118,32
1763244,854902007021,0.5798438191413879,Blue Print,Detox Water,distinct_brand_true_hard_negative,low token-set similarity,28.57142857142857,28.57142857142857,33.333333333333336,10,0.0,0.0,0.0,,1,17,1
159219108,813427000689,0.5792698264122009,Thirsty Planet,Hampstead Tea,distinct_brand_true_hard_negative,low token-set similarity,37.03703703703704,29.629629629629633,41.666666666666664,11,0.01653562672536539,0.0,0.0,,1,138,4
483090740,615764073544,0.5790824294090271,Nestlé,Recover 180,distinct_brand_true_hard_negative,low token-set similarity,23.529411764705888,23.529411764705884,33.333333333333336,9,0.0,0.0,0.0,,1,19,6
142466764,850044847686,0.5756370425224304,Organic Health,NatureWorks,distinct_brand_true_hard_negative,low token-set similarity,24.0,32.0,30.76923076923077,13,0.009995117065884757,0.0,0.0,,1,62,1
10258851,5011020104512,0.5756303071975708,Odwalla,Deep RiverRock,distinct_brand_true_hard_negative,low token-set similarity,9.523809523809524,9.523809523809518,25.0,14,0.0,0.0,0.0,,1,57,12
373380548,5204125100361,0.5726993083953857,Ege Lokman,Kampos Chioy,distinct_brand_true_hard_negative,low token-set similarity,18.181818181818176,27.272727272727266,33.333333333333336,12,0.0,0.0,0.0,,1,260,10
993091034,628451439332,0.57230544090271,Well,Well,identical_normalized,compact keys equal,100.0,100.0,100.0,0,0.9999999999999999,1.0,1.0,well,1,35,2
690260347,688267138072,0.5719519257545471,Publix,Nature's Promise,distinct_brand_true_hard_negative,low token-set similarity,18.181818181818176,18.181818181818187,33.333333333333336,14,0.00911584742182061,0.0,0.0,,1,239,9
250068791,851818001426,0.5717676877975464,Loop,Dry,distinct_brand_true_hard_negative,low token-set similarity,0.0,0.0,0.0,4,0.0,0.0,0.0,,1,100,21
964905959,8694023200732,0.5699515342712402,Poli,Poli,identical_normalized,compact keys equal,100.0,100.0,100.0,0,0.9999999999999996,1.0,1.0,poli,2,55,7
179803320,6415130079866,0.5697870850563049,Ege Lokman,Marli,distinct_brand_true_hard_negative,low token-set similarity,26.66666666666667,26.66666666666667,50.0,9,0.02035100989473956,0.0,0.0,,1,260,110
960246995,748252125101,0.5697254538536072,Organic Health,Watt's,distinct_brand_true_hard_negative,low token-set similarity,19.999999999999996,20.0,40.0,12,0.0,0.0,0.0,,1,62,3
50800819,5060040190180,0.5692700147628784,Ahoj Brause,Mangajo,distinct_brand_true_hard_negative,low token-set similarity,22.22222222222222,22.22222222222223,40.0,10,0.0,0.0,0.0,,1,12,6
360334991,858690007027,0.5677843689918518,Bacanha,Skratch Labs,distinct_brand_true_hard_negative,low token-set similarity,42.10526315789473,42.10526315789474,57.14285714285714,9,0.0,0.0,0.0,,1,52,24
71172249,3292090000269,0.5669402480125427,Country Club,Royal Soda,distinct_brand_true_hard_negative,low token-set similarity,27.27272727272727,27.272727272727266,35.29411764705882,10,0.0,0.0,0.0,,1,8,4
55658100,3350031895203,0.5660537481307983,DubbelFrisss,Monoprix,distinct_brand_true_hard_negative,low token-set similarity,19.999999999999996,20.0,30.76923076923077,10,0.010056774130498429,0.0,0.0,,1,168,15
71970581,3292482260042,0.5660333037376404,Ozarka,Rieme,distinct_brand_true_hard_negative,low token-set similarity,18.181818181818176,18.181818181818187,25.0,6,0.0,0.0,0.0,,1,196,7
160946502,87222395,0.5653579235076904,Enervit,AA,distinct_brand_true_hard_negative,low token-set similarity,0.0,0.0,0.0,7,0.0,0.0,0.0,,1,40,18
72962461,850054035028,0.5640045404434204,Gevalia,Waiakea,distinct_brand_true_hard_negative,low token-set similarity,42.85714285714286,42.857142857142854,54.54545454545454,5,0.0334118079578533,0.0,0.0,,1,33,13
375165231,4009228040085,0.563906192779541,President's Choice,Teinacher,distinct_brand_true_hard_negative,low token-set similarity,44.44444444444444,29.629629629629633,50.0,13,0.012263650644551654,0.0,0.0,,1,259,4
182558464,850063737005,0.5631937980651855,Koza,Salt Stick,distinct_brand_true_hard_negative,low token-set similarity,14.28571428571429,14.285714285714292,40.0,10,0.0,0.0,0.0,,1,181,3
221387064,850025251839,0.5624206066131592,Food Club,Cure Hydration,distinct_brand_true_hard_negative,low token-set similarity,17.391304347826086,34.78260869565217,36.36363636363637,13,0.007992461898638961,0.0,0.0,,1,52,30
405778075,4250396905601,0.5622312426567078,Ege Lokman,Aronia Original,distinct_brand_true_hard_negative,low token-set similarity,24.0,24.0,31.57894736842105,13,0.0,0.0,0.0,,1,260,7
310991494,758236592188,0.5596935749053955,Aloha Maid,Aloha Maid,identical_normalized,compact keys equal,100.0,100.0,100.0,0,0.9999999999999998,1.0,1.0,aloha maid,2,32,4
935606053,7044610874920,0.557998538017273,Carola,Imsdal,distinct_brand_true_hard_negative,low token-set similarity,33.333333333333336,33.33333333333333,50.0,6,0.0,0.0,0.0,,1,48,13
239299781,5000112648935,0.5572917461395264,Quellbrunn,Chaudfontaine,distinct_brand_true_hard_negative,low token-set similarity,26.086956521739136,26.086956521739125,30.000000000000004,11,0.0,0.0,0.0,,1,25,20
163959502,7310867564113,0.5563480257987976,Peace Tea,Bravo,distinct_brand_true_hard_negative,low token-set similarity,14.28571428571429,14.285714285714292,33.333333333333336,8,0.0,0.0,0.0,,1,232,34
786213552,7044610876863,0.5543555021286011,North Water,Imsdal,distinct_brand_true_hard_negative,low token-set similarity,11.764705882352944,11.764705882352942,19.999999999999996,10,0.0,0.0,0.0,,1,7,13
116835497,9001400102999,0.5536231398582458,Bigallet,Yo,distinct_brand_true_hard_negative,low token-set similarity,0.0,0.0,0.0,8,0.0,0.0,0.0,,1,32,10
552425687,850042830307,0.5509690642356873,Mix,Drip Drop,distinct_brand_true_hard_negative,low token-set similarity,16.666666666666664,16.66666666666667,33.333333333333336,8,0.0,0.0,0.0,,1,64,16
