product_id,retailer,country,title,description,category_path,url,image_url,price,barcode,brand,category,attributes
1000036530,Plus,Netherlands,Nix & kix Sparkling mango ginger,purchase Nix & kix Sparkling mango ginger 250 milliliters online at plus.nl. make your shopping easy and home quickly delivery or pick up to your PLUS.,"[""""products"""",""""soft drink, juices, coffee, tea""""]",https://www.plus.nl/product/nix-kix-sparkling-mango-ginger-blik-250-ml-706446,https://images.ctfassets.net/s0lodsnpsezb/706446_M/7ffe805e7062c429923aa6640169f63d/706446.png,1.59,,Nix & Kix,Other Non-Cola Carbonates,"Volume: 250; Immune Support Ingredients: ginger; Carbonization: sparkling; Naturally derived: natural fragrances; Pack Type: Can; Flavour: ginger, mango"
1000054858,Walmart,USA,"Clearly Canadian Clearly Sparkling Limon Essence Unsweetened Flavored Sparkling Mineral Water, Zero Sugar & Zero Calories, 1 Case (12 Bottles x 325mL)",""""" Clearly Canadian Clearly Sparkling Limon Essence Unsweetened Flavored Sparkling Mineral Water, Zero Sugar & Zero Calories, 1 Case (12 Bottles x 325mL)"""" ; Flavor Limon Essence ; Container Type Bottle","["""" Food"""","""" Beverages"""","""" Water"""","""" Sparkling Water""""]",https://www.walmart.com/ip/Clearly-Canadian-Clearly-Sparkling-Limon-Essence-Unsweetened-Flavored-Sparkling-Mineral-Water-Zero-Sugar-Zero-Calories-1-Case-12-Bottles-x-325mL/8355112140?classType=REGULAR,https://i5.walmartimages.com/seo/Clearly-Canadian-Sparkling-Limon-Essence-Unsweetened-Flavored-Mineral-Water-Zero-Sugar-Calories-1-Case-12-Bottles-x-325mL_418c3601-e5a2-4864-8036-702379cc4575.76cfab2fe58bb84f149bf18e2735ff1b.jpeg,49.99,,Clearly Canadian,Sparkling Flavoured Bottled Water,"Juice Content: 0-2%; Health Claims: no sugar, no calories; Sweetener: unsweetened; Carbonization: sparkling; Volume: 325; Water Type: flavoured, mineral; No Artificial Ingredients: no artificial sweeteners"
1000077375,Walmart,USA,Bubblr Beverage Twisted Elixir 6 Pack 72 fl oz ( Pack Of 4),""""" 
* Elevate your refreshment game with unique, flavorful twists. 
* Perfectly balanced, this elixir provides a refreshing burst of taste. 
* Versatile for any occasion, from parties to solo sipping e","["""" Food"""","""" Beverages"""","""" Water"""","""" Sparkling Water""""]",https://www.walmart.com/ip/Bubblr-Beverage-Twisted-Elixir-6-Pack-72-fl-oz-Pack-Of-4/9760355225?classType=VARIANT,https://i5.walmartimages.com/seo/Bubblr-Beverage-Twisted-Elixir-6-Pack-72-fl-oz-Pack-Of-4_e148202a-bc17-4df7-807b-7c855c38c875.e01fafafa09821c21c84bcb826948b16.jpeg,49.98,,Bubbl'r,Other Non-Cola Carbonates,Pack Type: Carton/Box; Carbonization: sparkling; Juice Content: 0-2%
1000077678,Walmart,USA,"Hawaiian Springs- Natural Artesian Bottled Water | Volcanic Enhanced Alkaline Electrolytes | Sourced On Big Island, Hawaii | 1L ( Pack of 6)",""""" 
* Package Information: Bottle 
* Item Volume: 1 Liters 
* Variety: Alkaline 
"""" ; Brand Unbrand","["""" Food"""","""" Beverages"""","""" Water"""","""" Alkaline Water"""","""" All Alkaline Water""""]",https://www.walmart.com/ip/Hawaiian-Springs-Natural-Artesian-Bottled-Water-Volcanic-Enhanced-Alkaline-Electrolytes-Sourced-On-Big-Island-Hawaii-1L-Pack-of-6/14668603645?classType=REGULAR,https://i5.walmartimages.com/asr/66a54ed3-f027-4598-9025-c19436ae61fe.f19cf3d823714c74e4069e0289f2c374.jpeg,67.49,,Hawaiian Springs,Functional Bottled Water,Volume: 1000; Juice Content: 0-2%; Sports Ingredients: electrolytes; Water Type: alkaline; Caffeine: 0-15 mg; Naturally derived: natural; Pack Type: Bottle; Carbonization: still
1000095839,Hoogvliet,Netherlands,Red grape,"## product information 
### product name 
soda with grape flavor, sugar and sweeteners 
### ingredients 
[ingredients_start]

ingredients: sparkling water, sugar, black carrot concentrate, apple extra","["""" soft drink, juices"""","""" soft drink"""","""" other fresh""""]",https://www.hoogvliet.com/product/fernandes-red-grape1,https://cdn.hoogvliet.com/Images/Product/XL/720674000.jpg,0.95,,Fernandes,Other Non-Cola Carbonates,"Volume: 250; Sweetener: sucralose, sugar, acesulfame potassium; Pack Type: Can; Environmentally Friendly: environmentally friendly; Juice Content: 0-2%; Caffeine: 15-25 mg; Carbonization: carbonated, sparkling; Flavour: grape"
1000099672,Dia,Spain,drink from kombucha with red berries Upss Dia 250 ml bottle,,"["""" water, soft drinks and juices"""","""" other drinks""""]",https://www.dia.es/agua-refrescos-y-zumos/otras-bebidas/p/303641,https://dia.es/product_images/303641/303641_ISO_0_ES.jpg,1.79,,Upss,Carbonated RTD Tea and Kombucha,"Volume: 250; Sweetener: stevia, sugar; Carbonization: carbonated; Pack Type: Bottle; Juice Content: 0-2%; Tea Type: green; Flavour: berry"
1000100698,Ozdilek Sanal Market,Turkey,camlica mandarin soda 6X200ml,"camlica mandarin flavored soda, for years unchanging classic taste and cooling soda arbitrary refreshment with whatever you are looking for the moment is with you!","[""""drink"""","""" cold drinks"""","""" carbonated drinks"""","""" soda""""]",https://www.ozdilekteyim.com/market/camlica-mandalina-gazoz-6x200-ml,https://img-ozdilekteyim.mncdn.com/mnresize/848/848/medias/8697520790614.jpg?context=bWFzdGVyfHNhcHByb2R1Y3RpbWd8MzczMzM1fGltYWdlL2pwZWd8YUdJMkwyZzJaUzh4TURVMU5UZzFOVGN6TWpjMk5nfDIwMzUwZDJiZWZiNTFhNGMwMzFlN2M4NjcwZjNiMjFkMTYwOWYwNTM5NDU4MzQzNWIyMjgzN2YwMmI2YTdiZWQ,59.95,8697520790614,Çamlica,Other Non-Cola Carbonates,Volume: 200; Juice Content: 0-2%; Pack Type: Bottle; Carbonization: carbonated; Flavour: mandarin
1000166760,Plus,Netherlands,Cucumis Lavender,"purchase Cucumis Lavender 330 milliliters online at plus.nl. make your shopping easy and home quickly delivery or pick up to your PLUS. 
Cucumis Lavender is, like the name says it all, a refreshing dr","[""""products"""",""""soft drink, juices, coffee, tea""""]",https://www.plus.nl/product/cucumis-lavender-fles-330-ml-547066,https://images.ctfassets.net/s0lodsnpsezb/547066_M/53749a6aa7922d584c66f89b1ebbaf84/547066.png,1.79,,Cucumis,Other Non-Cola Carbonates,Volume: 330; Juice Content: 0-2%; Flavour: lavender; Naturally derived: natural; Water Type: mineral; Diets: vegan; Carbonization: still; Sweetener: sugar
1000171880,Walmart,USA,Crazy Water No. 4 Still Water 33.8 fl oz ( Pack of 6),""""" 
* Refreshingly pure taste with no added sugars or flavors. 
* Convenient pack size for hydration on-the-go or at home. 
* Hassle-free refills for your favorite beverage essentials. 
"""" ; Bottled Dri","["""" Food"""","""" Beverages"""","""" Water"""","""" Bottled Water""""]",https://www.walmart.com/ip/Crazy-Water-No-4-Still-Water-33-8-fl-oz-Pack-of-6/9763762542?classType=VARIANT,https://i5.walmartimages.com/seo/Crazy-Water-No-4-Still-Water-33-8-fl-oz-Pack-of-6_78a67516-c533-474d-90a7-5d64568115ee.19931b26103c31a60775bb0adbaff5f9.jpeg,44.98,,Crazy Water,Functional Bottled Water,"Volume: 1000; Water Type: purified; Carbonization: still; Health Claims: no added sugar, hydrating; Juice Content: 0-2%; Pack Type: Bottle"
1000175171,Plus,Netherlands,Wostok Dragon-gember,"purchase Wostok Dragon-gember 330 milliliters online at plus.nl. make your shopping easy and home quickly delivery or pick up to your PLUS. 
Wostok Dragon- ginger has already everything to are head hu","[""""products"""",""""soft drink, juices, coffee, tea""""]",https://www.plus.nl/product/wostok-dragon-gember-fles-330-ml-547726,https://images.ctfassets.net/s0lodsnpsezb/547726_M/f11cdd84d0bfd7f287af1afa87da89ea/547726.png,1.79,,Wostok,Other Non-Cola Carbonates,"Immune Support Ingredients: ginger, antioxidants; Pack Type: Bottle; Volume: 330; Naturally derived: natural flavours; Caffeine: 15-25 mg; Sweetener: sugar; Juice Content: 0-2%"
1000226316,amazon,USA,"Oat Milk Lattes- Cold Brew, Cold Brew Coffee Cans, Canned Coffee, Iced Coffee, Organic, Dairy Free, Gluten Free, Lightly Sweetened with Coconut Nectar- Peppermint Mocha, 8 Fl Oz (12 Pack)","* * *
## Important information 
[ingredients_start]
Ingredients 
Oat milk (water, oats), coconut nectar, cold brew coffee (water, coffee beans), cacao powder, Himalayan pink salt, gum acacia, peppermi","["""" Any Department"""","""" Grocery & Gourmet Food"""","""" Beverages"""","""" Coffee"""","""" Iced Coffee & Cold- Brew""""]",https://www.amazon.com/dp/B0DDR5ZPK8,https://m.media-amazon.com/images/I/71ThbLCegyL._AC_UL320_.jpg,44.99,850061075130,Pop & Bottle,RTD Coffee,"Immune Support Ingredients: antioxidants; Volume: 237; Coffee Type: mocha; Free From: dairy free; RTD Coffee Style: oat milk, latte, cold brew; Sustainable Sourcing: organic; Juice Content: 0-2%; Caffeine: 15-25 mg; Flavour: coconut, peppermint, mocha, oat, coffee; Carbonization: still; Naturally derived: natural acids, natural; Pack Type: Tin"
1000269983,Plus,Netherlands,fernandes Cream ginger,purchase fernandes Cream ginger 250 milliliters online at plus.nl. make your shopping easy and home quickly delivery or pick up to your PLUS.,"[""""products"""",""""soft drink, juices, coffee, tea""""]",https://www.plus.nl/product/fernandes-cream-ginger-blik-250-ml-241958,https://images.ctfassets.net/s0lodsnpsezb/241958_M/8e795bbd0fc1c024d9caa95cc3dcbf21/241958.png,0.99,,Fernandes,Other Non-Cola Carbonates,"Volume: 250; Sweetener: sucralose, sugar, acesulfame potassium; Flavour: ginger; Juice Content: 0-2%; Pack Type: Can; Carbonization: sparkling; Immune Support Ingredients: vitamin c, ginger, antioxidants"
1000338567,Plus,Netherlands,Fritz Kola,purchase Fritz Kola 330 milliliters online at plus.nl. make your shopping easy and home quickly delivery or pick up to your PLUS.,"[""""products"""",""""soft drink, juices, coffee, tea""""]",https://www.plus.nl/product/fritz-kola-fles-330-ml-547728,https://images.ctfassets.net/s0lodsnpsezb/547728_M/107c63d60cf6fd959cd0764d5b419a3a/547728.png,1.49,,Fritz Kola,Other Non-Cola Carbonates,"Pack Type: Bottle; Volume: 330; Caffeine: 15-25 mg; Carbonization: carbonated; Naturally derived: natural flavours, natural; Water Type: mineral; Juice Content: 0-2%; Sweetener: sugar"
1000344085,Kroger,USA,Sanzo Mango Sparkling Water Can - 12 fl oz,,"["""" Grocery"""","""" Beverages"""","""" Sparkling Water & Seltzer Water"""","""" Flavored Sparkling Water & Seltzer""""]",https://www.kroger.com/p/sanzo-mango-sparkling-water-can/0086000035291#:#zipcode=46204&storeid=02100339,https://www.kroger.com/product/images/xlarge/front/0086000035291,1.99,860000352918,Sanzo,Functional Bottled Water,"Flavour: mango; Volume: 355; Juice Content: 0-2%; Pack Type: Can; Carbonization: carbonated, sparkling"
1000354807,Plus,Netherlands,sourcing vitamin water grape lemon,purchase sourcing vitamin water grape lemon 500 milliliters online at plus.nl. make your shopping easy and home quickly delivery or pick up to your PLUS.,"[""""products"""",""""soft drink, juices, coffee, tea""""]",https://www.plus.nl/product/sourcy-vitaminwater-druif-citroen-fles-500-ml-885784,https://images.ctfassets.net/s0lodsnpsezb/885784_M/8c5612a5d9418b2b5f0eb5eb890ca01b/885784.png,1.79,,Sourcy,Functional Bottled Water,"Energy Source: b-vitamins; Water Type: spring; Pack Type: Bottle; Sweetener: sucralose, sugar, acesulfame potassium; Volume: 500; Flavour: grape, lemon; Immune Support Ingredients: vitamin c, zinc; Caffeine: 15-25 mg; Naturally derived: natural fragrances; Carbonization: still; Juice Content: 0-2%; Botanicals And Functional Ingredients: ginseng"
1000367703,Walmart,USA,"Swoon Trial Pack - Low Carb, Paleo- Friendly, Gluten- Free Keto Drink - Made with 100% Natural Lemon Juice Concentrate, Sugar Free Iced Tea & Lemonade - 12 fl oz ( Pack of 6)",""""" 
* This variety pack is perfect for anyone looking to enjoy refreshing, flavorful drinks without compromising on health. 
* Zero Sugar: Sweetened with monk fruit and stevia, providing natural sweetn","["""" Food"""","""" Beverages"""","""" Tea"""","""" Tea Shipped To You""""]",https://www.walmart.com/ip/Swoon-Trial-Pack-Low-Carb-Paleo-Friendly-Gluten-Free-Keto-Drink-Made-100-Natural-Lemon-Juice-Concentrate-Sugar-Free-Iced-Tea-Lemonade-12-fl-oz-Pack-6/9519301622?classType=REGULAR,https://i5.walmartimages.com/seo/Swoon-Trial-Pack-Low-Carb-Paleo-Friendly-Gluten-Free-Keto-Drink-Made-100-Natural-Lemon-Juice-Concentrate-Sugar-Free-Iced-Tea-Lemonade-12-fl-oz-Pack-6_bdfd8ea4-291e-4d6b-8f5d-6e1113a797c6.551b4daef0236a2e3bee2c6bcae4deb0.jpeg,24.99,,Swoon,Powder Concentrates,"Diets: kosher, low carbs, paleo diet; Concentrate Format: powder, vitamins; Naturally derived: natural sweeteners, natural; Volume: 355; Sweetener: monk fruit, stevia; Caffeine: 0-15 mg; No Artificial Ingredients: no gmo; Immune Support Ingredients: vitamin c; Flavour: tea, lemon; Pack Type: Liquid Carton; Juice Content: 100%; Health Claims: no added sugar, no sugar, low calories, good source of vitamins"
1000419024,amazon,Spain,"ekolo grape juice ecological, 100% squeezed, 6 bottles * 750 ml 4500 ml ( pack of 2)","## product information 
# technical details 
##### product information 
product dimensions ‎24x16x 24.5 cm; 13.6 kg 
additives ‎tannins and resveratrol of the grape 
weight ‎13.6 kilograms 
volume ‎90","["""" alimentation and drinks"""","""" coffee, tea and drinks"""","""" juices""""]",https://www.amazon.es/dp/B0DKTFL431,https://m.media-amazon.com/images/I/41StndbefNL._AC_UL320_.jpg,39,,Ekolo,Not from Concentrate 100% Juice,"Volume: 750; Juice Features: from concentrate; Free From: no caffeine; Health Claims: no added sugar, immune system health; Juice Content: 100%; Environmentally Friendly: environmentally friendly; Sustainable Sourcing: organic; Caffeine: 0-15 mg; Flavour: grape; Pack Type: Bottle; Carbonization: still; Made From: grape"
1000432099,amazon,USA,"Energy Drink | Unmatched Energy · Amplified Focus | N- Acetyl-L- Tyrosine, Alpha-GPC, 200mg Caffeine, Uridine, Saffron | 0 Sugar Or Artificial Colors | 16oz, 12- Pack ( Berry Burst)","* * *
## Important information 
Directions 
Open container and enjoy drink. 
Legal Disclaimer 
Statements regarding dietary supplements have not been evaluated by the FDA and are not intended to diagn","["""" Any Department"""","""" Grocery & Gourmet Food"""","""" Beverages"""","""" Bottled Beverages, Water & Drink Mixes"""","""" Energy Drinks""""]",https://www.amazon.com/dp/B0D3NRQ1J5,https://m.media-amazon.com/images/I/71HE2rL6mnL._AC_UL320_.jpg,34.99,810113510439,Gorilla Mind,Energy Drinks,"Volume: 473; Juice Content: 0-2%; Immune Support Ingredients: antioxidants; Flavour: berry; No Artificial Ingredients: no artificial flavours, no artificial colours; Caffeine: 100-150 mg; Carbonization: still; Health Claims: no sugar, energy boosting, antioxidant, nootropic/enhanced mental performance, no calories; Pack Type: Can"
1000486377,amazon,USA,"BUM Sugar- Free Energy Drink, Champion Mentality - Lightly Carbonated & No Artificial Colors, Natural Caffeine & Citicoline for Energy & Focus, Brain Boost & Workout Sports Beverage - 12 oz, Pack of 12","* * *
## Important information 
[ingredients_start]
Ingredients 
Carbonated Water, Natural and Artifical Flavor, Citric Acid, Cognizin Citicoline, Natural Caffeine (from Coffee Bean), Sucralose, Sodiu","["""" Grocery & Gourmet Food"""","""" Beverages"""","""" Bottled Beverages, Water & Drink Mixes"""","""" Energy Drinks""""]",https://www.amazon.com/dp/B0D74CJ2F2,https://m.media-amazon.com/images/I/717PWdm5YEL._AC_UL320_.jpg,29.99,850057175448,Bum Energy,Energy Drinks,"Free From: no caffeine; Volume: 355; Sweetener: sucralose; Carbonization: gently carbonated; No Artificial Ingredients: no artificial flavours, no artificial colours; Naturally derived: natural flavours, natural; Health Claims: no sugar, energy boosting; Pack Type: Can; Juice Content: 0-2%"
10004871,Publix,USA,Northland Cranberry Grape 100% Juice,Dark fruits and berries are as delicious as they are good for you. That's why North Land 100% Juice is bursting with healthful antioxidants to help you feel your best. Plus no sugars or artificial swe,"["""" Beverages"""","""" Juice & Nectars""""]",https://delivery.publix.com/store/items/41917895,https://d2lnr5mha7bycj.cloudfront.net/product-image/file/large_a76625e3-c9a2-4ec1-8197-154b7528865e.jpeg,4.31,,Northland,Reconstituted 100% Juice,"Flavour: grape, cranberry; Made From: pear, grape, jujube, apple, cranberry; Pack Type: Bottle; Volume: 1893; No Artificial Ingredients: no artificial sweeteners; Health Claims: antioxidant; Immune Support Ingredients: vitamin c, antioxidants; Naturally derived: natural flavours; Pack Material Type: Plastic; Juice Content: 100%; Carbonization: still; Water Type: filtered"
1000488306,Walmart,USA,"Dunkin' Original Iced Coffee Bottle, 40 fl oz",""""" 
* Made with minimal ingredients to allow for easy customization 
* Pour over ice and enjoy! 
* Rich, smooth Dunkin' Original Iced Coffee in a 48 fl oz bottle to keep you running on Dunkin' all week","["""" Food"""","""" Coffee"""","""" Dunkin' Donuts"""","""" All Dunkin' Coffee""""]",https://www.walmart.com/ip/Dunkin-Original-Iced-Coffee-40oz-Bottle/5379726187?classType=VARIANT,https://i5.walmartimages.com/seo/Dunkin-Original-Iced-Coffee-40oz-Bottle_aaa05f4d-7758-4d34-973d-7c9eaff89fe0.a239e1a06ed9f1efed0576f438478c37.jpeg,5.84,,Dunkin',RTD Coffee,Flavour: coffee; Juice Content: 0-2%; Sweetener: unsweetened; No Artificial Ingredients: no artificial sweeteners; Pack Type: Bottle; Carbonization: still
1000489164,Plus,Netherlands,Hip Pop Living Soda Pink Grapefruit,purchase Hip Pop Living Soda Pink Grapefruit 330 milliliters online at plus.nl. make your shopping easy and home quickly delivery or pick up to your PLUS.,"[""""products"""",""""soft drink, juices, coffee, tea""""]",https://www.plus.nl/product/hip-pop-living-soda-pink-grapefruit-blik-330-ml-944599,https://images.ctfassets.net/s0lodsnpsezb/944599_M/02fdcdc0c7673a15b602aad140cb65a4/944599.png,1.99,,Hip Pop,Other Non-Cola Carbonates,Sweetener: sugar; Naturally derived: natural flavours; Volume: 330; Pack Type: Can; Juice Content: 0-2%; Flavour: grapefruit; Carbonization: still
100050398,Well.ca,Canada,nai Lemon Mint Orange Blossom Tea,nai Lemon Mint Orange Blossom Tea is blended with Orange Pekoe tea leaves. Their iced teas are made using the best tea leaves we could source and brewed in exactly the same way that you would make you,"[""""FOOD & SNACKS"""",""""NEW in Food & Snacks""""]",https://well.ca/products/nai-lemon-mint-orange-blossom-tea_164295.html?cat=4356,https://dr9wvh6oz7mzp.cloudfront.net/i/7cc743e3e5a076cdd41e1948ac34a005_ra.jpg,3.46,,Nai,Still RTD Tea,"Juice Content: 100%; Tea Type: loose leaf; Volume: 473; Carbonization: still; Flavour: tea, lemon, orange, mint; Pack Type: Bottle; Naturally derived: natural; Pack Material Type: Plastic"
1000508853,Walmart,USA,"Trace Minerals | Power Pak Electrolyte Powder Packets | 1200 mg Vitamin C, Zinc, Magnesium | Boost Immunity, Hydration and Natural Energy | Lemon Lime | 30 Packets",""""" 
* FAST FIZZY HYDRATION - Give your water a nutritious vitamin boost with this naturally full-flavored, effervescent electrolyte vitamin drink, featuring 18 vitamins and a full spectrum of Ionic Tra","["""" Food"""","""" Beverages"""","""" Powdered Drink Mixes"""","""" All Powdered Drink Mix""""]",https://www.walmart.com/ip/Trace-Minerals-Power-Pak-Electrolyte-Powder-Packets-1200-mg-Vitamin-C-Zinc-Magnesium-Boost-Immunity-Hydration-Natural-Energy-Lemon-Lime-30-Packets/865669855?classType=REGULAR,https://i5.walmartimages.com/seo/Trace-Minerals-Power-Pak-Electrolyte-Powder-Packets-1200-mg-Vitamin-C-Zinc-Magnesium-Boost-Immunity-Hydration-Natural-Energy-Lemon-Lime-30_1a69c75c-7b53-4691-83f0-73f303a2af02.2ece17ba80edbf4e101c5d19410e9619.jpeg,17.99,,Trace Minerals,Powder Concentrates,"Sports Positioning: post-workout; Pack Type: Carton/Box; Caffeine: 50-100 mg; Concentrate Format: powder, sport, electrolytes; Flavour: lemon, lime; Health Claims: immune system health, good source of minerals, good source of vitamins, hydrating; Immune Support Ingredients: vitamin c, zinc; Contains Minerals: magnesium; No Artificial Ingredients: no dye, no gmo; Naturally derived: natural flavours; Juice Content: 0-2%"
1000510072,Bol.com,Netherlands,tchibo caffè cream Mild (8x 1000gr),"this one 100% arabica coffee has a slight show of chocolate and a nice one brandingsaroma. enjoy the velvety soft crema. tchibo caffè cream Mild is ideal for a mild one café au lait, latte and latte m","["""" eat drink"""","""" soft drink, juice, coffee and tea"""","""" coffee""""]",https://www.bol.com/nl/nl/p/tchibo-caffe-crema-mild/9300000186860076/,https://media.s-bol.com/mWlW34x48V30/pYoxovV/625x1200.jpg,141.99,4046234816020,Tchibo,RTD Coffee,"Roast Type: light; Weight: 1000; Geographic Origin: germany; Coffee Type: arabica; RTD Coffee Style: latte; Caffeine: 0-15 mg; Juice Content: 0-2%; Free From: no caffeine, no allergens; Pack Type: Pouch; Carbonization: still"
1000516011,Kroger,USA,Sanzo Calamansi ( Golden Lime) Sparkling Water - 12 fl oz,,"["""" Grocery"""","""" Beverages"""","""" Sparkling Water & Seltzer Water"""","""" Flavored Sparkling Water & Seltzer""""]",https://www.kroger.com/p/sanzo-calamansi-golden-lime-sparkling-water/0086000035290#:#zipcode=46204&storeid=02100339,https://www.kroger.com/product/images/xlarge/front/0086000035290,1.99,860000352901,Sanzo,Functional Bottled Water,"Flavour: lime; Volume: 355; Pack Type: Can; Carbonization: carbonated, sparkling; Juice Content: 0-2%"
1000566827,Thrive Market,USA,"Sparkling Water, Rose, Lime, Hibiscus Tea","Sparkling water with an organic hibiscus blend Plus rose, lime & cardamom extracts Light & bright Middle Eastern-inspired flavor For everyday refreshments, pool days, or happy hours Non-GMO Project Ve","["""" Beverages"""","""" Water & Sparkling Water""""]",https://thrivemarket.com/p/sound-sparkling-water-rose-lime-hibiscus-tea,https://img.thrivemarket.com/store/full/8/5/854322005461_front_1_1.jpg,1.99,854322005461,Sound,Functional Bottled Water,"Diets: kosher; Volume: 355; Sustainable Sourcing: organic; Health Claims: no sugar, no added sugar; Caffeine: 0-15 mg; Pack Type: Can; Juice Content: 0-2%; No Artificial Ingredients: no artificial additives; Carbonization: sparkling; Flavour: tea, rose, lime, hibiscus; Free From: no alcohol, grain free, no soy, no peanuts, no eggs, no caffeine, no yeast, no shellfish, no nuts, no crustaceans, no allergens, no fish, dairy free, wheat free"
1000622180,Trendyol,Turkey,lavender 330 ml 6 pcs,"this product [page=""""merchant_info""""]kombucha 2200[/ page] will be sent by. 2 ; about to be sold at the campaign price 100 more than stock available. 4 ; the product you have examined the seller determi","[""""supermarket"""",""""food and beverage"""","""" still drinks""""]",https://www.trendyol.com/kombucha-2200/lavanta-330-ml-6-li-p-869699848,https://cdn.dsmcdn.com/ty1587/prod/QC/20241018/11/fb2a6514-c70f-3594-8297-beed5bd127ce/1_org_zoom.jpg,960.4,,Kombucha 2200,Carbonated RTD Tea and Kombucha,Volume: 330; Pack Type: Bottle; Juice Content: 0-2%; Flavour: lavender
1000708610,Trendyol,Turkey,mint lemon flavored powder drink 1 box (25*300 gr),"this product [page=""""merchant_info""""]TE GROSS[/ page] will be sent by. 2 ; about to be sold at the campaign price 5 more than stock available. 4 ; a product, suddenly can be sold by many sellers. by mul","[""""supermarket"""",""""food and beverage"""","""" still drinks""""]",https://www.trendyol.com/gulsah/nane-limon-aromali-toz-icecek-1-koli-25-300-gr-p-861982782,https://cdn.dsmcdn.com/ty1574/prod/QC/20240927/18/1fb574a1-6940-3f68-bf65-684591857747/1_org_zoom.jpg,1150,,Gülşah,Powder Concentrates,"Caffeine: 15-25 mg; Concentrate Format: powder; Flavour: lemon, mint; Juice Content: 0-2%"
1000710367,Albert Heijn,Netherlands,Hip Pop kombucha blueberry & ginger,"characteristics: deposit (only the netherlands), 
use: to open and drink it, 
Highlights: low in kcal & free of sweeteners,100% natural, nothing artificial, with probiotics, contains living cultures.,","["""" soft drink, juices, water"""","""" Ice tea"""","""" ice tea green""""]",https://www.ah.nl/producten/product/wi584165/hip-pop-kombucha-blueberry-en-ginger,https://static.ah.nl/dam/product/AHI_4354523130303938383838?revLabel=1&rendition=400x400_JPG_Q85&fileType=binary,1.99,5060512670967,Hip Pop,Carbonated RTD Tea and Kombucha,"Juice Content: 0-2%; Health Claims: probiotic; Volume: 330; No Artificial Ingredients: no artificial sweeteners; Tea Type: green, black; Caffeine: 0-15 mg; Immune Support Ingredients: ginger; Flavour: blueberry, ginger; Sweetener: cane sugar; Naturally derived: natural flavours, natural; Pack Type: Can"
1000749660,safeway,USA,Machu Picchu Pineapple Blueberry Energy Drink - 12 Fl. Oz.,,"["""" Beverages"""","""" Energy Drinks & Shots"""","""" Energy Drinks & Shots""""]",https://www.safeway.com/shop/product-details.970570636.html,https://images.albertsons-media.com/is/image/ABS/970570636,3.29,850033206180,Machu Picchu,Energy Drinks,"Carbonization: still; Flavour: pineapple, blueberry; Juice Content: 0-2%; Volume: 355; Pack Type: Can; Health Claims: energy boosting"
1000752280,amazon,Canada,"Berri Lyte Electrolytes Hydration Beverages with Coconut Water, Organic & Plant Based Electrolyte, Pediatric Rehydration Drink, Cherry, 1 L, 6 Count","Brand BERRILYTE 
Item form Liquid 
Flavour Cherry 
Number of Items 6 
Package information Bottle 
Item volume 1 Liters 
Unit count 6000.0 milliliter 
Specialty Low Sugar 
Age range (description) Kid 
","["""" Grocery & Gourmet Food"""","""" Baby Foods"""","""" Baby Drinks & Smoothies""""]",https://www.amazon.ca/dp/B088SX9Y83,https://m.media-amazon.com/images/I/81+qozfLOYL._AC_UL320_.jpg,226.02,,Berri,Coconut and Other Plant Waters,"Immune Support Ingredients: antioxidants; Volume: 1000; Pack Type: Bottle; Pack Material Type: Plastic; Sports Ingredients: electrolytes; Juice Content: 0-2%; Carbonization: still; Diets: plant-based; Flavour: coconut, cherry; No Artificial Ingredients: no artificial sweeteners; Naturally derived: natural; Sustainable Sourcing: usda organic, organic; Caffeine: 150-200 mg; Health Claims: low sugar, antioxidant, superfruit, hydrating; Made From: grape, sweet potato, strawberry, coconut, acai, cherry, guava"
1000754712,Trendyol,Turkey,cocoon disposable sour cherry flavored powder drink 50's - ISL4418-9283,,"[""""supermarket"""",""""food and beverage"""","""" still drinks""""]",https://www.trendyol.com/ismiyle-al/koza-tek-icimlik-visne-aromali-toz-icecek-50-li-isl4418-9283-p-870184768,https://cdn.dsmcdn.com///ty1544/prod/QC/20240913/23/a11e49ef-d43a-393d-9410-a575befafa08/1_org_zoom.jpg,318.21,,Koza,Powder Concentrates,Pack Type: Carton/Box; Count per Unit: 50; Concentrate Format: powder; Flavour: cherry; Juice Content: 0-2%
1000789832,Walmart,USA,"Hildon - Delightfully Still ( Non- Sparkling) Natural Mineral Water, 25.3 fl oz (12 Glass Bottles)",""""" 
* The award-winning taste of Hildon Natural Mineral water is born from our exceptional Estate. We reap the jewels of a fifty year journey of filtration and purification, to bring you water as crisp","["""" Food"""","""" Beverages"""","""" Water"""","""" Mineral Water"""","""" All Mineral Water""""]",https://www.walmart.com/ip/Hildon-Delightfully-Still-Non-Sparkling-Natural-Mineral-Water-25-3-fl-oz-12-Glass-Bottles/9643570765?classType=VARIANT,https://i5.walmartimages.com/seo/Hildon-Delightfully-Still-Non-Sparkling-Natural-Mineral-Water-25-3-fl-oz-12-Glass-Bottles_715dde75-a30a-47a2-b716-36e045161a0b.17e77c3ba9786c43b4248c1d9c27686f.jpeg,80.99,,Hildon,Still Bottled Water,"Pack Type: Bottle; Naturally derived: natural, natural minerals; Juice Content: 0-2%; Caffeine: 0-15 mg; Health Claims: good source of minerals; Carbonization: still"
1000802081,Kroger,USA,Proud Source Bottled Water - 16 fl oz,,"["""" Grocery"""","""" Pantry"""","""" Beverages"""","""" Water"""","""" Spring Water""""]",https://www.kroger.com/p/proud-source-bottled-water/0085330300702#:#zipcode=46204&storeid=02100339,https://www.kroger.com/product/images/xlarge/right/0085330300702,1.99,853303007029,Proud Source,Functional Bottled Water,Volume: 473; Juice Content: 0-2%; Carbonization: still
1000813567,safeway,USA,Pickle Juice Pickle Shot - 2.5 Fl. Oz.,,"["""" Beverages"""","""" Energy Drinks & Shots"""","""" Energy Shots""""]",https://www.safeway.com/shop/product-details.960281725.html,https://images.albertsons-media.com/is/image/ABS/960281725,2.49,183633000026,Pickle Juice,Not from Concentrate 100% Juice,Carbonization: still; Juice Content: 0-2%; Pack Type: Can
1000817543,amazon,USA,"4 pack of Frostie Soda Pop Soft Drink 32oz Plastic Bottles (32oz, Blue Cream Soda)","* * *
## Important information 
[ingredients_start]
Ingredients 
soda pop 
[ingredients_end]

Legal Disclaimer 
Statements regarding dietary supplements have not been evaluated by the FDA and are not ","["""" Any Department"""","""" Grocery & Gourmet Food"""","""" Beverages"""","""" Bottled Beverages, Water & Drink Mixes"""","""" Soda Soft Drinks""""]",https://www.amazon.com/dp/B0DHW16HCY,https://m.media-amazon.com/images/I/818gKoTOfKL._AC_UL320_.jpg,27.99,,Frostie,Other Non-Cola Carbonates,Health Claims: hydrating; Volume: 946; Sweetener: cane sugar; Carbonization: carbonated; Pack Type: Bottle; Juice Content: 0-2%
1000827279,Willys,Sweden,"raspberry soda soda, Pet",carbonated soft drink with raspberry flavor. 1.5 liters.,"["""" drink"""",""""soda"""",""""soda big""""]",https://www.willys.se/produkt/Hallonsoda-Lask-Pet-101608032_ST,"https://assets.axfood.se/image/upload/f_auto,t_500/07611612404433_C1N1_s01",12.9,7611612404433,Premier,Other Non-Cola Carbonates,Sweetener: sugar; Juice Content: 2-5%; Volume: 1500; Carbonization: carbonated; Pack Type: Bottle; Naturally derived: natural fragrances; Flavour: raspberry
1000851853,amazon,Germany,"country park Organic Soft Drink Grapefruit, 12 x 0.75 l in Glass Bottle, No Sugar and Sweeteners, Carbonated Water, Also Ideal for Children and Diabetics","## Product information 
# Technical Details 
##### General Information 
Units ‎9000.0 milliliters 
Brand ‎ country park 
Format ‎ Liquid 
Speciality ‎ Organic 
Manufacturer ‎ johann minstrel gmbh 
# A","["""" Any Category"""","""" Grocery"""","""" Drinks"""","""" Water""""]",https://www.amazon.de/dp/B0DC3TTP8P,https://m.media-amazon.com/images/I/81i3jySvbsL._AC_UL320_.jpg,17.99,,Land Park,Functional Bottled Water,"Juice Content: 0-2%; Sustainable Sourcing: organic; Flavour: grapefruit; Contains Minerals: magnesium; Diets: diabetic; Volume: 750; Pack Type: Bottle; Carbonization: carbonated, sparkling; Environmentally Friendly: environmentally friendly; Health Claims: good source of minerals, no sugar, hydrating, low calories, no calories, balanced nutrition; Naturally derived: natural flavours, natural acids, natural minerals, natural; No Artificial Ingredients: no artificial sweeteners"
1000887176,Walmart,USA,"Barissimo Medium Roast Iced Coffee, 48 fl oz",""""" 
* Medium Roast Iced Coffee, 48 fl oz 
"""" ; Brand Barissimo","["""" Food"""","""" Coffee"""","""" Coffee & Coffee Pods""""]",https://www.walmart.com/ip/Barissimo-Medium-Roast-Iced-Coffee-48-fl-oz/13498361180?classType=REGULAR,https://i5.walmartimages.com/seo/Barissimo-Medium-Roast-Iced-Coffee-48-fl-oz_af7d0dad-5623-40f8-a664-58c2bc67d29d.23030aa3f25b154c776e0429fc0d3412.jpeg,14.94,,Barissimo,RTD Coffee,Flavour: coffee; Roast Type: medium; Pack Type: Bottle; Volume: 1420; Juice Content: 0-2%; Carbonization: still
1000887803,amazon,USA,"Brew Dr. Kombucha, Organic, Raw & Probiotic - Superberry - Oolong Tea with Raspberry, Blueberry and Goji Berry - 14 Fl Oz Bottle","* * *
## Important information 
[ingredients_start]
Ingredients 
Brewed Tea ( Filtered Water, Curant, Olong Tea, Elderberry, Hibiscus, Blueberry, Goji Berry, Strawberry, Raspberry, Cane Sugar, Live Ko","["""" Grocery & Gourmet Food"""","""" Beverages"""","""" Tea Beverages"""","""" Kombucha Tea""""]",https://www.amazon.com/dp/B0848745GN,https://m.media-amazon.com/images/I/71ugImbVFhL._AC_UL320_.jpg,,857161008457,Brew Dr Kombucha,Carbonated RTD Tea and Kombucha,"Sweetener: cane sugar; Juice Content: 15-25%; Sustainable Sourcing: usda organic, organic; Pack Type: Bottle; Immune Support Ingredients: elderberry; Volume: 414; Health Claims: digestive health, probiotic; Tea Type: loose leaf, oolong; Flavour: blueberry, berry, tea, raspberry; Environmentally Friendly: climate pledge friendly, no pesticides; No Artificial Ingredients: no artificial colours; Water Type: filtered; Diets: kosher; Caffeine: 15-25 mg; Carbonization: still"
1000894002,Albert Heijn,Netherlands,Hip Pop kombucha strawberry & pineapple,"characteristics: deposit (only the netherlands), 
use: to open and drink it, 
Highlights: low in kcal & free of sweeteners,100% natural, nothing artificial, with probiotics, contains living cultures.,","["""" soft drink, juices, water"""","""" Ice tea"""","""" ice tea green""""]",https://www.ah.nl/producten/product/wi584164/hip-pop-kombucha-strawberry-en-pineapple,https://static.ah.nl/dam/product/AHI_4354523130303938383735?revLabel=1&rendition=400x400_JPG_Q85&fileType=binary,1.99,5060512671001,Hip Pop,Carbonated RTD Tea and Kombucha,"Sweetener: cane sugar; Pack Type: Can; Caffeine: 0-15 mg; Health Claims: probiotic; Volume: 330; No Artificial Ingredients: no artificial sweeteners; Flavour: strawberry, pineapple; Juice Content: 0-2%; Naturally derived: natural flavours, natural; Tea Type: green, black"
1000909248,Voilà,Canada,Sun Rype Juice 100% Fruit Medley No Sugar Added 5 x 200 ml,"Made with real, simple ingredients, Sun Rype Fruit Medley juice tastes like freshly picked orchard and citrus fruits combined into one delicious blend. Enjoy the perfect balance of great taste and who","["""" Beverages"""","""" Fruit & Vegetable Juice"""","""" Fruit Blends & Other Juices""""]",https://voila.ca/products/734131CS,https://voila.ca/images-v3/2d92d19c-0354-49c0-8a91-5260ed0bf531/9e3e8d15-0f33-44f5-9dd7-11c4f87ee0ea/500x500.jpg,3.49,,Sun-Rype,Reconstituted 100% Juice,"Caffeine: 15-25 mg; Juice Features: from concentrate; Pack Type: Bag/Packet; Health Claims: no added sugar, no sugar; Volume: 200; Made From: pineapple, apple, orange, pear, cherry, citrus; Water Type: filtered; Juice Content: 100%; Carbonization: still; Naturally derived: natural colourants, natural flavours; Immune Support Ingredients: vitamin c"
10009110,Publix,USA,"Indian River Select 100% Juice, Valencia Orange",100% Florida premium juice. Not from concentrate. Pasteurized. Gluten free. Natural. Pasteurized. From Florida USA. 100% pure Florida. Visit www.indianriverjuice.com. Product 100% USA.; Perishable. Ke,"["""" Beverages"""","""" Juice & Nectars""""]",https://delivery.publix.com/store/items/42052030,https://d2lnr5mha7bycj.cloudfront.net/product-image/file/large_e3684d1e-cc54-45c7-bb51-b0665e782afa.jpeg,3.29,,Indian River Select,Not from Concentrate 100% Juice,"Juice Features: pasteurized, not from concentrate; Pack Type: Bottle; Carbonization: still; Naturally derived: natural; Geographic Origin: spain; Made From: orange; Flavour: orange; Juice Content: 100%; Pack Material Type: Plastic"
1000914264,Albert Heijn,Netherlands,rivella lemon slightly sparkling,"characteristics: deposit (only the netherlands), divorced collection, 
keep: cool, keep dry and dark. perishable after opening., 
Highlights: with natural ingredients?, slightly sparkling, nice and re","["""" soft drink, juices, water"""","""" Tonic, ginger, bitter, crafts and special fresh"""","""" rivella""""]",https://www.ah.nl/producten/product/wi584130/rivella-citroen-licht-sprankelend,https://static.ah.nl/dam/product/AHI_4354523130303931393835?revLabel=1&rendition=400x400_JPG_Q85&fileType=binary,2.99,8715600249743,Rivella,Other Non-Cola Carbonates,"Sweetener: cyclamate, saccharin, acesulfame potassium; Pack Type: Liquid Carton; Naturally derived: natural fragrances, natural; Flavour: lemon; Juice Content: 0-2%; Caffeine: 15-25 mg; Volume: 1500; Carbonization: sparkling"
10009275,CVS,USA,Navitas Organics Cacao Powder,"Packed with beneficial nutrients and a rich, unsweetened dark chocolate taste, Navitas Organics Cacao Powder is perfect for satisfying your chocolate craving and elevating all manner of chocolatey foo","[""""diet-nutrition"""",""""balanced-nutrition"""",""""powders""""]",https://www.cvs.com/shop/navitas-organics-cacao-powder-prodid-176319#zipcode=60804#store_id=8742#skuid=176319#skuid=176319,https://www.cvs.com/bizcontent/merchandising/productimages/large/858847000871.jpg,11.99,858847000871,Navitas,Powder Concentrates,"Pack Material Type: Paper / Carton; Sustainable Sourcing: organic; Immune Support Ingredients: antioxidants; Contains Minerals: magnesium; No Artificial Ingredients: no artificial sweeteners; Sweetener: unsweetened; Concentrate Format: powder; Juice Content: 100%; Health Claims: no added sugar, antioxidant, superfood, balanced nutrition"
10009367,Greenweez,France,"ethical 
pure juice pineapple organic madagascar - 1 liter","reference 1ETHI0148 info weight price per litre : 5.49 €/ litre 
pure juice pineapple organic madagascar - 1 liter . certified organic. fair. rich in vitamin A and C. 100% pure juice pineapple. stimul","["""" drinks"""","""" juice organic"""","""" exotic fruit juice organic""""]",https://www.greenweez.com/ethiquable-pur-jus-ananas-madagascar-bio-1-l-p97520,https://static.greenweez.com/images/products/97000/210/ethiquable-pur-jus-ananas-madagascar-bio-1l.jpg,5.87,3760091727114,Ethiquable,Not from Concentrate 100% Juice,"Carbonization: still; Volume: 1000; Pack Material Type: Paper / Carton; Sweetener: sugar; Health Claims: good source of vitamins; Juice Content: 100%; Geographic Origin: madagascar; Flavour: pineapple; Immune Support Ingredients: vitamin c; Made From: pineapple; Caffeine: 15-25 mg; Sustainable Sourcing: fairtrade, organic"
1000940992,safeway,USA,Uptime Mango Pineapple Sugar Free Energy Drink - 12 FZ,,"["""" Beverages"""","""" Energy Drinks & Shots"""","""" Energy Drinks & Shots""""]",https://www.safeway.com/shop/product-details.970109867.html,https://images.albertsons-media.com/is/image/ABS/970109867,2.5,25713921909,Uptime,Energy Drinks,"Juice Content: 0-2%; Carbonization: still; Health Claims: energy boosting, no sugar; Flavour: pineapple, mango"
1000943999,Albert Heijn,Netherlands,Hip Pop Living soda tropical peach,"characteristics: deposit (only the netherlands), 
use: to open and drink it, 
Highlights: low in kcal & free of sweeteners,100% natural, nothing artificial, with probiotics, contains living cultures.,","["""" soft drink, juices, water"""","""" Ice tea"""","""" ice tea green""""]",https://www.ah.nl/producten/product/wi584162/hip-pop-living-soda-tropical-peach,https://static.ah.nl/dam/product/AHI_4354523130303938383833?revLabel=1&rendition=400x400_JPG_Q85&fileType=binary,1.99,5060512670929,Hip Pop,Other Non-Cola Carbonates,"Caffeine: 0-15 mg; Pack Type: Can; Carbonization: still; Juice Content: 0-2%; Flavour: peach; Volume: 330; No Artificial Ingredients: no artificial sweeteners; Naturally derived: natural flavours, natural; Health Claims: probiotic; Diets: vegan"
1000947166,Trendyol,Turkey,cocoon disposable thyme flavored powder drink 50's - ISL1705-7803,,"[""""supermarket"""",""""food and beverage"""","""" still drinks""""]",https://www.trendyol.com/ismiyle-al/koza-tek-icimlik-kekik-aromali-toz-icecek-50-li-isl1705-7803-p-870185510,https://cdn.dsmcdn.com///ty1544/prod/QC/20240913/23/83611bff-db5b-3c66-88b2-e6aedfe762d7/1_org_zoom.jpg,318.21,,Koza,Powder Concentrates,Pack Type: Carton/Box; Count per Unit: 50; Concentrate Format: powder; Juice Content: 0-2%; Flavour: thyme
1000988218,Coop,Netherlands,fernandes Cream ginger,"> 
## extra information 
contact coca- Cola European Partners 
contact details po box 8775.3009 at, rotterdam 
## legal information 
operating instructions cool to serve 
storage instructions out of t","["""" groceries"""","""" soft drink, juices, and, Water"""","""" soft drinks"""","""" others, soft drink""""]",https://www.coop.nl/product/8710642037167,https://cdn.syndy.com/media/products/08140300-bd8b-6045-3b69-08dcf1db38c3/images/AW0HA3GItENDpZ-NPK0ohvI./AAAAXPyZrHaS2wjc8laHUg.290x290.jpg,1.04,8710642037167,Fernandes,Other Non-Cola Carbonates,Carbonization: carbonated; Flavour: ginger; Immune Support Ingredients: ginger; Volume: 250; Juice Content: 0-2%; Environmentally Friendly: environmentally friendly; Pack Type: Can
1000991449,Aldi,United Kingdom,Sun Quench Fruit-o Mixed Fruit Squash 1l,"## Specifications 
[ingredients_start]

Ingredients Water, Sugar, Fruit Juices From Concentrate ( Grape, Apple, Raspberry, Blackcurrant) (10%), Acid: Citric Acid; Flavourings ( Contains 𝐁𝐚𝐫𝐥𝐞𝐲); Plant","["""" Home"""","""" Drinks"""","""" Soft Drinks & Juices"""","""" Squash & Cordial""""]",https://groceries.aldi.co.uk/en-GB/p-sun-quench-fruit-o-mixed-fruit-squash-1l/4061462462566,https://aldprdproductimages.azureedge.net/media/resized\$Aldi_GB\01.11.24\4061462462566_0_M.jpg,1.09,4061462462566,Sun Quench,Liquid Concentrates,"Sweetener: sucralose, sugar, acesulfame potassium; Caffeine: 15-25 mg; Pack Type: Bottle; Immune Support Ingredients: vitamin c; Volume: 1000; Health Claims: low sugar, good source of vitamins"
100099289,New Pharma,Germany,Yogi Tea hibiscus mint with raspberry leaves glass bottle 330ml,"properties: 
touched the mind and refreshed the body. 
ayurvedic herbs- and spiced tea with fruity hibiscus and refreshing mint. 
hibiscus: 
hibiscus, here and there also marshmallow called, originall","["""" Bio - natural remedies"""","""" aromatherapy - essential oils""""]",https://www.newpharma.de/yogi-tea/636994/yogi-tea-hibiskus-minze-mit-himbeerblattern-glasflasche-330ml.html,https://img.newpharma.net//images/products/de/500/yogi-tea-hibiskus-minze-mit-himbeerblattern-glasflasche-330ml.2.jpg,1.94,,Yogi,Carbonated RTD Tea and Kombucha,"Tea Type: loose leaf, green; Health Claims: ayurvedic; Flavour: tea, mint, hibiscus, raspberry; Sweetener: sugar; Pack Type: Bottle; Botanicals And Functional Ingredients: licorice; Caffeine: 200+ mg; Pack Material Type: Glass; No Artificial Ingredients: no artificial colours; Sustainable Sourcing: organic; Volume: 330; Carbonization: still"
1001024068,Walmart,USA,Sanzo Sparkling Water Pomelo 12 fl oz ( Pack Of 12),""""" 
* Zesty pomelo flavor adds a unique twist to hydration. 
* Sparkling fizz transforms ordinary water into a refreshing experience. 
* Low-calorie and naturally flavored for guilt-free sipping. 
"""" ; ","["""" Food"""","""" Beverages"""","""" Water"""","""" Sparkling Water""""]",https://www.walmart.com/ip/Sanzo-Sparkling-Water-Pomelo-12-fl-oz-Pack-Of-12/9746557564?classType=VARIANT,https://i5.walmartimages.com/seo/Sanzo-Sparkling-Water-Pomelo-12-fl-oz-Pack-Of-12_a71f34d5-c2c7-4dbe-a8d9-dd8ab477a75e.29aaffc2c9a1aaaf94277f7e9b4f63d9.jpeg,55.98,,Sanzo,Functional Bottled Water,"Juice Content: 0-2%; Naturally derived: natural flavours; Pack Type: Can; Health Claims: low calories, hydrating; Volume: 355; Caffeine: 0-15 mg; Water Type: flavoured; Carbonization: sparkling"
10010264,Giant Eagle,USA,Purified Water - Natural Orange,6- 16oz bottles,"["""" Beverages"""","""" Flavored Drinks"""","""" Flavored""""]",https://curbsideexpress.gianteagle.com/store/7EBA1124#/product/sku/00019063232303,https://cnt.gianteagle.com/api/Images/v7/products/190908/dimensions/large/jpg,4,19063232303,Fruit2O,Still Flavoured Bottled Water,Pack Type: Bottle; Flavour: orange; Pack Material Type: Plastic; Water Type: purified; Juice Content: 0-2%; Naturally derived: natural; Carbonization: still
1001068351,Coop,Netherlands,rivella lemon,"> 
## extra information 
contact vrumona B.v. 
contact details reply number 2210.3970 wd, bunnik 
## legal information 
operating instructions chilled best. 
refrigerated storage instructions, keep dr","["""" groceries"""","""" soft drink, juices, and, Water"""","""" soft drinks"""","""" others, soft drink""""]",https://www.coop.nl/product/8715600249743,https://cdn.syndy.com/media/products/b01e0000-bd9e-6045-9812-08dcb55d6a40/images/AW0HA3GItENDpZ-NPK0ohvI./AAAAXPyZrHbMugjc_Ce6fA.290x290.jpg,3.14,8715600249743,Rivella,Other Non-Cola Carbonates,Volume: 1500; Carbonization: still; Pack Type: Liquid Carton; Juice Content: 0-2%; Flavour: lemon; Water Type: mineral
1001079382,Walmart,USA,"Culture Pop Soda Probiotic Strawberry Rhubarb, 4pk, 12 fl oz",""""" 
* Culture Pop Soda Probiotic Strawberry Rhubarb, 4pk, 12 fl oz 
* Culture Pop Soda Probiotic Strawberry Rhubarb, 4pk, 12 fl oz 
* Culture Pop Soda Probiotic Strawberry Rhubarb, 4pk, 12 fl oz 
"""" ; F","["""" Food"""","""" Beverages"""","""" Functional & Enhanced Beverages"""","""" Prebiotic & Probiotic Drinks""""]",https://www.walmart.com/ip/Culture-Pop-Soda-Probiotic-Strawberry-Rhubarb-4pk-12-fl-oz/6621719998?classType=REGULAR&athbdg=L1600,https://i5.walmartimages.com/seo/Culture-Pop-Soda-Probiotic-Strawberry-Rhubarb-4pk-12-fl-oz_85febc15-04a1-4ed1-a605-427bffbc733d.c7bb0c266484bea5124b96524a63992a.png,6.98,,Culture Pop,Other Non-Cola Carbonates,"Volume: 355; Juice Content: 0-2%; Caffeine: 0-15 mg; Pack Type: Carton/Box; Carbonization: still; Free From: no caffeine; Flavour: strawberry, rhubarb; Health Claims: pre-biotic, probiotic"
1001135174,amazon,USA,"KERNS Nectar Can, 888903201021, Apricot, 11.5 Ounce","* * *
## Important information 
[ingredients_start]
Ingredients 
Water, Apricot Puree from Concentrate, Sugar, Malic Acid, Natural Flavor, Ascorbic Acid ( Vitamin C). 
[ingredients_end]

Legal Disclai","["""" Any Department"""","""" Grocery & Gourmet Food"""","""" Beverages"""","""" Bottled Beverages, Water & Drink Mixes"""","""" Juices""""]",https://www.amazon.com/dp/B07VHWFP51,https://m.media-amazon.com/images/I/71iirmCPRlL._AC_UL320_.jpg,14.26,888903201027,Kern's,Nectars,"Made From: apricot, coconut, pineapple, peach, mango; Juice Features: from concentrate; Carbonization: still; Volume: 340; Flavour: apricot; Juice Content: 15-25%; Diets: kosher; Health Claims: no added sugar; Pack Type: Can; Immune Support Ingredients: vitamin c; Caffeine: 15-25 mg; Naturally derived: natural flavours; No Artificial Ingredients: no artificial flavours"
1001164122,amazon,United Kingdom,"Body Fuel Energy & Vitamins Drink - Fast Energy, Energy Drink, Sugar Free with Caffeine ( Pack of 12 Cans x 330ml) ( Orange)","# Product information 
Collapse All Expand All Measurements Item Package Weight 4.19 Kilograms 
Number of Pieces 12 
Unit Count 3960.0 millilitre 
Item Weight 66 Grams 
Number of Items 12 
Item Volume","["""" Grocery"""","""" Drinks"""","""" Energy Drinks""""]",https://www.amazon.co.uk/dp/B0CGDTS2YW,https://m.media-amazon.com/images/I/71Fr3YwiuZL._AC_UL320_.jpg,14.95,,Applied Nutrition,Energy Drinks,"Energy Source: b-vitamins; Caffeine: 25-50 mg; Carbonization: still; Naturally derived: natural flavours; Pack Type: Can; Juice Content: 0-2%; Sports Ingredients: creatine; Contains Minerals: calcium, magnesium; Flavour: orange; Volume: 330; Health Claims: good source of vitamins, energy boosting, no added sugar, no sugar, nootropic/enhanced mental performance; Sweetener: sucralose; Diets: halal; Pack Material Type: Metal; Immune Support Ingredients: vitamin c"
1001173315,Coop,Netherlands,sourcing vitamin water grape lemon,"> 
## extra information 
contact vrumona B.v. 
contact details reply number 2210.3970 wd, bunnik 
## legal information 
storage instructions for best before end: see neck bottle. cool, keep dry and da","["""" groceries"""","""" soft drink, juices, and, Water"""","""" Water"""","""" Water, with, a, taste""""]",https://www.coop.nl/product/8715600249453,https://cdn.syndy.com/media/products/08140000-bd8b-6045-0044-08dcf1db38c8/images/AW0HA3GItENDpZ-NPK0ohvI./AAAAXPyZrHZCtAjc_CeufQ.290x290.jpg,1.88,8715600249453,Sourcy,Functional Bottled Water,"Pack Type: Bottle; Flavour: grape, lemon; Carbonization: still; Volume: 500; Caffeine: 15-25 mg"
1001259743,Pavilions,USA,General Mills Jamba Smoothie Inspired Mango-a-go-go Fruit Flavored Snacks - 14 Count,"
[ingredients_start]
 Corn Syrup, Sugar, Apple Juice Concentrate, Modified Corn Starch. Contains 2% or less of: Fruit Pectin, Citric Acid, Sodium Citrate, Malic Acid, Potassium Citrate, Vitamin C (asc","["""" Beverages"""","""" Juice & Smoothies"""","""" Smoothies""""]",https://www.pavilions.com/shop/product-details.970927792.html,https://images.albertsons-media.com/is/image/ABS/970927792,7.99,,Jamba,Not from Concentrate 100% Juice,"Juice Features: smoothie, from concentrate; Health Claims: good source of vitamins, no saturated fats; Pack Type: Carton/Box; Carbonization: still; Made From: apple, pineapple, orange, passion fruit, mango; Free From: no milk, no soy, no peanuts, no eggs, no gelatin, no nuts, no crustaceans, no fish, wheat free; Flavour: mango; Geographic Origin: mexico; Immune Support Ingredients: vitamin c, turmeric; Naturally derived: natural flavours; Juice Content: 100%; No Artificial Ingredients: no artificial flavours, no artificial colours; Caffeine: 15-25 mg"
1001262658,Dirk,Netherlands,1 the best Shot mango ginger orange,*,"["""" bread, toppings & biscuit"""","""" sandwich fillings""""]",https://www.dirk.nl/boodschappen/dranken-sap-koffie-thee/vruchtensappen/1%20de%20beste%20shot%20mango%20gember%20sinaasappel/112736,https://d3r3h30p75xj6a.cloudfront.net/artikelen%2F204255_1_473034_638658858651368487.png,0.99,,1 de Beste,Not from Concentrate 100% Juice,"Juice Content: 100%; Pack Type: Jar; Volume: 125; Carbonization: still; Flavour: orange, ginger, mango; Immune Support Ingredients: ginger; Made From: ginger, orange, mango"
1001306530,safeway,USA,Redcon1 Energy Prime Time Punch 16fz - 16 FZ,,"["""" Beverages"""","""" Energy Drinks & Shots"""","""" Energy Drinks & Shots""""]",https://www.safeway.com/shop/product-details.971078267.html,https://images.albertsons-media.com/is/image/ABS/971078267,2.49,810044577662,Redcon1,Energy Drinks,Juice Content: 0-2%; Carbonization: still; Health Claims: energy boosting; Pack Type: Can
1001312667,Well.ca,Canada,Bremner's Spout Pouches Pomegranate Juice,"100% Pure juice in an easy to go format. Perfect to take on hikes or to pack for lunch. 
, 
* Non GMO Verified 
* Canadian Company 
* No added Sugar 
* No added Water 
* No added Preservatives","["""" Food & Snacks"""","""" Beverages"""","""" Juices""""]",https://well.ca/products/bremners-spout-pouches-pomegranate_320227.html,https://dr9wvh6oz7mzp.cloudfront.net/i/d37e4a8e670003f293320d35afd6d3da_ra.png,6,,Bremner's,Reconstituted 100% Juice,Flavour: pomegranate; No Artificial Ingredients: no gmo; Volume: 100; Juice Content: 100%; Pack Type: Carton/Box; Health Claims: no added sugar; Carbonization: still; Made From: pomegranate
1001387265,Billa,Austria,Emmi caffe latte macchiato Big,"further product information product name mixed milk product from whole milk and cream with fresh brewed coffee, with 5% fat in the milk part. ultra high temperature. production country switzerland dim","[""""refrigerated goods"""","""" dairy products"""","""" milk drinks""""]",https://shop.billa.at/produkte/emmi-caffe-latte-macchiato-big-00746640,https://images.cdn.europe-west1.gcp.commercetools.com/723b2575-66c7-4d92-ae49-82bf1d168d26/00-746640-0846858339-xeeVfeu_.jpg,2.99,,Emmi,RTD Coffee,"RTD Coffee Style: cream, latte; Carbonization: still; Sweetener: sugar; Caffeine: 15-25 mg; Coffee Type: arabica; Juice Content: 0-2%; Sustainable Sourcing: rainforest alliance; Volume: 350; Flavour: latte"
1001405249,Asda,United Kingdom,Burst Orange 400ml,"No added sugar*
* Contains naturally occurring sugars.
No added nonsense**
** No artificial colours, flavours or sweeteners. 
1 of Your 5 a Day. Refreshingly no-nonsense. 1 / 5 In Every Bottle. Vegan ","["""" Chilled Food"""","""" Sandwiches, Snacks & Drinks"""","""" Sandwiches, Snacks & Drinks""""]",https://groceries.asda.com/product/1000383236909,https://ui.assets-asda.com:443/dm/5038512002637,1.7,5038512002637,Juice Burst,Juice Drinks (up to 24% Juice),"Made From: orange; Naturally derived: natural flavours, natural; Juice Features: from concentrate; Health Claims: no added sugar; Caffeine: 15-25 mg; Volume: 400; Carbonization: still; No Artificial Ingredients: no artificial colours, no artificial flavours, no artificial sweeteners; Flavour: orange"
1001436205,Well.ca,Canada,Bremner's Spout Pouches Blueberry Juice,"100% Pure juice in an easy to go format. Perfect to take on hikes or to pack for lunch.
Highlights","["""" Food & Snacks"""","""" Beverages"""","""" Juices""""]",https://well.ca/products/bremners-spout-pouches-blueberry_320225.html,"https://dr9wvh6oz7mzp.cloudfront.net/i/34851fa430c847562a653372c3b8762a_ra,w240,h280_pa,w240,h280.png",10.46,,Bremner's,Reconstituted 100% Juice,Juice Content: 100%; Flavour: blueberry; Carbonization: still; Made From: blueberry; Pack Type: Carton/Box; Volume: 100
1001470657,amazon,USA,"KILL CLIFF Blood Orange Recovery Drink, 12 FZ","* * *
## Important information 
[ingredients_start]
Ingredients 
Carbonated Water, Erythritol ( Natural Sweetener), Vitamin & Plant Extract Blend ( Taurine, D- Glucuron 
[ingredients_end]

Legal Discl","["""" Grocery & Gourmet Food"""","""" Beverages"""","""" Bottled Beverages, Water & Drink Mixes"""","""" Sports Drinks""""]",https://www.amazon.com/dp/B009YJ33K2,https://m.media-amazon.com/images/I/41Ei5ZpFUcL._AC_UL320_.jpg,2.96,896743002001,Kill Cliff,Sports Drinks,"Health Claims: good source of minerals, hydrating; Sports Ingredients: electrolytes; Caffeine: 0-15 mg; Sweetener: erythritol; Volume: 355; No Artificial Ingredients: no gmo, no artificial flavours; Flavour: orange; Carbonization: gently carbonated; Pack Type: Carton/Box; Juice Content: 0-2%; Naturally derived: natural flavours, natural sweeteners; Immune Support Ingredients: vitamin c"
1001493273,amazon,USA,"Sweetbird Banana Flavored Syrup - 1 Liter ( Vegan, GMO Free, All Natural)","Unit Count 33.8 Fl Oz 
Number of Items 1 
Package Information Bottle 
Item Volume 1000 Milliliters 
Item Weight 1 Kilograms 
* * *
## Important information 
Legal Disclaimer 
Statements regarding diet","["""" Grocery & Gourmet Food"""","""" Beverages"""","""" Beverage Syrups & Concentrates""""]",https://www.amazon.com/dp/B08X4VYZXL,https://m.media-amazon.com/images/I/61ocgnfXaQL._AC_UL320_.jpg,38.94,,Sweetbird,Liquid Concentrates,Caffeine: 0-15 mg; No Artificial Ingredients: no gmo; Volume: 1000; Juice Content: 0-2%; Flavour: banana; Naturally derived: natural; Pack Material Type: Glass
1001573296,safeway,USA,Aura Bora Water Sparkling Basil Berry - 12 FZ,,"["""" Beverages"""","""" Water & Sparkling Water"""","""" Enhanced Water""""]",https://www.safeway.com/shop/product-details.970066138.html,https://images.albertsons-media.com/is/image/ABS/970066138,2.5,860002260938,Aura Bora,Functional Bottled Water,"Juice Content: 0-2%; Pack Material Type: Metal; Carbonization: sparkling; Flavour: berry, basil"
1001595194,Well.ca,Canada,Bremner's Spout Pouches Cranberry Juice,"100% Pure juice in an easy to go format. Perfect to take on hikes or to pack for lunch. 
Highlights 
, 
* Non GMO Verified 
* Canadian Company 
* No added Sugar 
* No added Water 
* No added Preservat","["""" Food & Snacks"""","""" Beverages"""","""" Juices""""]",https://well.ca/products/bremners-spout-pouches-cranberry_320226.html,https://dr9wvh6oz7mzp.cloudfront.net/i/5d085c245be4c754c9bfa0d3779bbc92_ra.png,6,,Bremner's,Reconstituted 100% Juice,No Artificial Ingredients: no gmo; Flavour: cranberry; Pack Type: Carton/Box; Made From: cranberry; Juice Content: 100%; Volume: 100; Carbonization: still; Health Claims: no added sugar
1001603430,amazon,France,hyssop Soda Craft grapefruit - origin france - Soda organic - 6 x 75cl,"# product information 
collapse all expand all Dimensions package weight 9.43 kilograms 
counting unit 4500 milliliters 
number' articles 6 
item details Description content liquids soft drink 
ASIN B","["""" grocery"""","""" coffee, tea and drinks"""","""" soft drinks""""]",https://www.amazon.fr/dp/B0DK99B1H2,https://m.media-amazon.com/images/I/615KuZ3PnNL._AC_UL320_.jpg,25.5,,Hysope,Other Non-Cola Carbonates,"Sustainable Sourcing: organic; Carbonization: sparkling; Caffeine: 15-25 mg; Volume: 750; Flavour: grapefruit; Pack Type: Bottle; Free From: no alcohol; Naturally derived: natural flavours, natural fragrances, natural; No Artificial Ingredients: no artificial sweeteners; Geographic Origin: france; Health Claims: low sugar; Juice Content: 0-2%"
1001610870,Walmart,USA,"Hal's New York Seltzer Carbonated Blackberry Flavored Sparkling Water, Zero Sugar, Zero Calorie, Zero Carbs, 20 Fl Oz ( Pack of 12)",""""" 
* Variety: Sparkling 
* Item Volume: 20 Fluid Ounces 
* Package Information: Can 
"""" ; Brand Unbrand","["""" Food"""","""" Beverages"""","""" Water"""","""" Seltzer Water"""","""" All Seltzer Water""""]",https://www.walmart.com/ip/Hal-s-New-York-Seltzer-Carbonated-Blackberry-Flavored-Sparkling-Water-Zero-Sugar-Zero-Calorie-Zero-Carbs-20-Fl-Oz-Pack-of-12/13316056005?classType=REGULAR,https://i5.walmartimages.com/seo/Hal-s-New-York-Seltzer-Carbonated-Blackberry-Flavored-Sparkling-Water-Zero-Sugar-Zero-Calorie-Zero-Carbs-20-Fl-Oz-Pack-of-12_fdbccd47-603b-4aff-8dcd-845efedbb191.be871ce979542c97b2f5eb50a50ef294.jpeg,33.11,,Hal New York,Sparkling Flavoured Bottled Water,"Flavour: blackberry; Caffeine: 0-15 mg; Volume: 591; Water Type: seltzer, flavoured; Geographic Origin: united states; Juice Content: 0-2%; Health Claims: no sugar, no calories; Carbonization: carbonated, sparkling"
1001657160,Knuspr,Germany,fritz-kola box 24x0.33 l (MULTI-WAY),,"["""" beverages """","""" Soft & Energy Drinks """","""" cola & lemonades """","""" Cola""""]",https://www.knuspr.de/11475-fritz-kola-kiste-24x0-33-l-mehrweg,https://cdn.knuspr.de/images/grocery/products/11475/11475-1625810086946.jpg,26.99,,Fritz Kola,Reduced Sugar Cola Carbonates,Pack Type: Carton/Box; Carbonization: carbonated; Volume: 330; Juice Content: 0-2%
1001674701,Walmart,USA,"Culture Pop Soda Sparkling Probiotic Drink, Wild Berries, 12 Pack, 12 Fl Oz Cans",""""" 
* PROBIOTIC SODA YOU CAN FEEL GOOD ABOUT!: More flavorful than a seltzer but much less sweet than traditional colas or fruit sodas, CULTURE POP soda is sweetened with fruit juice, no refined sugar ","["""" Food"""","""" Beverages"""","""" Soda Pop"""","""" Modern Soda""""]",https://www.walmart.com/ip/Culture-Pop-Soda-Sparkling-Probiotic-Drink-Wild-Berries-12-Pack-12-Fl-Oz-Cans/13700568687?classType=VARIANT&athbdg=L1900,https://i5.walmartimages.com/seo/Culture-Pop-Soda-Sparkling-Probiotic-Drink-Wild-Berries-12-Pack-12-Fl-Oz-Cans_f272e10d-1ce3-482c-be68-3892fd2336a1.933bfa4b14a94b7783f0ba1ceb90c1d3.jpeg,28.04,,Culture Pop,Other Non-Cola Carbonates,"Pack Type: Can; Health Claims: probiotic; Sustainable Sourcing: organic; Flavour: wild berries, berry; Diets: plant-based, vegan, kosher; Carbonization: carbonated, sparkling; Juice Content: 0-2%; Sweetener: stevia; Volume: 355; No Artificial Ingredients: no artificial sweeteners, no gmo"
1001677878,Walmart,USA,"Culture Pop Soda Sparkling Probiotic Drink, Watermelon, 12 Pack, 12 Fl Oz Cans",""""" 
* PROBIOTIC SODA YOU CAN FEEL GOOD ABOUT!: More flavorful than a seltzer but much less sweet than traditional colas or fruit sodas, CULTURE POP soda is sweetened with fruit juice, no refined sugar ","["""" Food"""","""" Beverages"""","""" Soda Pop"""","""" Modern Soda""""]",https://www.walmart.com/ip/Culture-Pop-Soda-Sparkling-Probiotic-Drink-Watermelon-12-Pack-12-Fl-Oz-Cans/13689271530?classType=VARIANT,https://i5.walmartimages.com/seo/Culture-Pop-Soda-Sparkling-Probiotic-Drink-Watermelon-12-Pack-12-Fl-Oz-Cans_a0184272-ae10-4a7a-b2e0-704511275663.9585b7d38285f9eec6d827f87b54105e.jpeg,28.89,,Culture Pop,Other Non-Cola Carbonates,"No Artificial Ingredients: no artificial sweeteners, no gmo; Carbonization: carbonated, sparkling; Volume: 355; Sustainable Sourcing: organic; Flavour: watermelon; Sweetener: stevia; Juice Content: 0-2%; Pack Type: Can; Health Claims: probiotic, digestive health; Diets: vegan, plant-based, kosher"
1001724125,iHerb,USA,"Everydaze, Reset Kombucha, Powdered Beverage Mix, Strawberry Kiwi, 10 Packets, 0.18 oz (5 g) Each","### Description 
* Pre + Probiotics 
* Vegan 
* 21 Calories 
* No Added Sugar 
* Low Calories 
* Vegan Probiotics 
* Gluten- Free 
* Non- Alcoholic 
* Peta Approved - Animal Test- Free 
* Fermented Te","["""" Supplements"""","""" Digestive Support"""","""" Probiotics""""]",https://www.iherb.com/pr/everydaze-reset-kombucha-powdered-beverage-mix-strawberry-kiwi-10-packets-0-18-oz-5-g-each/145723,"https://cloudinary.images-iherb.com/image/upload/f_auto,q_auto:eco/images/daz/daz56263/l/17.jpg",7.19,,Everydaze,Powder Concentrates,"Concentrate Format: powder, vitamins; Pack Type: Carton/Box; Weight: 5; Flavour: strawberry, kiwi; Sustainable Sourcing: organic; Caffeine: 0-15 mg; Sweetener: stevia, erythritol; Contains Minerals: calcium, iron; Juice Content: 0-2%; Free From: no alcohol; Health Claims: no added sugar, low calories"
1001747776,AB Vassilopoulos,Greece,natural juice apple 1lt,the OLUMPOS trusts the greek nature γι' this chooses the best greek fruits and offers you the sweet pleasure of juice.,"[""""dairy products,herbal drinks & items refrigerator"""",""""refrigerator juices""""]",https://www.ab.gr//el/eshop/Galaktokomika-Fytika-Rofimata-and-Eidi-Psygeioy/Chymoi-psygeioy/Fysikos-Chymos-Milo-1lt/p/7757333,https://static.ab.gr/medias/sys_master/products/h04/h5e/10092269895710.jpg,2.98,,Olympos,Not from Concentrate 100% Juice,Flavour: apple; Volume: 1000; Juice Features: from concentrate; Naturally derived: natural; Juice Content: 100%; Made From: apple; Carbonization: still
1001783640,amazon,Italy,Lowicz syrup of raspberry ( Malina) 400 ml x 10 Pack,"london grocery brand 
taste syrup of raspberry 
unit count 10.00 units 
number of articles 10 
item volume 400 milliliters 
package weight 4000 grams 
london grocery producer 
* * *
# information abou","["""" food and care of home"""","""" coffee, tea and drinks"""","""" drinks syrups and concentrates""""]",https://www.amazon.it/dp/B0B9251FNT,https://m.media-amazon.com/images/I/41D9CpiPc6L._AC_UL320_.jpg,92.34,,Lowicz,Liquid Concentrates,Flavour: raspberry; Pack Type: Bottle; Pack Material Type: Glass; Caffeine: 150-200 mg; Volume: 400; Juice Content: 0-2%
1001787666,Kroger,USA,TEN Alkaline Spring Water,"TEN Spring Water is Perfection in a Bottle. Sourced from natural springs, never from a municipal (tap) water source, Stable pH -- tested to hold pH in the bottle for a minimum of 2 years,BPA-free bott","["""" Grocery"""","""" Pantry"""","""" Beverages"""","""" Water"""","""" Alkaline Water""""]",https://www.kroger.com/p/ten-alkaline-spring-water/0081005300022#:#zipcode=46204&storeid=02100339,https://www.kroger.com/product/images/xlarge/front/0081005300022,4.79,810053000229,Ten,Functional Bottled Water,"Water Type: spring, alkaline; Juice Content: 0-2%; Naturally derived: natural; Volume: 3785; Carbonization: still"
1001799135,amazon,United Kingdom,Body Fuel Energy Can 12x330ml Orange,"Brand Applied Nutrition 
Flavour Orange 
Unit count 6000 gram 
Package weight 3990 Grams 
* * *
# About this item 
* 0 Calories And 0 Sugar Essential B- Vitamins To Support Energy Levels And Metabolic","["""" Grocery"""","""" Drinks"""","""" Energy Drinks""""]",https://www.amazon.co.uk/dp/B0CSYZWY2C,https://m.media-amazon.com/images/I/71CJZlLh1uL._AC_UL320_.jpg,20.59,,Applied Nutrition,Energy Drinks,"Caffeine: 25-50 mg; Naturally derived: natural flavours; Energy Source: b-vitamins; Sweetener: sucralose; Carbonization: still; Diets: halal; Free From: no allergens; Health Claims: brain health/ cognitive health / memory health, good source of minerals, no sugar, good source of vitamins, energy boosting, nootropic/enhanced mental performance; Contains Minerals: calcium, magnesium; Flavour: orange; Juice Content: 15-25%; Pack Type: Can; Volume: 330"
1001808054,Walmart,USA,"Culture Pop Soda Sparkling Probiotic Drink, Orange Mango, 12 Pack, 12 Fl Oz Cans",""""" 
* PROBIOTIC SODA YOU CAN FEEL GOOD ABOUT!: More flavorful than a seltzer but much less sweet than traditional colas or fruit sodas, CULTURE POP soda is sweetened with fruit juice, no refined sugar ","["""" Food"""","""" Beverages"""","""" Soda Pop"""","""" Modern Soda""""]",https://www.walmart.com/ip/Culture-Pop-Soda-Sparkling-Probiotic-Drink-Orange-Mango-12-Pack-12-Fl-Oz-Cans/13683059440?classType=VARIANT,https://i5.walmartimages.com/seo/Culture-Pop-Soda-Sparkling-Probiotic-Drink-Orange-Mango-12-Pack-12-Fl-Oz-Cans_468ec35e-f80c-42fc-9d9a-387aee9e0351.873e638206812eae12b7b61147d4005c.jpeg,29.99,,Culture Pop,Orange Carbonates,"Health Claims: probiotic; Sweetener: stevia; Volume: 355; No Artificial Ingredients: no artificial sweeteners, no gmo; Flavour: orange, mango; Pack Type: Can; Sustainable Sourcing: organic; Diets: plant-based, vegan, kosher; Carbonization: carbonated, sparkling"
1001814748,amazon,Germany,"ABE energy + Performance sugar free Energy Drink - All Black Everything Drink with caffeine, Vita choline, Dynamin, citrulline- malate (12 oz Dose - 12 pieces) ( Baddy Berry)","# Product information 
Collapse All Expand All Measurements Item package weight 4.2 Kilograms 
number of pieces 12 
package quantity 12 
Unit Count 3810.1759 gram 
item weight 11 Ounces 
number of ite","["""" Grocery"""","""" Drinks"""","""" Energy Drinks""""]",https://www.amazon.de/dp/B0C77WRGZD,https://m.media-amazon.com/images/I/61ACo+17mBL._AC_UL320_.jpg,101.43,,Abe,Energy Drinks,"Energy Source: l-theanine; Juice Content: 0-2%; Volume: 355; Count per Unit: 12; Immune Support Ingredients: vitamin c; Naturally derived: natural fragrances; Flavour: berry; Pack Type: Can; Carbonization: carbonated; Health Claims: mood-enhancing, brain health/ cognitive health / memory health, fatigue relief, energy boosting, nootropic/enhanced mental performance, no sugar; Sports Positioning: pre-workout; Sweetener: sucralose"
1001815828,Target,USA,Life Aid Fit Aid Go Hydration + Athletic Recovery Powder Citrus Medley - 6 packets,"
[ingredients_start]
 Does Not Contain Any of the 9 Major Allergens Product Form: Powder Package Quantity: 6 TCIN: 94162547 UPC: 810047240570 Origin: made in the USA 
[ingredients_end]

Life Aid Fit A","["""" Health"""","""" Vitamins & Supplements"""","""" Immune System Supplements""""]",https://www.target.com/p/lifeaid-fitaid-go-hydration-athletic-recovery-powder-citrus-medley-6-packets/-/A-94162547,https://target.scene7.com/is/image/Target/GUEST_decc6068-6486-4d68-a4bf-93167752413e,69.05,810047240570,LIFEAID,Powder Concentrates,"Free From: no allergens; Caffeine: 0-15 mg; Concentrate Format: powder; Pack Type: Carton/Box; Flavour: citrus; Naturally derived: natural sweeteners; Geographic Origin: united states; Sweetener: monk fruit, stevia; No Artificial Ingredients: no sucralose; Health Claims: no sugar, no added sugar, immune system health, hydrating"
1001906898,amazon,France,Applied Nutrition Body Fuel Energy Can Orange 330 ml x 12,"mark applied Nutrition 
orange flavor 
number of items 1 
number of units 330 milliliters 
package weight 3990 grams 
* * *
# at about this article 
* 0 calories and 0 sugar 
* vitamins B essential to","["""" grocery"""","""" coffee, tea and drinks"""","""" energy drinks""""]",https://www.amazon.fr/dp/B0CSYZWY2C,https://m.media-amazon.com/images/I/71CJZlLh1uL._AC_UL320_.jpg,49.11,,Applied Nutrition,Energy Drinks,"Energy Source: b-vitamins; Carbonization: still; Health Claims: no sugar, energy boosting, good source of vitamins, nootropic/enhanced mental performance; Contains Minerals: calcium; Sweetener: sucralose; Caffeine: 25-50 mg; Juice Content: 0-2%; Naturally derived: natural fragrances; Flavour: orange; Pack Type: Can; Volume: 330"
1001922506,Walmart,USA,"Culture Pop Soda Sparkling Probiotic Drink, Lemon Lime, 12 Pack, 12 Fl Oz Cans",""""" 
* PROBIOTIC SODA YOU CAN FEEL GOOD ABOUT!: More flavorful than a seltzer but much less sweet than traditional colas or fruit sodas, CULTURE POP soda is sweetened with fruit juice, no refined sugar ","["""" Food"""","""" Beverages"""","""" Soda Pop"""","""" Lemon & Lime""""]",https://www.walmart.com/ip/Culture-Pop-Soda-Sparkling-Probiotic-Drink-Lemon-Lime-12-Pack-12-Fl-Oz-Cans/13699311168?classType=VARIANT,https://i5.walmartimages.com/seo/Culture-Pop-Soda-Sparkling-Probiotic-Drink-Lemon-Lime-12-Pack-12-Fl-Oz-Cans_cadad29e-7790-431c-b0d1-fda45e82f405.60cc03da8890460aa0ae2bbbefa7f07b.jpeg,32.99,,Culture Pop,Other Non-Cola Carbonates,"Volume: 355; Flavour: lime, lemon; Diets: plant-based, kosher, vegan; Sweetener: stevia; Pack Type: Can; Sustainable Sourcing: organic; Carbonization: carbonated, sparkling; Health Claims: probiotic, digestive health; Juice Content: 0-2%; No Artificial Ingredients: no gmo, no artificial sweeteners"
1001961770,Kroger,USA,Kohana Cold Brew Concentrate,"Experience the rich and smooth flavor of Kohana Cold Brew Concentrate! Each pack contains 32 oz of meticulously brewed coffee concentrate, ready to mix with your favorite milk or water for a refreshin","["""" Grocery"""","""" Beverages"""","""" Coffee"""","""" Cold Brew, Iced & Bottled Coffee""""]",https://www.kroger.com/p/kohana-cold-brew-concentrate/0380407826317?fulfillment=IN_STORE,https://www.kroger.com/product/images/xlarge/front/0380407826317,98.99,3804078263179,Kohana,RTD Coffee,"Volume: 946; Juice Content: 0-2%; RTD Coffee Style: milk, cold brew; Carbonization: still"
1002004030,safeway,USA,Bolt24 Peach Mango 16.9 Oz. - 16.9 OZ,,"["""" Beverages"""","""" Sports Drinks"""","""" Sports Drinks""""]",https://www.safeway.com/shop/product-details.970033355.html,https://images.albertsons-media.com/is/image/ABS/970033355,1.79,52000047776,Bolt 24,Sports Drinks,"Volume: 500; Carbonization: still; Flavour: peach, mango; Juice Content: 0-2%"
1002086396,Walmart,USA,"Sol-ti Super Boost Super Shot , Organic Cold Pressed Concentrated Juice Shot 2.1 oz, with Organic Pineapple & Tumeric",""""" 
* Sol-ti Super Boost Super Shot , Organic Cold Pressed Concentrated Juice Shot 2.1 oz, with Organic Pineapple & Tumeric 
* TROPICAL DIGESTIVE BOOST: One (1) 2.1 oz Sol-ti Super Shot, featuring a re","["""" Food"""","""" Beverages"""","""" Juices"""","""" Cold Pressed Juices & Juice Shots"""","""" All Cold Pressed Juices & Juice Shots""""]",https://www.walmart.com/ip/Sol-ti-SuperBoost-SuperShot/5403700307?classType=REGULAR,https://i5.walmartimages.com/seo/Sol-ti-SuperBoost-SuperShot_46c4555e-cf39-4845-a160-d3cc263c8c3f.b141ded5bc759bec31d425d19cedfbd4.png,2.98,,Sol-ti,Not from Concentrate 100% Juice,"Free From: no caffeine; Volume: 250; Juice Features: cold press; Diets: plant-based; No Artificial Ingredients: no gmo; Health Claims: digestive health, immune system health, good source of minerals, antioxidant, good source of vitamins; Pack Type: Bottle; Contains Minerals: manganese; Made From: ginger, pepper, lemon, apple, pineapple; Flavour: pineapple; Sustainable Packaging: can be recycled; Caffeine: 0-15 mg; Immune Support Ingredients: vitamin c, ginger, turmeric, antioxidants; Sustainable Sourcing: usda organic, organic; Carbonization: still; Juice Content: 100%"
100210306,Sainsbury's,United Kingdom,Regal Siprus Mixed Fruit Nectar 2 Ltr,"Information
Description
Mixed Fruit Nectar
Made from 5 fruits
Suitable for vegetarians
Full product range available online www.shopatregal.com
Find us on Facebook and Twitter
Product of IRP
Bottle des","["""" Dairy, eggs & juice"""","""" Fruit juice & drinks"""","""" Chilled fruit juice & smoothies""""]",https://www.sainsburys.co.uk/shop/gb/groceries/product/details/diwali/regal-siprus-mixed-fruit-nectar-2-ltr,https://assets.sainsburys-groceries.co.uk/gol/7953221/image.jpg,2.5,5027738013381,Regal,Nectars,"Juice Features: smoothie; Volume: 2000; Caffeine: 15-25 mg; Pack Material Type: Plastic; Naturally derived: natural sweeteners, natural colourants; Sweetener: sugar; Carbonization: still; Juice Content: 50-75%; Immune Support Ingredients: vitamin c, antioxidants; Made From: orange, apple, guava, mango; Pack Type: Bottle; Health Claims: antioxidant"
1002116588,Walmart,USA,KR Pink Grapefruit Flavored Seltzer Water Cans 12 pk / 12 fl oz - Pack of 2,""""" 
* Nutrition Facts 
* 12.0 servings per container 
* Serving size 1 can (354mL) 
* Amount per serving 
* Calories 0 
* % Daily value* 
* Total Fat0g Total Fat 
* Sodium10mg Sodium 
* Total Carbohydr","["""" Food"""","""" Beverages"""","""" Water"""","""" Flavored Water"""","""" All Flavored Water""""]",https://www.walmart.com/ip/KR-Pink-Grapefruit-Flavored-Seltzer-Water-Cans-12-pk-12-fl-oz-Pack-of-2/15768011946?classType=REGULAR,https://i5.walmartimages.com/seo/2X-KR-Pink-Grapefruit-Flavored-Seltzer-Water-Cans-12-fl-oz-12-pk_93ad7b8b-1efa-4e36-ab8f-3769901fe1a8.5952c7e3c1ebbb0c3ee0c8f13ebfa97b.jpeg,20.99,100140707828,Strike Force,Sparkling Flavoured Bottled Water,Volume: 355; Water Type: seltzer; Flavour: grapefruit; Pack Type: Carton/Box; Carbonization: carbonated; Juice Content: 0-2%; Caffeine: 15-25 mg
1002183105,amazon,France,Booster Sniff pack of 3 | powder energizing d' germany | concentrated and awake | alternative effective at energy drinks | over 120 sniffles,"mark Booster Sniff 
flavor pepper mint 
primary complement type Taurin 
number of units 6.0 gram 
form of the article powder 
item weight 6 grams 
number of items 3 
maker lk Vita Health UG (haftungsb","["""" all stores"""","""" grocery"""","""" coffee, tea and drinks"""","""" energy drinks""""]",https://www.amazon.fr/dp/B0D9ML5JM2,https://m.media-amazon.com/images/I/714H0z54DML._AC_UL320_.jpg,27.95,,Booster,Energy Drinks,"Energy Source: guarana; Volume: 9; Geographic Origin: germany; Juice Content: 0-2%; Botanicals And Functional Ingredients: rhodiola; Carbonization: still; Health Claims: no sugar, energy boosting; Caffeine: 15-25 mg"
1002191827,iHerb,USA,"Everydaze, Reset Kombucha, Powdered Beverage Mix, Peach, 10 Packets, 0.18 oz (5 g) Each","### Description 
* Pre + Probiotics 
* 21 Calories 
* No Added Sugar 
* Low Calories 
* Vegan Probiotics 
* Gluten Free 
* Non- Alcoholic 
* PETA Animal Test- Free Vegan 
* Fermented Tea Drink On- The","["""" Supplements"""","""" Digestive Support"""","""" Probiotics""""]",https://www.iherb.com/pr/everydaze-reset-kombucha-powdered-beverage-mix-peach-10-packets-0-18-oz-5-g-each/145719,"https://cloudinary.images-iherb.com/image/upload/f_auto,q_auto:eco/images/daz/daz56258/l/17.jpg",7.19,,Everydaze,Powder Concentrates,"Juice Content: 0-2%; Weight: 5; Contains Minerals: calcium, iron; Health Claims: no added sugar, low calories; Sweetener: stevia, erythritol; Free From: no alcohol; Caffeine: 0-15 mg; Pack Type: Carton/Box; Concentrate Format: powder, vitamins; Flavour: peach"
1002197267,amazon,United Kingdom,"The Gutsy Captain Kombucha - 12 x 400ml - Kombucha Tea, Certified Organic - Natural Fermented Probiotic Drink, Raw and Vegan - 12pack ( Pineapple Peach)","Flavour Pineapple Peach 
Brand THE GU Tsy CAPTAIN KOMBUCHA 
Item form Liquid 
Caffeine content high_caffeine 
Specialty Antioxidants, No Preservatives, Vegan 
Package information Bottle 
Unit count 12","["""" Grocery"""","""" Drinks"""","""" Tea"""","""" Kombucha""""]",https://www.amazon.co.uk/dp/B0BGJLCD19,https://m.media-amazon.com/images/I/71bixDzH1OL._AC_UL320_.jpg,27.9,,The Gu Tsy,Carbonated RTD Tea and Kombucha,"Health Claims: probiotic, antioxidant; Immune Support Ingredients: ginger, antioxidants; Flavour: peach, pineapple, tea; Naturally derived: natural; Volume: 400; Pack Type: Bottle; No Artificial Ingredients: no artificial flavours, no artificial colours, no artificial preservatives; Sustainable Sourcing: organic; Carbonization: carbonated; Caffeine: 15-25 mg"
1002262631,superdrug,United Kingdom,WOW Hydrate ELECTROLYTE Lemon and Lime - 500ml (x 12),other Features Our tasty range of electrolyte drinks contains a variety of essential vitamins and electrolytes complemented by a delicious flavour. These vitamins and electrolytes are stored in the ca,"[""""health"""",""""diet-fitness""""]",https://www.superdrug.com/health/diet-fitness/health-shots-energy-drinks/wow-hydrate-electrolyte-lemon-and-lime-500ml-x-12/p/mp-00143331,https://www.superdrug.com/medias/prd-front-mp-00143331-600x600?context=bWFzdGVyfHByZC1pbWFnZXN8NTIxNjN8aW1hZ2UvanBlZ3xhRGRsTDJnNFlTOHhNVFE0TURZeE5URTFOemM1TUM5d2NtUXRabkp2Ym5RdGJYQXRNREF4TkRNek16RmZOakF3ZURZd01BfGNhNzJmMmY1N2Q5ODIyYjZmMGUyMTM5NjdkNTc4YTRiNTE0MmU0Mjg5OTg4ZTY1NDkzMmU0N2EzOTQxYmU4ZGY,17.99,5060446100455,Wow Hydrate,Sports Drinks,"Sports Positioning: fitness; Flavour: lemon, lime; Diets: low carbs; Juice Content: 0-2%; Volume: 500; Contains Minerals: calcium; Carbonization: still; Sports Ingredients: electrolytes; Health Claims: no sugar, immune system health, mood-enhancing, antioxidant, good source of minerals, good source of vitamins, hydrating, fatigue relief; Naturally derived: natural flavours; Caffeine: 50-100 mg; Sweetener: sucralose; Pack Type: Blister; Immune Support Ingredients: vitamin c, antioxidants"
1002263207,Walmart,USA,"Culture Pop Soda Sparkling Probiotic Drink, Pink Grapefruit, 12 Pack, 12 Fl Oz Cans",""""" 
* PROBIOTIC SODA YOU CAN FEEL GOOD ABOUT!: More flavorful than a seltzer but much less sweet than traditional colas or fruit sodas, CULTURE POP soda is sweetened with fruit juice, no refined sugar ","["""" Food"""","""" Beverages"""","""" Soda Pop"""","""" Modern Soda""""]",https://www.walmart.com/ip/Culture-Pop-Soda-Sparkling-Probiotic-Drink-Pink-Grapefruit-12-Pack-12-Fl-Oz-Cans/13708520328?classType=VARIANT,https://i5.walmartimages.com/seo/Culture-Pop-Soda-Sparkling-Probiotic-Drink-Pink-Grapefruit-12-Pack-12-Fl-Oz-Cans_143ea355-f84b-4521-9125-4c9f4cdad1b5.28818a19856452e4b78c50119f047b63.jpeg,31.5,,Culture Pop,Other Non-Cola Carbonates,"Sweetener: stevia; Free From: no caffeine; Naturally derived: natural; Health Claims: digestive health, probiotic; Volume: 355; Sustainable Sourcing: organic; Diets: plant-based, vegan, kosher; Flavour: grapefruit; No Artificial Ingredients: no artificial sweeteners, no gmo; Caffeine: 0-15 mg; Juice Content: 0-2%; Pack Type: Can; Carbonization: carbonated, sparkling"
1002289166,Walmart,USA,Tw!ster Grape Punch Flavored Drink 59 Fluid Ounce Paper Carton,""""" 
* Good source of Vitamin C 
* Generously sized for the whole family 
* Tropicana, Tropicana juice, juice, Tropicana drinks, drinks, Tropicana beverages, beverages, Tropicana twister, twister, Tropi","["""" Food"""","""" Beverages"""","""" Juices"""","""" Grape Juice""""]",https://www.walmart.com/ip/Tw-ster-Grape-Punch-Flavored-Drink-59-Fluid-Ounce-Paper-Carton/973974411?classType=REGULAR&athbdg=L1600,https://i5.walmartimages.com/seo/Tw-ster-Grape-Punch-Flavored-Drink-59-Fluid-Ounce-Paper-Carton_ee0d258d-b4cb-478c-ac82-a5d320662d9c_1.d7f6388eee677cc2b8b9a5a42a113563.jpeg,1.94,,Twister,Juice Drinks (up to 24% Juice),Pack Type: Liquid Carton; Volume: 1745; Flavour: grape; Health Claims: good source of vitamins; Immune Support Ingredients: vitamin c; Caffeine: 15-25 mg; Carbonization: still; Made From: grape
1002383316,amazon,France,"LIFEAID FITAID Energy lot of 12 packs of natural caffeine, ketogenic, formula to optimal performance : bcaa, quercetin, electrolytes, omega-3s, 15 calories, paleo, vegan and without gluten, 35 ml","mark LIFEAID 
form of the liquid article 
flavor Fitaid Energy lot of 200 mg of caffeine 
type of paleo diet 
number of items 12 
packaging information can 
item volume 144 fluid ounces 
number of uni","["""" all stores"""","""" grocery"""","""" coffee, tea and drinks"""","""" energy drinks""""]",https://www.amazon.fr/dp/B09WY6726Y,https://m.media-amazon.com/images/I/716D5whEubL._AC_UL320_.jpg,161.85,810047240969,LIFEAID,Energy Drinks,"Sports Ingredients: bcaa, electrolytes; Diets: paleo diet; Contains Minerals: calcium; Free From: dairy free; Sweetener: sucralose; Carbonization: still; Energy Source: green tea; Immune Support Ingredients: vitamin c, turmeric; Juice Content: 0-2%; Health Claims: energy boosting, stress relief, low calories, good source of vitamins, fatigue relief, hydrating; Pack Type: Can; Naturally derived: natural flavours, natural sweeteners, natural"
1002440846,iHerb,Germany,"Everydaze, reset to default kombucha, powder- beverage mix, strawberry- Kiwi, 10 parcel, ever 5 g (0.18 oz.).",,"["""" Supplements & nutrient"""","""" digestion"""","""" probiotics""""]",https://de.iherb.com/pr/everydaze-reset-kombucha-powdered-beverage-mix-strawberry-kiwi-10-packets-0-18-oz-5-g-each/145723,"https://cloudinary.images-iherb.com/image/upload/f_auto,q_auto:eco/images/daz/daz56263/l/17.jpg",8.18,,Everydaze,Powder Concentrates,"Weight: 5; Juice Content: 0-2%; Pack Type: Carton/Box; Concentrate Format: powder; Flavour: strawberry, kiwi"
1002448096,amazon,USA,"Texas Tea White Tea, Poteet Strawberry, 16 Ounce","* * *
## Important information 
[ingredients_start]
Ingredients 
Brewed Organic White Tea ( Water Tea), Pure Cane Sugar, Poteet Strawberry Puree, Natural Strawberry 
[ingredients_end]

Directions 
Ope","["""" Any Department"""","""" Grocery & Gourmet Food"""","""" Beverages"""","""" Tea"""","""" White""""]",https://www.amazon.com/dp/B00K021VJC,https://m.media-amazon.com/images/I/51ExB7Gud2L._AC_UL320_.jpg,17.99,852750003028,Texas Tea,Still RTD Tea,"Pack Type: Bottle; Volume: 473; Pack Material Type: Glass; Naturally derived: natural flavours, natural; Carbonization: still; Sweetener: cane sugar; Tea Type: white; Juice Content: 15-25%; Sustainable Sourcing: organic; Flavour: tea, strawberry"
100246579,New Pharma,Belgium,Yogi Tea Hibiscus mint 330ml,"properties : 
refreshing drink organic prepared from a mixture of plants and spices freshly infused. 
presentation : 
330 ml characteristics : 
mark Yogi Tea 
category aromatherapy - essential oils 
p","["""" organic - natural"""","""" aromatherapy - essential oils""""]",https://www.newpharma.be/pharmacie/yogi-tea/636994/yogi-tea-hibiscus-menthe-330ml.html,https://img.newpharma.net//images/products/fr/500/yogi-tea-hibiscus-menthe-330ml.2.jpg,1.79,,Yogi,Carbonated RTD Tea and Kombucha,"Sustainable Sourcing: organic; Pack Type: Bottle; Volume: 330; Flavour: tea, mint, hibiscus; Pack Material Type: Glass; Carbonization: still; Juice Content: 0-2%"
1002466685,Tesco,Ireland,Emmi Caffe Latte Cappuccino Ready To Drink 230 Ml,"Pasteurised iced coffee with cocoa., Creamy and chocolatey, our Cappuccino Caffe Latte iced coffee is your reward for those 'on-the-go', 'gotta get it done' days! Here's your iced coffee Cappuccino. W","["""" Drinks"""","""" Coffee"""","""" Chilled Coffee""""]",https://www.tesco.ie/groceries/en-IE/products/253978518,https://digitalcontent.api.tesco.com/v2/media/ghs/7ad2326f-4efb-4f63-8445-c827f60fd7b8/2a57c689-12d3-49bb-9f82-c035188fdd4c_961216374.jpeg?h=540&w=540,1.99,7610900248872,Emmi,RTD Coffee,"Volume: 230; RTD Coffee Style: latte; Sweetener: sugar; Coffee Type: arabica; Sustainable Sourcing: rainforest alliance; Roast Type: italian; Carbonization: still; Flavour: cappuccino, latte; Pack Type: Tub/Cup/Pot; Juice Content: 0-2%"
1002477949,amazon,Canada,"Shine Water Vitamin D Hydration Electrolyte Drink, Fruit Punch 12 Pack, Sugar Free Naturally Flavored Water, Magnesium, Zinc, Vitamin B12, Folic Acid, Plant Based Antioxidants, Low Calorie","# Product information 
Collapse all Expand all Measurements package-weight 5.94 Kilograms 
Number Of Pieces 12 
count 1 
Unit Count 192.00 millilitre 
Number of Items 12 
Item Volume 12 Fluid Ounces 
","["""" Grocery & Gourmet Food"""","""" Beverages"""","""" Sports Drinks""""]",https://www.amazon.ca/dp/B0CTRXMM7J,https://m.media-amazon.com/images/I/8162DEVMfWL._AC_UL320_.jpg,,850036444152,Shine Water,Sports Drinks,"Sports Ingredients: electrolytes; Diets: kosher; No Artificial Ingredients: no artificial preservatives, no artificial flavours, no artificial colours; Naturally derived: natural flavours; Volume: 355; Geographic Origin: united states; Health Claims: no sugar, antioxidant, low calories, good source of vitamins, hydrating; Carbonization: still; Caffeine: 15-25 mg; Contains Minerals: magnesium; Immune Support Ingredients: vitamin c, zinc, antioxidants"
1002503073,Walmart,USA,Lyons Ready Care Cranberry Cocktail 100% Juice with Fiber for Digestive Health - 4 fl oz Cups (48 Pack),""""" 
* DIGESTIVE HEALTH MADE EASY. 100% fruit juice blend with 5 g of soluble fiber and 100% DV of vitamin C per 4 fl oz cup. Incorporating fiber into your diet has never been easier. 
* INGREDIENTS: Wa","["""" Food"""","""" Beverages"""","""" Juices"""","""" Cranberry Juice""""]",https://www.walmart.com/ip/Lyons-ReadyCare-Cranberry-Cocktail-100-Juice-with-Fiber-for-Digestive-Health-4-fl-oz-Cups-48-Pack/13809203586?classType=VARIANT,https://i5.walmartimages.com/seo/Lyons-ReadyCare-Cranberry-Cocktail-100-Juice-with-Fiber-for-Digestive-Health-4-fl-oz-Cups-48-Pack_fa1a489f-daa2-4e3c-aacf-8bda219d3417.cd60ce51506dc14ba54e97766d8dec44.jpeg,52.36,,Lyons ReadyCare,Reconstituted 100% Juice,"Volume: 118; Health Claims: hydrating, digestive health, high/source of fibre; Immune Support Ingredients: vitamin c; Carbonization: still; Flavour: cranberry; Naturally derived: natural; Made From: apple, cranberry; Juice Content: 100%; Pack Type: Tub/Cup/Pot; Juice Features: from concentrate"
1002529896,safeway,USA,Lemon Perfect Lemon 6-15.2fz - 6-15.2 FZ,,"["""" Beverages"""","""" Water & Sparkling Water"""","""" Enhanced Water""""]",https://www.safeway.com/shop/product-details.970950774.html,https://images.albertsons-media.com/is/image/ABS/970950774,9.99,850003748955,Lemon Perfect,Sparkling Flavoured Bottled Water,Flavour: lemon; Carbonization: sparkling
1002542950,Walmart,USA,"Cock n Bull Ginger Beer 20 Pack 10oz Soda Bottles - Ideal Mixer for Cocktails, Mocktails, and Bartenders - Premium Quality for Perfect Mixed Drinks - Refreshing Flavor Profile- A",""""" 
* Ginger Beer: A bold, full flavor brewed for the mature palate. All-natural ingredients, real sugar, and ginger root extract give this English-style ginger beer its distinctive spicy fla-vor. A Ho","["""" Food"""","""" Beverages"""","""" Cocktail Mixers"""","""" Ginger Beer""""]",https://www.walmart.com/ip/Cock-n-Bull-Ginger-Beer-20-Pack-10oz-Soda-Bottles-Ideal-Mixer-Cocktails-Mocktails-Bartenders-Premium-Quality-Perfect-Mixed-Drinks-Refreshing-Flavor-P/8820218176?classType=VARIANT,https://i5.walmartimages.com/seo/Cock-n-Bull-Ginger-Beer-20-Pack-10oz-Soda-Bottles-Ideal-Mixer-Cocktails-Mocktails-Bartenders-Premium-Quality-Perfect-Mixed-Drinks-Refreshing-Flavor-P_f4547374-910c-4354-9aee-39f775974002.a2165dd29612e07bdca2c02c58d05bca.png,47.98,,Cock N Bull,Tonic Water/Mixers/Other Bitters,Naturally derived: natural; Flavour: ginger; Sweetener: sugar; Immune Support Ingredients: ginger; Volume: 296; Juice Content: 0-2%; Pack Type: Bottle
1002559899,Walmart,USA,"JUNP Hydration Electrolyte Powder, Electrolytes Drink Mix, Hydration Mix, Sugar Free, Gluten Free, 0 Calories, 0 Carbs, Keto Friendly, NON-GMO, Kosher, 90 Servings. ( Berry Lemonade)",""""" Hydration Powder Electrolytes mix """" ; Nutrient Content Claims Kosher ; Food Form Powders ; Brand Junp","["""" Food"""","""" Beverages"""","""" Powdered Drink Mixes"""","""" Lemonade Mixes""""]",https://www.walmart.com/ip/JUNP-Hydration-Electrolyte-Powder-Electrolytes-Drink-Mix-Sugar-Free-Gluten-0-Calories-Carbs-Keto-Friendly-NON-GMO-Kosher-90-Servings-Berry-Lemonade/448749977?classType=REGULAR,https://i5.walmartimages.com/seo/JUNP-Hydration-Electrolyte-Powder-Electrolytes-Drink-Mix-Sugar-Free-Gluten-0-Calories-Carbs-Keto-Friendly-NON-GMO-Kosher-90-Servings-Berry-Lemonade_30462431-99f9-4138-8207-20738b35db7e.4e98a18572959371c27377d7a6ac058d.jpeg,28.95,,Junp,Powder Concentrates,"Flavour: berry, lemon; Juice Content: 0-2%; No Artificial Ingredients: no gmo; Health Claims: no sugar, no calories, hydrating; Concentrate Format: powder, electrolytes; Diets: kosher; Sports Ingredients: electrolytes"
1002564246,amazon,Italy,juice blueberry pure 330ml,"## product details 
# product specifications 
##### product information 
neck size ‎1 x 1 x 1 cm; 20 grams 
unit ‎330.0 milliliter 
contact manufacturer ‎ flying trunk 
brand ‎ flying trunk 
shape of ","["""" food and care of home"""","""" coffee, tea and drinks"""","""" juices, smoothies and centrifuged""""]",https://www.amazon.it/dp/B07HYXQV72,https://m.media-amazon.com/images/I/21h4u4Jg0nL._AC_UL320_.jpg,6.36,,Baule Volante,Not from Concentrate 100% Juice,Juice Content: 0-2%; Volume: 330; Made From: blueberry; Juice Features: smoothie; Pack Type: Bottle; Carbonization: still; Flavour: blueberry
1002568339,Walmart,USA,"JUNP Hydration Electrolyte Powder, Electrolytes Drink Mix, Sugar Free, Gluten Free, 0 Calories, 0 Carbs, Keto Friendly, Non-GMO, Kosher, 90 Servings, Grape Flavored",""""" 
* JUNP: MAKE WATER WORK HARDER -- Junp powder electrolyte mix boosts water with natural salty electrolytes and refreshing fruit-infused flavor to keep you hydrated and energized all day, replenishi","["""" Food"""","""" Beverages"""","""" Powdered Drink Mixes"""","""" All Powdered Drink Mix""""]",https://www.walmart.com/ip/JUNP-Hydration-Electrolyte-Powder-Electrolytes-Drink-Mix-Sugar-Free-Gluten-0-Calories-Carbs-Keto-Friendly-Non-GMO-Kosher-90-Servings-Grape-Flavored/861800869?classType=REGULAR,https://i5.walmartimages.com/seo/JUNP-Hydration-Electrolyte-Powder-Electrolytes-Drink-Mix-Sugar-Free-Gluten-0-Calories-Carbs-Keto-Friendly-Non-GMO-Kosher-90-Servings-Grape-Flavored_dcac0c17-3bd9-4cc8-adf2-071eea585f0d.860eb8daa5fbedc8d03d389583cafe27.jpeg,28.95,,Junp,Powder Concentrates,"Concentrate Format: powder, electrolytes; Sports Ingredients: electrolytes; Sports Positioning: pre-workout, post-workout; Juice Content: 0-2%; Naturally derived: natural; Flavour: grape; Diets: kosher; Free From: lactose free, no soy; Health Claims: good source of minerals, good source of vitamins, hydrating, no calories, no sugar; Pack Type: Bucket; No Artificial Ingredients: no artificial colours, no gmo"
1002612154,Walmart,USA,Spring Water 16 Oz 12 Pack Bottled At The Source Plastic- Free Recyclable Eco Friendly Aluminum,"* PLASTIC - Recyclable aluminum bottles. 
* COOLS IN 20 MINUTES - Here's some science: plastic is less thermally conductive than aluminum. That means colder water faster with Water.","["""" Food"""","""" Beverages"""","""" Water"""","""" Spring Water""""]",https://www.walmart.com/ip/Spring-Water-16-Oz-12-Pack-Bottled-At-The-Source-Plastic-Free-Recyclable-Eco-Friendly-Aluminum/14849004151?classType=VARIANT,https://i5.walmartimages.com/seo/RAIN-Spring-Water-16-Oz-12-Pack-Bottled-At-The-Source-Plastic-Free-Recyclable-Eco-Friendly-Aluminum_94ee2487-b6a0-4a3c-a3c5-3666bfc9331d.39a13b78ebab0b86f5c8c48bff5f6499.jpeg,40.67,,Rain,Still Bottled Water,"Environmentally Friendly: environmentally friendly; Carbonization: still; Volume: 473; Juice Content: 0-2%; Water Type: bottled at source; Pack Type: Bottle; Sustainable Packaging: can be recycled, plastic free packaging"
1002631533,Flaschenpost,Germany,Kraftling dosing bottle ginger shot Mango- passion fruit,"stock Immunity Boost 
dosing bottle with 7 ginger Shots per bottle. of the naturally fresh ginger shot with sweeter Mango, more exotic passion fruit and 20% Ingweranteil gives you the refreshing one s","["""" Limo & juice"""","""" Smoothies & Shots"""","""" Shots""""]",https://www.flaschenpost.de/katalog/suche?searchTerm=Kraftling Dosierflasche Ingwer Shot Mango-Maracuja,https://image.flaschenpost.de/articles/big/23022.png,7.29,,Kraftling,Not from Concentrate 100% Juice,"Pack Type: Bottle; Volume: 400; Juice Content: 75-99%; Carbonization: still; Naturally derived: natural; Juice Features: smoothie; Flavour: ginger, passionfruit, mango; Health Claims: immune system health; Made From: ginger, lemon, orange, passion fruit, mango; Immune Support Ingredients: vitamin c, ginger"
10026731,Walmart,USA,"Concord Foods Reconstituted Lime Juice, 4.5 oz",""""" 
* Concord Foods Reconstituted Lime Juice, 4.5 fl oz 
* May be used in a variety of savory or sweet recipes 
* Drizzle on fish or add to your favorite sauces 
* Use to make refreshing beverages 
* 2","["""" Food"""","""" Beverages"""","""" Juices"""","""" Lemon Juice""""]",https://www.walmart.com/ip/Concord-Foods-Lime-Juice-No-Pulp-from-Concentrate-4-5-oz/10449044?classType=REGULAR&athbdg=L1600,https://i5.walmartimages.com/seo/Concord-Foods-Lime-Juice-No-Pulp-from-Concentrate-4-5-oz_7dffa1ac-22dd-4474-9d6c-b7bf78bae037.980ae2168bd14816d062dae07d58d849.jpeg,0.98,,by Concord Foods,Liquid Concentrates,Pack Type: Bottle; Volume: 133; Flavour: lime; Sustainable Sourcing: usda organic
1002731103,amazon,United Kingdom,Saka Water | Natural Mineral Water | 1.5L Bottle | Pack of 12,"# Product information 
Collapse All Expand All Measurements Unit Count 1500.0 millilitre 
# Warranty & Support 
Amazon.com Return Policy : Regardless of your statutory right of withdrawal, you enjoy a","["""" Any Department"""","""" Grocery"""","""" Drinks"""","""" Water""""]",https://www.amazon.co.uk/dp/B0DLVD4JDT,https://m.media-amazon.com/images/I/61W89HUv92L._AC_UL320_.jpg,16.99,,Saka,Still Bottled Water,"Naturally derived: natural; Volume: 1500; Carbonization: still; Contains Minerals: calcium, magnesium; Health Claims: good source of calcium, good source of minerals, hydrating; No Artificial Ingredients: no artificial additives; Sustainable Packaging: can be recycled; Juice Content: 0-2%"
1002745965,Walmart,USA,"JUNP Hydration Electrolyte Powder, Electrolytes Drink Mix, Hydration Mix, Sugar Free, Gluten Free, 0 Calories, 0 Carbs, Keto Friendly, NON - GMO Kosher, 90 Servings. ( Pina Colada)",""""" 
* JUNP: MAKE WATER WORK HARDER -- Junp powder electrolyte mix boosts water with natural salty electrolytes and refreshing fruit-infused flavor to keep you hydrated and energized all day, replenishi","["""" Food"""","""" Beverages"""","""" Powdered Drink Mixes"""","""" All Powdered Drink Mix""""]",https://www.walmart.com/ip/JUNP-Hydration-Electrolyte-Powder-Electrolytes-Drink-Mix-Sugar-Free-Gluten-0-Calories-Carbs-Keto-Friendly-NON-GMO-Kosher-90-Servings-Pina-Colada/5128654714?classType=REGULAR,https://i5.walmartimages.com/seo/JUNP-Hydration-Electrolyte-Powder-Electrolytes-Drink-Mix-Sugar-Free-Gluten-0-Calories-Carbs-Keto-Friendly-NON-GMO-Kosher-90-Servings-Pina-Colada_1aa13e46-eebe-492e-9cd6-2b84891bf2d2.c66fdd7815425d3d697d724226a14fe3.jpeg,28.95,,Junp,Powder Concentrates,"Concentrate Format: powder, electrolytes; Sports Ingredients: electrolytes; Contains Minerals: magnesium; Naturally derived: natural; Caffeine: 15-25 mg; Sports Positioning: pre-workout, post-workout; Health Claims: no sugar, good source of minerals, good source of vitamins, good source of potassium, no calories, hydrating; Diets: kosher; Free From: lactose free, no soy; No Artificial Ingredients: no gmo, no artificial flavours, no artificial colours; Juice Content: 0-2%"
1002754828,Spar,Netherlands,bio today ginger drink,"* pasteurized drink based on ginger 
content and weight 
250 milliliters","[""""soft drink, coffee, tea, juices"""",""""juices"""",""""vegetable juice""""]",https://www.spar.nl/bio-today-ginger-drank-9223999/,https://media.spar.nl/productdetail/bio-today-ginger-drank-250-Milliliter-9223999-161172.jpg,5.79,,BioToday,Other Non-Cola Carbonates,Pack Type: Bottle; Sustainable Sourcing: organic; Immune Support Ingredients: ginger; Carbonization: still; Volume: 250; Flavour: ginger; Juice Content: 100%
1002764793,Hemköp,Sweden,"hop soda, bottle","renew jultraditionen with our hop julmust, one adults alternative to the traditional christmas must. with tones and humlekaraktar results this julmust in an easy floral and citruspraglad taste profile","["""" all supplies"""","""" drink"""",""""soda"""",""""soda small""""]",https://www.hemkop.se/produkt/H-101595491_ST,"https://assets.axfood.se/image/upload/f_auto,t_200/07310401054377_C1N1_s01",15.95,7310401054377,Nygårda,Other Non-Cola Carbonates,"Carbonization: gently carbonated; Sweetener: sugar; Volume: 330; Juice Content: 0-2%; Caffeine: 15-25 mg; Pack Type: Bottle; Naturally derived: natural fragrances, natural flavours"
1002776596,Trendyol,Turkey,sour cherry flavored drink powder 300gr,"this product [page=""""merchant_info""""]TE GROSS[/ page] will be sent by. 2 ; about to be sold at the campaign price 5 less stock available. 4 ; a product, suddenly can be sold by many sellers. by multiple","[""""supermarket"""",""""food and beverage"""","""" still drinks""""]",https://www.trendyol.com/gulsah/visne-aromali-icecek-tozu-300gr-p-660341452,https://cdn.dsmcdn.com/ty758/product/media/images/20230302/14/293459984/873363233/1/1_org_zoom.jpg,1150,,Gülşah,Powder Concentrates,Flavour: cherry; Water Type: flavoured; Weight: 300; Pack Type: Bag/Packet; Concentrate Format: powder; Juice Content: 0-2%; Caffeine: 15-25 mg
1002837011,Wegmans,USA,"Synergy The Real Kombucha, Kombucha, Peach Paradise",null Do not shake. Swirl gently. Store upright. Perishable. Keep refrigerated. May leak or gush if unrefrigerated. Please Note: Kombucha is a fermented tea that has naturally occurring alcohol. Do not,"["""" Dairy"""","""" Milk, Juice and Refrigerated Beverage"""","""" Kombucha & Wellness Shots""""]",https://shop.wegmans.com/shop/categories/702?page=2,"https://d2d8wwwkmhfcva.cloudfront.net/1200x/filters:fill(FFF,true):format(jpg)/d2lnr5mha7bycj.cloudfront.net/product-image/file/large_3ed8ffc2-805c-4585-b786-6bdf7f429511.jpeg",3.69,,Synergy,Carbonated RTD Tea and Kombucha,"Tea Type: green, black; Volume: 473; Sweetener: cane sugar; Flavour: peach; Naturally derived: natural"
100284616,K Ruoka,Finland,moomin wild berries juice drink 0.5l,,"["""" beverages"""","""" juice"""","""" single-dose juices""""]",https://www.k-ruoka.fi/kauppa/tuote/moomin-metsamarjat-mehujuoma-05l-6420610113787,https://public.keskofiles.com/f/k-ruoka/product/6420610113787,2.09,6420610113787,Moomin,Juice Drinks (up to 24% Juice),"Sweetener: sugar; Naturally derived: natural flavours, natural fragrances; Volume: 500; Water Type: spring; Made From: bilberry, blueberry; Pack Material Type: Paper / Carton; Flavour: wild berries, berry; Carbonization: still; Pack Type: Liquid Carton"
1002869311,Walmart,USA,"Coffee Concentrate - Cold Brew Coffee, Perfect for Instant Iced Coffee, Cold Brewed Coffee and Hot Coffee, 3 Pack - Original Decaf",""""" 
* Premium Arabica Coffee - Our Coffee Concentrates are made with 100% natural arabica coffee that is ethically and sustainably sourced from farms all over the world. Each sip promises the experienc","["""" Food"""","""" Seasonal Grocery"""","""" Easter Foods"""","""" Lent"""","""" Non- Caffeinated Drinks""""]",https://www.walmart.com/ip/Coffee-Concentrate-Cold-Brew-Coffee-Perfect-for-Instant-Iced-Coffee-Cold-Brewed-Coffee-and-Hot-Coffee-3-Pack-Original-Decaf/13613415562?classType=REGULAR,https://i5.walmartimages.com/seo/Coffee-Concentrate-Cold-Brew-Coffee-Perfect-for-Instant-Iced-Coffee-Cold-Brewed-Coffee-and-Hot-Coffee-3-Pack-Original-Decaf_07f36ee0-ddcc-432c-9f7d-96f0a5baed8b.ba1d6c8f70555a455534b73aab9bc812.jpeg,54.95,,Javy,RTD Coffee,"RTD Coffee Style: cold brew; Water Type: purified; Pack Type: Bottle; No Artificial Ingredients: no artificial additives; Caffeine: 0-15 mg; Volume: 1000; Juice Content: 0-2%; Flavour: coffee; Free From: no caffeine; Health Claims: no sugar; Sweetener: sugar; Naturally derived: natural flavours, natural; Sustainable Sourcing: from sustainable sources (product); Coffee Type: arabica; Carbonization: still"
1002894305,Walmart,USA,"Original Black Nitro Cold Brew Coffee, Sugar, Vegan, Organic & Non-GMO, Low Acidity, 7 Fl. oz. Cans (12 Pack)",""""" 
* Includes 12 cans (7oz) of Nitro cold Brew - Original Black 
RISE Original Black Nitro Cold Brew Coffee contains 180mg of natural caffeine. 
USDA Organic, non-GMO and dairy-free, Sugar-free, 0 cal","["""" Food"""","""" Coffee"""","""" Bottled Coffee"""","""" Nitro Cold Brew""""]",https://www.walmart.com/ip/Original-Black-Nitro-Cold-Brew-Coffee-Sugar-Vegan-Organic-Non-GMO-Low-Acidity-7-Fl-oz-Cans-12-Pack/12560464462?classType=REGULAR,https://i5.walmartimages.com/seo/Original-Black-Nitro-Cold-Brew-Coffee-Sugar-Vegan-Organic-Non-GMO-Low-Acidity-7-Fl-oz-Cans-12-Pack_33fd9162-92ec-4cc8-9a7d-edd691fe817b.d13011dd67859200fb68d0945a7fd68d.jpeg,46.95,,Rise Brewing Co,RTD Coffee,"Carbonization: still; Volume: 355; Juice Content: 0-2%; RTD Coffee Style: nitro, cold brew; Flavour: coffee; Free From: dairy free; Diets: vegan; Caffeine: 50-100 mg; Health Claims: no sugar, no calories; Naturally derived: natural; Pack Type: Can; Sustainable Sourcing: fairtrade, usda organic, organic"
1002901996,Flaschenpost,Germany,elephant bay Mischkiste Ice Tea,"soft drinks 
mixed sorts 
[]","["""" Limo & juice"""","""" icetea"""","""" Mixkiste""""]",https://www.flaschenpost.de/katalog/suche?searchTerm=Elephant Bay  Mischkiste Ice Tea,https://image.flaschenpost.de/articles/big/22722.png,34.99,,Elephant Bay,Still RTD Tea,Volume: 330; Juice Content: 0-2%; Carbonization: still; Flavour: tea
1002909386,Wegmans,USA,"Synergy The Real Kombucha Kombucha, Elderberry Juniper",Renew. Rebalance. Rebuild. Reclaim. Rekindle. Recharge. Living food for the living body. Begin Within: Begin with a sip of liquid life and a bold bite that's undeniably electric. Begin with a drink th,"["""" Dairy"""","""" Milk, Juice and Refrigerated Beverage"""","""" Kombucha & Wellness Shots""""]",https://shop.wegmans.com/shop/categories/702?page=2,"https://d2d8wwwkmhfcva.cloudfront.net/1200x/filters:fill(FFF,true):format(jpg)/d2lnr5mha7bycj.cloudfront.net/product-image/file/large_e11e25d0-5f0c-44a7-b9b9-c39214f13330.jpeg",3.69,,Synergy,Carbonated RTD Tea and Kombucha,"Immune Support Ingredients: elderberry; Naturally derived: natural; Volume: 473; Sustainable Packaging: can be recycled; Health Claims: probiotic; Water Type: filtered; Sweetener: cane sugar; Tea Type: green, black; Juice Content: 0-2%"
1002913083,Walmart,USA,"JUNP Hydration Electrolyte Powder, Electrolytes Drink Mix, Hydration Mix, Sugar Free, Gluten Free, 0 Calories, 0 Carbs, Keto Friendly, Non-GMO, Kosher, 90 Servings. ( Dragonfruit Limeade)",""""" 
#### What's in Junp? 
Junp contains essential electrolytes & minerals your body needs to function properly: Calcium & Phosphorus to support bone health, sodium and chloride to retain fluids, potass","["""" Food"""","""" Beverages"""","""" Powdered Drink Mixes"""","""" All Powdered Drink Mix""""]",https://www.walmart.com/ip/JUNP-Hydration-Electrolyte-Powder-Electrolytes-Drink-Mix-Sugar-Free-Gluten-0-Calories-Carbs-Keto-Friendly-Non-GMO-Kosher-90-Servings-Dragonfruit-Lime/2415140650?classType=REGULAR,https://i5.walmartimages.com/seo/JUNP-Hydration-Electrolyte-Powder-Electrolytes-Drink-Mix-Sugar-Free-Gluten-0-Calories-Carbs-Keto-Friendly-Non-GMO-Kosher-90-Servings-Dragonfruit-Lime_8a784b9f-182f-4369-8f4c-4704a01704ff.cc5e5c5dcce154c7de0bec3151040188.jpeg,28.95,,Junp,Powder Concentrates,"No Artificial Ingredients: no gmo, no artificial flavours, no artificial colours; Contains Minerals: calcium, magnesium; Health Claims: no sugar, hydrating, bone health, no calories; Free From: no soy; Juice Content: 0-2%; Concentrate Format: powder, electrolytes; Sports Ingredients: electrolytes; Pack Type: Jar; Diets: kosher"
1002938290,Voilà,Canada,Viveau Sparkling Water Ready To Drink Cherry 4 x 250 ml (cans),,"["""" Beverages"""","""" Water"""","""" Sparkling Water""""]",https://voila.ca/products/839134CAR,https://voila.ca/images-v3/2d92d19c-0354-49c0-8a91-5260ed0bf531/15dbc570-8d57-4305-9ced-0188ad93a75d/500x500.jpg,7.49,,Viveau,Sparkling Flavoured Bottled Water,Volume: 250; Carbonization: sparkling; Flavour: cherry; Juice Content: 0-2%
1002952314,Voilà,Canada,Protein2O Protein Infused Water Acai Blueberry Pomegranate 500 ml,,"["""" Beverages"""","""" Water"""","""" Enhanced & Flavoured Water""""]",https://voila.ca/products/506212EA,https://voila.ca/images-v3/2d92d19c-0354-49c0-8a91-5260ed0bf531/840f553e-b086-4701-b812-d8d06ff87856/500x500.jpg,2.99,,Protein2O,Functional Bottled Water,"Sports Ingredients: protein; Volume: 500; Pack Type: Bottle; Carbonization: still; Juice Content: 0-2%; Flavour: blueberry, acai, pomegranate"
1002955702,K Ruoka,Finland,power crazy Joulujengi energy drink 0.33l,"""""power goes crazy with new taste and look! power crazy Joulujengi energy drink is a one-of-a-kind seasonal product. The drink has a delicious christmas red berries flavor, a crazy flavor perfect for t","["""" beverages"""","""" energy- and sports drinks"""","""" energy drinks""""]",https://www.k-ruoka.fi/kauppa/tuote/teho-hullu-joulujengi-033l-tlk-6419800121558,https://public.keskofiles.com/f/k-ruoka/product/6419800121558,1.69,6419800121558,Teho,Energy Drinks,"Sweetener: sucralose, sugar; Volume: 330; Carbonization: still; Health Claims: energy boosting; Pack Type: Can; Juice Content: 0-2%"
1002968128,Walmart,USA,"JUNP Hydration Electrolyte Powder Mix, Lemonade, 14.9 oz (423 g)",""""" 
* JUNP: MAKE WATER WORK HARDER -- Junp powder electrolyte mix boosts water with natural salty electrolytes and refreshing fruit-infused flavor to keep you hydrated and energized all day, replenishi","["""" Food"""","""" Beverages"""","""" Powdered Drink Mixes"""","""" All Powdered Drink Mix""""]",https://www.walmart.com/ip/JUNP-Hydration-Electrolyte-Powder-Mix-Lemonade-14-9-oz-423-g/700405338?classType=REGULAR,https://i5.walmartimages.com/seo/JUNP-Hydration-Electrolyte-Powder-Mix-Lemonade-14-9-oz-423-g_0acdc586-184f-4fbc-a01b-247026864a7b.b5384b6d99565a57d0c88fc9f7990603.jpeg,28.95,,Junp,Powder Concentrates,"Diets: kosher; Health Claims: no sugar, good source of minerals, good source of vitamins, good source of potassium, no calories, hydrating; Sports Ingredients: electrolytes; Caffeine: 15-25 mg; Contains Minerals: magnesium; Flavour: lemon; No Artificial Ingredients: no artificial colours; Free From: lactose free, no soy; Naturally derived: natural; Sports Positioning: pre-workout, post-workout; Concentrate Format: powder, electrolytes; Juice Content: 0-2%"
