product_id,retailer,country,title,description,category_path,url,image_url,price,barcode,brand,category,attributes
1000045343,Walmart,USA,Uptime Beverage Energy Blueberry Pomegranate Sugar Free 12 fl oz ( Pack Of 12),""""" 
* Experience a refreshing twist with blueberry-pomegranate flavor. 
* Stay energized without the sugar overload for a healthier choice. 
* 12-pack offers great value for your daily energy needs. 
""""","["""" Food"""","""" Beverages"""","""" Energy Drinks"""","""" Energy Drinks""""]",https://www.walmart.com/ip/Uptime-Beverage-Energy-Blueberry-Pomegranate-Sugar-Free-12-fl-oz-Pack-Of-12/9172621766?classType=VARIANT,https://i5.walmartimages.com/seo/Uptime-Beverage-Energy-Blueberry-Pomegranate-Sugar-Free-12-fl-oz-Pack-Of-12_0985502a-ac0d-470a-a2cc-89dad471f06b.a51d3ed07373436d8f9ce2f6155da08b.jpeg,44.99,,Uptime,Energy Drinks,"Carbonization: still; Juice Content: 0-2%; Volume: 355; Flavour: blueberry, pomegranate; Health Claims: no sugar, energy boosting"
1000875016,Trendyol,Turkey,cocoon disposable sour cherry flavored powder drink 50's - YLT4418-9283,,"[""""supermarket"""",""""food and beverage"""","""" still drinks""""]",https://www.trendyol.com/yilter/koza-tek-icimlik-visne-aromali-toz-icecek-50-li-ylt4418-9283-p-869259590,https://cdn.dsmcdn.com///ty1544/prod/QC/20240913/23/a11e49ef-d43a-393d-9410-a575befafa08/1_org_zoom.jpg,270.83,,Koza,Powder Concentrates,Count per Unit: 50; Juice Content: 0-2%; Pack Type: Carton/Box; Flavour: cherry; Concentrate Format: powder
1001750440,Walmart,USA,"Culture Pop Soda Sparkling Probiotic Drink, Ginger Lemon, 12 Pack, 12 Fl Oz Cans",""""" 
* PROBIOTIC SODA YOU CAN FEEL GOOD ABOUT!: More flavorful than a seltzer but much less sweet than traditional colas or fruit sodas, CULTURE POP soda is sweetened with fruit juice, no refined sugar ","["""" Food"""","""" Beverages"""","""" Soda Pop"""","""" Modern Soda""""]",https://www.walmart.com/ip/Culture-Pop-Soda-Sparkling-Probiotic-Drink-Ginger-Lemon-12-Pack-12-Fl-Oz-Cans/13707003935?classType=VARIANT,https://i5.walmartimages.com/seo/Culture-Pop-Soda-Sparkling-Probiotic-Drink-Ginger-Lemon-12-Pack-12-Fl-Oz-Cans_10c03161-09ec-4f85-9293-176f17df6c88.957c3c61b319eb45682b41daf40cc521.jpeg,28.9,,Culture Pop,Other Non-Cola Carbonates,"Sustainable Sourcing: organic; Volume: 355; Diets: plant-based, vegan, kosher; Carbonization: carbonated, sparkling; Sweetener: stevia; Juice Content: 0-2%; Flavour: ginger, lemon; Health Claims: digestive health, probiotic; Pack Type: Can; No Artificial Ingredients: no artificial sweeteners, no gmo"
10038286,jet.com,USA,GUS Dry Pomegranate 12 Oz Glass Bottle ( Pack of 12),,"[""""grocery"""",""""beverages"""",""""soft-drinks""""]",https://jet.com/product/product/cc08b5142a0643019b7b0ac72d6c0780,https://images.jet.com/md5/4f60520bb6352c4b02323d1ffdd259b4,34.49,,Gus,Other Non-Cola Carbonates,Volume: 355; Flavour: pomegranate; Pack Material Type: Glass; Pack Type: Bottle; Carbonization: still; Juice Content: 0-2%
1004734175,Coop,Sweden,julmust Bourbon,".
storage 
stored for a maximum of 30 days °C
country of manufacture 
sweden","["""" drink"""","""" lask"""","""" colasmak""""]",https://www.coop.se/handla/varor/-7310401051376,http://res.cloudinary.com/coopsverige/image/upload/v1686893552/cloud/283226.tiff,13.95,7310401051376,Nygårda,Other Non-Cola Carbonates,Carbonization: gently carbonated; Pack Type: Bottle; Sweetener: sugar; Juice Content: 0-2%; Volume: 330
1009463700,Target,USA,"EH Plabs Oxy Shred Energy Drink - Zero Sugar, Zero Calories, with Amino Acids, Vitamin C, Green Tea Extract & Clean Caffeine - Passionfruit (12- Pack)","
[ingredients_start]
 Does Not Contain Any of the 9 Major Allergens Form: Liquid 
[ingredients_end]
State of Readiness: Ready to Drink Caffeine claim: Caffeinated Package Quantity: 12 Net weight: 144 ","["""" Grocery"""","""" Beverages"""","""" Energy Drinks""""]",https://www.target.com/p/ehplabs-oxyshred-energy-drink-zero-sugar-zero-calories-with-amino-acids-vitamin-c-green-tea-extract-clean-caffeine-passionfruit-12-pack/-/A-1000989702,https://target.scene7.com/is/image/Target/GUEST_5d2d95fe-8c54-4d12-bbd4-92e192dc3329,29.99,850029937326,OxyShred,Energy Drinks,"Sports Positioning: pre-workout; Geographic Origin: united states; No Artificial Ingredients: no artificial colours; Flavour: tea, passionfruit; Health Claims: no added sugar, no sugar, energy boosting, mood-enhancing, stress relief, immune system health, good source of minerals, good source of vitamins, nootropic/enhanced mental performance, no calories; Energy Source: green tea, guarana; Volume: 473; Carbonization: carbonated; Free From: no caffeine, no allergens; Immune Support Ingredients: vitamin c; Pack Type: Can; Naturally derived: natural colourants, natural flavours, natural; Caffeine: 50-100 mg; Juice Content: 0-2%"
1009974015,amazon,France,monoprix gourmet juice pineapple melon mango - the 75 cl bottle,"# product information 
collapse all expand all dimensions counting unit 750.00 milliliter 
# your opinion 
log in to write a comment."""" id=""""lower Price Sign In""""> do you want to tell us about lower pric","["""" all stores"""","""" grocery"""","""" coffee, tea and drinks"""","""" juice"""","""" juice""""]",https://www.amazon.fr/dp/B0DB51Q2YT,https://m.media-amazon.com/images/I/31I96KhmuWL._AC_UL320_.jpg,4.15,,Monoprix,Not from Concentrate 100% Juice,"Pack Type: Bottle; Volume: 750; Carbonization: still; Flavour: melon, pineapple, mango; Juice Content: 100%; Caffeine: 15-25 mg; Made From: melon, passion fruit, pineapple, mango"
1011555351,amazon,France,Holy Water from heavy 500 ml - 4,"mark mapp 
flavorless flavor 
bottle packaging information 
number of units 500 milliliter 
bottle package type 
maker mapp 
## product information 
# technical description 
mark ‎mapp 
spare parts av","["""" grocery"""","""" coffee, tea and drinks"""","""" waters"""","""" still waters""""]",https://www.amazon.fr/dp/B0B3S1K8GQ,https://m.media-amazon.com/images/I/41DchHKq8jL._AC_UL320_.jpg,25.15,,Lourdes,Still Bottled Water,Volume: 500; Juice Content: 0-2%; Caffeine: 15-25 mg; Carbonization: still
1014107853,amazon,USA,"Dad's Old Fashioned Cream Soda, 12 oz, 4 Pack, Glass Bottles","* * *
## Important information 
[ingredients_start]
Ingredients 
On the package 
[ingredients_end]

Legal Disclaimer 
Statements regarding dietary supplements have not been evaluated by the FDA and ar","["""" Any Department"""","""" Grocery & Gourmet Food"""","""" Beverages"""","""" Bottled Beverages, Water & Drink Mixes"""","""" Soft Drinks""""]",https://www.amazon.com/dp/B0DPXX3BC2,https://m.media-amazon.com/images/I/41yecqk1uDL._AC_UL320_.jpg,17.99,,Dad's,Other Non-Cola Carbonates,Volume: 355; Carbonization: still; Juice Content: 0-2%
1014349429,Walmart,USA,100% Authentic Key Lime Juice 16 Oz,""""" None"""" ; Fruit Type Key Lime ; Container Type Bottle ; Manufacturer FLORIDA KEY WEST ; Brand Florida Key West","["""" Food"""","""" Beverages"""","""" Juices"""","""" All Juices""""]",https://www.walmart.com/ip/100-Authentic-Key-Lime-Juice-16-Oz/7790652034,https://i5.walmartimages.com/seo/100-Authentic-Key-Lime-Juice-16-Oz_6733bc50-c8a3-4b39-b3d5-1b4dfb2954c6.4c687255e91f5d2dbad9c6eeeb5a3f64.jpeg,22.09,,Florida,Reconstituted 100% Juice,Volume: 473; Pack Type: Bottle; Juice Content: 100%; Made From: lime; Carbonization: still; Flavour: lime
1014433548,Walmart,USA,"Sun Drop Diet Cherry Lemon Soda, 12 oz (24 Cans)",""""" Sun Drop Diet Cherry Lemon Soda, 12 oz (24 Cans)"""" ; Flavor Cherry Lemon ; Container Type Can ; Brand Nestora","["""" Food"""","""" Beverages"""","""" Soda Pop"""","""" Cherry Soda""""]",https://www.walmart.com/ip/Sun-Drop-Diet-Cherry-Lemon-Soda-12-oz-24-Cans/5583680385,https://i5.walmartimages.com/seo/Sun-Drop-Diet-Cherry-Lemon-Soda-12-oz-24-Cans_b1955869-1194-4ae1-b073-04ae78f4f02b.360e35492433d339fdd4ba68a145c0b1.jpeg,44.79,,Sundrop,Other Non-Cola Carbonates,"Volume: 355; Flavour: lemon, cherry; Juice Content: 0-2%"
1015058421,Walmart,USA,"Big Red Big Red Zero Cream Soda Soft Drink Bundled by ( Big Red Zero, 24 Pack 12 oz)",""""" Big Red Big Red Zero Cream Soda Soft Drink Bundled by ( Big Red Zero, 24 Pack 12 oz)"""" ; Flavor Cream Soda ; Container Type Can ; Brand Big Red","["""" Food"""","""" Beverages"""","""" Soda Pop"""","""" All Soda Pop""""]",https://www.walmart.com/ip/Big-Red-Big-Red-Zero-Cream-Soda-Soft-Drink-Bundled-by-Big-Red-Zero-24-Pack-12-oz/8090754113?classType=VARIANT,https://i5.walmartimages.com/seo/Big-Red-Big-Red-Zero-Cream-Soda-Soft-Drink-Bundled-by-Big-Red-Zero-24-Pack-12-oz_6fa941a4-7dbf-462a-9f79-f46f0c21a62b.70eeb1aacfc7d3eee8910c47de954dfc.jpeg,42.4,,Big Red,Other Non-Cola Carbonates,Juice Content: 0-2%; Volume: 355; Pack Type: Carton/Box
1015150691,Walmart,USA,"Culture Pop Sparkling Probiotic Soda, Watermelon Lime, 12 Fl Oz Cans ( Pack of 16)",""""" 
* SODA YOU CAN FEEL GOOD ABOUT!: More flavorful than a seltzer but much less sweet than traditional colas or fruit sodas, CULTURE POP is sweetened with fruit juice, no refined sugar or high intensi","["""" Food"""","""" Beverages"""","""" Functional & Enhanced Beverages"""","""" Prebiotic & Probiotic Drinks""""]",https://www.walmart.com/ip/Culture-Pop-Sparkling-Probiotic-Soda-Watermelon-Lime-12-Fl-Oz-Cans-Pack-of-16/966749126?classType=VARIANT,https://i5.walmartimages.com/seo/Culture-Pop-Sparkling-Probiotic-Soda-Watermelon-Lime-12-Fl-Oz-Cans-Pack-of-16_b028a1c9-6e1c-4740-9c5d-f11d6aef0bda.7ff20e05d0df5786c4a82cbed67eab9a.png,39.99,,Culture Pop,Other Non-Cola Carbonates,"Caffeine: 15-25 mg; Flavour: lime, watermelon; Juice Content: 0-2%; Diets: plant-based, vegan; Water Type: seltzer; No Artificial Ingredients: no gmo, no artificial sweeteners; Health Claims: probiotic, pre-biotic; Volume: 355; Sustainable Sourcing: organic; Pack Type: Can; Carbonization: carbonated, sparkling"
1016475703,Walmart,USA,"RC Cola Soda Pop, 12 fl oz, 12 Pack Cans",""""" 
* * CLEAN & SATISFYING: Sparkling and refreshment that satisfies with every sip 
* ORIGINAL COLA: A true American original cola made with quality ingredients 
* LOW SODIUM: The great taste of RC Co","["""" Food"""","""" Beverages"""","""" Soda Pop"""","""" Cola""""]",https://www.walmart.com/ip/RC-Cola-Soda-Pop-12-fl-oz-12-Pack-Cans/13872952234?classType=REGULAR,https://i5.walmartimages.com/seo/RC-Cola-Soda-Pop-12-fl-oz-12-Pack-Cans_eb1ab116-1e7c-4998-9d46-cb6aaf136389.b6c485c882fa42535d003b50c5ec5277.jpeg,10.82,,RC Cola,Regular Cola Carbonates,"Juice Content: 0-2%; Pack Type: Can; Volume: 355; Carbonization: carbonated, sparkling"
1017340217,Kaufland,Germany,"mautner beverage syrup raspberry 0.7l - soft drink, Cocktails (pack of 4)","### mautner syrup raspberry: the classic for refreshing drinks and culinary delights! 
of the mautner syrup raspberry is a hot more desirable classic, of the for generations the taste buds pleased. th","["""" home page"""","""" food"""","""" beverages"""","""" soft drinks"""","""" syrups""""]",https://www.kaufland.de/product/482087461/,https://media.cdn.kaufland.de/product-images/1024x1024/fc5d4fd8229f9c4b7dba18c182e07a2c.webp,19.37,,Mautner Markhof,Liquid Concentrates,"Juice Content: 0-2%; Volume: 700; Health Claims: good source of minerals, hydrating; Flavour: raspberry"
1017731321,Walmart,USA,"Pibb Xtra Cherry Soda - Stash ( Regular, Pack of (12) 12 Oz Cans)",""""" Pibb Xtra Cherry Soda - Stash ( Regular, Pack of (12) 12 Oz Cans)"""" ; Flavor Cherry ; Container Type Can ; Brand Unbranded","["""" Food"""","""" Beverages"""","""" Soda Pop"""","""" Cherry Soda""""]",https://www.walmart.com/ip/Pibb-Xtra-Cherry-Soda-Stash-Regular-Pack-of-12-12-Oz-Cans/7579173881?classType=VARIANT,https://i5.walmartimages.com/seo/Pibb-Xtra-Cherry-Soda-Stash-Regular-Pack-of-12-12-Oz-Cans_714bf2e1-9f57-4fff-a627-2db6984ded26.92af2148300e7c433feba26087df2729.jpeg,28.06,,Pibb,Other Non-Cola Carbonates,Pack Type: Carton/Box; Flavour: cherry; Juice Content: 0-2%; Volume: 355
1022348651,Walmart,USA,Bloom Sparkling Energy Strawberry Watermelon 12oz Single Can,""""" 
* 180mg of caffeine per 12 fluid oz can 
* Naturally Caffeinated 
* Sugar Free 
* Boosts Metabolism 
* Improves Mental Focus and Mood 
"""" ; Nutrient Content Claims Sugar- Free ; Food Form Liquids ; ","["""" Food"""","""" Beverages"""","""" Energy Drinks"""","""" Energy Drinks""""]",https://www.walmart.com/ip/Bloom-Sparkling-Energy-Strawberry-Watermelon-12oz-Single-Can/9040756946?classType=REGULAR&athbdg=L1600,https://i5.walmartimages.com/seo/Bloom-Sparkling-Energy-Strawberry-Watermelon-12oz-Single-Can_8ed9850b-2ac1-4cae-91f4-f16ae6dc99c4.e52ad0d7823e93d06c4d06f4fce60c85.jpeg,2.48,842595135091,Bloom,Energy Drinks,"Caffeine: 50-100 mg; Volume: 355; Flavour: strawberry, watermelon; Carbonization: sparkling; Naturally derived: natural; Health Claims: no sugar, energy boosting, mood-enhancing; Juice Content: 0-2%; Pack Type: Can"
1022729199,Voilà,Canada,Two Bears Cold Brew Coffee Frothed Oat Latte Vanilla 207 ml (can),Shop Canada,"["""" Beverages"""","""" Coffee"""","""" Cold Brew & Iced Coffee""""]",https://voila.ca/products/1203EA,https://voila.ca/images-v3/2d92d19c-0354-49c0-8a91-5260ed0bf531/b14a6642-aa98-40d8-9c0d-b34516308fb7/500x500.jpg,3.99,,Two Bears,RTD Coffee,"RTD Coffee Style: latte, cold brew; Flavour: latte, oat, vanilla, coffee; Carbonization: still; Juice Content: 0-2%"
10258851,Kroger,USA,Odwalla Mango Tango 100% Juice Smoothie,,"["""" Grocery"""","""" Breakfast"""","""" Dairy & Refrigerated Breakfast""""]",https://www.kroger.com/p/odwalla-mango-tango-100-juice-smoothie/0001405402605,https://www.kroger.com/product/images/xlarge/front/0001405402605,2,14054026053,Odwalla,Not from Concentrate 100% Juice,Carbonization: still; Juice Features: smoothie; Pack Type: Bottle; Juice Content: 100%; Pack Material Type: Plastic; Flavour: mango; Volume: 450; Made From: mango
1029493365,Kroger,USA,Bloom Peach Mango + Prebiotics Sparkling Energy Drink Can,"Bloom into your best self with our deliciously refreshing sparkling energy drinks! Made with zero sugar, natural caffeine, and good-for-you ingredients like prebiotics and lychee, each 10-calorie can ","["""" Grocery"""","""" Beverages"""","""" Energy Drinks"""","""" Caffeinated Energy Drinks""""]",https://www.kroger.com/p/bloom-peach-mango-prebiotics-sparkling-energy-drink-can/0084259513507#:#zipcode=46204&storeid=02100339,https://www.kroger.com/product/images/large/front/0084259513507,2.99,842595135077,Bloom,Energy Drinks,"Naturally derived: natural; Juice Content: 0-2%; Volume: 355; Carbonization: sparkling; Pack Type: Can; Free From: no caffeine; Caffeine: 15-25 mg; Health Claims: energy boosting, no sugar, pre-biotic; Flavour: peach, mango"
1030869886,Hemköp,Sweden,"Passion with a tons orange energy drink, can",,"["""" all supplies"""","""" drink"""","""" sports & energy drinks"""","""" energy drink""""]",https://www.hemkop.se/produkt/P-101664559_ST,"https://assets.axfood.se/image/upload/f_auto,t_500/07350089431299_C1N1_s01",21.95,7350089431299,Clean Drink,Energy Drinks,"Sweetener: sucralose; Flavour: orange; Juice Content: 0-2%; Contains Minerals: magnesium; Pack Type: Can; Carbonization: carbonated; Immune Support Ingredients: vitamin c, zinc; Volume: 330; Caffeine: 50-100 mg; Energy Source: b-vitamins; Health Claims: energy boosting"
1030903041,Hemköp,Sweden,oas cactus energy drink can,,"["""" all supplies"""","""" drink"""","""" sports & energy drinks"""","""" energy drink""""]",https://www.hemkop.se/produkt/O-101666982_ST,"https://assets.axfood.se/image/upload/f_auto,t_500/07350146812153_C1N1_s01",19.95,7350146812153,Latitude 65,Energy Drinks,Sweetener: sucralose; Volume: 330; Energy Source: b-vitamins; Caffeine: 50-100 mg; Pack Type: Can; Flavour: cactus; Carbonization: carbonated; Health Claims: energy boosting; Juice Content: 0-2%
1032345618,safeway,USA,Bustelo Cool Coffee Drink With Milk Cafe Con Leche - 8 Fl. Oz.,,"["""" International Cuisine"""","""" Hispanic Foods"""","""" Beverages""""]",https://www.safeway.com/shop/product-details.960488795.html,https://images.albertsons-media.com/is/image/ABS/960488795-ECOM,2.49,74471015009,Bustelo,RTD Coffee,Volume: 237; Flavour: coffee; Pack Type: Can; Juice Content: 0-2%; RTD Coffee Style: milk; Carbonization: still
1032912559,MatHem,Sweden,kiviks drink cactus Melon,,"["""" drink"""","""" juice and stilldrink""""]",https://www.mathem.se/se/products/64578-kiviks-dryck-kaktus-melon/,https://bilder.kolonial.no/prod/local_products/6def1081-4407-46f8-a68b-7cb73ca05de2.jpg?auto=format&fit=max&w=397&s=291877b0d2334b9f5c2633e54c0322d9,19.95,,Kiviks Musteri,Juice Drinks (up to 24% Juice),"Volume: 1500; Juice Content: 25-50%; Caffeine: 15-25 mg; Sweetener: sugar; Carbonization: still; Juice Features: from concentrate; Flavour: melon, cactus; Made From: apple, melon, kiwi; Pack Type: Liquid Carton"
1033674132,Hy-Vee,USA,"Bloom Sparkling Energy Drink, Strawberry Watermelon","Product Details 
UPC: 
0842595135090 
Manufacturers may alter their products and / or packaging and the packaging and products may be different from what is shown on www.hy-vee.com. 
Show More","["""" Beverages"""","""" Energy Drinks & Shots"""","""" Energy Drinks""""]",https://www.hy-vee.com/aisles-online/p/4039209/Bloom-Sparkling-Energy-Drink-Strawberry-Watermelon,https://8e9d5b8b8dcb9208ef3f-01db2a53ae0368d03387780ee86ead55.ssl.cf2.rackcdn.com/0824cb86-9b80-42a5-ad33-3ac76a4033a5_thumb.jpeg,2.29,842595135091,Bloom,Energy Drinks,"Volume: 355; Health Claims: energy boosting; Flavour: strawberry, watermelon; Carbonization: sparkling; Juice Content: 0-2%; Pack Type: Can"
1033851117,Voila,Canada,Farm Boy Cold Brew Coffee Oat Latte Vanilla 207 ml (can),,"["""" Beverages"""","""" Coffee"""","""" Cold Brew & Iced Coffee""""]",https://voila.ca/products/1313514EA,https://voila.ca/images-v3/2d92d19c-0354-49c0-8a91-5260ed0bf531/603cf07f-7256-4a6d-b3ea-dc9697c67b3c/1280x1280.jpg,3.29,,Farm Boy,RTD Coffee,"Flavour: latte, oat, vanilla, coffee; Carbonization: still; RTD Coffee Style: latte, cold brew; Juice Content: 0-2%"
1033911457,Voila,Canada,North Water Alkaline Spring Water 355 ml (bottle),,"["""" Beverages"""","""" Water"""","""" Bottled Water""""]",https://voila.ca/products/590331EA,https://voila.ca/images-v3/2d92d19c-0354-49c0-8a91-5260ed0bf531/0ee6a42f-23ce-4768-b3d2-7b7291728874/1280x1280.jpg,2.99,,North Water,Still Bottled Water,"Volume: 355; Naturally derived: natural; Carbonization: still; Water Type: spring, alkaline; Juice Content: 0-2%"
1036211689,Promofarma,Spain,HSN Cluster Dextrin cyclic dextrin highly branched powdered 1kg,"## description 
100% Cluster Dextrin . cyclodextrin without additives. format RAW. suitable for vegetarians. cyclic dextrin highly branched powdered. neutral flavor.","["""" promo pharma"""","""" herbalist"""","""" sport nutrition"""","""" supplements""""]",https://www.promofarma.com/es/hsn-cluster-dextrin-dextrina-ciclica-altamente-ramificada-en-polvo-1kg/p-773873,https://statics.promofarma.com/static/promofarma/prod/product_images/mpdl/8JPV53PP_es_ES_0.jpeg,32.9,,HSN,Powder Concentrates,"Pack Type: Pouch; Weight: 1000; Concentrate Format: powder; No Artificial Ingredients: no artificial additives, no artificial flavours; Juice Content: 0-2%"
1037126915,amazon,United Kingdom,Boost Sugar Free Great Tasting Energy Drink 250ml (72),"## Product information 
# Technical Details 
##### General Information 
Units ‎250.0 millilitre 
Brand ‎ Wowboxme 
Age Range Description ‎ Adult 
Package Information ‎ Can 
Package Information ‎ Tin 
","["""" Any Department"""","""" Grocery"""","""" Drinks"""","""" Energy Drinks""""]",https://www.amazon.co.uk/dp/B0CG6FVRN7,https://m.media-amazon.com/images/I/31X7DXjuFhL._AC_UL320_.jpg,47.99,,Boost,Energy Drinks,"Juice Content: 0-2%; Carbonization: still; Volume: 250; Health Claims: no sugar, energy boosting"
1037260926,GNC,USA,Electrolyte Powder Mix - Peach (90 Servings),"Junp - Electrolyte Drink Mix - 90 Servings
Jump-start your day with Junp
Junp boosts water with natural electrolytes for all-day hydration and energy.
Daily Hydration
Zero Calories
Zero Sugars
Zero Ca","["""" Performance"""","""" Energy""""]",https://www.gnc.com/hydration-electrolytes/583043.html,https://www.gnc.com/dw/image/v2/BBLB_PRD/on/demandware.static/-/Sites-master-catalog-gnc/default/dw09154006/hi-res/583043_JUNP_Electrolyte_Powder_Peach_Front.jpg,44.99,,Junp,Powder Concentrates,"Sports Ingredients: electrolytes; Flavour: peach; Diets: kosher; Pack Type: Jar; Juice Content: 0-2%; Free From: lactose free, no soy; Sweetener: stevia; Concentrate Format: powder, electrolytes; Health Claims: no sugar, hydrating, no calories; Naturally derived: natural flavours, natural"
1038627088,Walmart,USA,"LZHF Coconut Water Organic Drink 32 Fl Oz - Natural Electrolyte Hydration, No Sugar Added, No Artificial Ingredients, Original Coconut Water, 6 Pack",""""" 
* Nam Hom Coconuts - Found in Thailand, every Nam Hom farm we work with is organic certified - grown without the use of pesticides, synthetic fertilizers or sewage sludge. 
* Like Drinking From A C","["""" Food"""","""" Beverages"""","""" Water"""","""" Coconut Water""""]",https://www.walmart.com/ip/LZHF-Coconut-Water-Organic-Drink-32-Fl-Oz-Natural-Electrolyte-Hydration-No-Sugar-Added-No-Artificial-Ingredients-Original-Coconut-Water-6-Pack/15344001789?classType=REGULAR,https://i5.walmartimages.com/seo/LZHF-Coconut-Water-Organic-Drink-32-Fl-Oz-Natural-Electrolyte-Hydration-No-Sugar-Added-No-Artificial-Ingredients-Original-Coconut-Water-6-Pack_cadda552-2ab2-42e3-b98f-021333991a07.cdd90f0e87c887c64bb8ce11cd13ac22.jpeg,38.39,,Harmless Harvest,Coconut and Other Plant Waters,"Naturally derived: natural; Health Claims: antioxidant, hydrating, good source of potassium; Juice Features: pasteurized; Caffeine: 15-25 mg; Volume: 946; Sports Ingredients: electrolytes; Pack Type: Bottle; Sustainable Sourcing: fairtrade, organic, fair for life; Environmentally Friendly: no pesticides; Juice Content: 0-2%; Immune Support Ingredients: vitamin c, antioxidants; Carbonization: still; Flavour: coconut; Water Type: coconut; Made From: coconut"
1039316926,Walmart,USA,HZJF - Extra Dry Ginger Ale - 12 oz (12 Glass Bottles),""""" 
* Real Juice and Natural Extracts - Less Sugar and Tastes Better 
* 90-98 Calories per 12oz Bottle 
* Cane Sugar 
* No Preservatives, Non-GMO, Gluten Free 
* Kosher, Easy Cocktail Mixers 
"""" ; Brand","["""" Food"""","""" Beverages"""","""" Soda Pop"""","""" Ginger ale""""]",https://www.walmart.com/ip/HZJF-Extra-Dry-Ginger-Ale-12-oz-12-Glass-Bottles/15414268646?classType=REGULAR,https://i5.walmartimages.com/seo/HZJF-Extra-Dry-Ginger-Ale-12-oz-12-Glass-Bottles_5b6b5b71-33fd-4ef3-a3be-c7850f6b8c6e.9e84da650402f2f884b6b1fff80628bf.jpeg,35.24,,Gus,Tonic Water/Mixers/Other Bitters,No Artificial Ingredients: no gmo; Flavour: ginger; Naturally derived: natural; Sweetener: cane sugar; Volume: 355; Health Claims: low sugar; Pack Type: Bottle; Juice Content: 0-2%; Diets: kosher
1040940723,Walmart,USA,"HZJF """" Not As Hot"""" Ginger Ale 12- Ounce Glass Bottle ( Pack of 12)",""""" 
* Pack of twelve, 12-ounces per bottle (total of 144 ounces) 
* Bold and tantalizing flavor 
* Spicy ginger essence 
"""" ; Brand HZJF","["""" Food"""","""" Beverages"""","""" Soda Pop"""","""" Ginger ale""""]",https://www.walmart.com/ip/HZJF-Not-As-Hot-Ginger-Ale-12-Ounce-Glass-Bottle-Pack-of-12/15460502890?classType=REGULAR,https://i5.walmartimages.com/seo/HZJF-Not-As-Hot-Ginger-Ale-12-Ounce-Glass-Bottle-Pack-of-12_ffca022b-2d1d-4d79-bbb9-7ae953921d80.8aacb1e996e19c23ff6c421d21db0a6a.jpeg,42.38,,Blenheim,Tonic Water/Mixers/Other Bitters,Volume: 355; Carbonization: carbonated; Juice Content: 0-2%; Flavour: ginger; Immune Support Ingredients: ginger
1041581813,Walmart,USA,"Cock n Bull Ginger Beer 24 Pack 12oz Soda Cans - Ideal Mixer for Cocktails, Mocktails, and Bartenders - Premium Quality for Perfect Mixed Drinks - Refreshing Flavor Profile- A",""""" 
* Ginger Beer: A bold, full flavor brewed for the mature palate. All-natural ingredients, real sugar, and ginger root extract give this English-style ginger beer its distinctive spicy fla-vor. A Ho","["""" Food"""","""" Beverages"""","""" Cocktail Mixers"""","""" Ginger Beer""""]",https://www.walmart.com/ip/Cock-n-Bull-Ginger-Beer-24-Pack-12oz-Soda-Cans-Ideal-Mixer-Cocktails-Mocktails-Bartenders-Premium-Quality-Perfect-Mixed-Drinks-Refreshing-Flavor-Prof/8804307306?classType=undefined&variantFieldId=count_per_pack,https://i5.walmartimages.com/asr/d10557ff-a919-46e3-8e4d-149776cb9a8c.f54526fa4e6a30f219c07e22b5aca136.png,21.98,810158581128,Cock N Bull,Tonic Water/Mixers/Other Bitters,Juice Content: 0-2%; Sweetener: sugar; Volume: 355; Naturally derived: natural; Flavour: ginger; Immune Support Ingredients: ginger
1042280388,Walmart,USA,"Cock n Bull Ginger Beer 6 Pack 10oz Soda Bottles - Ideal Mixer for Cocktails, Mocktails, and Bartenders - Premium Quality for Perfect Mixed Drinks - Refreshing Flavor Profile- A",""""" 
* Ginger Beer: A bold, full flavor brewed for the mature palate. All-natural ingredients, real sugar, and ginger root extract give this English-style ginger beer its distinctive spicy fla-vor. A Ho","["""" Food"""","""" Beverages"""","""" Cocktail Mixers"""","""" Ginger Beer""""]",https://www.walmart.com/ip/Cock-n-Bull-Ginger-Beer-6-Pack-10oz-Soda-Bottles-Ideal-Mixer-Cocktails-Mocktails-Bartenders-Premium-Quality-Perfect-Mixed-Drinks-Refreshing-Flavor-Pr/8797204572?classType=undefined&variantFieldId=count_per_pack,https://i5.walmartimages.com/asr/3bd360c1-f250-4a33-b2e8-cd56773a7cbe.7223f2127ec46a4d851eb14557bd3f4d.png,21.98,810158580916,Cock N Bull,Tonic Water/Mixers/Other Bitters,Sweetener: sugar; Pack Type: Bottle; Naturally derived: natural; Flavour: ginger; Volume: 296; Immune Support Ingredients: ginger; Juice Content: 0-2%
1044614004,Voila,Canada,Vida Sparkling Water Citrus 325 ml (can),,"["""" Beverages"""","""" Water"""","""" Sparkling Water""""]",https://voila.ca/products/1320315EA,https://voila.ca/images-v3/2d92d19c-0354-49c0-8a91-5260ed0bf531/ec153326-36e6-4cf9-bf86-2150fd8be56d/1280x1280.jpg,1.49,,Vida,Sparkling Flavoured Bottled Water,Carbonization: sparkling; Juice Content: 0-2%; Flavour: citrus; Volume: 325; Pack Type: Liquid Carton
1045039861,Walmart,USA,"Cock n Bull Diet Ginger Beer 16 Pack 12oz Soda Bottles - Ideal Mixer for Cocktails, Mocktails, and Bartenders - Premium Quality for Perfect Mixed Drinks - Refreshing Fla-vor Profile- A",""""" 
* Diet Ginger Beer: Natural ginger flavor. 0 calories per bottle. Caffeine free. Very low so-dium 
* Crafted in England by a passionate ginger enthusiast, Cock'n Bull Ginger Beer began as a quest f","["""" Food"""","""" Beverages"""","""" Cocktail Mixers"""","""" Ginger Beer""""]",https://www.walmart.com/ip/Cock-n-Bull-Diet-Ginger-Beer-16-Pack-12oz-Soda-Bottles-Ideal-Mixer-Cocktails-Mocktails-Bartenders-Premium-Quality-Perfect-Mixed-Drinks-Refreshing-Fla/8791217879?classType=VARIANT,https://i5.walmartimages.com/seo/Cock-n-Bull-Diet-Ginger-Beer-16-Pack-12oz-Soda-Bottles-Ideal-Mixer-Cocktails-Mocktails-Bartenders-Premium-Quality-Perfect-Mixed-Drinks-Refreshing-Fla_bfdb34aa-42f1-45e1-9fc1-1e6c0ce6e1dd.8d9e925200f50b83f40f8e702b8eb376.png,54.98,810158581180,Cock N Bull,Tonic Water/Mixers/Other Bitters,Pack Type: Bottle; Free From: no caffeine; Naturally derived: natural flavours; Juice Content: 0-2%; Flavour: ginger; Volume: 355; Caffeine: 0-15 mg; Immune Support Ingredients: ginger
1045615318,Walmart,USA,"G Zero Lemon Lime Zero Sugar Sports Drink, 28 fl oz- Pack of 2","""""G Zero Lemon Lime Zero Sugar Sports Drink, 28 fl oz- Pack of 2"""" ; Brand Gatorade","["""" Food"""","""" Beverages"""","""" Sports Drinks"""","""" Gatorade""""]",https://www.walmart.com/ip/G-Zero-Lemon-Lime-Zero-Sugar-Sports-Drink-28-fl-oz-Pack-of-2/15691270891?classType=REGULAR,https://i5.walmartimages.com/seo/G-Zero-Lemon-Lime-Zero-Sugar-Sports-Drink-28-fl-oz-Pack-of-2_32b8e564-61eb-4c45-b145-5e3cddecb1af.d4d2114913ccb78a59dc98d8f50e0ce8.jpeg,6,100141411847,G Zero,Sports Drinks,"Flavour: lemon, lime; Volume: 828; Carbonization: still; Pack Type: Bottle; Health Claims: no sugar; Juice Content: 0-2%"
1046059839,Walmart,USA,"G Zero Fruit Punch Zero Sugar Sports Drink, 28 fl oz- Pack of 3","""""G Zero Fruit Punch Zero Sugar Sports Drink, 28 fl oz- Pack of 3"""" ; Brand Gatorade","["""" Food"""","""" Beverages"""","""" Sports Drinks"""","""" Gatorade""""]",https://www.walmart.com/ip/G-Zero-Fruit-Punch-Zero-Sugar-Sports-Drink-28-fl-oz-Pack-of-3/15674617321?classType=REGULAR,https://i5.walmartimages.com/seo/G-Zero-Fruit-Punch-Zero-Sugar-Sports-Drink-28-fl-oz-Pack-of-3_ad9656c3-e1b7-4b4b-bf55-ec68cdc11a8a.2e03b568e5e1a92400dc57b33fc2c347.jpeg,15.91,100141403330,G Zero,Sports Drinks,Carbonization: still; Volume: 828; Pack Type: Bottle; Health Claims: no sugar; Juice Content: 0-2%
1046771278,Walmart,USA,KR Mandarin Orange Flavored Seltzer Water Cans 12 pk / 12 fl oz,""""" 
* Nutrition Facts 
* servings per container 
* Serving size 1 can (354mL) 
* Amount per serving 
* Calories 0 
* % Daily value* 
* Total Fat0g Total Fat 
* Sodium10mg Sodium 
* Total Carbohydrate0g","["""" Food"""","""" Beverages"""","""" Water"""","""" Flavored Water"""","""" All Flavored Water""""]",https://www.walmart.com/ip/KR-Mandarin-Orange-Flavored-Seltzer-Water-Cans-12-pk-12-fl-oz/15776064852?classType=REGULAR,https://i5.walmartimages.com/seo/KR-Mandarin-Orange-Flavored-Seltzer-Water-Cans-12-pk-12-fl-oz_32edadb7-d67f-4888-ac25-9cc181044d6f.64036ef080a511b433583141c544e80b.jpeg,12.93,100140792213,Strike Force,Sparkling Flavoured Bottled Water,"Pack Type: Carton/Box; Volume: 355; Water Type: flavoured, seltzer; Caffeine: 15-25 mg; Flavour: mandarin, orange; Juice Content: 0-2%; Carbonization: carbonated"
1046883222,Aldi,United Kingdom,Double Strength Cherries & Berries Squash,,"["""" Home"""","""" Drinks"""","""" Soft Drinks & Juices""""]",https://www.aldi.co.uk/product/sun-quench-fruity-blast-double-strength-cherries-berries-squash-000000000336612004,https://dm.emea.cms.aldi.cx/is/image/aldiprodeu/product/jpg/scaleWidth/232/26aa9fe3-4646-4625-b500-7e1f9b544b7f/Double%20Strength%20Cherries%20%20Berries%20Squash,0.99,,Sun Quench,Liquid Concentrates,Volume: 1500; Juice Content: 0-2%; Pack Type: Bottle; Flavour: berry
1047049171,Walmart,USA,"Starbucks Frappuccino, Vanilla Iced Coffee Drink, 9.5 Oz Bottles (4 Pack) Packaging May Vary - Pack of 2",""""" 
* pack of four 9.5 oz. glass bottles 
* Only 200 calories per bottle 
* Great for in the morning or on the go 
* Discover Vanilla Frappuccino coffee drink, a creamy blend of coffee and milk, mixed ","["""" Food"""","""" Coffee"""","""" Bottled Coffee"""","""" Starbucks Frappuccino""""]",https://www.walmart.com/ip/Starbucks-Frappuccino-Vanilla-Iced-Coffee-Drink-9-5Oz-Bottles-4-Pack-Packaging-May-Vary-Pack-of-2/15672567421?classType=REGULAR,https://i5.walmartimages.com/seo/Starbucks-Frappuccino-Vanilla-Iced-Coffee-Drink-9-5Oz-Bottles-4-Pack-Packaging-May-Vary-Pack-of-2_10a814c7-1c8a-4fe7-a435-6b6ae829e696.b279ee5319e9c7b7d54c07d56bf4dc25.jpeg,28.98,100141457524,Starbucks Frappuccino Vanilla,RTD Coffee,"Coffee Type: arabica; Carbonization: still; Juice Content: 0-2%; Flavour: vanilla, coffee; Volume: 281; RTD Coffee Style: milk, mocha, frappuccino"
1049268242,amazon,Germany,Fuggi acqua minerale Naturele Oligominerale - 6 pack (6 x 1000 ml),"Variety Mineral 
Flavour unflavored 
package information bottle 
item volume 6 Litres 
unit count 6000.0 milliliter 
number of items 6 
Package weight 8.68 kilograms 
Net content volume 6e + 3 millili","["""" Any Category"""","""" Grocery"""","""" Drinks"""","""" Water""""]",https://www.amazon.de/dp/B072NCHSTT,https://m.media-amazon.com/images/I/717WkEd-UUL._AC_UL320_.jpg,17.49,,Fiuggi,Carbonated Bottled Water,Pack Material Type: Glass; Pack Type: Bottle; Volume: 1000; Juice Content: 0-2%; Carbonization: still
1055286184,Wegmans,USA,The Ryl Company Ryl Half & Half Iced Tea,The future of iced tea: where delicious iced tea flavor & healthy steeped tea benefits can be enjoyed at the same time. Say hello to our antioxidant super blend: an excellent source of vitamin C. Meet,"["""" More Departments"""","""" Health and Wellness"""","""" Active & Sport Nutrition"""","""" Ready To Drink""""]",https://shop.wegmans.com/shop/product/926870,https://images.wegmans.com/is/image/wegmanscsprod/926870_PrimaryImage?eTag=1744215152755,2.79,,The Ryl Co.,Still RTD Tea,"Volume: 473; Juice Content: 0-2%; Health Claims: antioxidant, good source of vitamins; Sweetener: monk fruit, stevia; Carbonization: still; Naturally derived: natural flavours; Flavour: tea; Immune Support Ingredients: vitamin c, antioxidants"
1056649757,Wegmans,USA,"Bloom Energy Drink, Peach Mango, Sparkling","Bloom Sparkling Energy Drinks Peach Mango 12 FO Store in a cool, dry place. Do not freeze. Caution: Do not consume this product if you are pregnant or nursing. Not intended for children. Recommended f","["""" Grocery"""","""" Beverages"""","""" Sports & Energy Drinks"""","""" Energy""""]",https://shop.wegmans.com/shop/product/945505,https://images.wegmans.com/is/image/wegmanscsprod/945505_PrimaryImage?eTag=1742998659455,2.89,,Bloom,Energy Drinks,"Sweetener: sucralose; Volume: 355; Naturally derived: natural flavours, natural; Pack Type: Can; Caffeine: 25-50 mg; Juice Content: 0-2%; Botanicals And Functional Ingredients: ginseng; Energy Source: coffee bean, green tea, l-theanine; Flavour: peach, mango; Carbonization: carbonated, sparkling; Health Claims: energy boosting"
1060722325,Walgreens,USA,Bloom Energy Drink Strawberry Watermelon,"Flavor with other natural flavors. No artificial colors, flavors, or aspartame. 0 g sugar. 
Caffeine: 180 mg per 12 fl oz (can). + prebiotic. + natural energy^. + boosts metabolism. + supports mood. 
","["""" Grocery & Beverages"""","""" Beverages"""","""" Energy Drinks & Shots""""]",https://www.walgreens.com/store/c/bloom-energy-drink-strawberry-watermelon/ID=300455985-product?reactjs=true,https://pics.walgreens.com/prodimg/678491/450.jpg,,842595135091,Bloom,Energy Drinks,"Botanicals And Functional Ingredients: ginseng; Volume: 355; Energy Source: green tea, l-theanine; Caffeine: 50-100 mg; Sweetener: sucralose; Geographic Origin: united states; Flavour: strawberry, watermelon; Health Claims: no sugar, pre-biotic, energy boosting, mood-enhancing; Naturally derived: natural flavours, natural; No Artificial Ingredients: no artificial colours, no artificial flavours, no aspartame; Juice Content: 0-2%; Carbonization: carbonated; Pack Type: Can; Sustainable Sourcing: locally sourced"
1061093640,Migros,Switzerland,morand syrup forest- strawberry,you can find information about the origin on the packaging in the store.,"["""" All products"""","""" Drinks, coffee & tea"""","""" Soft drinks"""","""" Syrups""""]",https://www.migros.ch/en/product/121518800000,https://image.migros.ch/mo-custom/v-w-175-h-150/891402404dde9cd7f2057e817aeb56704366bf3a/morand-sirup-wald-erdbeere.jpg,6.7,,Morand,Liquid Concentrates,Juice Content: 0-2%; Volume: 1000; Flavour: strawberry; Pack Type: Bottle
1061549162,Walmart,USA,"Lyons ZZCFF Thickened Lemon Flavored Water for Dysphagia & Swallowing Difficulty - Honey Consistency, Level 3 Moderately Thick - 46 fl oz (6 Pack)",""""" 
* SAFE SWALLOWING MADE EASY. Thickened to NDD honey consistency and IDDSI level 3 - moderately thick. Designed to support individuals with dysphagia, a condition that makes swallowing difficult. Ou","["""" Food"""","""" Beverages"""","""" Water"""","""" Flavored Water"""","""" All Flavored Water""""]",https://www.walmart.com/ip/Lyons-ZZCFF-Thickened-Lemon-Flavored-Water-for-Dysphagia-Swallowing-Difficulty-Honey-Consistency-Level-3-Moderately-Thick-46-fl-oz-6-Pack/15979320259,https://i5.walmartimages.com/asr/c4181dcb-bd35-45c7-84f5-2ff364f87374.910a3c2b89d658892eb03c3882db25bd.jpeg,26.26,,Lyons ReadyCare,Still Flavoured Bottled Water,"Volume: 1360; Juice Content: 0-2%; Immune Support Ingredients: vitamin c; Caffeine: 0-15 mg; Carbonization: still; Diets: kosher; Free From: lactose free, dairy free; Flavour: lemon, honey; Water Type: flavoured; Health Claims: no sugar, hydrating, low salt"
112020483,E Leclerc,France,lemon syrup - 75 cl,"lemon syrup
for your health, avoid eating too much fat, too sweet, too salty.
country of transformation product : france","["""" food"""","""" alcohol-free drinks"""","""" syrups""""]","https://www.e-leclerc.com/catalogue/marques-distributeurs/marque-repere/alimentaire/boissons-sans-alcool/sirops/sirop-de-citron---75-cl,75839","http://e-leclerc.scene7.com/is/image/gtinternet/3564700003152?wid=600&hei=600&fit=fit,1",1.56,3564700003152,Frucci,Liquid Concentrates,Sweetener: sugar; Volume: 750; Caffeine: 15-25 mg; Pack Material Type: Metal; Naturally derived: natural flavours; Flavour: lemon; Pack Type: Liquid Carton
112265721,mat.se,Sweden,peach & orange carbonated water incl. Pant,"frameless are one natural mineral water as njutits then 1707 and tappas immediately at the source in frameless health well. frameless is not just one good water, but does also good through his involve","["""" beverages"""","""" water"""","""" carbonated flavored""""]",https://www.mat.se/butik/persika-apelsin-inkl-pant-ramlosa-150cl,https://d1hr6nb56yyl1.cloudfront.net/product-images/101831-560.jpg,13.95,7310070003508,Ramlösa,Sparkling Flavoured Bottled Water,"Pack Material Type: Glass; Pack Type: Bottle; Carbonization: carbonated; Juice Content: 0-2%; Naturally derived: natural fragrances, natural; Volume: 1500; Caffeine: 15-25 mg; Water Type: mineral; Flavour: orange, peach"
112302802,Willys,Sweden,peach orange carbonated water Pet,"frameless are one natural mineral water as njutits then 1707 and tappas immediately at the source in frameless health well. frameless is not just one good water, but does also good through his involve","["""" drink""""]",https://www.willys.se//produkt/Persika-Apelsin-Kolsyrat-Vatten-Pet-101287903_ST,https://d2rfo6yapuixuu.cloudfront.net/h5f/h77/9309402464286/7310070003492_1545007859194_master_axfood_400,8.5,7310070003492,Ramlösa,Sparkling Flavoured Bottled Water,"Pack Type: Bottle; Water Type: mineral; Pack Material Type: Plastic; Volume: 500; Naturally derived: natural fragrances, natural; Carbonization: carbonated; Juice Content: 0-2%; Flavour: peach, orange; Caffeine: 15-25 mg"
112384461,amazon,France,organic original 4 pack 4 x 250 ml scheckter,"organic original 4 pack 4 x 250 ml scheckter
scheckter's Organic Original 4 pack 4 x 250ml
scheckter's Organic
Quantity: 1","["""" grocery"""","""" coffee, tea and drinks"""","""" soft drinks""""]",https://www.amazon.fr/Organique-Originale-Pack-250Ml-Scheckter/dp/B01K25IZ36/ref=sr_1_1036?qid=1584254219&s=grocery&sr=1-1036,https://m.media-amazon.com/images/I/51Bi6m8A5-L._AC_UL320_.jpg,15.29,,Scheckter's,Other Non-Cola Carbonates,Pack Type: Carton/Box; Juice Content: 0-2%; Volume: 250; Sustainable Sourcing: organic; Carbonization: still
116708383,amazon,USA,"Diet Jupina Pineapple Soda, 12oz Can ( Pack of 18, Total of 216 Oz)","Brand Jupina 
Item Form Liquid 
Flavor Pineapple 
Number of Items 18 
Package Information Can 
* * *
# About this item 
* Diet Jupina Pineapple Soda Can 
* 12oz Can ( Pack of 18, Total of 216 Oz) 
* *","["""" Grocery & Gourmet Food"""","""" Beverages"""","""" Bottled Beverages, Water & Drink Mixes"""","""" Soda Soft Drinks""""]",https://www.amazon.com/dp/B07NBJKP9Z,https://m.media-amazon.com/images/I/81rH51TeLUL._AC_UL320_.jpg,29.99,685987093339,Jupina,Other Non-Cola Carbonates,Volume: 355; Pack Type: Tin; Caffeine: 15-25 mg; Carbonization: still; Flavour: pineapple; Juice Content: 0-2%
116762461,Shopping24,Germany,vital house Aronia pure juice Bio (330 ml) - liquid - axisis gmbh,,"["""" beauty""""]",https://www.shopping24.de/products/vitalhaus-aronia-saft-pur-bio-330-ml-fluessigkeit-axisis-gmbh-1568002610,https://pics.shopping24.de/600x600/1428751694,6.12,,Vitalhaus,Not from Concentrate 100% Juice,Pack Type: Bottle; Pack Material Type: Glass; Volume: 330; Juice Content: 100%; Flavour: aronia; Made From: aronia berry; Sustainable Sourcing: organic; Carbonization: still
116835497,amazon,France,bigallet syrup chestnut fair trade organic 35cl,"since 1998, bigallet offers a range of syrups 100% organic, brewed by hand, and made with cane sugar fair trade.","["""" grocery"""","""" coffee, tea and drinks"""","""" syrups and concentrated juices""""]",https://www.amazon.fr/Bigallet-Sirop-Ch%C3%A2taigne-%C3%A9quitable-35cl/dp/B07FW3XLZ1/ref=sr_1_609?qid=1559312557&s=grocery&sr=1-609,https://images-eu.ssl-images-amazon.com/images/I/41u6L6DDlXL._AC_US200_.jpg,7.1,,Bigallet,Liquid Concentrates,"Flavour: chestnut; Volume: 350; Pack Type: Bottle; Juice Content: 0-2%; Sustainable Sourcing: fairtrade, organic; Sweetener: cane sugar; Pack Material Type: Glass"
117500559,Coop,Sweden,Juice apple raw juice,,"["""" act"""","""" drink"""","""" Juice - milk drink"""","""" ready-to-drink juice""""]",https://www.coop.se/handla-online/varor/dryck/juice-mjolkdryck/drickfardig-juice/189357374-juice-apple-rasaft/,"https://res.cloudinary.com/coopsverige/image/upload/fl_progressive,q_90,c_lpad,g_center,h_330,w_330/v1549763837/361817.jpg",37,7350068172694,Loviseberg Råsaft,Not from Concentrate 100% Juice,Pack Type: Bottle; Juice Features: raw; Carbonization: still; Juice Content: 100%; Pack Material Type: Metal; Volume: 200; Flavour: apple; Made From: apple
118049674,Hemköp,Sweden,beetroot juice cold pressed,"cold pressed beetroot juice with apple and lemon from spain. shake before you drinking! refrigerated goods, stored at max + 7°C. opened packaging is stored in refrigerator, durable ca 2 days.","["""" all supplies"""","""" dairy, cheese & eggs"""","""" Juice, fruit drink & smoothie"""","""" chilled juice""""]",https://www.hemkop.se/produkt/R-101278238_ST,https://d2rfo6yapuixuu.cloudfront.net/hbe/h83/9343910772766/7340083466076_1548163563189_master_axfood_400,30.95,7340083466076,Garant,Not from Concentrate 100% Juice,"Flavour: beet; Volume: 750; Pack Type: Bottle; Juice Content: 100%; Pack Material Type: Plastic; Juice Features: cold press, smoothie; Made From: apple, lemon, beet; Carbonization: still"
119220715,amazon,USA,"Hansen's, Soda Ginger Ale, 12 Fl Oz, 1 Pack of 6 tin cans",,"["""" Beverages"""","""" Bottled Beverages, Water & Drink Mixes"""","""" Soft Drinks""""]",https://www.amazon.com/HANSENS-Ginger-Ale-12-Pack/dp/B07F1ZFWC4/ref=sr_1_1599?qid=1667634189&s=grocery&sr=1-1599,https://m.media-amazon.com/images/I/81hBcYi3IUS._AC_UL320_.jpg,23.9,49000071191,Hansen's,Tonic Water/Mixers/Other Bitters,Pack Material Type: Metal; Volume: 355; Juice Content: 0-2%; Flavour: ginger; Carbonization: carbonated; Pack Type: Can
1219938,Courses U,France,"grenadine syrup mill of valdonne, glass bottle of 70cl",,"["""" alcohol-free drinks"""","""" syrups and drinks concentrated"""","""" syrups and concentrates""""]",https://www.coursesu.com/ /boissons-sans-alcool/sirops-et-boissons-concentrees/sirops-et-concentres/_pid2/5/4/1,http://www.coursesu.com/assets/1.8.0.8/ctx/static/wlpdatas/display/000/064/159/641592.jpg,2.15,,Moulin de Valdonne,Liquid Concentrates,Volume: 700; Pack Material Type: Glass; Pack Type: Bottle
122019798,Edeka,Germany,edeka Mango nectar 1 ltr PET,"mango nectar, fruit content: at least 35% fruit content: 35% deposit free preparation instructions: sorry shake before opening! note on storage: cool after opening keep and within use within 3-4 days.","["""" home page"""","""" beverages"""",""""juices"""","""" fruit juices""""]",https://www.edeka24.de/Getraenke-Saefte/Fruchtsaefte/EDEKA-Mango-Nektar-1-ltr-PET.html,https://www.edeka24.de/out/pictures/generated/product/1/480_480_90/edeka_mango_nekt6x1l_pet_ew.jpg,1.49,4311501346587,Edeka,Nectars,"Volume: 1000; Carbonization: still; Immune Support Ingredients: vitamin c, antioxidants; Pack Material Type: Plastic; Sweetener: sugar; Juice Features: with pulp; Made From: mango; Flavour: mango; Pack Type: Bottle; Juice Content: 50-75%"
122469215,Jumbo Supermarkten,Netherlands,"cool best Premium Orange discount pack 1, 5l",our acquaintance Premium Orange in discount package. cool best Premium Orange is going to be made from the best oranges of specially selected orchards in brazil. We give our oranges at least 800 hour,"["""" fresh, juice, coffee, tea"""","""" juices, drinks"""","""" chilled juices, drinks"""","""" chilled juices, drinks""""]","https://www.jumbo.com/coolbest-premium-orange-voordeelpak-1,-5l/228042STK/",https://static-images.jumbo.com/product_images/140220190424_228042STK-1_720x720.png,2.66,,Cool Best,Not from Concentrate 100% Juice,"Pack Material Type: Paper / Carton; Made From: orange; Volume: 5000; Juice Features: from concentrate; Carbonization: still; Flavour: orange; Health Claims: immune system health, good source of vitamins, good source of potassium; Juice Content: 100%; Naturally derived: natural; Immune Support Ingredients: vitamin c"
123637764,Greenweez,France,mint sirup bio 50 cl,"mint sirup organic with cane sugar. from organic farming. glass bottle 50 cl. 
a mint sirup that you unveils the best perfumes to make you rediscover the taste authentic. 
Artisan siropier for over a ","["""" organic supermarket"""","""" drink"""","""" syrup""""]",https://www.greenweez.com/produit/sirop-de-menthe-bio-50-cl/1MENE0002,https://cdn.greenweez.com/products/1MENE0002_0.jpg,8,,Meneau,Liquid Concentrates,"Naturally derived: natural; Environmentally Friendly: environmentally friendly, carbon neutral/reduced carbon; Volume: 500; Sustainable Sourcing: organic; Flavour: mint; Sweetener: cane sugar; Pack Material Type: Glass; Pack Type: Bottle; Health Claims: good source of vitamins; No Artificial Ingredients: no artificial additives, no artificial preservatives; Sustainable Packaging: can be recycled; Juice Content: 0-2%"
124757038,Gittigidiyor,Turkey,seven days 1 lt orange Pet,"important note: your multiple purchases from grocery products, shipped in one package. 
atlantis supermarket 
satisfaction first 
you, our precious customer we are happy to welcome you in our store. 
","["""" home page"""",""""supermarket"""",""""drink"""","""" carbonated drinks""""]",https://urun.gittigidiyor.com/supermarket/yedigun-1-lt-portakal-pet-424403632,https://mcdn01.gittigidiyor.net/41939/tn120/419395880_tn120_0.jpg,11.25,,Yedigun,Orange Carbonates,Carbonization: carbonated; Volume: 1000; Pack Type: Bottle; Juice Content: 0-2%; Pack Material Type: Plastic; Flavour: orange
124769410,Gittigidiyor,Turkey,"Ben organic organic orange juice, 4 pcs x 250 ml","organic orange juice, 4 pcs x 250 ml","["""" home page"""",""""supermarket"""",""""drink"""",""""daily drinks""""]",https://urun.gittigidiyor.com/supermarket/ben-organik-organik-portakal-suyu-4-ad-x-250-ml-341915354,https://mcdn01.gittigidiyor.net/34191/tn120/341915354_tn120_0.jpg,24.93,,Benorganic,Not from Concentrate 100% Juice,Flavour: orange; Volume: 250; Pack Material Type: Glass; Sustainable Sourcing: organic; Carbonization: still; Pack Type: Bottle; Made From: orange
124809973,Gittigidiyor,Turkey,"Poly pineapple fruit puree, 1lt","pineapple fruity cocktail porridge, 1lt","["""" home page"""",""""supermarket"""",""""drink"""","""" cocktail syrups""""]",https://urun.gittigidiyor.com/supermarket/poly-ananas-meyve-puresi-1lt-415770051,https://mcdn01.gittigidiyor.net/41577/tn120/415770051_tn120_0.jpg,58.65,,Poly,Liquid Concentrates,Volume: 1000; Juice Content: 100%; Pack Material Type: Plastic; Flavour: pineapple
124840111,Otto,Germany,T Ri TOP syrup cherry 600 ml,"mixing ratio of 1:7 results in approx. 4.8 liter of drink, fruit content in syrup 40 % low in calories with less sugar, intensity and are sweet individually dosed, also ideal for bubbly systems, and C","[""""kitchen"""","""" food and drink"""","""" beverages"""","""" fruit juices""""]",https://www.otto.de/p/tri-top-sirup-kirsche-600-ml-802078354/#variationId=802078355,https://i.otto.de/i/otto/30890473?$responsive_ft2$,3.29,4055188067785,Tri Top,Liquid Concentrates,"Volume: 600; Pack Material Type: Plastic; Sweetener: sugar; Flavour: cherry; Health Claims: low sugar, low calories"
124995218,Gittigidiyor,Turkey,"Poly pomegranate fruit puree, 1lt","pomegranate fruity cocktail porridge, 1lt","["""" home page"""",""""supermarket"""",""""drink"""","""" cocktail syrups""""]",https://urun.gittigidiyor.com/supermarket/poly-nar-meyve-puresi-1lt-415770047,https://mcdn01.gittigidiyor.net/41577/tn120/415770047_tn120_0.jpg,58.65,,Poly,Liquid Concentrates,Volume: 1000; Juice Content: 100%; Flavour: pomegranate; Pack Material Type: Plastic; Pack Type: Bottle
125137450,Gittigidiyor,Turkey,cocoon disposable kiwi flavored beverage powder 2 pcs. free shipping,,"["""" home page"""",""""supermarket"""",""""drink"""","""" other drinks""""]",https://www.gittigidiyor.com/supermarket/koza-tek-icimlik-kivi-aromali-icecek-tozu-2-ad-ucretsiz-kargo_pdp_598870091,https://mcdn01.gittigidiyor.net/39366/tn120/393665104_tn120_0.jpg,33.78,,Koza,Powder Concentrates,Concentrate Format: powder; Flavour: kiwi; Pack Material Type: Paper / Carton; Juice Content: 0-2%
125149250,Ozdilek Sanal Market,Turkey,moonrise 330ml spicy turnip juice glass,,"["""" home page"""",""""drink"""","""" cold drinks"""","""" juices""""]",https://www.ozdilekteyim.com/shop/tr/bursahipermarket/icecek/soguk-icecekler/meyve-sulari/doganay-330ml-acili-salgam-suyu-cam?Cposition=143,https://img-ozdilek.mncdn.com/images/catalog/646x1000/8693354004200.jpg,3.65,8693354004200,Doganay,Nectars,Volume: 330; Pack Material Type: Glass; Made From: turnip; Juice Content: 100%; Carbonization: still; Pack Type: Bottle
125243161,Gittigidiyor,Turkey,gusse sour cherry ( Cherry) flavored cocktail syrup 70 cl,"from ancient times beri sour cherry; Ortadogu'dan to europe stretching special has a place. sour cherry fruit of, in jams,turtalarda and raw loved. cherry wine, liquor and surubuda makes. gusse sour c","["""" home page"""",""""supermarket"""",""""drink"""","""" cocktail syrups""""]",https://www.gittigidiyor.com/supermarket/gusse-visne-cherry-aromali-kokteyl-surup-70-cl_pdp_412586301,https://mcdn01.gittigidiyor.net/41258/tn50/412586301_tn50_0.jpg,54.89,,Gusse,Liquid Concentrates,Pack Material Type: Glass; Pack Type: Bottle; Flavour: cherry; Volume: 700
125289202,Gittigidiyor,Turkey,camlica lemon flavored soda 2.5 lt,"important note: your multiple purchases from grocery products, shipped in one package. 
atlantis supermarket 
satisfaction first 
you, our precious customer we are happy to welcome you in our store. 
","["""" home page"""",""""supermarket"""",""""drink"""","""" carbonated drinks""""]",https://urun.gittigidiyor.com/supermarket/camlica-limon-aromali-gazoz-2-5-lt-424405300,https://mcdn01.gittigidiyor.net/41939/tn120/419398040_tn120_0.jpg,13.05,,Çamlica,Lemonade/Lime,Pack Type: Bottle; Flavour: lemon; Volume: 2500; Pack Material Type: Plastic; Juice Content: 0-2%; Carbonization: carbonated
125342983,Gittigidiyor,Turkey,heather juice 1 lt cemilefendi,,"["""" home page"""",""""supermarket"""",""""drink"""","""" other drinks""""]",https://urun.gittigidiyor.com/supermarket/funda-suyu-1-lt-cemilefendi-418719782,https://mcdn01.gittigidiyor.net/41871/tn120/418719782_tn120_0.jpg,14.12,,Cemilefendi,Nectars,Juice Content: 0-2%; Carbonization: still; Volume: 1000; Pack Material Type: Paper / Carton
125401836,amazon,USA,Bionaturae Organic Bilberry Fruit Nectar 25.4 Ounce 6 Per Case.,,"["""" Grocery & Gourmet Food"""","""" Beverages"""","""" Bottled Beverages, Water & Drink Mixes""""]",https://www.amazon.com/Bionaturae-Organic-Bilberry-Fruit-Nectar/dp/B00HNPB1OY/ref=sr_1_2901?qid=1552401890&s=grocery&sr=1-2901,https://images-na.ssl-images-amazon.com/images/I/41Xmxm6-3nL._AC_US160_.jpg,25.85,,Bionaturae,Nectars,Juice Content: 0-2%; Carbonization: still; Sustainable Sourcing: organic; Made From: bilberry; Flavour: bilberry; Volume: 751; Pack Material Type: Glass; Pack Type: Bottle
12809546,jet.com,USA,Bruce Cost 66 Ginger Ale 12 oz Glass Bottles ( Pack of 12),,"[""""grocery"""",""""beverages"""",""""soft-drinks""""]",https://jet.com/product/product/2af6021071164415ad07b6fd3715694e,https://images.jet.com/md5/ff327438515290a30df149d82190260b,34.78,,Bruce Cost,Tonic Water/Mixers/Other Bitters,Volume: 355; Pack Type: Bottle; Pack Material Type: Glass; Juice Content: 0-2%; Flavour: ginger
130976364,Gittigidiyor,Turkey,gilaburu nectar - without sugar - kayseri market 1lt fresh tight,,"["""" home page"""",""""supermarket"""",""""drink"""","""" juices""""]",https://urun.gittigidiyor.com/supermarket/gilaburu-nektari-sekersiz-kayseri-pazari-1lt-taze-sikim-421784744,https://mcdn01.gittigidiyor.net/42178/tn120/421784744_tn120_0.jpg,19.99,,Kayseri Pazarı,Nectars,Pack Type: Bottle; Pack Material Type: Glass; Volume: 1000; Carbonization: still; Juice Content: 0-2%; Health Claims: no sugar
131409710,Gittigidiyor,Turkey,kemal roars spicy turnip juice pet 1 liter x 12,"kemal roars spicy turnip juice 1 liter 
Turpgillerden a vegetable the one turnip, red in color thoroughly is known and in terms of health it is very useful. through C, vitamins a and e intensely is fo","["""" home page"""",""""supermarket"""",""""drink"""",""""daily drinks""""]",https://urun.gittigidiyor.com/supermarket/kemal-kukrer-acili-salgam-suyu-pet-1-lt-x-12-422345971,https://mcdn01.gittigidiyor.net/42234/tn120/422345971_tn120_0.jpg,34.9,,Doganay,Nectars,"Pack Type: Bottle; Made From: turnip; Pack Material Type: Plastic; Juice Content: 0-2%; Volume: 1000; Carbonization: still; Contains Minerals: calcium; Caffeine: 15-25 mg; Immune Support Ingredients: vitamin c; Health Claims: immune system health, good source of potassium"
132357879,Bringmeister,Germany,hella Medium,"the actual packing may be from differ from those shown here. have upon delivery she opportunity packing to be viewed before purchase.
for information about nutrition claims, ingredients, mandatory inf","["""" beverages"""","""" mineral water"""","""" carbonated water""""]",https://www.bringmeister.de/hella-medium-12456410091,https://assets.bringmeister.de/media/external/D/12456410091/1/1795.jpg,0.49,,Hella,Carbonated Bottled Water,Pack Material Type: Metal; Carbonization: carbonated; Volume: 750; Juice Content: 0-2%
134373080,MatHem,Sweden,easter must oak barrel aged 330ml nygårda,musten is stored on ekfat in two months. the storage ger musten a lovely taste experience extraordinary.,"["""" drink"""","""" Cider, must & drink mixer"""","""" Must"""",""""easter must""""]",https://www.mathem.se/varor/paskmust/paskmust-ekfatslagrad-33cl-nygarda,https://static.mathem.se/shared/images/products/large/07310401033426_c1n1.jpeg.jpg,16.95,7310401033426,Nygårda,Other Non-Cola Carbonates,Naturally derived: natural; Volume: 330; Pack Material Type: Glass; Juice Content: 0-2%; Pack Type: Bottle; Carbonization: carbonated; Sweetener: sugar
135425684,amazon,Germany,RITNI Blueberry Juice 260 ml,amount: 260ml,"["""" Any Category"""","""" Grocery"""","""" Drinks"""","""" juice & smoothies"""","""" Fruit Juice""""]",https://www.amazon.de/dp/B00IQ8W7PO,https://m.media-amazon.com/images/I/61CIH-b0RjL._AC_UL320_.jpg,33.32,,NONAGE,Not from Concentrate 100% Juice,Volume: 260; Pack Material Type: Glass; Juice Features: smoothie; Flavour: blueberry; Made From: blueberry; Juice Content: 100%; Carbonization: still
136177910,amazon,USA,"FORTO Coffee Shots - 100mg Caffeine, Pure Black, Ready-to- Drink on the go, High Energy Cold Brew Coffee - Fast Coffee Energy Boost, 12 Pack",,"["""" Grocery & Gourmet Food"""","""" Beverages"""","""" Coffee, Tea & Cocoa"""","""" Coffee""""]",https://www.amazon.com/FORTO-Coffee-Shots-Ready-Drink/dp/B07P5FSV31/ref=sr_1_3919?qid=1563115270&s=grocery&sr=1-3919,https://m.media-amazon.com/images/I/61CVeBy0XOL._AC_UL320_.jpg,22.7,857880006611,Forto,RTD Coffee,"Pack Material Type: Metal; Juice Content: 0-2%; Flavour: coffee; Volume: 200; RTD Coffee Style: black, cold brew; Pack Type: Tub/Cup/Pot; Caffeine: 50-100 mg; Carbonization: still"
138548024,Ozdilek Sanal Market,Turkey,joke that 10 l,"turkey's three superior taste award-winning first juice joke that, high with ph value to your health value.","[""""drink"""","""" waters"""","""" waters""""]",https://www.ozdilekteyim.com/market/saka-su-10-l,https://img-ozdilek.mncdn.com/images/catalog/200x310/8697520001093.jpg,59.5,8697520001093,Saka,Still Bottled Water,Pack Material Type: Plastic; Volume: 10000; Juice Content: 0-2%; Carbonization: still; Pack Type: Bottle
139011685,Gittigidiyor,Turkey,lawn juice apricot 1 lt,,"["""" home page"""",""""supermarket"""",""""drink"""",""""daily drinks""""]",https://urun.gittigidiyor.com/supermarket/icim-meyve-suyu-kayisi-1-lt-427076483,https://mcdn01.gittigidiyor.net/42707/tn120/427076483_tn120_0.jpg,3.82,,Içim,Nectars,Made From: apricot; Volume: 1000; Flavour: apricot; Pack Material Type: Paper / Carton; Pack Type: Liquid Carton; Juice Content: 0-2%; Carbonization: still
139949546,amazon,USA,"Stumptown Roasters Cold Brew Coffee Nitro Can, 10.3 oz",For Use For Automatic Drip & Single Serve Coffeemakers,"["""" Any Department"""","""" Grocery & Gourmet Food"""","""" Beverages"""","""" Coffee"""","""" Iced Coffee & Cold- Brew""""]",https://www.amazon.com/dp/B06XYMK4DD,https://m.media-amazon.com/images/I/81CMo1jH2aL._AC_UL320_.jpg,5.49,855186006205,Stumptown,RTD Coffee,"Juice Content: 0-2%; RTD Coffee Style: nitro, cold brew; Flavour: coffee; Volume: 200; Pack Type: Can; Carbonization: still"
140341447,Gittigidiyor,Turkey,fennel tea with humana cumin 200gr,"product code : 
HMN-422152 
technicial specifications: 
gas and colic in your pain, from 1 week from babies, children and for breastfeeding mothers 
fennel tea with humana cumin, contained in fennel a","["""" home page"""","""" baby mom"""","""" breast-feeding"""","""" mom drinks""""]",https://urun.gittigidiyor.com/bebek-anne/humana-kimyonlu-rezene-cayi-200gr-427928445,https://mcdn01.gittigidiyor.net/42792/tn120/427928445_tn120_0.jpg,30.78,,Humana,Still RTD Tea,"Pack Material Type: Paper / Carton; Flavour: tea, fennel; Juice Content: 0-2%; Carbonization: still"
140666460,amazon,USA,Bawls Guarana Soda Zero 16 OZ ( Pack of 12),Bawls Guarana Soda Zero 16 OZ,"["""" Grocery & Gourmet Food"""","""" Beverages"""","""" Bottled Beverages, Water & Drink Mixes"""","""" Soft Drinks""""]",https://www.amazon.com/Bawls-Guarana-Soda-Zero-Pack/dp/B07PWWFW4K/ref=sr_1_4308?qid=1571313824&s=grocery&sr=1-4308,https://m.media-amazon.com/images/I/315mVE-1PDL._AC_UL320_.jpg,36.33,,Bawls,Other Non-Cola Carbonates,Energy Source: guarana; Pack Type: Bottle; Volume: 473; Flavour: guarana; Pack Material Type: Metal; Juice Content: 0-2%
1411970,GNC,United Kingdom,Nutramino HEAT Cucumber Lime 24 x 330ml,"### Description 
* 13 active ingredients, 8 of which are vitamins 
* High caffeine, low sugar, no aspartame 
HEAT is not just an energy drink! It is a high in caffeine functional drink containing 13 a","["""" Sports Nutrition"""","""" Energy, Endurance & Support""""]",https://www.gnc.co.uk/shop/product/nutramino-heat-cucumber-lime-60000582?skuid=000586,https://images.hollandandbarrettimages.co.uk/productimages/HB/370/000586_A.png,34.37,,Nutramino,Energy Drinks,"Pack Material Type: Metal; Sports Positioning: muscle growth; Volume: 330; Sweetener: sucralose, acesulfame potassium; Health Claims: energy boosting, low sugar; Energy Source: green tea; Carbonization: carbonated; Naturally derived: natural flavours; No Artificial Ingredients: no aspartame; Contains Minerals: calcium; Caffeine: 25-50 mg; Juice Content: 0-2%; Immune Support Ingredients: vitamin c, ginger, antioxidants; Flavour: cucumber, lime"
142492241,amazon,France,nantes hillsides - juice blueberry apples 75 cl,,"["""" grocery"""","""" coffee, tea and drinks"""","""" juice""""]",https://www.amazon.fr/dp/B01LZSD4GB,https://m.media-amazon.com/images/I/51bTgBNMzcL._AC_UL320_.jpg,6.91,,Côteaux Nantais,Nectars,"Volume: 750; Juice Content: 0-2%; Pack Material Type: Glass; Flavour: blueberry, apple; Pack Type: Bottle; Carbonization: still; Made From: blueberry, apple"
142767592,amazon,USA,Blossom Water Grapefruit Lilac Water 16.9 FO ( Pack of 2),Blossom Water Grapefruit Lilac Water 16.9 FO,"["""" Grocery & Gourmet Food"""","""" Beverages"""","""" Bottled Beverages, Water & Drink Mixes"""","""" Water""""]",https://www.amazon.com/Blossom-Water-Grapefruit-Lilac-16-9/dp/B07Q5T73KF/ref=sr_1_3515?qid=1571319936&s=grocery&sr=1-3515,https://images-na.ssl-images-amazon.com/images/I/41Wg3N518QL.jpg,7.98,,Blossom Water,Still Flavoured Bottled Water,Flavour: grapefruit; Carbonization: still; Pack Material Type: Plastic; Juice Content: 0-2%
143449953,Hy-Vee,USA,Runa Zero Lime Clean Energy Drink,UPC: 0857732002780,"["""" Pantry"""","""" Beverages"""","""" Energy Drinks""""]",https://www.hy-vee.com/grocery/PD48960417/Runa-Zero-Lime-Clean-Energy-Drink,https://8e9d5b8b8dcb9208ef3f-01db2a53ae0368d03387780ee86ead55.ssl.cf2.rackcdn.com/0857732002780_CF_hyvee_default_medium.jpeg,2.49,857732002785,Runa,Energy Drinks,Flavour: lime; Pack Material Type: Metal; Carbonization: still; Volume: 355; Juice Content: 0-2%; Health Claims: energy boosting
143646134,Carrefour,France,Nectar of fruits apricot nectar in syrup organic agave etic organic garden,"after opening, keep cool and to consume within 4 days. True lea nature 
lea nature customer relations department organic garden cs30004 17183 perigny cedex 
www.organic garden.fr","["""" drinks"""","""" juice fruits and vegetables""""]",https://www.carrefour.fr/p/nectar-de-fruits-abricot-nectar-au-sirop-d-agave-bio-jardin-bio-etic-3289196100290?t=1866,https://www.carrefour.fr/media/1500x1500/Photosite/PGC/BOISSONS/3289196100290_PHOTOSITE_20190319_170846_0.jpg?placeholder=1,4.39,3289196100290,Jardin Bio,Nectars,"Pack Material Type: Glass; Pack Type: Bottle; Made From: apricot; Sustainable Sourcing: organic; Juice Content: 100%; Volume: 750; Carbonization: still; Flavour: apricot, agave"
144273250,amazon,USA,Expect More MELLO YELLO 20OZ BOTTLES 24PK,MELLO YELLO,"["""" Grocery & Gourmet Food"""","""" Beverages"""","""" Bottled Beverages, Water & Drink Mixes"""","""" Soft Drinks""""]",https://www.amazon.com/Expect-More-MELLO-YELLO-BOTTLES/dp/B07QGNMM27/ref=sr_1_1819?qid=1558022622&s=grocery&sr=1-1819,https://images-na.ssl-images-amazon.com/images/I/31obHjC2l8L.jpg,48,804090254592,Mello Yello,Still Bottled Water,Pack Material Type: Plastic; Volume: 591; Juice Content: 0-2%; Carbonization: still; Pack Type: Bottle
144757500,Casino,France,tea iced infused - green tea scent jasmine,"Keep safe from the sun and heat.; a intense tea infusion green enriched by floral notes jasmine, low in calories and without sweetener; refreshing drink at the infusion green tea, jasmine scent. jasmi","["""" drinks"""","""" syrups and fruit drinks"""","""" iced teas""""]",https://www.casinodrive.fr/ecommerce/affichageDetailProduit/WE75327/F-151130-201-_-limonades-sodas-extrait/P-156843-maytea-the-infuse-glace-_-parfum-the-vert-jasmin,https://smedia.productpage.io/product/3360995/picture/ca0c8ca8-18ba-4ea2-b010-96b1fa692e28.png,1.39,,May Tea,Still RTD Tea,"Pack Type: Bottle; Sweetener: sugar; Naturally derived: natural flavours, natural fragrances; Caffeine: 15-25 mg; Juice Content: 0-2%; Sustainable Sourcing: rainforest alliance; Volume: 1000; Immune Support Ingredients: vitamin c, antioxidants; Health Claims: low calories; Flavour: jasmine, tea; Tea Type: green, jasmine; Pack Material Type: Plastic; Carbonization: still; No Artificial Ingredients: no artificial sweeteners, no artificial fragrances"
145329014,Gittigidiyor,Turkey,thanks Water c + Mix 500 ml,,"["""" home page"""",""""supermarket"""",""""drink"""","""" carbonated drinks""""]",https://www.gittigidiyor.com/supermarket/saol-water-c-mix-500-ml_pdp_530389217,https://mcdn01.gittigidiyor.net/43295/tn120/432957821_tn120_0.jpg,12.33,,Saol Vitamin Water,Functional Bottled Water,Pack Material Type: Plastic; Volume: 500; Juice Content: 0-2%; Pack Type: Bottle; Carbonization: carbonated
14567036,Rite Aid,USA,Cheerwine Soft Drink - 20 fl oz,"product_description:- Item No. 2059200 | 
Since 1917. Legendary taste. Very low sodium. 35 mg or less per 240 ml (8 fl oz). , additional_info:- Product Name: Cheerwine Soft Drink - 20 fl oz | Package ","["""" Home"""","""" Shop Rite Aid"""","""" Grocery"""","""" Beverages"""","""" Soda""""]",https://www.riteaid.com/shop/cheerwine-soft-drink-legend-20-fl-oz-591-ml-2059200,https://www.riteaid.com/shop/media/catalog/product/0/7/070925000690.jpg,1.67,70925000690,Cheerwine,Other Non-Cola Carbonates,"Volume: 591; Caffeine: 0-15 mg; Pack Material Type: Plastic; Sweetener: hfcs, sugar; Naturally derived: natural flavours; Pack Type: Bottle; Juice Content: 0-2%; Carbonization: carbonated"
145985719,amazon,USA,Carnation Breakfast Essentials Nutritional Drink ( Pack of 12),,"["""" Grocery & Gourmet Food"""","""" Beverages"""","""" Bottled Beverages, Water & Drink Mixes"""","""" Powdered Drink Mixes & Flavorings"""","""" Instant Breakfast Drinks""""]",https://www.amazon.com/Carnation-Breakfast-Essentials-Nutritional-Drink/dp/B07QMXVM1C/ref=sr_1_326?c=ts&keywords=Instant+Breakfast+Drinks&qid=1649922669&s=grocery&sr=1-326&ts_id=347684011,https://m.media-amazon.com/images/I/51UU8G0iYsL._AC_UL320_.jpg,91.93,,Carnation,Powder Concentrates,Pack Type: Carton/Box; Concentrate Format: powder; Pack Material Type: Paper / Carton; Juice Content: 0-2%
148295360,Rewe,Germany,spreequell mineral water medium 1l,nutritional values average nutritional values unprepared per 1 l Calcium17.0 mg magnesium3.3 mg potassium1.7 mg Chlor5.1 mg sodium6.2 mg sulfate 4+ 56.9 mg Bikarbonat13.2 mg hints sourcename: spreeque,"["""" beverages"""","""" water""""]",https://shop.rewe.de/p/spreequell-mineralwasser-medium-1l/7723920,https://img.rewe-static.de/7723920/26269123_digital-image.png,0.55,4015732009050,SpreeQuell,Carbonated Bottled Water,Water Type: mineral; Carbonization: still; Volume: 1000; Caffeine: 0-15 mg; Pack Type: Bottle; Juice Content: 0-2%; Pack Material Type: Metal; Geographic Origin: germany
149311811,amazon,USA,Cock N Bull Soda Ginger Beer Diet 12 OZ ( Pack of 3),Cock N Bull Soda Ginger Beer Diet 12 OZ,"["""" Grocery & Gourmet Food"""","""" Beverages"""","""" Bottled Beverages, Water & Drink Mixes"""","""" Soft Drinks""""]",https://www.amazon.com/Cock-Bull-Soda-Ginger-Beer/dp/B07R1KWHJX/ref=sr_1_1339?qid=1577869585&s=grocery&sr=1-1339,https://images-na.ssl-images-amazon.com/images/I/31V5ZhdipFL.jpg,12.98,72924112138,Cock N Bull,Other Non-Cola Carbonates,Flavour: ginger; Volume: 355; Juice Content: 0-2%; Pack Type: Bottle
149346802,amazon,USA,Clean Cause Tea Yerba Mate Raspberry 16.0 FO ( Pack of 4),Clean Cause Tea Yerba Mate Raspberry 16.0 FO,"["""" Grocery & Gourmet Food"""","""" Beverages"""","""" Coffee, Tea & Cocoa"""","""" Tea"""","""" Iced Tea""""]",https://www.amazon.com/Clean-Cause-Yerba-Mate-Raspberry/dp/B07QSFTLYS/ref=sr_1_4517?qid=1578560242&s=grocery&sr=1-4517,https://m.media-amazon.com/images/I/41MrmHvSRlL._AC_UL320_.jpg,18,,CLEAN Cause,Still RTD Tea,"Juice Content: 0-2%; Pack Type: Can; Pack Material Type: Metal; Carbonization: still; Flavour: tea, raspberry"
149780840,amazon,USA,"Hansen's Diet Black Cherry Soda Soft Drink, 12 fl oz, 8 Pack","Pack of eight 12 ounce cans of soda
Naturally flavored
0 calories per can","["""" Grocery & Gourmet Food"""","""" Beverages"""","""" Bottled Beverages, Water & Drink Mixes""""]",https://www.amazon.com/Hansens-Diet-Black-Cherry-Drink/dp/B01MTOBAUW/ref=sr_1_1194?qid=1556120692&s=grocery&sr=1-1194,https://images-na.ssl-images-amazon.com/images/I/8111ot3DKJL._SL1430_.jpg,6.99,,Hansen's,Other Non-Cola Carbonates,Pack Material Type: Paper / Carton; Pack Type: Carton/Box; Juice Content: 0-2%; Flavour: cherry; Naturally derived: natural flavours; Volume: 355
149880103,amazon,USA,Erbology Organic Aronia & Sea Buckthorn Juice - 250ml (8.79 fl oz),"250ml
Erbology
* Please not Best Before / Expiration UK is DD / MM / YYYY
8.79fl oz","["""" Grocery & Gourmet Food"""","""" Beverages"""","""" Bottled Beverages, Water & Drink Mixes""""]",https://www.amazon.com/Erbology-Organic-Aronia-Buckthorn-Juice/dp/B07QXQJ2H8/ref=sr_1_3147?qid=1557239497&s=grocery&sr=1-3147,https://m.media-amazon.com/images/I/311zk2H7RrL._AC_UL320_.jpg,28.29,,Erbology,Not from Concentrate 100% Juice,Pack Material Type: Glass; Sustainable Sourcing: organic; Flavour: aronia; Juice Content: 0-2%; Pack Type: Bottle; Volume: 250; Made From: aronia berry; Carbonization: still
150010434,amazon,USA,Plenish Pump Organic Raw Cold Pressed Juice Beetroot - 250ml (8.79 fl oz),"250ml
Plenish
* Please not Best Before / Expiration UK is DD / MM / YYYY
8.79fl oz","["""" Grocery & Gourmet Food"""","""" Beverages"""","""" Bottled Beverages, Water & Drink Mixes"""","""" Energy Drinks""""]",https://www.amazon.com/Plenish-Organic-Pressed-Juice-Beetroot/dp/B07QMNB4PS/ref=sr_1_3365?qid=1557675653&s=grocery&sr=1-3365,https://m.media-amazon.com/images/I/41wY9kiAqSL._AC_UL320_.jpg,19.79,,Plenish,Not from Concentrate 100% Juice,Flavour: beet; Pack Type: Bottle; Pack Material Type: Plastic; Sustainable Sourcing: organic; Volume: 250; Carbonization: still; Made From: beet; Juice Features: cold press; Juice Content: 0-2%
15168523,Wegmans,USA,"Sparkling Water, Spring, Organic, Coconut",Natural coconut flavor. Sanavi: Derived from the Latin words for health and life. Simple organic fruit extracts and spring water with naturally occurring minerals to hydrate and restore your body's ba,"["""" Water""""]",https://www.wegmans.com/products/beverages/water/sparkling-water-single/sparkling-water-spring-organic-coconut.html,https://www.wegmans.com/content/dam/wegmans/products/640/604640.jpg,1.99,,Sanavi,Sparkling Flavoured Bottled Water,"Pack Material Type: Metal; Health Claims: hydrating; Volume: 503; Water Type: spring; No Artificial Ingredients: no artificial sweeteners, no gmo; Juice Content: 100%, 0-2%; Carbonization: carbonated, sparkling; Sweetener: unsweetened; Flavour: coconut; Caffeine: 0-15 mg; Sustainable Sourcing: usda organic, organic; Naturally derived: natural flavours, natural minerals"
152395119,mat.se,Sweden,"Smoothie raspberry, strawberry, blueberry incl. Pant",sweden's most famous trademark Bravo launches further portion packs of the latest succén Bravo Smoothie. storage: stored for a maximum of 8 hours °C,"["""" dairy & eggs"""","""" snack & risifrutti""""]",https://www.mat.se/butik/smoothie-hallon-jordgubb-blabar-inkl-pant-bravo-250ml,https://d1hr6nb56yyl1.cloudfront.net/product-images/105255-560.jpg,17.95,7310867565646,Bravo,Not from Concentrate 100% Juice,"Volume: 250; Juice Content: 100%; Pack Type: Bottle; Made From: banana, apple, strawberry, orange, blackcurrant, blueberry, raspberry; Pack Material Type: Plastic; Flavour: strawberry, blueberry, raspberry; Carbonization: still; Juice Features: smoothie, from concentrate"
152568512,Bringmeister,Germany,Active O2 Lime Orange Blossom,"the actual packing may be from differ from those shown here. have upon delivery she opportunity packing to be viewed before purchase.
for information about nutrition claims, ingredients, mandatory inf","["""" beverages"""","""" mineral water"""","""" water with taste""""]",https://www.bringmeister.de/active-o2-lime-orange-blossom-38800260091,https://assets.bringmeister.de/media/external/D/38800260091/1/1795.jpg,1.09,,Active O2,Still Flavoured Bottled Water,"Volume: 750; Juice Content: 0-2%; Caffeine: 15-25 mg; Sweetener: cyclamate, saccharin, fructose, acesulfame potassium; Carbonization: still; Water Type: mineral; Naturally derived: natural acids, natural; Pack Material Type: Plastic; Flavour: orange, lime"
152674588,amazon,USA,"H2 Ops, Hop Water Sparkling, 12 Fl Oz ( Pack of 2)",,"["""" Grocery & Gourmet Food"""","""" Beverages"""","""" Bottled Beverages, Water & Drink Mixes"""","""" Drinking Water""""]",https://www.amazon.com/H2Ops-Hop-Water-Sparkling-12/dp/B07FZCX49W/ref=sr_1_2126?qid=1680577521&s=grocery&sr=1-2126,https://m.media-amazon.com/images/I/41Fa95kqvnL._AC_UL320_.jpg,175.07,890742001515,Hop Water,Carbonated Bottled Water,Juice Content: 0-2%; Volume: 355; Pack Material Type: Glass; Carbonization: sparkling; Pack Type: Bottle
152870284,ICA,Sweden,fruit drink raspberry & pomegranate 1l proviva,"information from supplier 
pro viva pomegranate raspberry, a exciting taste combination where two good tastes becomes even better together. a combination we is whole alone if in juicehyllan and additi","["""" drink"""","""" juice & fruit drinks"""","""" fruit drink""""]",https://www.ica.se/handla/kategori/dryck-id_306/produkt/fruktdryck-hallon---granatapple-1l-proviva-id_p_7350000550627/?s=ica-supermarket-sabbatsberg-id_13026,"https://assets.icanet.se/t_product_large_2x_v1,f_auto/7350000550627.jpg",20,7350000550627,Proviva,Juice Drinks (up to 24% Juice),"Juice Features: from concentrate; Volume: 1000; Pack Material Type: Paper / Carton; Caffeine: 15-25 mg; Made From: grape, banana, aronia berry, pomegranate, raspberry; Juice Content: 25-50%; Carbonization: still; Health Claims: immune system health, probiotic, good source of vitamins; Sweetener: sugar; Flavour: pomegranate, raspberry; Immune Support Ingredients: vitamin c; Naturally derived: natural flavours"
153293726,ICA,Sweden,Juice strawberry & lime 850ml brämhults,ICA has the ambition that always give you the right information. minor changes in the content of the products can take place over time and we therefore asks you to always check before use the informat,"["""" drink"""","""" juice & fruit drinks"""","""" chilled juice, fruit drink & smoothie"""","""" chilled juice other flavors""""]",https://www.ica.se/handla/produkt/juice-jordgubb---lime-850ml-bramhults-id_p_7313619000952,"https://assets.icanet.se/t_product_large_2x_v1,f_auto/7313619000952.jpg",35.9,7313619000952,Brämhults,Juice Drinks (up to 24% Juice),"Sweetener: sugar; Volume: 850; Juice Features: smoothie, from concentrate; Juice Content: 25-50%; Pack Type: Bottle; Made From: grape, strawberry, lime, carrot; Carbonization: still; Pack Material Type: Plastic; Flavour: strawberry, lime"
153417005,Hemköp,Sweden,powerking bcaa Raspberry,stored at room temperature.,"["""" all supplies"""","""" drink"""","""" sports & energy drinks"""","""" energy drink""""]",https://www.hemkop.se/produkt/P-101286583_ST,https://d2rfo6yapuixuu.cloudfront.net/h4c/h31/9428331462686/7611612221856_1554690809348_master_axfood_400,10,7611612221856,Powerking,Energy Drinks,Volume: 330; Pack Material Type: Metal; Carbonization: carbonated; Caffeine: 15-25 mg; Sports Ingredients: bcaa; Sweetener: aspartame; Flavour: raspberry; Health Claims: energy boosting; Juice Content: 0-2%; Energy Source: green tea
153429386,amazon,USA,"Cortas Combo Pack - 1) Cortas Rose Water 10 Fl. Oz., & 2) Cortas Orange Blossom Water 10 Fl. Oz - Total 2 Bottles","Cortas Rose Water: Great for cooking, Baking and also skin care
Cortas Orange Blossom Water: Distilled water with essential oils of the orange blossom. Adds citrus scent flavor to dishes, desserts and","["""" Any Department"""","""" Grocery & Gourmet Food"""","""" Beverages"""","""" Bottled Beverages, Water & Drink Mixes"""","""" Water""""]",https://www.amazon.com/dp/B00AWC1M8U,https://m.media-amazon.com/images/I/8100n3wuuwL._AC_UL320_.jpg,10.89,,Cortas,Still Flavoured Bottled Water,"Volume: 296; Pack Material Type: Glass; Flavour: rose, orange; Pack Type: Bottle; Carbonization: still; Juice Content: 0-2%; Water Type: distilled"
153554995,amazon,USA,Daylesford Organic Coldpress B Balanced Juice - 250ml (8.79 fl oz),"250ml
Daylesford Organic
* Please not Best Before / Expiration UK is DD / MM / YYYY
8.79fl oz","["""" Any Department"""","""" Grocery & Gourmet Food"""","""" Beverages"""","""" Bottled Beverages, Water & Drink Mixes"""","""" Powdered Drink Mixes & Flavorings"""","""" Soft Drink Mixes""""]",https://www.amazon.com/dp/B07QQTZK37,https://m.media-amazon.com/images/I/41PpxiARQjL._AC_UL320_.jpg,22.79,,Daylesford,Not from Concentrate 100% Juice,Pack Material Type: Plastic; Sustainable Sourcing: organic; Volume: 250; Carbonization: still; Juice Content: 0-2%; Pack Type: Bottle
153841186,Carrefour,France,pomegranate syrup mill of valdonne,"thanks to simple recipes, generous and greedy, syrups mill of valdonne offers you a unique taste. discover the exceptional quality of these syrups, which will allow you to share a real moment of pleas","[""""alcohol-free-drinks"""",""""syrups-and-concentrated-drinks"""",""""syrups""""]",https://www.carrefour.fr/p/sirop-grenadine-moulin-de-valdonne-3272036008481?t=R18,https://www.carrefour.fr/media/1500x1500/Photosite/PGC/BOISSONS/3272036008481_PHOTOSITE_20190411_054152_0.jpg?placeholder=1,2.05,3272036008481,Moulin de Valdonne,Liquid Concentrates,Pack Type: Bottle; Pack Material Type: Glass; Volume: 500; Flavour: pomegranate
154454465,MatHem,Sweden,trocadero 6x33cl,"carbonated water, sugar, juice of orange and apple, aromas (p.a. caffeine*), acidity regulator (citric acid, phosphoric acid), preservative (potassium sorbate), dye E150 d (sugar color) and antioxidan","["""" food store"""","""" drink"""",""""soda""""]",https://www.mathem.se/varor/lask-multipack/trocadero-6x33cl-trocadero,https://static.mathem.se/shared/images/products/large/trocadero-6x33cl-trocadero.jpg,36,7310402037225,Trocadero,Other Non-Cola Carbonates,"Caffeine: 15-25 mg; Sweetener: sugar; Volume: 330; Pack Type: Bag/Packet; Carbonization: carbonated; Immune Support Ingredients: vitamin c, antioxidants; Juice Content: 0-2%; Pack Material Type: Flexible Pack"
155883686,Hemköp,Sweden,raspberry pomegranate fruit drink,pro viva raspberry pomegranate is an exciting taste combination where two good tastes becomes even better together. just like everyone else pro viva contains it billion good lactic acid bacteria and i,"["""" all supplies"""","""" drink"""","""" juice & fruit drinks"""","""" chilled fruit drink""""]",https://www.hemkop.se/produkt/H-101291959_ST,"https://assets.axfood.se/image/upload/f_auto,t_500/07350000550627_C1R1_s02",33.95,7350000550627,Proviva,Juice Drinks (up to 24% Juice),"Volume: 1000; Juice Content: 25-50%; Pack Type: Liquid Carton; Caffeine: 15-25 mg; Pack Material Type: Paper / Carton; Immune Support Ingredients: vitamin c; Carbonization: still; Sweetener: sugar; Flavour: pomegranate, raspberry; Juice Features: from concentrate; Health Claims: good source of vitamins, probiotic, immune system health; Naturally derived: natural flavours; Made From: banana, grape, aronia berry, pomegranate, raspberry"
159214059,amazon,United Kingdom,Clive's Cox & Bramley Apple Juice 75cl,"Once open refrigerate and consume within 3 days.
United Kingdom
Upper Hook Road, Upton Upon Severn, Worcestershire, WR8 0SA, United Kingdom
Glass bottle
Recyclable","["""" Grocery"""","""" Drinks"""","""" Juice & Smoothies""""]",https://www.amazon.co.uk/Clives-Bramley-Apple-Juice-75cl/dp/B015Q9AYKA/ref=sr_1_3229?brr=1&dchild=1&qid=1624353993&rd=1&s=grocery&sr=1-3229,https://m.media-amazon.com/images/I/41-sqXeBtQL._AC_UL320_.jpg,6.4,,Clive's Fruit Farm,Not from Concentrate 100% Juice,Pack Type: Bottle; Volume: 750; Juice Features: smoothie; Carbonization: still; Made From: apple; Pack Material Type: Glass; Flavour: apple
159219108,amazon,United Kingdom,THIRSTY PLANET | Spring Water - Still | 16 x 330ml (UK),"Spring Water - Still
Vegan","["""" Grocery"""","""" Drinks"""","""" Water""""]",https://www.amazon.co.uk/THIRSTY-PLANET-Spring-Water-Still/dp/B07JBCBTJR/ref=sr_1_2056?qid=1559387370&s=grocery&sr=1-2056,https://m.media-amazon.com/images/I/31yJz85xIiL._AC_UL320_.jpg,15.4,,Thirsty Planet,Still Bottled Water,Juice Content: 0-2%; Water Type: spring; Pack Type: Bottle; Geographic Origin: united kingdom; Volume: 330; Carbonization: still
159245559,amazon,United Kingdom,"Lickleys Twin Pack Slush Syrup for Slush Machines, Slush Puppy Style Drinks, Cola & Strawberry, 2 x 500 Millilitre Bottles","2 x 500ml Lickleys Concentrated Slush Syrups
Delicious Cola & Red Strawberry Flavours
Each Bottle Makes up to 2.5 Litres of Slush
Use to Make Slush Drinks, Snow Cones, Ice Lollies, Cocktails, etc
Just","["""" Grocery"""","""" Drinks"""","""" Squash & Cordials""""]",https://www.amazon.co.uk/Lickleys-Machines-Strawberry-Millilitre-Bottles/dp/B07HCKRSQM/ref=sr_1_692?_encoding=UTF8&c=ts&dchild=1&keywords=Squash+%26+Cordials&qid=1594112754&s=grocery&sr=1-692&ts_id=14096867031,https://images-na.ssl-images-amazon.com/images/I/81bAPD-1I4L._SL1500_.jpg,9.98,,Lickleys,Liquid Concentrates,Volume: 500; Contains Minerals: sulfur; Pack Material Type: Plastic; Caffeine: 100-150 mg; Juice Content: 0-2%; Pack Type: Bottle; Flavour: strawberry
159261860,amazon,United Kingdom,Sunita | Lemon Juice - organic | 11 x 250ml (UK),"High quality flavoursome lemons
Bursting with flavour and vitamins
Perfect for drizzling on your salads, desserts and pancakes
Organic lemon juice","["""" Grocery"""","""" Drinks"""","""" Juice & Smoothies""""]",https://www.amazon.co.uk/dp/B075NJ9K7B,https://m.media-amazon.com/images/I/61dJU7mwMGL._AC_UL320_.jpg,36.04,,Sunita,Not from Concentrate 100% Juice,Made From: lemon; Carbonization: still; Juice Features: smoothie; Health Claims: good source of vitamins; Flavour: lemon; Geographic Origin: united kingdom; Volume: 250; Pack Material Type: Glass; Sustainable Sourcing: organic; Pack Type: Bottle; Juice Content: 100%
159275338,amazon,United Kingdom,Thirsty Planet | Spring Water - Sparkling | 10 x 330ml,"Spring Water - Sparkling
Vegan","["""" Any Department"""","""" Grocery"""","""" Drinks"""","""" Water"""","""" Carbonated Water""""]",https://www.amazon.co.uk/dp/B07JCTFXPR,https://m.media-amazon.com/images/I/31naJ33Y59L._AC_UL320_.jpg,19.78,,Thirsty Planet,Carbonated Bottled Water,Juice Content: 0-2%; Volume: 330; Pack Type: Bottle; Carbonization: sparkling; Water Type: spring
159295598,amazon,United Kingdom,Pomegreat Pure Plus Pomegranate Juice Drink 1L,"Please be aware that unless expressly indicated otherwise, product packaging may vary from what is shown on this listing. We recommend that you do not rely solely on the information presented on our l","["""" Grocery"""","""" Drinks"""","""" Juice & Smoothies""""]",https://www.amazon.co.uk/Pomegreat-PurePlus-Pomegranate-Juice-Drink/dp/B00KO2SAOM/ref=sr_1_2722?brr=1&dchild=1&qid=1592383152&rd=1&s=grocery&sr=1-2722,https://m.media-amazon.com/images/I/61CJo-nydmL._AC_UL320_.jpg,5.94,,Pomegreat,Juice Drinks (up to 24% Juice),Juice Features: smoothie; Pack Material Type: Paper / Carton; Volume: 1000; Carbonization: still; Made From: pomegranate; Flavour: pomegranate; Pack Type: Liquid Carton; Juice Content: 25-50%
159301367,amazon,United Kingdom,Chi Coconut Water with Tropical Fruits 330ml,"Once opened keep refrigerated and consume within 2 days.
Produce of the EU
Chi Ventures, Canalot Studios, Unit 101, 222 Kensal Road, London, W10 5BN.
Carton
UK","["""" Grocery"""","""" Drinks"""","""" Water""""]",https://www.amazon.co.uk/Coconut-Water-Tropical-Fruits-330ml/dp/B015Q9A7OI/ref=sr_1_3085?qid=1570786320&s=grocery&sr=1-3085,https://m.media-amazon.com/images/I/51l2lFBTjhL._AC_UL320_.jpg,4.84,,Chi,Coconut and Other Plant Waters,Water Type: coconut; Flavour: coconut; Juice Content: 0-2%; Made From: coconut; Carbonization: still; Pack Material Type: Paper / Carton; Volume: 330
159322245,amazon,United Kingdom,Sun Exotic Sparkling Tropical Juice Drink 12x500ml,,"["""" Grocery"""","""" Drinks"""","""" Fizzy Drinks""""]",https://www.amazon.co.uk/Sun-Exotic-Sparkling-Tropical-12x500ml/dp/B00IZN5WLG/ref=sr_1_1791?qid=1584347192&s=grocery&sr=1-1791,https://images-na.ssl-images-amazon.com/images/I/411m7IWQneL.jpg,24.5,,Sun Exotic,Other Non-Cola Carbonates,"Volume: 500; Carbonization: carbonated, sparkling; Pack Material Type: Plastic; Juice Content: 0-2%"
159345139,amazon,United Kingdom,CAN O WATER | Still Water | 14 x 330ml (UK),"Still Water
Vegan","["""" Grocery"""","""" Drinks"""","""" Water""""]",https://www.amazon.co.uk/CAN-WATER-Still-Water-330ml/dp/B07JC66VJN/ref=sr_1_1544?_encoding=UTF8&c=ts&dchild=1&keywords=Water&qid=1606382529&s=grocery&sr=1-1544&ts_id=359916031,https://images-na.ssl-images-amazon.com/images/I/319Mj02A8ZL.jpg,19.96,,O Water,Still Bottled Water,Geographic Origin: united kingdom; Volume: 330; Carbonization: still; Pack Type: Carton/Box; Juice Content: 0-2%
159353750,Shopping24,Germany,vital house cranberry- juice 330 ml of liquid,vital house cranberry- juice,"["""" beauty""""]",https://www.shopping24.de/products/vitalhaus-preiselbeer-saft-330-ml-fluessigkeit-2296364852,https://pics.shopping24.de/2000x2000/1540155492,5.5,,Vitalhaus,Not from Concentrate 100% Juice,Made From: cranberry; Pack Type: Bottle; Flavour: cranberry; Juice Content: 100%; Pack Material Type: Glass; Carbonization: still; Volume: 330
15943388,jet.com,USA,"Wandering Bear Organic Cold Brew Coffee on the Go, Straight Black, 11 Oz",,"[""""grocery"""",""""beverages"""",""""coffee""""]",https://jet.com/product/product/c52451e9cfe04cbfb6444a5fc95c8dea,https://images.jet.com/md5/382d2a774ab34be9623b99941646576d,5.74,,Wandering Bear,RTD Coffee,"RTD Coffee Style: black, cold brew; Volume: 325; Juice Content: 0-2%; Sustainable Sourcing: organic; Pack Material Type: Paper / Carton; Pack Type: Liquid Carton; Flavour: coffee; Carbonization: still"
159438147,amazon,United Kingdom,Brecon Carreg Sports Cap 6 x 500ml,"Please be aware that unless expressly indicated otherwise, product packaging may vary from what is shown on this listing. We recommend that you do not rely solely on the information presented on our l","["""" Grocery"""","""" Drinks"""","""" Water""""]",https://www.amazon.co.uk/Brecon-Carreg-Sports-Cap-500ml/dp/B00KO2IBEG/ref=sr_1_1802?qid=1584178622&s=grocery&sr=1-1802,https://m.media-amazon.com/images/I/51pd4Zn0RUL._AC_UL320_.jpg,8.94,,Brecon Carreg,Still Bottled Water,Pack Type: Bottle; Pack Material Type: Plastic; Volume: 500; Juice Content: 0-2%; Carbonization: still
159449556,amazon,United Kingdom,Cocofina | Cocofina Natural Coconut Water | 9 x 1l,"100 Percent organic natural coconut water
Zero cholesterol and fat, naturally isotonic and extremely tasty
Great as a sports drink or for people with busy life styles
Drink straight, mix it in a cockt","["""" Grocery"""","""" Drinks"""","""" Juice & Smoothies""""]",https://www.amazon.co.uk/dp/B0749LKHG5,https://m.media-amazon.com/images/I/51UCseZvZzL._AC_UL320_.jpg,46.93,,Cocofina,Coconut and Other Plant Waters,"Caffeine: 0-15 mg; Pack Material Type: Paper / Carton; Carbonization: still; Naturally derived: natural fats, natural; Water Type: coconut; Health Claims: hydrating; Made From: coconut; Sustainable Sourcing: organic; Juice Features: smoothie; Juice Content: 100%; Volume: 1000; Flavour: coconut"
159578391,amazon,United Kingdom,KA Sparkling Pineapple Flavour Drink 2 Litre ( Pack of 6 x 2ltr),"Price Marked £1.69
Storage Type: Ambient
Pack Type: Plastic Bottle","["""" Grocery"""","""" Drinks"""","""" Fizzy Drinks""""]",https://www.amazon.co.uk/KA-Sparkling-Pineapple-Flavour-Drink/dp/B00OD0GCN2/ref=sr_1_1259?qid=1580116854&s=grocery&sr=1-1259,https://m.media-amazon.com/images/I/41NafZ39EjL._AC_UL320_.jpg,18.5,,KA,Other Non-Cola Carbonates,"Juice Content: 0-2%; Pack Material Type: Plastic; Volume: 2000; Pack Type: Bottle; Carbonization: carbonated, sparkling; Flavour: pineapple"
159690241,amazon,United Kingdom,Carters Royal Sparkling Soda Water 1 Litre ( Pack of 6 x 1ltr),"Storage Type: Ambient
Pack Type: Plastic Bottle","["""" Grocery"""","""" Drinks"""","""" Water""""]",https://www.amazon.co.uk/Carters-Royal-Sparkling-Water-Litre/dp/B00OD0UBLG/ref=sr_1_1108?c=ts&keywords=Water&qid=1683684730&s=grocery&sr=1-1108&ts_id=359916031,https://m.media-amazon.com/images/I/3188sJRR9kL._AC_UL320_.jpg,8.49,,Carters,Carbonated Bottled Water,Water Type: soda; Pack Material Type: Glass; Pack Type: Bottle; Carbonization: sparkling; Juice Content: 0-2%; Volume: 1000
159696823,amazon,United Kingdom,Snowycones Snow Cone Syrup 500ml Bottles Blue Raspberry Cherry Lemon and Lime 100 Free Straw Spoons,Perfect thickness for Snow cones Exceptional taste Choice of sizes Manufactured in the UK Easy Pour Sports Caps,"["""" Grocery"""","""" Drinks"""","""" Squash & Cordials""""]",https://www.amazon.co.uk/Flavour-Topping-Bottles-Raspberry-Cherry/dp/B01LYL5GQ9/ref=sr_1_822?c=ts&keywords=Squash+%26+Cordials&qid=1657768473&s=grocery&sr=1-822&ts_id=14096867031,https://m.media-amazon.com/images/I/51UA-kPFL1L._AC_UL320_.jpg,12.69,,Snowycones,Liquid Concentrates,"Pack Type: Bottle; Pack Material Type: Plastic; Flavour: lemon, lime, cherry, raspberry; Geographic Origin: united kingdom; Volume: 500; Juice Content: 100%"
159706895,amazon,United Kingdom,One Water Still Spring Water 750ml,"Bottled for: Global Ethics Ltd, Steel House, 13-17 Princes Road, Richmond, Surrey, TW10 6DQ. Bottl
Glass Bottle","["""" Grocery"""","""" Drinks"""","""" Water""""]",https://www.amazon.co.uk/One-Water-Still-Spring-750ml/dp/B015Q9YDDO/ref=sr_1_1522?qid=1652327369&s=grocery&sr=1-1522,https://m.media-amazon.com/images/I/41Z9ZAneBDL._AC_UL320_.jpg,2.09,,ONE,Still Bottled Water,Pack Material Type: Glass; Water Type: spring; Juice Content: 0-2%; Carbonization: still; Volume: 750
159759965,amazon,United Kingdom,Cal Valls 1 Lt Apple Juice,,"["""" Grocery"""","""" Drinks"""","""" Juice & Smoothies""""]",https://www.amazon.co.uk/dp/B00DN9PD1G,https://m.media-amazon.com/images/I/61+hgy7nFKL._AC_UL320_.jpg,32.71,8427406010112,Cal Valls,Not from Concentrate 100% Juice,Pack Type: Bottle; Flavour: apple; Juice Content: 100%; Carbonization: still; Volume: 1000; Made From: apple; Juice Features: smoothie
159827667,amazon,United Kingdom,Sunita | Lemon Juice - organic | 2 x 12 x 250ml,"High quality flavoursome lemons
Bursting with flavour and vitamins
Perfect for drizzling on your salads, desserts and pancakes
Organic lemon juice","["""" Grocery"""","""" Drinks"""","""" Juice & Smoothies""""]",https://www.amazon.co.uk/dp/B0758N7DJS,https://m.media-amazon.com/images/I/61dJU7mwMGL._AC_UL320_.jpg,70.39,,Sunita,Not from Concentrate 100% Juice,Health Claims: good source of vitamins; Juice Features: smoothie; Pack Type: Bottle; Flavour: lemon; Sustainable Sourcing: organic; Pack Material Type: Glass; Volume: 250; Made From: lemon; Juice Content: 100%; Carbonization: still
159870095,amazon,United Kingdom,KA Sparkling Karibbean Kola Flavour Drink 2 Litre Case of 6,"Fizzy Drink
Perfect accompaniment to a healthy diet
Price Marked £1.69","["""" Grocery"""","""" Drinks"""","""" Fizzy Drinks""""]",https://www.amazon.co.uk/KA-Sparkling-Karibbean-Flavour-Drink/dp/B00N67DIQC/ref=sr_1_1736?qid=1584347180&s=grocery&sr=1-1736,https://images-na.ssl-images-amazon.com/images/I/41IbX185UpL.jpg,23,,KA,Other Non-Cola Carbonates,"Volume: 2000; Pack Type: Bottle; Carbonization: carbonated, sparkling; Pack Material Type: Plastic; Juice Content: 0-2%"
160613629,amazon,United Kingdom,Mr Fitzpatrick's Lime and Lemongrass Cordial - Temperance Cordial - (3 x 500ml Bottles),"ADD A LITTLE ZING TO YOUR LIFE. OUR LIME & LEMONGRASS IS A FABULOUS FUSION OF FLAVOURS, BLENDED TO PRODUCE A REFRESHING CITRUS SENSATION. SHARP ENOUGH TO AWAKEN YOUR SENSES, LIGHT ENOUGH TO REFRESH YO","["""" Grocery"""","""" Drinks"""","""" Squash & Cordials""""]",https://www.amazon.co.uk/Fitzpatricks-Lime-Lemongrass-Cordial-Temperance/dp/B07V6JLHLQ/ref=sr_1_285?dchild=1&qid=1589187760&s=grocery&sr=1-285,https://m.media-amazon.com/images/I/41gDcFK0riL._AC_UL320_.jpg,24.99,,Mr. Fitzpatrick's,Liquid Concentrates,Pack Material Type: Glass; Pack Type: Bottle; Juice Content: 0-2%; Volume: 500; Flavour: lime
160935545,Shopping24,Germany,Power Bar Electrolyte Drink 1l Sour Cherry 2019 mineral drinks,"* for whom: children 
* delivery time: 1 day 
taste: sweet; product type: drink / syrup; nutritional form: low in sugar, lactose free, gluten free; ingredients: vitamins / minerals; deployment time: d","["""" beauty""""]",https://www.shopping24.de/products/powerbar-electrolyte-drink-1l-sour-cherry-2019-mineraldrinks-1664122680,https://pics.shopping24.de/2000x2000/1544124008,15.99,,PowerBar,Sports Drinks,"Pack Type: Bottle; Pack Material Type: Metal; Contains Minerals: magnesium; No Artificial Ingredients: no aspartame; Flavour: cherry; Juice Content: 0-2%; Volume: 1000; Naturally derived: natural flavours; Free From: lactose free; Sports Ingredients: electrolytes; Health Claims: low sugar, low calories, good source of minerals, high protein"
160946502,Shopping24,Germany,energetic sport Isotonic Drink 420g with Bottle Lemon 2020 nutritional supplement,"* for whom: children 
taste: sweet; product type: powder; nutritional form: vegetarian; ingredients: carbohydrates, vitamins / minerals; deployment time: during sports, after the sport; calorific valu","["""" beauty""""]",https://www.shopping24.de/products/enervit-sport-isotonic-drink-420g-with-bottle-lemon-2020-nahrungsergaenzung-2146619846,https://pics.shopping24.de/2000x2000/1567293818,7.9,,Enervit,Sports Drinks,"Pack Material Type: Plastic; Flavour: lemon; Health Claims: fatigue relief, no saturated fats; Sports Drinks Style: isotonic; Juice Content: 0-2%; Sweetener: sugar; Pack Type: Jar; Weight: 420"
161719079,Gittigidiyor,Turkey,fuska baby juice 200 ml x 12 pcs special for babies hygienic water from germs purified certified,"fuska baby water 200 ml x 12pcs lactating baby natural source is water. 
volcano AGRICULTURE ENGINEERING SAN.trade.LTD.STI. 
trade we do our new products we are at your service with. 
wholesale biocid","["""" home page"""","""" baby mom"""","""" breast-feeding"""","""" mom drinks""""]",https://urun.gittigidiyor.com/bebek-anne/fuska-bebek-suyu-200-ml-x-12-adet-bebeklere-ozel-hijyenik-su-mikroplardan-arindirilmis-sertifikali-449443933,https://mcdn01.gittigidiyor.net/44944/tn120/449443933_tn120_0.jpg,18,,Fuska,Still Bottled Water,Volume: 200; Juice Content: 0-2%; Water Type: purified; Pack Type: Bottle; Pack Material Type: Plastic; Naturally derived: natural; Carbonization: still
161889770,Gittigidiyor,Turkey,Jacobs Ice presso latte cold coffee 250 ml,16 o'clock:given up to 00 all orders are shipped on the same day.,"["""" home page"""",""""supermarket"""",""""drink"""","""" coffee""""]",https://urun.gittigidiyor.com/supermarket/jacobs-ice-presso-latte-soguk-kahve-250-ml-449480825,https://mcdn01.gittigidiyor.net/44948/tn120/449480825_tn120_0.jpg,10.9,,Jacobs,RTD Coffee,"RTD Coffee Style: latte; Volume: 250; Juice Content: 0-2%; Pack Material Type: Metal; Flavour: latte, coffee; Carbonization: still; Pack Type: Can"
163862932,IGA,Canada,Cold Press Morning Glory Juice,,"["""" Products"""","""" Produce"""","""" Refrigerated Products"""","""" Juices, Dressings & Dips""""]",https://www.iga.net/en/product/juicecold-press-morning-glory/00000_000000005671990018,https://sob-prd-cdn-products.azureedge.net/media/image/product/en/medium/0005671990018.jpg,10.99,,Loop,Not from Concentrate 100% Juice,Pack Material Type: Metal; Volume: 1000; Juice Features: cold press; Juice Content: 100%; Carbonization: still
164955923,amazon,USA,"Bruce Cost Ginger Ale, Original, 12 Ounce ( Pack of 6)",,"["""" Beverages"""","""" Bottled Beverages, Water & Drink Mixes"""","""" Soft Drinks""""]",https://www.amazon.com/Bruce-Cost-Ginger-Ale-Original/dp/B00A8EB60Q/ref=sr_1_4572?c=ts&keywords=Soda+Soft+Drinks&qid=1672818450&s=grocery&sr=1-4572&ts_id=16318231,https://m.media-amazon.com/images/I/41XDPRVYQJL._AC_UL320_.jpg,13.17,,Bruce Cost,Tonic Water/Mixers/Other Bitters,Pack Material Type: Metal; Flavour: ginger; Pack Type: Can; Juice Content: 0-2%; Volume: 355
165357510,amazon,United Kingdom,Mighty Brew | Organic Kombucha - Lemongass 275ML | 8 x 275ml (UK),",","["""" Grocery"""","""" Food Cupboard"""","""" Rice, Pasta & Pulses""""]",https://www.amazon.co.uk/Mighty-Brew-Organic-Kombucha-Lemongass/dp/B084G76HN4/ref=sr_1_3140?qid=1580812147&s=grocery&sr=1-3140,https://m.media-amazon.com/images/I/51ocuGA634L._AC_UL320_.jpg,28.62,,Mighty Brew,Carbonated RTD Tea and Kombucha,Geographic Origin: united kingdom; Juice Content: 0-2%; Volume: 275; Pack Type: Bottle; Sustainable Sourcing: organic; Pack Material Type: Glass
165412708,amazon,United Kingdom,Little Miracles ( Powershot) | Organic Energy Drink - 330ml White Tea / Ginseng / Cherry | 1 x 330ml (UK),"Organic Energy Drink - 330ml White Tea / ginseng / cherry
Gluten Free
Vegan
Organic
Known Barcodes: 5708190025037","["""" Grocery"""","""" Drinks"""","""" Energy & Health Drinks""""]",https://www.amazon.co.uk/Little-Miracles-Powershot-Organic-Energy/dp/B07SY9MQ2F/ref=sr_1_2957?qid=1575451789&s=grocery&sr=1-2957,https://m.media-amazon.com/images/I/21wE-jAW5RL._AC_UL320_.jpg,6.33,,Little Miracles,Energy Drinks,"Geographic Origin: united kingdom; Health Claims: energy boosting; Juice Content: 0-2%; Sustainable Sourcing: organic; Pack Material Type: Metal; Volume: 330; Flavour: ginseng, tea, cherry; Carbonization: still; Botanicals And Functional Ingredients: ginseng"
165527491,amazon,United Kingdom,Mighty Brew | Organic Kombucha Pu- Erh 750ML | 3 x 750ml (UK),"Organic Kombucha Pu-erh 750ml
Gluten Free
Vegan
Organic
Known Barcodes: 5060510930032","["""" Grocery"""","""" Food Cupboard"""","""" Instant Meals & Sides""""]",https://www.amazon.co.uk/Mighty-Brew-Organic-Kombucha-Pu-Erh/dp/B07SXD1ST9/ref=sr_1_2196?qid=1571647300&s=grocery&sr=1-2196,https://m.media-amazon.com/images/I/51ynl+qVhML._AC_UL320_.jpg,18.35,5060510930032,Mighty Brew,Carbonated RTD Tea and Kombucha,Pack Type: Bottle; Volume: 750; Pack Material Type: Glass; Sustainable Sourcing: organic; Geographic Origin: united kingdom; Tea Type: puerh; Juice Content: 0-2%
165758153,amazon,United Kingdom,R Whites Lemonade Cans 24x150ml (2x24),"Carbonated Lemon Flavour Soft Drink with Sugar and Sweeteners
R Whites Lemonade Cans 150ml
Pack 24x150ml
Available in packs of 1 or 2
R Whites Branded","["""" Grocery"""","""" Drinks"""","""" Fizzy Drinks""""]",https://www.amazon.co.uk/Whites-Lemonade-Cans-24x150ml-2x24/dp/B07SF6WL6C/ref=sr_1_1727?qid=1560865753&s=grocery&sr=1-1727,https://m.media-amazon.com/images/I/41IkKYF1LqL._AC_UL320_.jpg,26.99,,R Whites,Lemonade/Lime,Pack Material Type: Metal; Sweetener: sugar; Juice Content: 0-2%; Pack Type: Can; Flavour: lemon; Carbonization: carbonated; Volume: 150
165783191,CareMarket,Greece,olympus mountain tea aronia 500ML,"describe it mountain tea collected with the hand, dried of course also the most important, extracted, liberating so the perfumes of the same of the plant and offering one and only taste experience dew","[""""drinks, juices, soft drinks"""",""""soft drinks""""]",https://www.caremarket.gr/pota-humoi-anapsuktika-50/anapsuktika-501/kruo-tsa-527/olumpos-tsai-tou-vounou-aronia-500ml-240508/,https://www.caremarket.gr/images/ProductDetail/Content/Files/ProductMedia/DAIRY/OLYMPOS/5202178084065.jpg,1.24,5202178084065,Olympos,Still RTD Tea,"Naturally derived: natural fragrances, natural; Volume: 500; Flavour: tea, aronia; Carbonization: still; No Artificial Ingredients: no artificial additives; Sweetener: stevia, sugar; Caffeine: 15-25 mg; Pack Material Type: Metal; Free From: no caffeine"
165916902,Courses U,France,tea iced infused green tea perfume yuzu citrus maytea pet 1 litre,"## more details 
* ### usage tips 
Keep safe from the sun and heat. 
* ### further information 
* net weight: 1 kg 
* low in calories 50% of less sugar. 50% less sweet than the average of sugary drink","["""" alcohol-free drinks"""","""" drinks tea, fruit, children"""","""" drinks tea""""]",https://www.coursesu.com/p/the-infuse-glace-the-vert-parfum-yuzu-agrumes-maytea-pet-1-litre/6171871.html,https://www.coursesu.com/dw/image/v2/BBQX_PRD/on/demandware.static/-/Sites-digitalu-master-catalog/default/dw84c2f40f/3124480189158_A_6171871_S01.png?sw=224&sh=224&sm=fit,1.44,3124480189158,May Tea,Still RTD Tea,"Naturally derived: natural flavours; Volume: 1000; Sustainable Sourcing: rainforest alliance; Tea Type: green; Health Claims: low sugar, low calories; Carbonization: still; Pack Material Type: Metal; Pack Type: Bottle; Caffeine: 15-25 mg; Sweetener: sugar; Immune Support Ingredients: vitamin c, antioxidants; Juice Content: 0-2%; Flavour: tea, citrus"
166576751,amazon,United Kingdom,Aloe Gloe Coconut Water (12x15.2oz ),,"["""" Grocery"""","""" Drinks"""","""" Water""""]",https://www.amazon.co.uk/Aloe-Gloe-Coconut-Water-12x15-2oz/dp/B00BIGJDF8/ref=sr_1_3629?qid=1561121333&s=grocery&sr=1-3629,https://m.media-amazon.com/images/I/51knoFrhS7L._AC_UL320_.jpg,70.69,,Aloe Gloe,Coconut and Other Plant Waters,"Pack Type: Carton/Box; Pack Material Type: Flexible Pack; Volume: 450; Flavour: coconut; Carbonization: still; Juice Content: 0-2%; Water Type: coconut, aloe vera; Made From: coconut"
166594923,amazon,USA,C & C Strawberry Soda 12 Oz (48 Pack),"forty eight 12 ounce cans
strawberry flavor","["""" Grocery & Gourmet Food"""","""" Beverages"""","""" Bottled Beverages, Water & Drink Mixes"""","""" Soft Drinks""""]",https://www.amazon.com/Strawberry-Soda-12-Oz-Pack/dp/B07T1FBBCK/ref=sr_1_3427?dchild=1&qid=1588840710&s=grocery&sr=1-3427,https://m.media-amazon.com/images/I/610D64DoqKL._AC_UL320_.jpg,59.99,41699120914,C & C,Other Non-Cola Carbonates,Pack Material Type: Paper / Carton; Volume: 355; Juice Content: 0-2%; Flavour: strawberry
171079965,Jumbo Supermarkten,Netherlands,chaudfontaine Fusion Lemon & amp; Lime Still 500ml,"by the water from chaudfontaine do we have natural aromas added, around you to enjoy unique, refreshing and mostly tasty flavors.","["""" fresh, juice, coffee, tea"""","""" flavored water"""","""" sparkling water with taste""""]",https://www.jumbo.com/chaudfontaine-fusion-lemon-amp-lime-still-500ml/270838STK/,https://ish-images-static.prod.cloud.jumbo.com/product_images/200820192222_270838STK-1_360x360.png,0.84,,Chaudfontaine,Sparkling Flavoured Bottled Water,"Pack Type: Bottle; Juice Content: 0-2%; Naturally derived: natural flavours, natural fragrances; Flavour: lemon, lime; Carbonization: sparkling; Pack Material Type: Plastic; Volume: 500; Water Type: mineral"
171981612,E-fresh,Greece,mountain tea pomegranate olympus (500 ml),""""" \u03a4\u03c3\u03ac\u03b9 \u03c4\u03bf\u03c5 \u03b2\u03bf\u03c5\u03bd\u03bf\u03cd \u03a1\u03cc\u03b4\u03b9 \u03b1\u03c0\u03cc \u03c4\u03bf\u03bd \u038c\u03bb\u03c5\u03bc\u03c0\u03bf\r
Ice Tea \u03c7\","[""""home"""",""""cellar""""]",https://www.e-fresh.gr/el/tsai-toy-boynoy-rodi-olympos-500-ml,https://dj0m4io8o9yuz.cloudfront.net/storage/media/catalog/products/420/0/4200003510/pomegr_mock_up-05.png?id=1564844170,1.47,,Olympos,Still RTD Tea,"Volume: 500; Carbonization: still; Juice Content: 0-2%; Pack Material Type: Metal; Flavour: tea, pomegranate; Caffeine: 15-25 mg"
172946225,amazon,France,"Casino lemonade Light, 1.5l","Casino, our historic brand for the daily needs
lemonade light 1
1.5l","["""" grocery"""","""" coffee, tea and drinks"""","""" soft drinks""""]",https://www.amazon.fr/Casino-159379-CASINO-Limonade-Light/dp/B07T91JKJD/ref=sr_1_182?c=ts&keywords=Boissons+gazeuses&qid=1683035037&s=grocery&sr=1-182&ts_id=6357058031,https://m.media-amazon.com/images/I/51cJd+xIZpL._AC_UL320_.jpg,0.79,,Casino,Lemonade/Lime,Pack Type: Bottle; Volume: 1500; Juice Content: 0-2%; Flavour: lemon; Carbonization: still; Pack Material Type: Plastic
17294859,jet.com,USA,"Blue Sky Soda, Ginger Ale, 12 Fl Oz - Case of 24",,"[""""grocery"""",""""beverages"""",""""soft-drinks""""]",https://jet.com/product/product/8efd5d79268d4ee58631ea2fa55a6780,https://images.jet.com/md5/0a8fb97ca17315a53cb24371749525ac,16.19,,Bluesky,Tonic Water/Mixers/Other Bitters,Volume: 355; Pack Type: Can; Carbonization: carbonated; Pack Material Type: Metal; Flavour: ginger; Juice Content: 0-2%
173413464,Yunus,Turkey,joke that 5 lt,that limit 10 liters dir. thank you for your understanding.,"[""""drink"""",""""daily drinks"""","""" that""""]",http://www.yunusonline.com/product/5f7d489f-d262-41e8-8eae-cfe90cb8ec74,https://d2uiaykj5yb3c0.cloudfront.net/yunus/img/p/c52ea657-0954-4a88-b814-bcfa3bcf6fa3.jpg,4.75,,Saka,Still Bottled Water,Pack Material Type: Plastic; Volume: 5000; Pack Type: Bottle; Juice Content: 0-2%; Carbonization: still
173554293,amazon,United Kingdom,NOS High Performance Energy Drink 473ml,,"["""" Grocery"""","""" Drinks"""","""" Energy & Health Drinks""""]",https://www.amazon.co.uk/NOS-Performance-Energy-Drink-473ml/dp/B01LHMDC5Y/ref=sr_1_554?qid=1577956150&s=grocery&sr=1-554,https://m.media-amazon.com/images/I/41qANzpNgqL._AC_UL320_.jpg,6.99,815154020015,NOS,Energy Drinks,Juice Content: 0-2%; Pack Material Type: Metal; Volume: 473; Pack Type: Can; Health Claims: energy boosting
174292186,Hy-Vee,USA,Mello Yello Zero Citrus Soda 12 Pack,"Description
Mello Yello has a uniquely smooth citrus taste and heritage. It's The Original Smooth Citrus Soda.
UPC: 0049000056920","["""" Pantry"""","""" Beverages"""","""" Soft Drinks"""","""" Carbonated Soft Drinks""""]",https://www.hy-vee.com/grocery/PD49690339/Mello-Yello-Zero-Citrus-Soda-12-Pack,https://e22d0640933e3c7f8c86-34aee0c49088be50e3ac6555f6c963fb.ssl.cf2.rackcdn.com/0049000056920_CL_default_default_large.jpeg,5.29,49000056921,Mello Yello,Other Non-Cola Carbonates,Juice Content: 0-2%; Pack Type: Carton/Box; Volume: 355; Flavour: citrus; Pack Material Type: Paper / Carton; Carbonization: carbonated
175737191,Cora,France,organic organic garden organic lemon juice 1l,"## further information 
legal name pure organic lemon juice 
operator naturenvie 
address customer relations department nature - organic garden - cs30004 - 17183 PERIGNY cedex - the Rochelle - france ","["""" home"""","""" do my shopping"""","""" salty grocery"""","""" dietetics and nutrition""""]",https://www.cora.fr/article/1164700/jardin-bio-etic-jus-de-citron-bio-1l.html,https://www.cora.fr/media/produit/1638213880/170/R13/iZezJwIWiZwrwrwrwrlrzbzbezOqQB.jpg,5.36,,Jardin Bio,Not from Concentrate 100% Juice,Caffeine: 15-25 mg; Pack Material Type: Glass; Pack Type: Bottle; Volume: 1000; Made From: lemon; Naturally derived: natural; Immune Support Ingredients: vitamin c; Carbonization: still; Sustainable Sourcing: organic; Juice Content: 100%; Flavour: lemon; Health Claims: good source of vitamins
175746503,amazon,USA,"LIFEWTR, Premium Purified Water, pH Balanced with Electrolytes For Taste, 700 mL flip cap bottles ( Packaging May Vary)","Introducing a new canvas for artists. LIFEWTR series 5 features three limited run label motifs designed by Aiko, Yinka Ilori, and Laercio Redondo
Note you may receive Series 1, 2, 3, 4, 5, or 6 art la","["""" Grocery & Gourmet Food"""","""" Beverages"""","""" Bottled Beverages, Water & Drink Mixes"""","""" Water""""]",https://www.amazon.com/LIFEWTR-Purified-Balanced-Electrolytes-Packaging/dp/B07V2LW6BB/ref=sr_1_2028?qid=1584090469&s=grocery&sr=1-2028,https://m.media-amazon.com/images/I/710cwEYrFaL._AC_UL320_.jpg,61.87,680642215828,LIFEWTR,Functional Bottled Water,"Pack Material Type: Glass; Juice Content: 0-2%; Sports Ingredients: electrolytes; Pack Type: Bottle; Water Type: ph balanced, purified; Volume: 700; Health Claims: hydrating; Carbonization: still"
176103273,Coop,Sweden,Organic Apple & Strawberry,storage is stored at maximum 8℃,"["""" act"""","""" drink"""","""" Juice - milk drink"""","""" ready-to-drink juice""""]",https://www.coop.se/handla/varor/-5705010069539,http://res.cloudinary.com/coopsverige/image/upload/v1657189512/cloud/255439.tiff,33.95,5705010069539,God Morgon,Not from Concentrate 100% Juice,"Pack Material Type: Plastic; Volume: 850; Pack Type: Bottle; Carbonization: still; Made From: strawberry, lemon, apple, orange, blackcurrant, carrot; Sustainable Sourcing: organic; Flavour: strawberry, apple; Juice Features: from concentrate, pasteurized; Juice Content: 100%"
176167904,Coop,Sweden,soft drink lingon & cranberry,"BOB soft drink with a refreshing and lovely taste of cranberries and lingon, enriched with vitamin c. a good and easily fixed meal drink that fits the whole family. dilute the concentrate 1 + 4 with w","["""" drink"""","""" juice & still drink & mealtime drink"""","""" mealtime drink""""]",https://www.coop.se/handla/varor/-7310090167532,http://res.cloudinary.com/coopsverige/image/upload/v1530063717/307462.tiff,9.95,7310090167532,BOB,Liquid Concentrates,Pack Type: Carton/Box; Sweetener: sugar; Health Claims: good source of vitamins; Caffeine: 15-25 mg; Volume: 200; Naturally derived: natural fragrances; Geographic Origin: sweden; Pack Material Type: Paper / Carton; Flavour: cranberry; Immune Support Ingredients: vitamin c
176272930,Coop,Sweden,energy drink Wolverine,"extremely affordable and popular energy drink.
storage 
stored for a maximum of 25 hours °C","["""" drink"""","""" energy drink & vitamins"""","""" energy drink""""]",https://www.coop.se/handla/varor/-7350021420084,http://res.cloudinary.com/coopsverige/image/upload/v1530773436/315433.tiff,9.5,7350021420084,Wolverine,Energy Drinks,Sweetener: sugar; Health Claims: energy boosting; Caffeine: 15-25 mg; Volume: 250; Pack Type: Can; Energy Source: b-vitamins; Carbonization: carbonated; Juice Content: 0-2%
179803320,Gittigidiyor,Turkey,aegean lokman menthol juice 1 lt,skt:2021.02.16 you can examine the product from our lokmanavm store. you can buy with confidence. go to lokmanavm is the same in our store different given by the person product orders and multiple pro,"["""" home page"""",""""supermarket"""",""""drink"""","""" other drinks""""]",https://urun.gittigidiyor.com/supermarket/ege-lokman-mentol-suyu-1lt-465451823,https://mcdn01.gittigidiyor.net/46545/tn120/465451823_tn120_0.jpg,15.96,,Ege Lokman,Juice Drinks (up to 24% Juice),Flavour: menthol; Pack Material Type: Plastic; Pack Type: Bottle; Juice Content: 0-2%; Volume: 1000; Carbonization: still
184123137,amazon,France,apple juice rhubarb 75cl,,"["""" grocery"""","""" coffee, tea and drinks"""","""" juice"""","""" juice""""]",https://www.amazon.fr/JUS-DE-POMME-RHUBARBE-75CL/dp/B074ZH6F55/ref=sr_1_249?c=ts&keywords=Jus+de+fruits&qid=1706879685&s=grocery&sr=1-249&ts_id=6357100031,https://m.media-amazon.com/images/I/31pNCTSM0+L._AC_UL320_.jpg,6.03,,Côteaux Nantais,Juice Drinks (up to 24% Juice),"Carbonization: still; Volume: 750; Juice Content: 0-2%; Pack Material Type: Glass; Pack Type: Bottle; Made From: apple, rhubarb; Flavour: apple, rhubarb"
18612958,Asda,United Kingdom,Strathmore Twist Still Strawberry & Blackberry Flavoured Water Bottle,"Net Content 1.5 Litres ℮ Ingredients Spring Water , Acid ( Citric Acid) , Natural Strawberry and Blackberry Flavourings , Preservative ( Sodium Benzoate) , Sweeteners ( Sucralose, Acesulfame K) . Nutr","["""" Drinks"""","""" Soft Drinks, Juice & Water"""","""" Water"""","""" Flavoured Water""""]",https://groceries.asda.com/product/flavoured-water/strathmore-twist-still-strawberry-blackberry-flavoured-water-bottle/910001359956,"https://ui3.assets-asda.com/dm/asdagroceries/5000382041863_T1?defaultImage=asdagroceries/noImageAvailable&resMode=sharp2&id=zglSl1&fmt=jpg&fit=constrain,1&wid=280&hei=280",1,5000382041863,Strathmore,Sparkling Flavoured Bottled Water,"Sweetener: sucralose, acesulfame potassium; Naturally derived: natural; Pack Material Type: Paper / Carton; Sustainable Packaging: widely recycled; Volume: 1500; Health Claims: no sugar, hydrating; Flavour: strawberry, blackberry; Juice Content: 5-10%; Water Type: bottled at source; Caffeine: 15-25 mg; Carbonization: still, sparkling"
186608695,Carrefour,Spain,soft drink black tea May Tea peach flavor bottle 33 cl.,"more information 
brand 
May Tea 
instructions 
keep in fresh and dry place. protect from light solar and odors intense. 
product dates 
name of the operator of the food business: schweppes, S.A. 
nam","["""" supermarket"""","""" drinks"""","""" refreshments"""",""""tea""""]",https://www.carrefour.es/supermercado/refresco-de-te-negro-may-tea-sabor-melocoton-botella-33-cl/R-prod710122/p,https://static.carrefour.es/hd_1600x_/img_pim_food/850509_00_1.jpg,0.83,8414100363941,May Tea,Still RTD Tea,"Volume: 330; Juice Content: 0-2%; Pack Material Type: Metal; Caffeine: 15-25 mg; Sweetener: sugar; Tea Type: black; Flavour: tea, peach; Carbonization: still; Naturally derived: natural fragrances; Pack Type: Bottle; Immune Support Ingredients: vitamin c, antioxidants"
187433334,Gittigidiyor,Turkey,lonely turnip juice 1 lt (spicy )12 pieces,,"["""" home page"""",""""supermarket"""",""""drink"""",""""daily drinks""""]",https://urun.gittigidiyor.com/supermarket/gunseven-salgam-suyu-1-lt-acili-12-adet-471387543,https://mcdn01.gittigidiyor.net/47008/tn120/470084218_tn120_0.jpg,49.9,,Günseven,Nectars,Juice Content: 0-2%; Volume: 1000; Pack Material Type: Plastic; Made From: turnip; Pack Type: Bottle; Carbonization: still
190667741,amazon,USA,"Thick- It Aqua CareH2O Thickened Beverage 8 oz. Bottle Apple Flavor Ready to Use Nectar Consistency, B455-L9044 - Sold by: Pack of One",,"["""" Grocery & Gourmet Food"""","""" Beverages"""","""" Bottled Beverages, Water & Drink Mixes"""","""" Juices""""]",https://www.amazon.com/Thick-AquaCareH2O-Thickened-Consistency-B455-L9044/dp/B07WZPV4X1/ref=sr_1_4243?qid=1585473546&s=grocery&sr=1-4243,https://m.media-amazon.com/images/I/41XawCiVkQL._AC_UL320_.jpg,9.99,696850027054,Thick- It,Juice Drinks (up to 24% Juice),Volume: 237; Pack Type: Bottle; Pack Material Type: Plastic; Carbonization: still; Juice Content: 0-2%; Flavour: apple; Made From: apple
191513327,Greenweez,Spain,juice of pear Bio ékolo ml,"* principal ingredient: pear 
* intolerances: without gluten, without sugars 
* feeding - feeding type: vegan, vegetarian 
juice of pear Bio, obtained exclusively from 100% fresh fruit, collected in o","["""" eco supermarket"""","""" eco food"""","""" vegetable drinks and juices"""","""" organic juices""""]",https://www.planetahuerto.es/venta-zumo-de-pera-bio-ekolo-ml_93339,https://imagesph.global.ssl.fastly.net/estaticos/imagenes/ficha/93339/93339_1_1400.jpg?v=0,1.21,,Ekolo,Not from Concentrate 100% Juice,"Flavour: pear; Carbonization: still; Volume: 200; Juice Features: cold press; Naturally derived: natural; Pack Material Type: Glass; Sustainable Sourcing: organic; Pack Type: Bottle; Juice Content: 100%; Made From: pear; No Artificial Ingredients: no artificial additives; Health Claims: no sugar, high/source of fibre, no added sugar"
191546861,Greenweez,Spain,"orange juice, carrot and organic lemon isola bio Pack 3x200ml","* intolerances: without gluten 
* feeding - feeding type: vegan, vegetarian 
orange juice, carrot and organic lemon. 
product with organic food certificate 
quantity: pack of 3 units 200ml each. 
oran","["""" eco supermarket"""","""" eco food"""","""" vegetable drinks and juices"""","""" organic juices""""]",https://www.planetahuerto.es/venta-zumo-de-naranja-zanahoria-y-limon-bio-isola-bio-pack-3x200ml_105687,https://imagesph.global.ssl.fastly.net/estaticos/imagenes/ficha/105687/105687_1_1400.jpg,2.66,8023678451518,Isola,Not from Concentrate 100% Juice,"Volume: 200; Made From: orange, carrot, lemon; Pack Material Type: Plastic; Flavour: orange, carrot, lemon; Pack Type: Liquid Carton; Sustainable Sourcing: organic; Juice Content: 100%; Carbonization: still"
192834022,E-fresh,Greece,"orange juice, apple, beetroot, carrot olympus (1 lt) -0.40€",""""" 
\u03a0\u03b1\u03c1\u03ac\u03b3\u03b5\u03c4\u03b1\u03b9 \u03b1\u03c0\u03cc 100% \u03b5\u03bb\u03bb\u03b7\u03bd\u03b9\u03ba\u03cc \u03c6\u03c5\u03c3\u03b9\u03ba\u03cc \u03c7\u03c5\u03bc\u03cc. \u0397","[""""home"""",""""products""""]",https://www.e-fresh.gr/el/xymos-portokali-mhlo-pantzari-karoto-040-olympos-1-lt,https://dj0m4io8o9yuz.cloudfront.net/storage/media/catalog/products/420/3/4200001953/patzari.png?id=1565682108,1.9,,Olympos,Not from Concentrate 100% Juice,"Pack Material Type: Glass; Caffeine: 15-25 mg; Juice Content: 100%; Carbonization: still; Volume: 1000; Made From: apple, orange, beet, carrot; Flavour: orange, apple, beet, carrot"
193511634,amazon,France,Juliet bottle apple juice 33 g,,"["""" all stores"""","""" grocery"""","""" coffee, tea and drinks"""","""" juice"""","""" juice""""]",https://www.amazon.fr/dp/B07V5HL87L,https://m.media-amazon.com/images/I/71E69g-XM9L._AC_UL320_.jpg,2.67,,Juliet,Not from Concentrate 100% Juice,Pack Material Type: Glass; Volume: 330; Carbonization: still; Juice Content: 0-2%; Flavour: apple; Made From: apple; Pack Type: Bottle
198393049,Hy-Vee,USA,IBC Black Cherry 4 Pack,UPC: 0072796000180,"["""" Pantry"""","""" Beverages"""","""" Soft Drinks"""","""" Carbonated Soft Drinks""""]",https://www.hy-vee.com/grocery/PD23491428/IBC-Black-Cherry-4-Pack,https://e22d0640933e3c7f8c86-34aee0c49088be50e3ac6555f6c963fb.ssl.cf2.rackcdn.com/0072796000180_CL_default_default_large.jpeg,4.49,72796000182,Ibc,Other Non-Cola Carbonates,Pack Type: Bottle; Pack Material Type: Glass; Volume: 355; Carbonization: carbonated; Sweetener: cane sugar; Naturally derived: natural flavours; Caffeine: 15-25 mg; Flavour: cherry; Juice Content: 0-2%
199572433,amazon,USA,Frostie Soda Root Beer Diet Glass - 12 oz ( Pack of 1),Frostie Soda Root Beer Diet Glass - 12 oz,"["""" Grocery & Gourmet Food"""","""" Beverages"""","""" Bottled Beverages, Water & Drink Mixes"""","""" Soft Drinks""""]",https://www.amazon.com/Frostie-Soda-Root-Beer-Glass/dp/B07TJWX837/ref=sr_1_3861?qid=1571313750&s=grocery&sr=1-3861,https://images-na.ssl-images-amazon.com/images/I/41-EXRilTaL.jpg,3.89,793674870030,Frostie,Other Non-Cola Carbonates,Pack Type: Bottle; Pack Material Type: Glass; Juice Content: 0-2%; Volume: 355
199835405,amazon,France,mill of valdonne - syrup Orgeat - the 750 ml bottle - set of 4 - fast delivery in france - price per lot,"syrup
mill of valdonne
syrup Orgeat
the 750 ml bottle","["""" grocery"""","""" coffee, tea and drinks"""","""" syrups and concentrated juices""""]",https://www.amazon.fr/Moulin-Valdonne-Orgeat-Bouteille-Livraison/dp/B07XSDNYGS/ref=sr_1_1300?qid=1571294152&s=grocery&sr=1-1300,https://m.media-amazon.com/images/I/31yHqc+14-L._AC_UL320_ML1_.jpg,32,,Moulin de Valdonne,Liquid Concentrates,Pack Material Type: Glass; Volume: 750; Pack Type: Bottle; Juice Content: 0-2%
201231700,amazon,USA,"Cheerwine Soda Diet, 12 oz","Sweetened with sucralose, ace-K","["""" Grocery & Gourmet Food"""","""" Beverages"""","""" Bottled Beverages, Water & Drink Mixes"""","""" Soft Drinks""""]",https://www.amazon.com/Cheerwine-Soda-Diet-12-oz/dp/B078WDYKRK/ref=sr_1_1590?qid=1580890657&s=grocery&sr=1-1590,https://images-na.ssl-images-amazon.com/images/I/31dbroIQMPL.jpg,7.99,70925001741,Cheerwine,Other Non-Cola Carbonates,"Juice Content: 0-2%; Volume: 355; Pack Material Type: Glass; Sweetener: sucralose, acesulfame potassium; Pack Type: Bottle"
201460392,Hemköp,Sweden,julmust can,"apotekarnes julmust is one carbonated soft drink as is a real one bestseller. christmas must has a dark color, skimmar properly and has taste of hops and malt. Must belongs to the swedes available and","["""" all supplies"""","""" drink"""",""""soda"""","""" small""""]",https://www.hemkop.se/produkt/J-101154171_ST,https://d2rfo6yapuixuu.cloudfront.net/h0a/hb5/9223606796318/7310070765802_1536249031235_master_axfood_400,7.95,7310070765802,Apotekarnes,Other Non-Cola Carbonates,Pack Type: Can; Caffeine: 15-25 mg; Volume: 330; Carbonization: gently carbonated; Naturally derived: natural fragrances; Pack Material Type: Metal; Juice Content: 0-2%; Sweetener: sugar
201935909,Hemköp,Sweden,"powerking sugar free energy drink, can",sugar free energy drink. high caffeine content 32 mg / 100 ml. vitamin-enriched. 50 cl.stored at room temperature.,"["""" all supplies"""","""" drink"""","""" sports & energy drinks"""","""" energy drink""""]",https://www.hemkop.se/produkt/P-101549387_ST,"https://assets.axfood.se/image/upload/f_auto,t_200/07611612221795_C1N1_s01",12.5,7611612222389,Powerking,Energy Drinks,"Energy Source: b-vitamins; Juice Content: 0-2%; Health Claims: good source of minerals, no sugar, energy boosting; Pack Type: Can; Caffeine: 25-50 mg; Carbonization: carbonated; Volume: 500; Sweetener: aspartame"
20394241,Auchandrive,France,maytea black tea infused perfume white peach 1l,"a intense tea infusion black, combined with subtle notes of white peaches and to a floral touch, low in calories and without sweetener.. refreshing drink at the infusion of black tea, perfume white pe","["""" drinks"""","""" Soda, drinks, juice, syrups"""","""" teas, fruit drinks, syrups""""]",https://www.auchan.fr/maytea-the-noir-infuse-parfum-peche-blanche/pr-C1209244,https://media.auchan.fr/MEDIASTEP57975671_1024x1024/ADR/Maytea-the-noir-infuse-glace-parfum-peche-blanche-1l-P537214-1,1.79,3124480185112,May Tea,Still RTD Tea,"Sweetener: sugar; Volume: 1000; Immune Support Ingredients: vitamin c, antioxidants; Juice Content: 0-2%; No Artificial Ingredients: no artificial sweeteners; Pack Type: Bottle; Naturally derived: natural fragrances; Flavour: peach, tea; Health Claims: low calories; Sustainable Sourcing: rainforest alliance; Caffeine: 15-25 mg; Tea Type: black; Carbonization: still; Pack Material Type: Plastic"
204037167,amazon,United Kingdom,Mr Fitzpatrick's Sarsaparilla Cordial - Temperance Cordial - (3 x 500ml Bottles),"Mr Fitzpatrick's Sarsaparilla Cordial - Temperance Cordial - (3 x 500ml Bottles)
"""" An authentic taste of childhood"""" such is this drink's ability to evoke nostalgic memories we've re-named this ' Old T","["""" Grocery"""","""" Drinks"""","""" Squash & Cordials""""]",https://www.amazon.co.uk/Mr-Fitzpatricks-Sarsaparilla-Cordial-Temperance/dp/B07S73KTVN/ref=sr_1_262?qid=1575969148&s=grocery&sr=1-262,https://m.media-amazon.com/images/I/4138Xb8YzIL._AC_UL320_SEARCH213888_ML3_.jpg,24.99,,Mr. Fitzpatrick's,Liquid Concentrates,Pack Type: Bottle; Juice Content: 0-2%; Volume: 500; Pack Material Type: Glass
205268074,amazon,USA,"Dad's Old Fashion Rootbeer Singles To Go Drink Mix, 0.53 OZ, 6 CT (12)","Low Calorie Drink Mix
Premium root beer flavor
Great way to enjoy Dad's Root Beer with zero sugar","["""" Grocery & Gourmet Food"""","""" Beverages"""","""" Bottled Beverages, Water & Drink Mixes"""","""" Powdered Drink Mixes & Flavorings""""]",https://www.amazon.com/Dads-Fashion-Rootbeer-Singles-Drink/dp/B07YN2RHD4/ref=sr_1_263_mod_primary_new?c=ts&keywords=Powdered+Drink+Mixes+%26+Flavorings&qid=1676430762&s=grocery&sbo=RZvfv%2F%2FHxDF%2BO5021pAnSA%3D%3D&sr=1-263&ts_id=15525241011,https://m.media-amazon.com/images/I/71Ck3v99z0L._AC_UL320_.jpg,27.99,665609470151,Dad's,Powder Concentrates,"Juice Content: 0-2%; Health Claims: no sugar, low calories; Caffeine: 0-15 mg; Concentrate Format: powder; Pack Type: Carton/Box"
207426491,Gittigidiyor,Turkey,oze sugar syrup 75 cl.,,"["""" home page"""",""""supermarket"""",""""drink"""","""" coffee""""]",https://urun.gittigidiyor.com/supermarket/oze-seker-surubu-75-cl-488197971,https://mcdn01.gittigidiyor.net/48819/tn120/488197971_tn120_0.jpg,29.9,,Oze,Liquid Concentrates,Volume: 750; Pack Type: Bottle; Juice Content: 0-2%; Sweetener: sugar; Pack Material Type: Glass
207503276,Gittigidiyor,Turkey,oze mastic gum syrup 75 cl.,,"["""" home page"""",""""supermarket"""",""""drink"""","""" coffee""""]",https://urun.gittigidiyor.com/supermarket/oze-damla-sakizi-surubu-75-cl-488197991,https://mcdn01.gittigidiyor.net/48819/tn120/488197991_tn120_0.jpg,29.9,,Oze,Liquid Concentrates,Pack Type: Bottle; Juice Content: 0-2%; Volume: 750; Pack Material Type: Glass
208401833,Gittigidiyor,Turkey,sour cherry porridge 1000 gr,,"["""" home page"""",""""supermarket"""",""""drink"""","""" coffee""""]",https://urun.gittigidiyor.com/supermarket/visne-puresi-1000-gr-490513321,https://mcdn01.gittigidiyor.net/49002/tn120/490028049_tn120_0.jpg,44.9,,Oze,Liquid Concentrates,Pack Type: Bottle; Flavour: cherry; Juice Content: 0-2%; Weight: 1000; Pack Material Type: Plastic
20876656,Wegmans,USA,Soft Drink,Soft drink legend since 1917. www.cheerwine.com. Real cane sugar. Artificial wild cherry and other natural flavors. Please recycle. No refill.,"["""" Single Serve Bottled Drinks""""]",https://www.wegmans.com/products/beverages/single-serve-bottled-drinks/soda-pop-national-brand/soft-drink-297973.html,https://www.wegmans.com/content/dam/wegmans/products/973/297973.jpg,1.99,,Cheerwine,Other Non-Cola Carbonates,Volume: 355; Juice Content: 0-2%; Naturally derived: natural flavours; Sweetener: sugar; Pack Type: Bottle; Caffeine: 15-25 mg; Carbonization: carbonated; Pack Material Type: Glass
208885479,Gittigidiyor,Turkey,"hazelnut syrup 75 cl,",,"["""" home page"""",""""supermarket"""",""""drink"""","""" coffee""""]",https://urun.gittigidiyor.com/supermarket/findik-surubu-75-cl-490513302,https://mcdn01.gittigidiyor.net/49051/tn120/490513302_tn120_0.jpg,34.9,,Oze,Liquid Concentrates,Volume: 750; Pack Material Type: Glass; Flavour: hazelnut; Pack Type: Bottle; Juice Content: 0-2%
208957261,Gittigidiyor,Turkey,"caramel syrup 75 cl,",,"["""" home page"""",""""supermarket"""",""""drink"""","""" coffee""""]",https://urun.gittigidiyor.com/supermarket/karamel-surubu-75-cl-490513297,https://mcdn01.gittigidiyor.net/49051/tn120/490513297_tn120_0.jpg,34.9,,Oze,Liquid Concentrates,Volume: 750; Pack Type: Bottle; Flavour: caramel; Juice Content: 0-2%
209385066,amazon,USA,Possmei Flavored Syrup - Lavender,POSSMEI LAVENDER SYRUP,"["""" Grocery & Gourmet Food"""","""" Beverages"""","""" Bottled Beverages, Water & Drink Mixes"""","""" Flavor Syrups""""]",https://www.amazon.com/Possmei-Flavored-Syrup-Lavender/dp/B07YWCPG7R/ref=sr_1_2091?qid=1575365387&s=grocery&sr=1-2091,https://m.media-amazon.com/images/I/61fF-CPkUxL._AC_UL320_ML3_.jpg,11.9,885175002185,Possmei,Liquid Concentrates,Pack Material Type: Glass; Flavour: lavender; Pack Type: Jar; Juice Content: 0-2%
210057699,amazon,USA,"Possmei Bubble Tea Mix Instant Powder, Almond, 2.2 Pound by Possmei","Possmei Bubble Tea Mix Instant Powder, Almond, 2.2 Pound
2.2 Pound","["""" Baby Products"""","""" Feeding"""","""" Baby Foods""""]",https://www.amazon.com/Possmei-Bubble-Instant-Powder-Almond/dp/B0199AZV46/ref=sr_1_9297?qid=1573809715&s=baby-products&sr=1-9297,https://m.media-amazon.com/images/I/51a8QRVGmKL._AC_UL320_ML3_.jpg,34.07,786173938622,Possmei,Powder Concentrates,"Weight: 998; Concentrate Format: powder; Flavour: almond, tea; Juice Content: 0-2%; Pack Type: Pouch; Pack Material Type: Flexible Pack"
211110451,amazon,France,may tea jasmine 1l (pack of 6),,"["""" coffee, tea and drinks"""","""" tea, infusion and hot chocolate"""","""" tea and infusions""""]",https://www.amazon.fr/May-Tea-Jasmin-1L-pack/dp/B07YVDWHBW/ref=sr_1_8380?qid=1645366085&s=grocery&sr=1-8380,https://m.media-amazon.com/images/I/51dOYiHBa9S._AC_UL320_.jpg,17.29,,May Tea,Still RTD Tea,"Tea Type: jasmine; Carbonization: still; Pack Type: Bottle; Flavour: jasmine, tea; Pack Material Type: Plastic; Volume: 1000; Juice Content: 0-2%"
211211209,amazon,France,mill of valdonne lemon 70cl (set of 6),,"["""" coffee, tea and drinks"""","""" syrups and concentrates for drinks""""]",https://www.amazon.fr/Moulin-Valdonne-Citron-70cl-lot/dp/B07ZC78CHG/ref=sr_1_2045?qid=1673529546&s=grocery&sr=1-2045,https://m.media-amazon.com/images/I/51wj7bsp0xS._AC_UL320_.jpg,24.92,,Moulin de Valdonne,Liquid Concentrates,Volume: 700; Pack Material Type: Glass; Pack Type: Bottle; Juice Content: 0-2%; Flavour: lemon
211559506,Trendyol,Turkey,kiwi flavored powdered drink 250 gr,"* the product you have examined the seller determines the selling price. 
* kiwi flavored powder drink 250 gr 
* discount coupons at this boutique / codes are not valid. 
* about to be sold at the cam","[""""supermarket"""","""" organic & natural"""",""""food & beverage"""",""""beverage powder""""]",https://www.trendyol.com/gunbak/kivi-aromali-toz-icecek-250-gr-p-32119941,https://img-trendyol.mncdn.com/mnresize/1200/1800//assets/product/media/images/20191022/12/457428/57734240/1/1_org_zoom.jpg,11.99,,Günbak,Powder Concentrates,Flavour: kiwi; Pack Type: Bag/Packet; Juice Content: 100%; Concentrate Format: powder; Pack Material Type: Flexible Pack; Weight: 250
211776456,Gittigidiyor,Turkey,axuvital rose water - 250 ml,,"["""" home page"""",""""supermarket"""",""""drink"""","""" juices""""]",https://www.gittigidiyor.com/supermarket/aksuvital-gul-suyu-250-ml_pdp_494058705,https://mcdn01.gittigidiyor.net/49405/tn120/494058705_tn120_0.jpg,14.95,,Aksu Vital,Still Flavoured Bottled Water,Flavour: rose; Pack Type: Bottle; Volume: 250; Juice Content: 0-2%; Pack Material Type: Paper / Carton; Carbonization: still
212025462,amazon,United Kingdom,Runa | Blood Orange Energy Drink | 1 x 330ml (UK),"* Blood Orange Energy Drink 
* Vegan 
* Organic 
* Known Barcodes: 5060232812005, 5060232812012 
› See more product details , 
## Product description 
Runa | Blood Orange Energy Drink | 1 x 330ml 
Thi","["""" Grocery"""","""" Food Cupboard"""","""" Instant Meals & Sides""""]",https://www.amazon.co.uk/Blood-Orange-Energy-Drink-330ml/dp/B084G7MZSN/ref=sr_1_6336?dchild=1&qid=1591176351&s=grocery&sr=1-6336,https://m.media-amazon.com/images/I/41SHWPypFBL._AC_UL320_ML3_.jpg,7.83,,Runa,Energy Drinks,Volume: 330; Carbonization: carbonated; Pack Material Type: Metal; Juice Content: 15-25%; Sustainable Sourcing: organic; Naturally derived: natural flavours; Flavour: orange; Caffeine: 15-25 mg; Energy Source: guayusa; Health Claims: energy boosting; Geographic Origin: united kingdom; Immune Support Ingredients: vitamin c
212796639,amazon,USA,"Texas Tea, Austin Honey Green Tea, 16 oz ( Pack of 12)",,"["""" Grocery & Gourmet Food"""","""" Beverages"""","""" Coffee, Tea & Cocoa"""","""" Tea"""","""" Iced Tea""""]",https://www.amazon.com/Texas-Tea-Austin-Honey-Green/dp/B07ZMN8YW5/ref=sr_1_1965?qid=1579079874&s=grocery&sr=1-1965,https://m.media-amazon.com/images/I/51anqPw99gL._AC_UL320_ML3_.jpg,34.97,852750003004,Texas Tea,Still RTD Tea,"Pack Material Type: Glass; Carbonization: still; Juice Content: 0-2%; Volume: 473; Flavour: honey, tea; Pack Type: Bottle; Tea Type: green"
212809474,amazon,Italy,WELL YES - aloe vera juice COLON CLEANSE 1000 ml [6 packs] mucilage - digestion - daily well-being - [kit with natural soap],,"["""" food and care of home"""","""" coffee, tea and drinks"""","""" vegetable juices""""]",https://www.amazon.it/ESI-CONFEZIONI-mucillagine-digestione-quotidiano/dp/B07ZL2SQHZ/ref=sr_1_171?qid=1578473931&s=grocery&sr=1-171,https://m.media-amazon.com/images/I/61flBH-KPBL._AC_UL320_ML3_.jpg,111.33,,ESI,Coconut and Other Plant Waters,"Pack Material Type: Plastic; Water Type: aloe vera; Pack Type: Bottle; Volume: 1000; Made From: aloe vera; Carbonization: still; Naturally derived: natural; Juice Content: 0-2%, 100%"
213080164,amazon,USA,"Chameleon, Cold Brew Organic Churro Coffee, 8 Fl Oz","95%+ Organic
Kosher","["""" Beverages"""","""" Coffee"""","""" Iced Coffee & Cold- Brew""""]",https://www.amazon.com/Chameleon-Organic-Cold-Brew-Beverage-12Count/dp/B07W4DLHZQ/ref=sr_1_365_f3_0g_wf?qid=1664609957&s=grocery&sr=1-365,https://m.media-amazon.com/images/I/71Ho2tEqPVL._AC_UL320_.jpg,2.99,851220003964,Chameleon Cold- Brew,RTD Coffee,Diets: kosher; Volume: 237; Juice Content: 0-2%; Pack Material Type: Metal; Carbonization: still; Flavour: coffee; Sustainable Sourcing: organic; RTD Coffee Style: cold brew; Pack Type: Can
214726644,amazon,USA,"Miracle, noodle, 7 Oz","gourmet root beer sweetened with raw honey
specher root beer from their milwaukee facility
fire brewed root beer specher's","["""" Grocery & Gourmet Food"""","""" Beverages"""","""" Bottled Beverages, Water & Drink Mixes"""","""" Soda Soft Drinks""""]",https://www.amazon.com/Sprecher-Fire-Brewed-Root-Beer/dp/B005ECYZAA/ref=sr_1_5318?c=ts&keywords=Soda+Soft+Drinks&qid=1707017432&s=grocery&sr=1-5318&ts_id=16318231,https://m.media-amazon.com/images/I/81-ETKqsYPL._AC_UL320_.jpg,71.81,45243000301,Sprecher,Other Non-Cola Carbonates,Pack Type: Bottle; Pack Material Type: Glass; Juice Content: 0-2%
214790880,amazon,USA,Good & Gather Grapefruit Sparkling Water 12fl oz x 8,,"["""" Grocery & Gourmet Food"""","""" Beverages"""","""" Bottled Beverages, Water & Drink Mixes"""","""" Water""""]",https://www.amazon.com/Good-Gather-Grapefruit-Sparkling-Water/dp/B07ZTVS4C2/ref=sr_1_1600?dchild=1&qid=1597567894&s=grocery&sr=1-1600,https://m.media-amazon.com/images/I/714uMN69L3L._AC_UL320_ML3_.jpg,26,85239038284,Good & Gather,Sparkling Flavoured Bottled Water,Juice Content: 0-2%; Carbonization: sparkling; Flavour: grapefruit; Volume: 355; Pack Material Type: Paper / Carton
214979622,amazon,USA,"Jocko GO Energy Drink - KETO, Vitamin B12, Vitamin B6, Electrolytes, L Theanine, Magnesium- All Natural Energy Boost, Sugar Free Nootropic Monk Fruit Blend - 12 Pack ( Black Cherry Vanilla)","DISCIPLINE: Engineered for anyone who wants to get after it in life. Pre-meeting, pre-testing, pre-negotiation, pre-mission. If you're looking for an extra cognitive or physical edge, Discipline energ","["""" Any Department"""","""" Grocery & Gourmet Food"""","""" Beverages"""","""" Bottled Beverages, Water & Drink Mixes"""","""" Energy Drinks""""]",https://www.amazon.com/dp/B07ZPF9X8N,https://m.media-amazon.com/images/I/81hyw2lCGIL._AC_UL320_.jpg,29.59,708088781438,Jocko,Energy Drinks,"Sports Ingredients: electrolytes; Volume: 355; Carbonization: still; Naturally derived: natural; Energy Source: l-theanine; Contains Minerals: magnesium; Flavour: cherry, vanilla; Sweetener: monk fruit; Juice Content: 0-2%; Pack Type: Can; Botanicals And Functional Ingredients: adaptogen, rhodiola, ashwagandha; Health Claims: no sugar, energy boosting, ayurvedic, stress relief, mood-enhancing, nootropic/enhanced mental performance"
214981461,Gittigidiyor,Turkey,red crescent mineral water 24 x 200 ml,,"["""" home page"""",""""supermarket"""",""""drink"""","""" carbonated drinks""""]",https://www.gittigidiyor.com/supermarket/kizilay-maden-suyu-24-x-200-ml_pdp_507777327,https://mcdn01.gittigidiyor.net/49776/tn120/497760807_tn120_0.jpg,23.5,,Kizilay,Carbonated Bottled Water,Pack Material Type: Glass; Water Type: mineral; Volume: 200; Carbonization: carbonated; Pack Type: Bottle; Juice Content: 0-2%
216501448,amazon,United Kingdom,"KA Caribbean Sparkling Black Grape Soda Flavoured Drink, Authentic Jamaican Recipes - 1 x 330ml Can",,"["""" Any Department"""","""" Grocery"""","""" Drinks"""","""" Fizzy Drinks""""]",https://www.amazon.co.uk/dp/B00LQQ8NZQ,https://m.media-amazon.com/images/I/51CIHcufW1L._AC_UL320_.jpg,0.55,,K A,Other Non-Cola Carbonates,"Volume: 330; Juice Content: 0-2%; Pack Type: Can; Flavour: grape; Carbonization: carbonated, sparkling"
216504110,amazon,United Kingdom,"KA Sparkling Fruit Punch, 330ml",,"["""" Amazon Fresh"""","""" Grocery"""","""" Soda""""]",https://www.amazon.co.uk/dp/B00LQKL8UE,https://m.media-amazon.com/images/I/51yEC2zZObL._AC_UL320_.jpg,0.6,,KA,Other Non-Cola Carbonates,Volume: 330; Carbonization: sparkling; Pack Type: Can; Juice Content: 0-2%
21761108,Courses U,France,"tea iced infused white peach maytea, bottle pet 1 litre",,"["""" alcohol-free drinks"""","""" drinks tea, fruit, children"""","""" drinks tea""""]",https://www.coursesu.com/boissons-sans-alcool/boissons-au-the-aux-fruits-enfants/boissons-au-the/_pid2/7/3/2,http://www.coursesu.com/assets/1.8.0.8/ctx/static/wlpdatas/display/000/079/965/799654.jpg,1.91,,May Tea,Still RTD Tea,"Pack Type: Bottle; Volume: 1000; Pack Material Type: Plastic; Juice Content: 0-2%; Flavour: tea, peach; Carbonization: still"
220913990,Gittigidiyor,Turkey,CEMIL MASTER leave of daphne juice 1 liter,,"["""" home page"""",""""supermarket"""",""""drink"""","""" other drinks""""]",https://www.gittigidiyor.com/supermarket/cemil-efendi-defne-yapragi-suyu-1-lt_pdp_502328384,https://mcdn01.gittigidiyor.net/50232/tn120/502328384_tn120_0.jpg,15,,Cemil,Nectars,Volume: 1000; Pack Type: Liquid Carton; Carbonization: still; Juice Content: 0-2%
221155172,Fiksu Ruoka,Finland,hartridges Apple apple juice 275ml,,"["""" beverages""""]",https://www.fiksuruoka.fi/product/7707/hartridges-apple-omenamehu-275ml,https://www.fiksuruoka.fi/tuotekuvat/1200x1200/5060102622109.jpg,1.79,5060102622109,Hartridges,Not from Concentrate 100% Juice,Pack Material Type: Glass; Juice Content: 100%; Carbonization: still; Pack Type: Bottle; Flavour: apple; Made From: apple; Volume: 275
221387064,amazon,USA,"Food Club, + h2o, Low Calorie Drink Mix, Fruit Punch ( Pack of 14)",", 
## Product description 
Food Club, + h2o, Low Calorie Drink Mix, Fruit Punch 
, 
Food Club, + h2o, Low Calorie Drink Mix, Fruit Punch","["""" Grocery & Gourmet Food"""","""" Beverages"""","""" Bottled Beverages, Water & Drink Mixes"""","""" Powdered Drink Mixes & Flavorings""""]",https://www.amazon.com/Food-Club-Calorie-Drink-Fruit/dp/B081J8JKMK/ref=sr_1_3859?qid=1580028409&s=grocery&sr=1-3859,https://m.media-amazon.com/images/I/41hRrMJxTqL._AC_UL320_ML3_.jpg,44.38,36800499416,Food Club,Powder Concentrates,Juice Content: 0-2%; Pack Material Type: Metal; Health Claims: low calories; Concentrate Format: powder
221418219,Harris Teeter,USA,Apple Plus Acai Energy Drink,"No calories. No sugars. No carbs. Vitamins B5, B6, B12 & C. L-carnitine. Biotin. Niacin. Low GI (glycemic index). Natural Caffeine: 80 mg per can. Like a cup of coffee. Vegan. Soy-free. Gluten-free. N","["""" Beverages"""","""" Energy Drinks""""]",https://shop.harristeeter.com/store/902E226#/product/sku/00867657000063,https://scontent.harristeeter.com/api/Images/v7/products/1511480/dimensions/large/jpg,2.49,867657000063,Aspire,Energy Drinks,"Caffeine: 15-25 mg; Carbonization: sparkling; Health Claims: no sugar, energy boosting, antioxidant; Volume: 355; No Artificial Ingredients: no gmo; Energy Source: green tea; Diets: low carbs; Juice Content: 0-2%; Geographic Origin: united states; Immune Support Ingredients: vitamin c, antioxidants; Pack Material Type: Metal; Flavour: apple, acai; Naturally derived: natural; Free From: no soy"
221573254,amazon,USA,"Cheerwine Soda, 7.5 oz can (6 Cans)","* Cheerwine 7.5 oz Can (6 Cans) 
* Delicious Cheerwine Cherry Soft Drink Soda 
, 
## Product description 
Number of Items: 6 
6 cans of Delicious Cheerwine Cherry Soft Drink Soda in 7.5 oz cans. Direc","["""" Grocery & Gourmet Food"""","""" Beverages"""","""" Bottled Beverages, Water & Drink Mixes"""","""" Soda Soft Drinks""""]",https://www.amazon.com/dp/B07ZQQBFD3,https://m.media-amazon.com/images/I/81iYjbzTXVL._AC_UL320_.jpg,14.98,640081094347,Cheerwine,Other Non-Cola Carbonates,Volume: 222; Juice Content: 0-2%; Pack Type: Can; Pack Material Type: Metal
221773696,amazon,USA,"Food Club, + h2o, Low Calorie Drink Mix, Natural Lemonade ( Pack of 2)",", 
## Product description 
Food Club, + h2o, Low Calorie Drink Mix, Natural Lemonade 
, 
Food Club, + h2o, Low Calorie Drink Mix, Natural Lemonade","["""" Grocery & Gourmet Food"""","""" Beverages"""","""" Bottled Beverages, Water & Drink Mixes"""","""" Powdered Drink Mixes & Flavorings""""]",https://www.amazon.com/Food-Club-Calorie-Natural-Lemonade/dp/B081HXQPDZ/ref=sr_1_4205?qid=1580028467&s=grocery&sr=1-4205,https://m.media-amazon.com/images/I/410FmaOS9CL._AC_UL320_ML3_.jpg,9.75,36800499423,Food Club,Powder Concentrates,Flavour: lemon; Juice Content: 0-2%; Health Claims: low calories; Naturally derived: natural; Caffeine: 0-15 mg; Pack Material Type: Metal; Concentrate Format: powder
222224160,Hy-Vee,USA,Redline Xtreme Sour Heads,UPC: 0610764388970,"["""" Pantry"""","""" Beverages"""","""" Energy Drinks""""]",https://www.hy-vee.com/grocery/PD50138026/Redline-Xtreme-Sour-Heads,https://8e9d5b8b8dcb9208ef3f-01db2a53ae0368d03387780ee86ead55.ssl.cf2.rackcdn.com/0610764388970_CF_hyvee_default_large.jpeg,1,610764388971,Redline,Energy Drinks,Health Claims: energy boosting; Juice Content: 0-2%; Carbonization: still; Pack Material Type: Plastic; Volume: 237
222317292,Hy-Vee,USA,Klarbrunn Lemon Flavored Sparkling Water 12 Pk,"Description
In the early 1800's European settlers discovered artesian springs bringing clear fresh water from deep underground. They called these natural fountains klarbrunn (klar•broon) meaning clear","["""" Pantry"""","""" Beverages"""","""" Waters"""","""" Bottled Water""""]",https://www.hy-vee.com/grocery/PD49115183/Klarbrunn-Lemon-Flavored-Sparkling-Water-12Pk,https://e22d0640933e3c7f8c86-34aee0c49088be50e3ac6555f6c963fb.ssl.cf2.rackcdn.com/0028435383250_CL_default_default_large.jpeg,2,28435383253,Klarbrunn,Sparkling Flavoured Bottled Water,"Flavour: lemon; Water Type: flavoured, artesian; Carbonization: carbonated, sparkling; Caffeine: 0-15 mg; Pack Material Type: Paper / Carton; Juice Content: 0-2%; Naturally derived: natural flavours, natural; Volume: 355; Pack Type: Carton/Box"
223301549,da,Netherlands,mattisson Noni 100% pure juice bio 1 litre,"#### data 
# mattisson Noni 100% pure juice bio 1 litre 
mattisson Noni 100% pure juice bio 
the Noni fruit is a fruit of the Noni-struik, the morinda citrifolia (scientific name), also called the Ind","["""" food & drinks"""","""" juice & syrup""""]",https://www.da.nl/mattisson-absolute-noni-juice-100-puur-sap-1-l,https://www.da.nl/media/catalog/product/cache/5/image/9df78eab33525d08d6e5fb8d27136e95/7/9/793944.jpg,24.95,,Mattisson,Not from Concentrate 100% Juice,Flavour: noni; Sustainable Sourcing: organic; Pack Type: Bottle; Volume: 1000; Juice Content: 100%; Made From: mulberry; Pack Material Type: Glass; Sweetener: sugar; Carbonization: still
2234310,Greenweez,France,mullion house - blueberry juice organic - 25 cl,"price per liter : 20.80 €/ liter the mullion house you offers a wide choice fruit juice from organic farming to rediscover the taste of the authentic. fruit juices mullion contain vitamins, antioxidan","["""" drinks"""","""" juice organic"""","""" juice organic red""""]",https://www.greenweez.com/maison-meneau-jus-de-myrtille-bio-25-cl-p98718,https://static.greenweez.com/images/products/98000/210/maison-meneau-jus-de-myrtille-bio-25-cl.jpg,3.9,,Meneau,Not from Concentrate 100% Juice,"Made From: blueberry; No Artificial Ingredients: no artificial colours; Immune Support Ingredients: antioxidants; Pack Type: Bottle; Flavour: blueberry; Caffeine: 15-25 mg; Volume: 250; Sweetener: sugar; Juice Content: 100%; Pack Material Type: Glass; Sustainable Sourcing: organic; Health Claims: antioxidant, good source of vitamins; Carbonization: still"
224417677,amazon,Italy,WELL YES - aloe vera juice COLON CLEANSE 1000 ml [1 pack] mucilage - digestion - daily well-being - [KIT with box of licorice],,"["""" food and care of home"""","""" coffee, tea and drinks"""","""" vegetable juices""""]",https://www.amazon.it/ESI-CONFEZIONE-mucillagine-digestione-quotidiano/dp/B07ZKZXFPD/ref=sr_1_188?qid=1578473931&s=grocery&sr=1-188,https://m.media-amazon.com/images/I/610eUlcXIWL._AC_UL320_ML3_.jpg,,,ESI,Coconut and Other Plant Waters,Pack Material Type: Plastic; Pack Type: Bottle; Water Type: aloe vera; Made From: aloe vera; Juice Content: 0-2%; Volume: 1000; Carbonization: still
226225163,Gittigidiyor,Turkey,2 pieces cemilefendi artichoke juice 1 liter + 1 liter,,"["""" home page"""",""""supermarket"""",""""drink"""","""" juices""""]",https://www.gittigidiyor.com/supermarket/2-adet-cemilefendi-enginar-suyu-1-litre-1-litre_pdp_507700457,https://mcdn01.gittigidiyor.net/50770/tn120/507700457_tn120_0.jpg,26.9,,Cemilefendi,Nectars,Volume: 1000; Juice Content: 0-2%; Pack Type: Liquid Carton; Made From: artichoke; Pack Material Type: Paper / Carton; Flavour: artichoke; Carbonization: still; Water Type: artichoke
229516012,amazon,France,O natur - pure juice D' pineapple of benign 75 cl organic - set of 3 - fast delivery in france - price per lot,"* drinks 
* juice, vegetable juice 
* juice classics 
* O natur 
* pure juice D' pineapple of benign 75 cl organic 
,","["""" grocery"""","""" coffee, tea and drinks"""","""" coffee, tea and hot chocolate"""","""" tea and infusions""""]",https://www.amazon.fr/Natur-DAnanas-Livraison-Rapide-France/dp/B082T4Q9XN/ref=sr_1_5465?qid=1584430611&s=grocery&sr=1-5465,https://m.media-amazon.com/images/I/51NtoSZpG2L._AC_UL320_ML3_.jpg,41.46,,Natur pur,Not from Concentrate 100% Juice,Juice Content: 100%; Pack Type: Bottle; Made From: pineapple; Sustainable Sourcing: organic; Pack Material Type: Glass; Flavour: pineapple; Volume: 750; Geographic Origin: france; Carbonization: still
231425617,Gittigidiyor,Turkey,kayseri market gilaburu juice 1 liter no added sugar,,"["""" home page"""",""""supermarket"""",""""drink"""","""" other drinks""""]",https://www.gittigidiyor.com/supermarket/kayseri-pazari-gilaburu-suyu-1-lt-seker-ilavesiz_pdp_513986690,https://mcdn01.gittigidiyor.net/51398/tn120/513986690_tn120_0.jpg,15.75,,Kayseri Pazarı,Juice Drinks (up to 24% Juice),Carbonization: still; Pack Material Type: Glass; Volume: 1000; Juice Content: 0-2%; Pack Type: Bottle; Health Claims: no added sugar
232245402,Migros Sanal Market,Turkey,camlica orange flavored soda 6x200 ml,"business registration number 
TR-54-K-000170 
usage recommendations 
direct from sunlight far and COOL keep it on the ground.protect from impacts 
the net amount (g / ml) 
1200 
origin 
turkey 
[ingre","[""""drink"""","""" carbonated beverage"""","""" soda""""]",https://www.migros.com.tr/camlica-portakal-aromali-gazoz-6x200-ml-p-7aaa26,https://migros-dali-storage-prod.global.ssl.fastly.net/sanalmarket/product/08038950/08038950-298932.jpg,95,,Çamlica,Orange Carbonates,"Sweetener: hfcs, sugar; Pack Type: Bottle; Volume: 200; Flavour: orange; Pack Material Type: Glass; Juice Content: 2-5%; Carbonization: carbonated; Immune Support Ingredients: vitamin c, antioxidants"
236387894,Gittigidiyor,Turkey,aksu vital organic gilaburu nectar 1000ml,,"["""" home page"""",""""supermarket"""",""""drink"""","""" other drinks""""]",https://www.gittigidiyor.com/supermarket/aksu-vital-organik-gilaburu-nektari-1000ml_pdp_520320082,https://mcdn01.gittigidiyor.net/52032/tn50/520320082_tn50_0.jpg,39.3,,Aksu Vital,Nectars,Pack Material Type: Plastic; Carbonization: still; Juice Content: 0-2%; Sustainable Sourcing: organic; Volume: 1000
24028414,Publix,USA,"Cheerwine Diet Soft Drink, Wild Cherry","Family owned and passionately crafted since 1917, Cheerwine is an iconic soft drink with a flavor that always surprises.","["""" Beverages"""","""" Soft Drinks""""]",https://delivery.publix.com/store/items/41938654,https://d2lnr5mha7bycj.cloudfront.net/product-image/file/large_ea763a9c-cb6e-448a-92f7-ebd07891a933.JPG,1.55,,Cheerwine,Other Non-Cola Carbonates,"Volume: 355; Pack Type: Bottle; Pack Material Type: Glass; Sweetener: sucralose, acesulfame potassium; Flavour: cherry; Caffeine: 15-25 mg; Carbonization: carbonated; Naturally derived: natural flavours; Juice Content: 0-2%"
244876131,H-E-B,USA,"Harvest Bay Coconut Water, 33.8 oz",,"["""" Shop"""","""" Beverages"""","""" Coconut Water""""]",https://www.heb.com/product-detail/harvest-bay-coconut-water/1666399,https://images.heb.com/is/image/HEBGrocery/001666399-1?id=-TrQj3&fmt=jpg,4.99,,Harvest,Coconut and Other Plant Waters,Made From: coconut; Volume: 1000; Water Type: coconut; Pack Material Type: Paper / Carton; Pack Type: Liquid Carton; Juice Content: 0-2%; Carbonization: still; Flavour: coconut
245797215,Gittigidiyor,Turkey,aksu vital EXTRACT ÇAKŞIR grass root juice 500 ml,,"["""" home page"""",""""supermarket"""",""""drink"""","""" other drinks""""]",https://www.gittigidiyor.com/supermarket/aksu-vital-ekstraktli-caksir-otu-koku-suyu-500-ml_pdp_521117454,https://mcdn01.gittigidiyor.net/52111/tn120/521117454_tn120_0.jpg,30.6,,Aksu Vital,Not from Concentrate 100% Juice,Pack Material Type: Paper / Carton; Juice Content: 0-2%; Carbonization: still; Volume: 500
246182337,Condis,Spain,juice BIO amella house peach grape 750 ml,,"["""" drinks"""","""" juices""""]",https://www.condisline.com/ZUMO-BIO-CASA-AMELLA-MELOCOTON-UVA-750-ML_517045_prd_es_ES.jsp,https://static.condisline.com/images/catalog/large/517044.jpg,4.35,,Casa Amella,Not from Concentrate 100% Juice,"Carbonization: still; Volume: 750; Juice Content: 100%; Flavour: grape, peach; Sustainable Sourcing: organic; Pack Type: Bottle; Pack Material Type: Glass; Made From: grape, peach"
2464545,jet.com,USA,"Jose Cuervo Margarita Mix, Classic Lime, 33.8 Fl Oz",,"[""""grocery"""",""""beverages"""",""""cocktail-mixers""""]",https://jet.com/product/product/6cbf840e55674c95b0a20f8d90c00689,https://images.jet.com/md5/1a10343348430a090503b011dc01d3e1,7.02,,José Cuervo,Liquid Concentrates,Flavour: lime; Pack Type: Bottle; Volume: 1000; Juice Content: 0-2%; Pack Material Type: Glass
246947104,Wegmans,USA,"Runa Energy Drink, Clean, Mango",USDA Organic. Certified Organic by Ecocert ICO. 150 mg of natural caffeine per can. Brewed from the guayusa leaf. Contains 0% juice. Fully Alive: We call it clean because it's natural energy from a si,"["""" More Departments"""","""" Beverages"""","""" Sports and Energy Drinks""""]",https://shop.wegmans.com/shop/categories/175?page=3,https://assets-prd-weg.unataops.com/web/product_large/cf13d5ad88e1e1b3e84b7e2fe4f568282518db9f.jpg,2.49,,Runa,Energy Drinks,"Juice Content: 0-2%; Pack Material Type: Metal; Carbonization: still; Caffeine: 25-50 mg; Flavour: mango; Health Claims: energy boosting; Water Type: purified; No Artificial Ingredients: no gmo; Sweetener: cane sugar; Volume: 355; Sustainable Sourcing: usda organic, fairtrade, organic, fair trade usa, b-corp; Energy Source: guayusa; Immune Support Ingredients: vitamin c; Naturally derived: natural flavours, natural"
247121215,Planeta Huerto,Spain,orange juice ECO cal valls 1 liter,"#### orange juice elaborated directly of oranges fresh 
* no added sugar 
* not applicable of concentrate. 
* he squeezed and packaging is done in a few seconds to ensure its quality and conservation.","["""" feeding"""","""" organic juices""""]",https://www.planetahuerto.es/venta-zumo-de-naranja-eco-cal-valls_26575/35218?qty=1,https://cdn2.planetahuerto.es/estaticos/imagenes/ficha/26575/26575_1.jpg,4,,Cal Valls,Not from Concentrate 100% Juice,Juice Features: from concentrate; Made From: orange; Pack Material Type: Glass; Pack Type: Bottle; Volume: 1000; Juice Content: 100%; Health Claims: no added sugar; Environmentally Friendly: environmentally friendly; Carbonization: still; Flavour: orange
24725150,jet.com,USA,"Dr. Brown Cream Soda, 33.8 Fl Oz ( Pack of 12)",,"[""""grocery"""",""""beverages"""",""""soft-drinks""""]",https://jet.com/product/product/24012f5a8eb54443aea5b02cfbd4b903,https://images.jet.com/md5/f9c37a73640ff4487d61ab8e3007ef30,23.68,,Dr Brown's,Other Non-Cola Carbonates,Pack Material Type: Glass; Volume: 1000; Pack Type: Bottle; Juice Content: 0-2%
247252286,Planeta Huerto,Spain,juice apple ECO cal valls,"* intolerances: no added sugars, without sugars, without gluten 
juice elaborated straight from fresh apples. 
* no added sugar 
* not applicable of concentrates. 
* neither in cultivation neither in ","["""" eco supermarket"""","""" eco food"""","""" organic juices""""]",https://www.planetahuerto.es/venta-zumo-de-manzana-eco-cal-valls_26569,https://cdn2.planetahuerto.es/estaticos/imagenes/ficha/26569/26569_1.jpg,1,,Cal Valls,Reconstituted 100% Juice,Naturally derived: natural; Volume: 200; Juice Content: 100%; Pack Type: Bottle; Pack Material Type: Glass; Flavour: apple; Environmentally Friendly: environmentally friendly; Health Claims: no added sugar; Made From: apple; Carbonization: still
247321755,Planeta Huerto,Spain,orange juice Bio ékolo,"* principal ingredient: orange 
* intolerances: without sugars, without gluten 
* feeding - feeding type: vegan, vegetarian 
orange juice Bio , obtained exclusively from 100% fresh fruit, collected in","["""" eco supermarket"""","""" eco food"""","""" organic juices""""]",https://www.planetahuerto.es/venta-zumo-de-naranja-bio-ekolo_93337,https://imagesph.global.ssl.fastly.net/estaticos/imagenes/ficha/93337/93337_1_1400.jpg?v=0,1.16,,Ekolo,Not from Concentrate 100% Juice,"Naturally derived: natural; Volume: 200; Pack Type: Bottle; Carbonization: still; Sustainable Sourcing: organic; No Artificial Ingredients: no artificial additives; Made From: orange; Flavour: orange; Juice Content: 100%; Pack Material Type: Glass; Juice Features: cold press, from concentrate; Health Claims: no added sugar, no sugar, good source of vitamins; Immune Support Ingredients: vitamin c"
249596765,Bringmeister,Germany,hella Mango picchu,,"["""" beverages"""","""" mineral water"""","""" water with taste""""]",https://www.bringmeister.de/hella-mango-picchu-39451930041,https://assets.bringmeister.de/media/product/39451930041/0/1795.jpg,0.79,,Hella,Still Flavoured Bottled Water,"Carbonization: still; Pack Type: Bottle; Volume: 750; Caffeine: 15-25 mg; Pack Material Type: Plastic; Juice Content: 0-2%; Flavour: mango; Water Type: mineral; Sweetener: sugar; Naturally derived: natural fragrances, natural"
249643217,Gittigidiyor,Turkey,biofood distillation organic sage juice 500ml,,"["""" home page"""",""""supermarket"""",""""food"""","""" gourmet products""""]",https://www.gittigidiyor.com/supermarket/biofood-damitma-organik-adacayi-suyu-500ml_pdp_525721509,https://mcdn01.gittigidiyor.net/52572/tn50/525721509_tn50_0.jpg,29.5,,Bio Food,Not from Concentrate 100% Juice,Pack Material Type: Glass; Sustainable Sourcing: organic; Volume: 500; Pack Type: Bottle; Carbonization: still; Juice Content: 100%
249660697,amazon,United Kingdom,"Mr Fitzpatricks Clementine Orange and Bergamot No Added Sugar Cordial, 500ml (6 x 500ml)",",","["""" Grocery"""","""" Drinks"""","""" Juice & Smoothies""""]",https://www.amazon.co.uk/dp/B0846MJ6PL,https://m.media-amazon.com/images/I/612kY7yZwuL._AC_UL320_.jpg,49.99,,Mr. Fitzpatrick's,Liquid Concentrates,"Pack Material Type: Glass; Pack Type: Bottle; Volume: 500; Flavour: orange, bergamot; Juice Content: 100%; Health Claims: no added sugar"
249993827,Trendyol,Turkey,burgundy spicy turnip juice 12x330 ml,"* the product you have examined the seller determines the selling price. 
* torque burgundy spicy turnip juice 12x330 ml 
special grown purple carrots, carefully cleaning up fermentation to their tank","[""""supermarket"""","""" organic & natural"""",""""food & beverage"""",""""turnip juice""""]",https://www.trendyol.com/torku/bordo-acili-salgam-suyu-12x330-ml-p-35144349,https://img-trendyol.mncdn.com/mnresize/1200/1800//assets/product/media/images/20200129/11/2601802/62755225/1/1_org_zoom.jpg,53,,Torku,Nectars,"Volume: 330; Pack Material Type: Glass; Made From: pepper, turnip, carrot; Pack Type: Bottle; Juice Content: 0-2%; Carbonization: still"
250068791,Loblaws,Canada,Loop Raw Cold- Pressed Juice Morning Glory,,"["""" Home"""","""" Food"""","""" Fruits Vegetables"""","""" Fresh Juice Smoothies"""","""" Juice""""]",https://www.loblaws.ca/raw-cold-pressed-juice-morning-glory/p/21205795_EA,https://assets.shop.loblaws.ca/products_jpeg/21205795/en/21205795_lrg_1_@1x.jpg,4.99,56719900063,Loop,Not from Concentrate 100% Juice,"Juice Features: cold press, smoothie, raw; Pack Type: Bottle; Volume: 355; Juice Content: 100%; Pack Material Type: Plastic; Carbonization: still"
250121213,Carrefour,Spain,apple juice ecological ékolo 750 ml.,"[object Object],[object Object],[object Object],[object Object]","["""" drinks"""","""" waters and juices"""","""" non-refrigerated juices""""]",https://www.carrefour.es/supermercado/zumo-de-manzana-ecologico-ekolo-750-ml/R-VC4AECOMM-438133/p,https://static.carrefour.es/hd_1600x_/img_pim_food/438133_00_1.jpg,2.65,,Ekolo,Not from Concentrate 100% Juice,Juice Content: 100%; Sweetener: sugar; Volume: 750; Pack Type: Bottle; Sustainable Sourcing: organic; Flavour: apple; Carbonization: still; Made From: apple; Naturally derived: natural; Pack Material Type: Glass; Environmentally Friendly: environmentally friendly
250295206,K Ruoka,Finland,power E-sport mango-yuzu 0.5l,,"["""" beverages"""","""" energy- and sports drinks"""","""" sport- and wellness drinks""""]",https://www.k-ruoka.fi/kauppa/tuote/teho-e-sport-mango-yuzu-05l-kmp-6419800121497,https://public.keskofiles.com/f/k-ruoka/product/6419800121497,2.15,6419800121497,Teho,Energy Drinks,Pack Material Type: Plastic; Volume: 500; Pack Type: Bottle; Health Claims: energy boosting; Flavour: mango; Juice Content: 0-2%; Carbonization: still
250399723,Spar,Norway,raw orange juice 1l with pulp,"raw juice contains only fresh fruit, pressed and tappet straight on bottle, without heat treatment. in this bottle is it cold pressed juice from 13 Valencia oranges with pulp and nothing other. raw ju","["""" online store"""","""" drink"""","""" Juice""""]",https://spar.no/nettbutikk/varer/drikke/juice/ra-appelsinjuice-7034280003546,https://bilder.ngdata.no/7034280003546/kmh/large.jpg?fallback=404&foretrekk=bedark,69.9,7034280003546,Rå,Not from Concentrate 100% Juice,"Pack Material Type: Plastic; Pack Type: Bottle; Made From: orange; Geographic Origin: spain; Volume: 1000; Carbonization: still; Flavour: orange; Juice Content: 100%; Juice Features: cold press, raw, with pulp, not from concentrate"
25108453,jet.com,USA,Dr. Browns Diet Black Cherry 12 oz Cans ( Pack of 24),,"[""""grocery"""",""""beverages"""",""""soft-drinks""""]",https://jet.com/product/product/694e3e7368e54207bfa6b53b782a4688,https://images.jet.com/md5/1a970396acc334c8fbf7aceb941b1ccb,27.88,,Dr Brown's,Other Non-Cola Carbonates,Volume: 355; Pack Type: Can; Juice Content: 0-2%; Flavour: cherry; Pack Material Type: Metal
251506213,amazon,United Kingdom,Ugly Drinks | Lemon & Lime Flavoured Sparkling Water | 14 x 330ml (UK),"* Lemon & Lime Flavoured Sparkling Water 
* Known Barcodes: 799439194625, 799439194632 
› See more product details , 
## Product description 
Ugly Drinks | Lemon & Lime Flavoured Sparkling Water | 14 ","["""" Grocery"""","""" Drinks"""","""" Water""""]",https://www.amazon.co.uk/Ugly-Drinks-Lemon-Flavoured-Sparkling/dp/B084G7F7S4/ref=sr_1_1533?qid=1583750438&s=grocery&sr=1-1533,https://m.media-amazon.com/images/I/41tve7KuwyL._AC_UL320_ML3_.jpg,22.84,,Ugly,Sparkling Flavoured Bottled Water,"Carbonization: sparkling; Geographic Origin: united kingdom; Water Type: flavoured; Caffeine: 15-25 mg; Pack Material Type: Metal; Flavour: lime, lemon; Volume: 330; Juice Content: 0-2%; Pack Type: Can"
251572648,amazon,United Kingdom,Thirsty Planet | Spring Water - Still | 21 x 500ml (UK),",","["""" Grocery"""","""" Drinks"""","""" Water""""]",https://www.amazon.co.uk/Thirsty-Planet-Spring-Water-Still/dp/B084G76729/ref=sr_1_1901?qid=1580807573&s=grocery&sr=1-1901,https://images-na.ssl-images-amazon.com/images/I/51faVuofGsL._AC_SL1100_.jpg,21.81,,Thirsty Planet,Still Bottled Water,Volume: 500; Pack Material Type: Plastic; Water Type: spring; Carbonization: still; Geographic Origin: united kingdom; Pack Type: Bottle; Juice Content: 0-2%
251572831,amazon,United Kingdom,Tenzing Natural Energy | Raspberry & Yuzu Natural Energy Drink | 23 x 250ml (UK),"* Raspberry & Yuzu Natural Energy Drink 
› See more product details , 
## Product description 
Tenzing Natural Energy | Raspberry & Yuzu Natural Energy Drink | 23 x 250ml 
See manufacturer's website f","["""" Grocery"""","""" Food Cupboard"""","""" Instant Meals & Sides""""]",https://www.amazon.co.uk/Tenzing-Natural-Energy-Raspberry-Drink/dp/B084G7LMSR/ref=sr_1_889?dchild=1&qid=1586422703&s=grocery&sr=1-889,https://images-na.ssl-images-amazon.com/images/I/61ix%2BcntOHL._AC_SL1000_.jpg,51.47,,Tenzing,Energy Drinks,Geographic Origin: united kingdom; Juice Content: 0-2%; Volume: 250; Caffeine: 15-25 mg; Flavour: raspberry; Pack Material Type: Metal; Health Claims: energy boosting; Naturally derived: natural
251575968,amazon,United Kingdom,Mighty Brew | Organic Kombucha - Jasmine 275ML | 2 x 275ml (UK),",","["""" Grocery"""","""" Food Cupboard"""","""" Rice, Pasta & Pulses""""]",https://www.amazon.co.uk/Mighty-Brew-Organic-Kombucha-Jasmine/dp/B084G7FW6K/ref=sr_1_2645?qid=1580812071&s=grocery&sr=1-2645,https://images-na.ssl-images-amazon.com/images/I/514fx-wcQyL._AC_SL1000_.jpg,9.63,,Mighty Brew,Carbonated RTD Tea and Kombucha,Volume: 275; Pack Type: Bottle; Geographic Origin: united kingdom; Tea Type: jasmine; Pack Material Type: Glass; Sustainable Sourcing: organic; Juice Content: 0-2%; Flavour: jasmine
251592610,amazon,United Kingdom,Aqua Esse | Damask Rose Aromatic Water 330ml | 5 x 330ml (UK),",","["""" Grocery"""","""" Drinks"""","""" Water""""]",https://www.amazon.co.uk/dp/B084G7NB2X/ref=sr_1_1436?qid=1580807514&s=grocery&sr=1-1436,https://images-na.ssl-images-amazon.com/images/I/61dHu4dffRL._AC_SL1500_.jpg,18.15,,Aqua Esse,Still Flavoured Bottled Water,Pack Type: Bottle; Volume: 330; Carbonization: still; Flavour: rose; Pack Material Type: Glass; Geographic Origin: united kingdom; Juice Content: 0-2%
251621253,amazon,United Kingdom,Aqua Pacific | Artesian Mineral Water | 19 x 600ml (UK),"* Artesian Mineral Water 
› See more product details , 
## Product description 
Aqua Pacific | Artesian Mineral Water | 19 x 600ml 
See manufacturer's website for up to date ingredients and / or conte","["""" Grocery"""","""" Drinks"""","""" Water""""]",https://www.amazon.co.uk/Aqua-Pacific-Artesian-Mineral-Water/dp/B084G7L3S1/ref=sr_1_1516?_encoding=UTF8&c=ts&dchild=1&keywords=Water&qid=1606382522&s=grocery&sr=1-1516&ts_id=359916031,https://m.media-amazon.com/images/I/31bilFQd4-L._AC_UL320_.jpg,34.19,,Aqua Pacific,Still Bottled Water,"Caffeine: 15-25 mg; Carbonization: still; Juice Content: 0-2%; Pack Type: Bottle; Water Type: mineral, artesian; Pack Material Type: Plastic; Volume: 600; Geographic Origin: united kingdom"
251631676,amazon,United Kingdom,Pip Organic | Strawberry & Blackcurrant | 5 x 4 x180ml (UK),"* Strawberry & Blackcurrant 
* Vegan 
* Organic 
* Known Barcodes: 5060218974222, 5060218976226 
› See more product details , 
## Product description 
Pip Organic | Strawberry & Blackcurrant | 5 x 4 X","["""" Grocery"""","""" Drinks"""","""" Juice & Smoothies""""]",https://www.amazon.co.uk/Pip-Organic-Strawberry-Blackcurrant-x180ml/dp/B084G7Z3DT/ref=sr_1_2072?brr=1&dchild=1&qid=1606382642&rd=1&s=grocery&sr=1-2072,https://m.media-amazon.com/images/I/51xUoqUgAML._AC_UL320_ML3_.jpg,35.36,,Pip Organic,Not from Concentrate 100% Juice,"Juice Features: smoothie; Geographic Origin: united kingdom; Pack Material Type: Paper / Carton; Caffeine: 15-25 mg; Pack Type: Carton/Box; Made From: strawberry, blackcurrant, apple; Sustainable Sourcing: organic; Volume: 180; Carbonization: still; Juice Content: 100%; Flavour: strawberry, blackcurrant"
251640804,amazon,United Kingdom,Tenzing Natural Energy | Natural Energy Drink | 18 x 250ml (UK),"* Natural Energy Drink 
* Known Barcodes: 96126080 
› See more product details , 
## Product description 
Tenzing Natural Energy | Natural Energy Drink | 18 x 250ml 
Known barcodes:96126080 
See manuf","["""" Grocery"""","""" Food Cupboard"""","""" Instant Meals & Sides""""]",https://www.amazon.co.uk/Tenzing-Natural-Energy-Drink-250ml/dp/B084G82S12/ref=sr_1_7185?dchild=1&qid=1605524036&s=grocery&sr=1-7185,https://m.media-amazon.com/images/I/71F11pGJIaL._AC_UL320_ML3_.jpg,40.54,,Tenzing,Energy Drinks,Volume: 250; Naturally derived: natural; Health Claims: energy boosting; Pack Type: Can; Caffeine: 15-25 mg; Pack Material Type: Metal; Juice Content: 0-2%; Geographic Origin: united kingdom
251672951,amazon,United Kingdom,Karma Drinks | Karma Cola - Sugar Free | 14 x 250ml (UK),"* Karma Cola - sugar free 
* Vegan 
* Fairtrade 
* Known Barcodes: 9421902090707, 9421902090714 
› See more product details , 
## Product description 
Karma Drinks | Karma Cola - Sugar Free | 14 x 250","["""" Grocery"""","""" Food Cupboard"""","""" Instant Meals & Sides""""]",https://www.amazon.co.uk/Karma-Drinks-Cola-Sugar-250ml/dp/B084G7BD4B/ref=sr_1_1482?dchild=1&qid=1590481309&s=grocery&sr=1-1482,https://m.media-amazon.com/images/I/41dDJ7EBbOL._AC_UL320_.jpg,27.66,,Karma Drinks,Reduced Sugar Cola Carbonates,"Sweetener: erythritol; Pack Type: Can; Caffeine: 15-25 mg; Volume: 250; Naturally derived: natural flavours, natural sweeteners; Carbonization: gently carbonated; Pack Material Type: Metal; Health Claims: no sugar; Sustainable Sourcing: fairtrade; Juice Content: 0-2%; Geographic Origin: united kingdom"
251694841,amazon,United Kingdom,Ugly Drinks | Tropical Flavoured Sparkling Water | 23 x 330ml (UK),"* Tropical Flavoured Sparkling Water 
* Known Barcodes: 799439196636, 799439196643 
› See more product details , 
## Product description 
Ugly Drinks | Tropical Flavoured Sparkling Water | 23 x 330ml ","["""" Grocery"""","""" Drinks"""","""" Water""""]",https://www.amazon.co.uk/Ugly-Drinks-Tropical-Flavoured-Sparkling/dp/B084G7WBRR/ref=sr_1_621?dchild=1&qid=1586425026&s=grocery&sr=1-621,https://m.media-amazon.com/images/I/41ZsWaT4QvL._AC_UL320_ML3_.jpg,33.69,,Ugly,Carbonated Bottled Water,Juice Content: 0-2%; Carbonization: sparkling; Water Type: flavoured; Pack Material Type: Metal; Volume: 330; Geographic Origin: united kingdom; Pack Type: Can; Caffeine: 15-25 mg
251736308,amazon,United Kingdom,Karma Drinks | Summer Orangeade | 15 x 300ml (UK),"* Summer Orangeade 
* Vegan 
* Organic 
* Fairtrade 
* Known Barcodes: 9421902090622, 9421902090646 
› See more product details , 
## Product description 
Karma Drinks | Summer Orangeade | 15 x 300ml ","["""" Grocery"""","""" Food Cupboard"""","""" Instant Meals & Sides""""]",https://www.amazon.co.uk/Karma-Drinks-Summer-Orangeade-300ml/dp/B084G7C6XW/ref=sr_1_7422?dchild=1&qid=1605524073&s=grocery&sr=1-7422,https://m.media-amazon.com/images/I/319A70yW2sL._AC_UL320_.jpg,42.25,,Karma Drinks,Other Non-Cola Carbonates,"Pack Type: Bottle; Volume: 300; Caffeine: 15-25 mg; Diets: vegan; Sustainable Sourcing: fairtrade, organic; Sweetener: sugar; Carbonization: carbonated; Juice Content: 15-25%; Geographic Origin: united kingdom; Immune Support Ingredients: vitamin c; Naturally derived: natural flavours"
251743784,amazon,United Kingdom,Karma Drinks | Karma Cola - Sugar Free | 19 x 300ml (UK),"* Karma Cola - Sugar Free 
* Vegan 
* Organic 
* Fairtrade 
* Known Barcodes: 9421902090660, 9421902090691 
› See more product details , 
## Product description 
Karma Drinks | Karma Cola - Sugar Free","["""" Grocery"""","""" Food Cupboard"""","""" Instant Meals & Sides""""]",https://www.amazon.co.uk/Karma-Drinks-Cola-Sugar-300ml/dp/B084G7J6DN/ref=sr_1_2231?qid=1583763631&s=grocery&sr=1-2231,https://m.media-amazon.com/images/I/41HA5LvSroL._AC_UL320_ML3_.jpg,41.23,,Karma Drinks,Reduced Sugar Cola Carbonates,"Pack Type: Bottle; Carbonization: gently carbonated; Pack Material Type: Glass; Naturally derived: natural flavours, natural sweeteners; Volume: 300; Sustainable Sourcing: fairtrade, organic; Geographic Origin: united kingdom; Health Claims: no sugar; Sweetener: stevia, erythritol; Caffeine: 15-25 mg"
251756100,amazon,United Kingdom,Thirsty Planet | Spring Water - Still | 11 x 330ml (UK),"* Spring Water - Still 
* Vegan 
* Known Barcodes: 5060146710077, 5060146711135 
› See more product details , 
## Product description 
Thirsty Planet | Spring Water - Still | 11 x 330ml 
This product ","["""" Any Department"""","""" Grocery"""","""" Drinks"""","""" Water""""]",https://www.amazon.co.uk/dp/B084G7PVCR,https://m.media-amazon.com/images/I/31ZHk1LFasL._AC_UL320_.jpg,20.07,,Thirsty Planet,Still Bottled Water,Carbonization: still; Geographic Origin: united kingdom; Caffeine: 15-25 mg; Volume: 330; Water Type: spring; Juice Content: 0-2%; Pack Type: Bottle
2534587,Courses U,France,pure juice orange / mandarin / white grapes U brick 2 litres,,"["""" alcohol-free drinks"""","""" juice, nectars, concentrates"""","""" multifruit""""]",https://www.coursesu.com/boissons-sans-alcool/jus-de-fruits-nectars-concentres/multifruits/_pid2/7/1/4,http://www.coursesu.com/assets/1.8.0.8/ctx/static/wlpdatas/display/000/054/155/541558.jpg,3.2,,Produits U,Nectars,"Volume: 2000; Made From: grape, mandarine, orange; Pack Material Type: Paper / Carton; Carbonization: still; Juice Content: 100%; Flavour: grape, mandarin, orange; Pack Type: Liquid Carton"
253931164,Trendyol,Turkey,kiwi flavored drink powder 2 pack,"* the product you have examined the seller determines the selling price. 
* 
* discount coupons at this boutique / codes are not valid. 
* about to be sold at the campaign price 5 less stock available","[""""supermarket"""","""" organic & natural"""",""""food & beverage"""",""""beverage powder""""]",https://www.trendyol.com/koza/kivi-aromali-icecek-tozu-2li-paket-p-35522736,https://img-trendyol.mncdn.com/mnresize/1200/1800//assets/product/media/images/20200211/13/2941821/63369646/1/1_org_zoom.jpg,40,,Koza,Powder Concentrates,Concentrate Format: powder; Flavour: kiwi; Caffeine: 15-25 mg; Pack Type: Carton/Box; Juice Content: 0-2%
254268552,Mat Smart,Sweden,julmust 12-pack,"twelve bottles julmust with a perfect balance of sweetness, spices and foam.","["""" big pack""""]",https://www.matsmart.se/julmust-12-pack,https://cdn4.matsmart.se/sites/se/files/products/hl_julmust_12pack_ny_0.jpg,39,7310403001669,Nygårda,Other Non-Cola Carbonates,Pack Material Type: Flexible Pack; Pack Type: Bag/Packet; Juice Content: 0-2%; Volume: 330
257968949,amazon,United Kingdom,"Lowicz Strawberry Syrup, 400ml",,"["""" Food Cupboard"""","""" Baking Supplies"""","""" Syrups & Treacle""""]",https://www.amazon.co.uk/Lowicz-109296036-Strawberry-Syrup-400ml/dp/B079RKVLPB/ref=sr_1_591_f3_0g_morri?qid=1682049317&s=grocery&sr=1-591,https://m.media-amazon.com/images/I/51NTgEunR2L._AC_UL320_.jpg,1.75,,Lowicz,Liquid Concentrates,Juice Content: 0-2%; Volume: 400; Pack Material Type: Glass; Flavour: strawberry
258663625,Giant Eagle,USA,"Bolt24 Hydration With Electrolytes & Antioxidants, Mixed Berry Flavour",Naturally flavored with other natural flaovrs. No artificial sweeteners or flavors. 80 calories per bottle. Antioxidant (vitamins A & C). Antioxidants: 100% daily value of vitamins A & C. Advanced 24,"["""" Beverages"""","""" Sports Drinks"""","""" Sports Drinks Flavors"""","""" Berry Sports Drinks""""]",https://shop.gianteagle.com/parkway-center/search/product/00052000044218,https://d345p6ejtlhe1s.cloudfront.net/00052000044218/512_0eaaa67592b00f14dcd2c0d5048640b9324590b9.jpg,1.49,52000044218,Bolt 24,Sports Drinks,"Pack Material Type: Metal; Immune Support Ingredients: vitamin c, antioxidants; Carbonization: still; Juice Content: 0-2%; Sports Ingredients: electrolytes; Contains Minerals: calcium; Volume: 500; No Artificial Ingredients: no artificial sweeteners; Health Claims: antioxidant, hydrating; Naturally derived: natural flavours; Sweetener: cane sugar, stevia; Flavour: berry; Caffeine: 15-25 mg"
259479461,Hipercor,Spain,ZUMOSOL pineapple juice 100% squeezed brik 1 l,,"["""" supermarket"""","""" drinks"""","""" water, soft drinks and juices"""","""" juices and nectars"""","""" juices and nectars pineapple""""]",https://www.hipercor.es/supermercado/0110118657201432-zumosol-zumo-de-pina-100-exprimido-brik-1-l/,https://sgfm.elcorteingles.es/SGFM/dctm/MEDIA03/202202/18/00118657201432____8__325x325.jpg,2.99,8435425109915,Zumosol,Not from Concentrate 100% Juice,Pack Material Type: Paper / Carton; Volume: 1000; Made From: pineapple; Juice Content: 100%; Flavour: pineapple; Carbonization: still
260735681,Hipercor,Spain,SIERRA cazorla natural mineral water bottle 33 cl with stopper sport,"name of the food: natural mineral water name of the operator: farms international Acuiferas S.A. operator address: crta. of the Tranco A-6202, km 18 - 23330 Villanueva of the archbishop ( jaén) place ","["""" supermarket"""","""" drinks"""","""" water, soft drinks and juices"""","""" water and soda"""","""" mineral water without gas""""]",https://www.hipercor.es/supermercado/0110118630602250-sierra-cazorla-agua-mineral-natural-botella-33-cl-con-tapon-sport/,https://sgfm.elcorteingles.es/SGFM/dctm/MEDIA03/202002/28/00118630602250____1__325x325.jpg,0.52,8429821120018,Sierra Cazorla,Still Bottled Water,"Pack Type: Bottle; Naturally derived: natural, natural minerals; Caffeine: 0-15 mg; Volume: 330; Water Type: mineral; Pack Material Type: Plastic; Juice Content: 0-2%; Contains Minerals: calcium, magnesium"
260793729,El Corte Inglés,Spain,SIERRA cazorla natural mineral water bottle 33 cl with stopper sport,"### general information 
* name of the food: natural mineral water without gas 
* country of origin: spain 
* name of the operator: farms international Acuiferas S.A. 
* operator address: crta. of the","[""""supermarket"""",""""drinks"""",""""water soft drinks and juices"""",""""water and soda"""",""""mineral water without gas""""]",https://www.elcorteingles.es/supermercado/0110118630602250-sierra-cazorla-agua-mineral-natural-botella-33-cl-con-tapon-sport/,https://sgfm.elcorteingles.es/SGFM/dctm/MEDIA03/202002/28/00118630602250____1__600x600.jpg,0.52,8429821120018,Sierra Cazorla,Still Bottled Water,"Caffeine: 0-15 mg; Geographic Origin: spain; Contains Minerals: calcium, magnesium; Volume: 330; Pack Material Type: Plastic; Water Type: mineral; Juice Content: 0-2%; Naturally derived: natural"
263087718,amazon,USA,"Stumptown Coffee Roasters, Coffee Cold Brew Oatly Chocolate, 11 Fl Oz",", 
## Product description 
Grocery Dairy 
, 
Grocery Dairy","["""" Grocery & Gourmet Food"""","""" Beverages"""","""" Coffee""""]",https://www.amazon.com/dp/B081G3W46B,https://m.media-amazon.com/images/I/71hMuJiBXjL._AC_UL320_.jpg,4.29,855186006885,Stumptown,RTD Coffee,"Pack Material Type: Paper / Carton; Juice Content: 0-2%; Carbonization: still; Volume: 325; Flavour: chocolate, coffee; Pack Type: Liquid Carton; RTD Coffee Style: cold brew"
265933598,El Corte Inglés,Spain,fonter soft natural mineral water with gas bottle 1 l,"name of the food: natural mineral water with gas carbonic added. name of the operator: danone waters, S.A. operator address: buenos aires, 21 08029 barcelona place of origin of the food: spring Palati","["""" supermarket"""","""" drinks"""","""" water, soft drinks and juices"""","""" water and soda""""]",https://www.elcorteingles.es/supermercado/0110118631901354-fonter-suave-agua-mineral-natural-con-gas-botella-1-l/,https://sgfm.elcorteingles.es/SGFM/dctm/MEDIA03/202003/19/00118631901354____1__325x325.jpg,0.88,8410055151114,Fonter,Carbonated Bottled Water,"Volume: 1000; Carbonization: sparkling; Contains Minerals: calcium, magnesium; Pack Material Type: Plastic; Juice Content: 0-2%; Naturally derived: natural minerals, natural; Water Type: mineral; Caffeine: 0-15 mg; Health Claims: good source of minerals"
267012997,CareMarket,Greece,olympus natural juice beetroot orange apple carrot 1lt,description natural juice beetroot from olympus.,"[""""dairy & refrigerator items"""",""""refrigerator juices""""]",https://www.caremarket.gr/galaktokomika-eidi-psugeiou-30/humoi-psugeiou-309/anameiktoi-268/olumpos-fusikos-humos-pantzari-portokali-mlo-karoto-1lt-236011/,https://www.caremarket.gr/images/ProductDetail/Content/Files/ProductMedia/DAIRY/%CE%9F%CE%9B%CE%A5%CE%9C%CE%A0%CE%9F%CE%A3/5202178081040.jpg,2.3,5202178081040,Olympos,Not from Concentrate 100% Juice,"Juice Features: from concentrate; Volume: 1000; Made From: apple, orange, beet, carrot; Pack Material Type: Glass; Naturally derived: natural; Carbonization: still; Flavour: apple, orange, beet, carrot; Juice Content: 100%"
267426017,Gittigidiyor,Turkey,aksu vital EXTRACT chaste juice 500 ml.,,"["""" home page"""",""""supermarket"""",""""drink"""","""" other drinks""""]",https://www.gittigidiyor.com/supermarket/aksu-vital-ekstraktli-hayit-suyu-500-ml_pdp_543050053,https://mcdn01.gittigidiyor.net/54305/tn120/543050053_tn120_0.jpg,37,,Aksu Vital,Not from Concentrate 100% Juice,Pack Material Type: Paper / Carton; Carbonization: still; Volume: 500; Pack Type: Blister; Juice Content: 0-2%
268217480,amazon,USA,L & A Juice All Pomegranate 32.0 FO( Pack of 6),",","["""" Any Department"""","""" Grocery & Gourmet Food"""","""" Beverages"""","""" Bottled Beverages, Water & Drink Mixes"""","""" Juices""""]",https://www.amazon.com/dp/B00SR5J8ZI,https://m.media-amazon.com/images/I/61Y0pKoUj9L._AC_UL320_.jpg,65.75,,L&A,Not from Concentrate 100% Juice,Flavour: pomegranate; Pack Material Type: Glass; Made From: pomegranate; Carbonization: still; Pack Type: Jar
269397226,Bringmeister,Germany,bad love werda gently,,"["""" beverages"""","""" mineral water"""","""" carbonated water""""]",https://www.bringmeister.de/bad-liebenwerda-sanft-22762260011,https://assets.bringmeister.de/media/product/22762260011/0/1795.jpg,0.39,,Bad Liebenwerda,Carbonated Bottled Water,Volume: 500; Pack Type: Bottle; Carbonization: carbonated; Pack Material Type: Glass; Juice Content: 0-2%
272770223,amazon,United Kingdom,Radnor Hills Spring Still Water Aluminium Recycled Cans 24x330ml (24 x 330ml),,"["""" Any Department"""","""" Grocery"""","""" Drinks"""","""" Water"""","""" Still Water""""]",https://www.amazon.co.uk/dp/B084KWSYN4,https://m.media-amazon.com/images/I/41MFGBwX+wL._AC_UL320_.jpg,15.49,,Radnor,Still Bottled Water,Water Type: spring; Volume: 330; Juice Content: 0-2%; Pack Material Type: Metal; Pack Type: Can; Carbonization: still
27628232,Biocoop,France,kombucha cherry HIBISCUS 25cl CC,"ingredients : kombucha* (filtered water, culture kombucha*, blond cane sugar**, sencha green tea* 0.31%), juice cherries* 0.5%, aroma cherry*, hibiscus* 0.16%, rose petals*.* from organic farming.","["""" home"""","""" fresh products"""","""" drink"""","""" well be""""]",http://drive.biocoop-rouen.fr/kombucha-cerise-hibiscus-25cl-cc_7468.html,http://drive.biocoop-rouen.fr/28244-large_default/kombucha-cerise-hibiscus-25cl-cc.jpg,3.1,,So Kombucha,Carbonated RTD Tea and Kombucha,"Volume: 250; Water Type: filtered; Pack Type: Bottle; Flavour: cherry, hibiscus; Sustainable Sourcing: organic; Pack Material Type: Glass; Tea Type: green, sencha; Sweetener: cane sugar; Juice Content: 0-2%"
277195985,amazon,United Kingdom,Cido Vegetable Juice | Spicy Tomato Juice with Onions Garlic Carrots | Hangover Cure 1l ( Pack of 8),,"["""" Grocery"""","""" Drinks"""","""" Juice & Smoothies""""]",https://www.amazon.co.uk/Cido-Vegetable-Tomato-Carrots-Hangover/dp/B087C6JVLX/ref=sr_1_1860?brr=1&dchild=1&qid=1597566909&rd=1&s=grocery&sr=1-1860,https://m.media-amazon.com/images/I/51xzOBjwQZL._AC_UL320_ML3_.jpg,29.99,,Cido,Not from Concentrate 100% Juice,"Juice Content: 100%; Carbonization: still; Pack Material Type: Paper / Carton; Volume: 1000; Juice Features: smoothie; Flavour: garlic, tomato, carrot; Made From: garlic, tomato, carrot, onion"
277343784,amazon,USA,"Harney & Sons Iced Tea, Organic Black Currant, 16 Ounce ( Pack of 12)","* Black Currant was the first Harney & Sons flavored black tea and it continues to grow in popularity. Its full-bodied fruity flavor makes for a wonderful iced tea, as well. """" Big"""" berry flavor in our","[""""\"""" Tea Samplers\""""""""]",https://www.amazon.com/Harney-Sons-Organic-Black-Currant/dp/B00IRRGWBE/ref=sr_1_4139?_encoding=UTF8&c=ts&dchild=1&keywords=Tea+Samplers&qid=1626162266&s=grocery&sr=1-4139&ts_id=5747969011,https://m.media-amazon.com/images/I/51vnarSS8vS._AC_UL320_.jpg,31.22,636046110047,Harney & Sons,Still RTD Tea,"Pack Material Type: Glass; Volume: 473; Juice Content: 0-2%; Flavour: tea, blackcurrant; Pack Type: Bottle; Sustainable Sourcing: organic; Carbonization: still; Tea Type: black"
278867691,amazon,United Kingdom,Sweetbird 2 x 1L Caramel Coffee & Cocktail Syrup & Pump (1 Pump),,"["""" Grocery"""","""" Drinks"""","""" Beverage Syrups & Concentrates"""","""" Syrups""""]",https://www.amazon.co.uk/dp/B07XY66NJK,https://m.media-amazon.com/images/I/51cXPq-YtzL._AC_UL320_.jpg,30.88,,Sweetbird,Liquid Concentrates,"Pack Type: Bottle; Volume: 1000; Flavour: caramel, coffee; Juice Content: 0-2%"
279017608,amazon,Spain,"ekolo Bag in Box apple juice Bio, 1 box, 3 l",,"["""" alimentation and drinks"""","""" coffee, tea and drinks"""","""" juices""""]",https://www.amazon.es/dp/B086K99393,https://m.media-amazon.com/images/I/511uTzx79uL._AC_UL320_.jpg,9.68,,Ekolo,Not from Concentrate 100% Juice,Flavour: apple; Pack Type: Carton/Box; Juice Content: 100%; Volume: 3000; Made From: apple; Pack Material Type: Paper / Carton; Carbonization: still; Sustainable Sourcing: organic
279502409,Gittigidiyor,Turkey,plum Pet that 1 lt 6 pack,,"["""" home page"""",""""supermarket"""",""""drink"""","""" that""""]",https://www.gittigidiyor.com/supermarket/erikli-pet-su-1-lt-6li-paket_pdp_552142169,https://mcdn01.gittigidiyor.net/55214/tn120/552142169_tn120_0.jpg?158813,26.9,,Erikli,Still Flavoured Bottled Water,Volume: 1000; Flavour: plum; Pack Type: Bottle; Pack Material Type: Plastic; Juice Content: 0-2%
279746899,El Corte Inglés,Spain,"cofrutos smoothie pineapple, banana and coco from concentrate 250 ml bottle","EAN: 
8410280221538 
8410280221538 notice about our information of product more info less info","["""" supermarket"""","""" drinks"""","""" water, soft drinks and juices"""","""" juices and nectars"""","""" Smoothies and purees of fruit""""]",https://www.elcorteingles.es/supermercado/0110118656702257-cofrutos-smoothie-de-pina-platano-y-coco-a-partir-de-concentrado-botella-250-ml/,https://cdn.grupoelcorteingles.es/SGFM/dctm/MEDIA03/202004/21/00118656702257____3__40x40.jpg,0.92,8410280221538,Cofrutos,Not from Concentrate 100% Juice,"Juice Features: smoothie, from concentrate; Juice Content: 100%; Carbonization: still; Volume: 250; Pack Material Type: Plastic; Flavour: banana, pineapple; Made From: banana, pineapple"
279799369,Gittigidiyor,Turkey,to the foe peach powder drink real fruit flavored 24 qty 1.5 liters,,"["""" home page"""",""""supermarket"""",""""drink"""",""""daily drinks""""]",https://www.gittigidiyor.com/supermarket/mahbuba-seftali-toz-icecek-gercek-meyve-tadinda-24-adet-1-5-litre_pdp_552545122,https://mcdn01.gittigidiyor.net/55254/tn120/552545122_tn120_0.jpg?158813,22.9,,Mahbuba,Juice Drinks (up to 24% Juice),Volume: 1500; Made From: peach; Pack Material Type: Flexible Pack; Flavour: peach; Carbonization: still
280043335,Hemköp,Sweden,pineapple apple ginger fruit drink uts,"pro viva pineapple apple ginger without added sugar and without sweetener contains only natural sweetness from fruit. one refreshing good fruit drink with sour apples, lime, sweet pineapple too grape.","["""" all supplies"""","""" drink"""","""" juice & fruit drinks"""","""" chilled fruit drink""""]",https://www.hemkop.se/produkt/A-101314872_ST,"https://assets.axfood.se/image/upload/f_auto,t_500/07350000551396_C1R1_s02",35.95,7350000551396,Proviva,Juice Drinks (up to 24% Juice),"Volume: 1000; Juice Features: from concentrate; No Artificial Ingredients: no artificial sweeteners; Pack Material Type: Paper / Carton; Pack Type: Liquid Carton; Caffeine: 15-25 mg; Carbonization: still; Made From: lime, grape, ginger, pineapple, barbados cherry, apple; Immune Support Ingredients: vitamin c; Juice Content: 25-50%; Flavour: ginger, pineapple, apple; Naturally derived: natural fragrances, natural sweeteners; Health Claims: probiotic, good source of vitamins, immune system health, no added sugar"
280723614,Gittigidiyor,Turkey,beypazarı tangerine flavored mineral water 24 x 200 ml,,"["""" home page"""",""""supermarket"""",""""drink"""","""" carbonated drinks""""]",https://www.gittigidiyor.com/supermarket/beypazari-mandalina-aromali-maden-suyu-24-x-200-ml_pdp_553505318,https://mcdn01.gittigidiyor.net/55350/tn120/553505318_tn120_0.jpg?159003,34.9,,Beypazari,Sparkling Flavoured Bottled Water,"Flavour: tangerine; Juice Content: 0-2%; Water Type: flavoured, mineral; Pack Material Type: Flexible Pack; Volume: 200; Carbonization: carbonated"
281664820,Carrefour,Spain,juice of peach and grape juice sun squeezed pack of 3 briks of 20 cl.,"[object Object],[object Object],[object Object]","["""" drinks"""","""" waters and juices"""","""" non-refrigerated juices""""]",https://www.carrefour.es/supermercado/zumo-de-melocoton-y-uva-zumosol-exprimido-pack-de-3-briks-de-20-cl/R-prod290059/p,https://static.carrefour.es/hd_1600x_/img_pim_food/343794_00_1.jpg,1.66,,Zumosol,Juice Drinks (up to 24% Juice),"Carbonization: still; Volume: 200; Pack Material Type: Flexible Pack; Pack Type: Pouch; Made From: grape, peach; Juice Content: 100%; Flavour: grape, peach"
281736812,Gittigidiyor,Turkey,aksu vital thyme juice 1000 ml,,"["""" home page"""",""""supermarket"""",""""food"""","""" diabetic food""""]",https://www.gittigidiyor.com/supermarket/aksu-vital-kekik-suyu-1000-ml_pdp_554354888,https://mcdn01.gittigidiyor.net/55435/tn120/554354888_tn120_0.jpg?159003,33,,Aksu Vital,Not from Concentrate 100% Juice,Pack Material Type: Glass; Volume: 1000; Pack Type: Bottle; Flavour: thyme; Juice Content: 100%; Carbonization: still
281948979,Willys,Sweden,orange Passion fruit drink,"refreshing orange and fruity passion fruit is together with grape basen i pro viva orange Passion. the fresh the taste fits perfectly both for breakfast and snacks. Fourom that it is so good, so conta","["""" drink"""","""" Juice, fruit drink & smoothie"""","""" chilled fruit drink""""]",https://www.willys.se/produkt/Apelsin-Passion-Fruktdryck-101180234_ST,https://d2rfo6yapuixuu.cloudfront.net/h31/h0b/11440526196766/7340073300014_1616971235840_master_axfood_400,23.2,7340073300014,Proviva,Juice Drinks (up to 24% Juice),"Juice Content: 25-50%; Pack Material Type: Paper / Carton; Pack Type: Liquid Carton; Volume: 1000; Flavour: orange, passionfruit; Juice Features: smoothie, from concentrate, with pulp; Sweetener: sugar; Carbonization: still; Caffeine: 15-25 mg; Health Claims: immune system health, probiotic, good source of vitamins; Made From: grape, banana, orange, passion fruit; Naturally derived: natural flavours, natural; Immune Support Ingredients: vitamin c"
282993181,Gittigidiyor,Turkey,ramadan campaign shock price ISTANBULICI shipping included 12pcs 1 lt muharremoğlu spicy turnip 100% organic,,"["""" home page"""",""""supermarket"""",""""drink"""",""""daily drinks""""]",https://www.gittigidiyor.com/supermarket/ramazan-kampanyasi-sok-fiyat-istanbulici-kargo-dahil-12li-1-lt-muharremoglu-acili-salgam-100organik_pdp_555872632,https://mcdn01.gittigidiyor.net/55587/tn120/555872632_tn120_0.jpg?158995,50,,Sade Organik,Not from Concentrate 100% Juice,Pack Type: Bottle; Sustainable Sourcing: organic; Juice Content: 0-2%; Pack Material Type: Glass; Volume: 1000; Made From: turnip; Carbonization: still
283154305,OOShop,France,lemon juice garden biological,,"["""" salty grocery"""","""" oils, vinegars, condiments and sauces""""]",https://ooshop.carrefour.fr/3456300002508/jus-de-citron-jardin-bio-logique?tree=r10f04sf04,https://courses-en-ligne.carrefour.fr/media/cache/280x280/Photosite/PGC/EPICERIE/3456300002508_PHOTOSITE_20171210_160607_4.jpg,3.23,3456300002508,Jardin Bio,Not from Concentrate 100% Juice,Carbonization: still; Made From: lemon; Pack Material Type: Glass; Sustainable Sourcing: organic; Pack Type: Bottle; Volume: 500; Juice Content: 100%; Flavour: lemon
288816169,amazon,USA,"Klarbrunn Sparkling Water, Peach Mango, 12 Count","* Founded in 1987, Klarbrunn started with the debut of our Sparkling Water 
* Unsweetened, naturally sourced sparkling water made in Mankato, MN 
* Flavored using natural fruit essence oil extracts an","["""" Any Department"""","""" Grocery & Gourmet Food"""","""" Beverages"""","""" Bottled Beverages, Water & Drink Mixes"""","""" Water""""]",https://www.amazon.com/dp/B071R2JD2P,https://m.media-amazon.com/images/I/61e8-5xtKuL._AC_UL320_.jpg,10.35,28435399049,Klarbrunn,Sparkling Flavoured Bottled Water,"Pack Material Type: Paper / Carton; Flavour: peach, mango; Volume: 355; Naturally derived: natural flavours, natural; Sustainable Sourcing: from sustainable sources (product); Juice Content: 0-2%; Sweetener: unsweetened; Health Claims: no calories; Carbonization: carbonated, sparkling; Pack Type: Carton/Box; No Artificial Ingredients: no artificial sweeteners; Water Type: flavoured"
289798881,Gittigidiyor,Turkey,to the foe mulberry powder drink juice 1 pack of 24 pcs one drinker,,"["""" home page"""",""""supermarket"""",""""drink"""",""""daily drinks""""]",https://www.gittigidiyor.com/supermarket/mahbuba-dut-toz-icecek-meyve-suyu-1-paket-24-adet-tek-icimlik_pdp_560956621,https://mcdn01.gittigidiyor.net/56095/tn120/560956621_tn120_0.jpg?159124,19.9,,Mahbuba,Juice Drinks (up to 24% Juice),Made From: mulberry; Volume: 200; Flavour: mulberry; Pack Material Type: Flexible Pack; Juice Content: 0-2%; Carbonization: still
290780600,Gittigidiyor,Turkey,ERZINCAN KIZILAY mineral water watermelon with strawberry 24x200 ml free korgo,,"["""" home page"""",""""supermarket"""",""""drink"""","""" carbonated drinks""""]",https://www.gittigidiyor.com/supermarket/erzincan-kizilay-maden-suyu-karpuz-cilekli-24x200-ml-ucretsiz-korgo_pdp_562300606,https://mcdn01.gittigidiyor.net/56230/tn50/562300606_tn50_0.jpg,79.75,,Kizilay,Sparkling Flavoured Bottled Water,"Pack Type: Bottle; Flavour: strawberry, watermelon; Juice Content: 0-2%; Water Type: mineral; Pack Material Type: Glass; Carbonization: carbonated; Volume: 200"
29204249,Cora,France,siracusa organic lemon juice 1 litre,"## further information 
legal name lemon juice from organic farming 
operator SIRACUSE france 
address the signal - 159 alley Albert sylvan - 73000 CHAMBERY 
* * *
, 
## manual 
* shake before use 
* ","["""" home"""","""" do my shopping"""","""" salty grocery"""","""" oils, spices, condiments, sauces, broths"""","""" broths and cooking aids""""]",https://www.cora.fr/article/848767/siracuse-jus-de-citron-bio-1-litre.html,https://www.cora.fr/media/produit/1638213880/170/R13/hxwrwrlrezlrwrwrwrQBIWIWILOqQB.jpg,5.56,,Siracuse,Not from Concentrate 100% Juice,Volume: 1000; Pack Type: Bottle; Sustainable Sourcing: organic; Pack Material Type: Glass; Juice Content: 100%; Made From: lemon; Carbonization: still; Flavour: lemon
292408091,amazon,USA,Alkaline88 Water Alkaline Himalayan minerals 1.5L Bottles( Pack of 6 ),", 
## Product description 
Alkaline88 Water Alkaline Himalayan minerals 1.5L Bottles( Pack of 6 ) 
, 
Alkaline88 Water Alkaline Himalayan minerals 1.5L Bottles( Pack of 6 )","[""""\"""" Drinking Water\""""""""]",https://www.amazon.com/Alkaline88-Alkaline-Himalayan-minerals-Bottles/dp/B089NNQKLS/ref=sr_1_2327?_encoding=UTF8&c=ts&dchild=1&keywords=Drinking+Water&qid=1626334699&s=grocery&sr=1-2327&ts_id=16318651,https://m.media-amazon.com/images/I/61PZtDLI6lS._AC_UL320_.jpg,30.87,853158004242,Alkaline88,Functional Bottled Water,Water Type: alkaline; Juice Content: 0-2%; Volume: 1500; Pack Type: Bottle; Pack Material Type: Plastic; Carbonization: still
297816288,CareMarket,Greece,olympus tea mountain peach 1.5lt gift the 500ml,"describe it mountain tea collected with the hand, dried of course also the most important, extracted, liberating so the perfumes of the same of the plant and offering one and only taste experience dew","[""""offers""""]",https://www.caremarket.gr/pota-humoi-anapsuktika-50/anapsuktika-501/kruo-tsa-527/olumpos-tsai-vounou-rodakino-15lt-doro-ta-500ml-246663/,https://www.caremarket.gr/images/ProductDetail/Content/Files/ProductMedia/2020/JUNE/5202178008009.jpg,1.4,5202178008009,Olympos,Still RTD Tea,"Carbonization: still; Volume: 500; Free From: no caffeine; Juice Content: 0-2%; Pack Material Type: Metal; Naturally derived: natural fragrances, natural; No Artificial Ingredients: no artificial additives; Caffeine: 15-25 mg; Sweetener: stevia; Flavour: peach, tea"
300302244,amazon,USA,Cactus Cooler Orange Pineapple 24 pack,",","["""" Grocery & Gourmet Food"""","""" Beverages"""","""" Bottled Beverages, Water & Drink Mixes"""","""" Soda Soft Drinks""""]",https://www.amazon.com/Cactus-Cooler-Orange-Pineapple-pack/dp/B08BND9D9G/ref=sr_1_3787?c=ts&keywords=Soda+Soft+Drinks&qid=1657352160&s=grocery&sr=1-3787&ts_id=16318231,https://m.media-amazon.com/images/I/71rHmyFuAWL._AC_UL320_.jpg,79.99,78000011609,Cactus Cooler,Other Non-Cola Carbonates,"Pack Material Type: Flexible Pack; Flavour: pineapple, orange, cactus; Juice Content: 0-2%; Pack Type: Bag/Packet"
300591788,amazon,USA,Raptor Energy Drink with Sparkling Fruit Punch Flavor Beverage Raptor Bebida Energizante - 600 ML (12 Pack),"* Formulated specially to taste great and leave you with long-lasting energy! 
* Get the high energy you need to perform at the best level possible with Raptor Energy Drink! 
* The perfect energizing ","["""" Grocery & Gourmet Food"""","""" Beverages"""","""" Bottled Beverages, Water & Drink Mixes"""","""" Energy Drinks""""]",https://www.amazon.com/Raptor-Energy-Sparkling-Beverage-Energizante/dp/B08BJDHJS8/ref=sr_1_537?_encoding=UTF8&c=ts&dchild=1&keywords=Energy+Drinks&qid=1596098579&s=grocery&sr=1-537&ts_id=16318341,https://m.media-amazon.com/images/I/41U2HfVqAWL._AC_UL320_.jpg,29.41,,Raptor,Energy Drinks,Carbonization: sparkling; Pack Type: Bottle; Juice Content: 0-2%; Volume: 600; Pack Material Type: Metal; Health Claims: energy boosting
301370751,amazon,Canada,Jones Green Apple SODA - 12 Bottles X(355ML),", 
## Product description 
Unbelievable Taste! 
, 
Unbelievable Taste!","["""" Grocery & Gourmet Food"""","""" Beverages"""","""" Soft Drinks""""]",https://www.amazon.ca/Jones-Green-Apple-SODA-Each/dp/B089Q99LX6/ref=zg_bs_7351132011_97/133-1335504-6404910?pd_rd_i=B089Q99LX6&psc=1,"https://images-na.ssl-images-amazon.com/images/I/316s5gBqTtL._AC_UL302_SR302,200_.jpg",62.99,,Jones,Other Non-Cola Carbonates,Flavour: apple; Juice Content: 0-2%; Pack Material Type: Glass; Volume: 355; Pack Type: Bottle
302147372,Shopping24,Germany,"ESN Flavor Drops, 50ml Chocolate Cherry","* delivery time: 2 days 
ESN Flavor Drops","["""" beauty"""","""" sports nutrition""""]",https://www.shopping24.de/products/esn-flavor-drops-50ml-chocolate-cherry-2678686730,https://pics.shopping24.de/2000x2000/2359986358,6.9,,ESN,Liquid Concentrates,"Volume: 50; Flavour: chocolate, cherry; Pack Type: Bottle; Juice Content: 0-2%; Pack Material Type: Plastic"
302998993,Gittigidiyor,Turkey,red crescent Premium mineral water green apple includes. 250 ml x 24 pcs,,"["""" home page"""",""""supermarket"""",""""drink"""","""" carbonated drinks""""]",https://www.gittigidiyor.com/supermarket/kizilay-premium-maden-suyu-yesil-elma-icerir-250-ml-x-24-adet_pdp_571280236,https://mcdn01.gittigidiyor.net/57128/tn120/571280236_tn120_0.jpg?159366,70.8,,Kizilay,Sparkling Flavoured Bottled Water,Caffeine: 25-50 mg; Flavour: apple; Juice Content: 0-2%; Pack Type: Bottle; Water Type: mineral; Carbonization: carbonated; Pack Material Type: Glass; Volume: 250
303197938,Cdiscount,France,pure apple juice organic 1 l peasants d' here,ethical pure apple juice of the lot and Garonne - 1l ethical pure apple juice of the lot and Garonne - 1l,"["""" home"""","""" daily"""","""" food - cdiscount at table"""","""" organic shop"""","""" organic drink""""]",https://www.cdiscount.com/au-quotidien/ethiquable-pur-jus-de-pomme-du-lot-et-garonne-1l/f-127-eth3760091729835.html,https://www.cdiscount.com/pdt2/8/3/5/1/300x300/eth3760091729835/rw/pur-jus-de-pomme-bio-1-l-paysans-d-ici.jpg,3.58,3760091729835,Ethiquable,Not from Concentrate 100% Juice,Volume: 1000; Pack Type: Bottle; Sustainable Sourcing: organic; Pack Material Type: Glass; Carbonization: still; Made From: apple; Juice Content: 100%; Flavour: apple
303744852,amazon,United Kingdom,Folkingtons Elderflower Sparkling Presse Cans - 12x250ml,,"[""""\"""" Fizzy Drinks\""""""""]",https://www.amazon.co.uk/Folkingtons-Elderflower-Sparkling-Presse-Cans/dp/B08BPB5MXC/ref=sr_1_1071?_encoding=UTF8&c=ts&dchild=1&keywords=Fizzy+Drinks&qid=1611307221&s=grocery&sr=1-1071&ts_id=359906031,https://m.media-amazon.com/images/I/812ttpMdUIL._AC_UL320_.jpg,19.99,,Folkington's,Other Non-Cola Carbonates,"Juice Content: 0-2%; Pack Material Type: Metal; Flavour: elderflower; Volume: 250; Carbonization: carbonated, sparkling"
306099631,amazon,France,vaivai - coconut water 100% natural no added sugar 1l - set of 3,"* drinks 
* juice 
* other fruits 
* VAIVAI 
* coconut water 100% natural no added sugar 1l 
, 
## product description 
### product description 
VAIVAI, l coconut water 100% natural coconut water is t","["""" grocery"""","""" coffee, tea and drinks"""","""" juice"""","""" coconut water""""]",https://www.amazon.fr/dp/B07QNH8CTY,https://m.media-amazon.com/images/I/417TCsxh3kL._AC_UL320_.jpg,36.99,,Vaïvaï,Coconut and Other Plant Waters,Pack Material Type: Paper / Carton; Volume: 1000; Naturally derived: natural; Water Type: coconut; Made From: coconut; Flavour: coconut; Carbonization: still; Health Claims: no added sugar; Juice Content: 100%; No Artificial Ingredients: no artificial preservatives
307214813,Gittigidiyor,Turkey,naso powder drink 96 qty 1.5 liters cold powder drink PEACH 4 boxes,,"["""" home page"""",""""supermarket"""",""""drink"""","""" cocktail syrups""""]",https://www.gittigidiyor.com/supermarket/nazo-toz-icecek-96-adet-1-5-litre-soguk-toz-icecek-seftali-4-kutu_pdp_573427450,https://mcdn01.gittigidiyor.net/57342/tn120/573427450_tn120_0.jpg?159487,124.9,,Nazo,Powder Concentrates,Flavour: peach; Concentrate Format: powder; Caffeine: 15-25 mg; Juice Content: 0-2%; Volume: 1500
307267070,Gittigidiyor,Turkey,Golden Fruit naso powder drink 20 pcs 1.5 liters cold concentrated powder drink 20 pieces PEACH,,"["""" home page"""",""""supermarket"""",""""drink"""","""" cocktail syrups""""]",https://www.gittigidiyor.com/supermarket/golden-fruit-nazo-toz-icecek-20-adet-1-5-litre-soguk-konsantre-toz-icecek-20-adet-seftali_pdp_573427462,https://mcdn01.gittigidiyor.net/57342/tn120/573427462_tn120_0.jpg?159487,15.9,,Nazo,Powder Concentrates,Pack Material Type: Flexible Pack; Volume: 1500; Count per Unit: 20; Concentrate Format: powder; Flavour: peach
308049674,amazon,USA,Niagara Purified Drinking Water Pallet (84 cases) - Lift Gate Required - Delivery To - Indiana - ( Must Select Correct State For Delivery & Please Choose Lift Gate Option),"* PLEASE SELECT YOUR STATE FOR DELIVERY FROM SIZE DROP DOWN. FAILURE TO SELECT THE CORRECT STATE MAY RESULT IN ORDER CANCELLATION. THANK YOU! 
* Please use the Color option to indicate if a Lift Gate ","["""" Grocery & Gourmet Food"""","""" Beverages"""","""" Bottled Beverages, Water & Drink Mixes"""","""" Drinking Water""""]",https://www.amazon.com/Niagara-Purified-Drinking-Water-Pallet/dp/B08BW31G7B/ref=sr_1_510?c=ts&keywords=Drinking+Water&qid=1650614337&s=grocery&sr=1-510&ts_id=16318651,https://m.media-amazon.com/images/I/51wsWj1CTaL._AC_UL320_.jpg,507.36,,Niagara,Still Bottled Water,Health Claims: hydrating; Juice Content: 0-2%; Water Type: purified; Carbonization: still; Pack Material Type: Paper / Carton; Sustainable Packaging: can be recycled
308130421,amazon,USA,Niagara Purified Drinking Water Pallet (84 cases) - Delivery To - New York - ( Must Select Correct State For Delivery & Please Choose Lift Gate Option),"* PLEASE SELECT YOUR STATE FOR DELIVERY FROM SIZE DROP DOWN. FAILURE TO SELECT THE CORRECT STATE MAY RESULT IN ORDER CANCELLATION. THANK YOU! 
* Please use the Color option to indicate if a Lift Gate ","["""" Grocery & Gourmet Food"""","""" Beverages"""","""" Bottled Beverages, Water & Drink Mixes"""","""" Drinking Water""""]",https://www.amazon.com/Niagara-Purified-Drinking-Water-Pallet/dp/B089579XKZ/ref=sr_1_356?c=ts&keywords=Drinking+Water&qid=1650614329&s=grocery&sr=1-356&ts_id=16318651,https://m.media-amazon.com/images/I/51wsWj1CTaL._AC_UL320_.jpg,775.5,,Niagara,Still Bottled Water,Health Claims: hydrating; Pack Material Type: Paper / Carton; Carbonization: still; Geographic Origin: united states; Water Type: purified; Juice Content: 0-2%; Sustainable Packaging: can be recycled
309236235,amazon,France,mont roucous - natural mineral water 12x25 Cl - sold by unit,"* drinks 
* waters 
* still waters 
* mont roucous 
* natural mineral water 12x25 Cl 
, 
## product description 
natural mineral water mont roucous. 
, 
natural mineral water mont roucous.","["""" grocery"""","""" coffee, tea and drinks"""","""" waters""""]",https://www.amazon.fr/gp/slredirect/picassoRedirect.html/ref=pa_sp_atf_next_grocery_sr_pg7_1?ie=UTF8&adId=A08448812RCLKBFQ190FW&url=%2FMONT-ROUCOUS-Min%25C3%25A9rale-Naturelle-12X25Cl%2Fdp%2FB082VB4L5X%2Fref%3Dsr_1_145_sspa%3Fc%3Dts%26keywords%3DEaux%26qid%3D1651238638%26s%3Dgrocery%26sr%3D1-145-spons%26ts_id%3D6357093031%26psc%3D1&qualifier=1651238638&id=1334654285626391&widgetName=sp_atf_next,https://m.media-amazon.com/images/I/415PgNeq-VL._AC_UL320_.jpg,31.86,,Mont Roucous,Still Bottled Water,"Juice Content: 0-2%; Pack Material Type: Flexible Pack; Pack Type: Pouch; Volume: 250; Naturally derived: natural minerals, natural; Water Type: mineral; Carbonization: still"
312102291,Gittigidiyor,Turkey,to the foe watermelon cold powder drink juice 24 x 1.5 liters,,"["""" home page"""",""""supermarket"""",""""drink"""","""" still drinks""""]",https://www.gittigidiyor.com/supermarket/mahbuba-karpuz-soguk-toz-icecek-meyve-suyu-24-x-1-5-litre_pdp_579243556,https://mcdn01.gittigidiyor.net/57924/tn120/579243556_tn120_0.jpg?159548,23.9,,Mahbuba,Juice Drinks (up to 24% Juice),Made From: watermelon; Volume: 1500; Flavour: watermelon; Juice Content: 0-2%; Carbonization: still
312244158,Mat Smart,Finland,Smoothie raspberry & pomegranate,raspberry and granaattiomenanmakuinen ateriankorvikesmoothie.,"["""" drinks toggle menu"""","""" juice & smoothies""""]",https://www.matsmart.fi/naturdiet-rasberrypomegranate,https://cdn2.matsmart.se/sites/se/files/products/naturdiet_raspberry_pomegranate_2.jpg,0.99,7350028546695,Naturdiet,Not from Concentrate 100% Juice,"Juice Features: smoothie; Flavour: pomegranate, raspberry; Pack Material Type: Paper / Carton; Volume: 330; Made From: pomegranate, raspberry; Carbonization: still; Pack Type: Liquid Carton; Juice Content: 100%"
313730681,amazon,United Kingdom,Booch & Brew Award Winning Vegan Kombucha - Strawberry and Mint Flavour - 24 x 300ml Raw Unpasteurised Kombucha Drink with No Artificial Nasties - Non- Alcoholic Kombucha Tea Drink,* BUBBLES WITH BENEFITS - You want a premium Kombucha that's traditionally fermented with the purest quality ingredients. Booch & Brew contains only 4 premium ingredients: organic loose leaf green & b,"["""" Grocery"""","""" Drinks"""","""" Chilled Drinks""""]",https://www.amazon.co.uk/Booch-Brew-Award-Winning-Kombucha/dp/B08BS33K7Z/ref=zg_bs_14096873031_91?_encoding=UTF8&psc=1&refRID=CHABYMVWG01127C44CYR,"https://images-eu.ssl-images-amazon.com/images/I/61PHl3zZ9VL._AC_UL200_SR200,200_.jpg",,,Booch,Carbonated RTD Tea and Kombucha,"Pack Material Type: Glass; Sustainable Sourcing: organic; Flavour: strawberry, tea, mint; Volume: 300; Juice Content: 0-2%; Immune Support Ingredients: antioxidants; Free From: no alcohol; No Artificial Ingredients: no artificial sweeteners; Pack Type: Bottle; Caffeine: 150-200 mg; Sweetener: cane sugar, stevia; Health Claims: no sugar, digestive health, low sugar, antioxidant; Tea Type: loose leaf, green, black; Naturally derived: natural flavours, natural"
318287896,amazon,USA,"ASPIRE Healthy Energy Drink - Orange Pineapple, Peach Tea Lemonade - Zero Sugar, Calories or Carbs - Keto, Vegan, Kosher - Contains Natural Caffeine, Vitamins B & C - No Jitters or Crash - 12oz Cans","* HEALTHY ENERGY: Customer will receive 2 packs of 12 - 12 fl. oz slim cans of ASPIRE Orange Pineapple, & Peach Tea Lemonade lightly sparkling and refreshing beverages. We believe you should enjoy eve","["""" Grocery & Gourmet Food"""","""" Beverages"""","""" Bottled Beverages, Water & Drink Mixes"""","""" Energy Drinks""""]",https://www.amazon.com/ASPIRE-Healthy-Energy-Drink-Pineapple/dp/B08F9R5XW6/ref=sr_1_2649?dchild=1&qid=1601539885&s=grocery&sr=1-2649,https://m.media-amazon.com/images/I/71Gzv9IhM4L._AC_UL320_.jpg,48.99,,Aspire,Energy Drinks,"Immune Support Ingredients: vitamin c; No Artificial Ingredients: no artificial colours, no artificial flavours, no gmo; Volume: 355; Diets: kosher; Juice Content: 0-2%; Health Claims: good source of vitamins, energy boosting, no calories, no sugar; Free From: no caffeine; Pack Material Type: Metal; Sports Positioning: pre-workout; Naturally derived: natural; Flavour: orange, tea, pineapple, peach, lemon; Caffeine: 15-25 mg; Carbonization: sparkling; Energy Source: green tea, guarana"
318896909,Fred Meyer Stores,USA,Frostie Root Beer,,"["""" Beverages"""","""" Soda & Pop""""]",https://www.fredmeyer.com/p/frostie-root-beer/0079367481050,https://www.kroger.com/product/images/medium/front/0079367481050,1.69,793674810500,Frostie,Other Non-Cola Carbonates,Naturally derived: natural flavours; Volume: 355; Sweetener: cane sugar; Carbonization: carbonated; Pack Material Type: Glass; Pack Type: Bottle; Water Type: pure; Juice Content: 0-2%
318975195,Target,USA,Yerbae Strawberry Kiwi Enhanced Sparkling Water - 12 fl oz Can,"undefined 
[ingredients_start]
 Does Not Contain Any of the 8 Major Allergens, Form: Liquid, 
[ingredients_end]
State of Readiness: Ready to Drink, Store: Room Temperature, Package Quantity: 1, Packag","["""" Target"""","""" Grocery"""","""" Beverages"""","""" Water""""]",https://www.target.com/p/yerbae-strawberry-kiwi-enhanced-sparkling-water-12-fl-oz-can/-/A-54575850#lnk=sametab,https://target.scene7.com/is/image/Target/GUEST_c94308c7-add7-4d50-9199-67dafba20f49,1.99,853156007139,Yerbae,Sparkling Flavoured Bottled Water,"Volume: 355; Pack Material Type: Metal; Flavour: strawberry, kiwi; Energy Source: yerba mate; Carbonization: carbonated, sparkling; Naturally derived: natural flavours; Juice Content: 0-2%"
320152447,Gittigidiyor,Turkey,bracing C Plus lemon flavored mineral water 6 x 200 ml,,"["""" home page"""",""""supermarket"""",""""drink"""","""" carbonated drinks""""]",https://www.gittigidiyor.com/supermarket/fresa-c-plus-limon-aromali-maden-suyu-6-x-200-ml_pdp_584304538,https://mcdn01.gittigidiyor.net/58430/tn120/584304538_tn120_0.jpg?159729,22.43,,Fresa,Functional Bottled Water,"Flavour: lemon; Volume: 200; Pack Material Type: Flexible Pack; Carbonization: carbonated; Pack Type: Pouch; Water Type: flavoured, mineral; Juice Content: 0-2%"
322330635,Target,USA,Aspire Healthy Energy Cranberry - 4pk / 12 fl oz Cans,"undefined 
[ingredients_start]
 Does Not Contain Any of the 8 Major Allergens, Form: Liquid, 
[ingredients_end]
State of Readiness: Ready to Drink, Package Quantity: 4, Caffeine claim 1: Caffeinated, ","["""" Target"""","""" Grocery"""","""" Beverages"""","""" Energy & Sports Drinks""""]",https://www.target.com/p/aspire-healthy-energy-cranberry-4pk-12-fl-oz-cans/-/A-52903695#lnk=sametab,https://target.scene7.com/is/image/Target/GUEST_654c653d-d49e-4e62-b0f2-47838b7972a1?wid=1701&hei=1701&fmt=webp,6.99,867657000018,Aspire,Energy Drinks,Sweetener: sucralose; Volume: 355; Health Claims: energy boosting; Immune Support Ingredients: vitamin c; Flavour: cranberry; Pack Material Type: Paper / Carton; Contains Minerals: calcium; Energy Source: green tea; Naturally derived: natural flavours; Caffeine: 25-50 mg; Juice Content: 0-2%
325505558,Gittigidiyor,Turkey,gulsah beverage powder kiwi,,"["""" home page"""",""""supermarket"""",""""drink"""","""" still drinks""""]",https://www.gittigidiyor.com/supermarket/gulsah-icecek-tozu-kivi_pdp_604720639,https://mcdn01.gittigidiyor.net/58834/tn120/588347913_tn120_0.jpg?159850,25.25,,Gülşah,Powder Concentrates,Pack Type: Bag/Packet; Flavour: kiwi; Concentrate Format: powder; Juice Content: 0-2%; Pack Material Type: Flexible Pack
328230518,amazon,Germany,Carrot Juice 1 x 1 Litre,"* packing quantity: (1 x 1000 ml) 
* Bio- certification: EG- Bio 
› more product details , 
## product descriptions 
size: 1 x 1000 ml 
### product descriptions 
processing: Bio-Mohrensaft offers pure","["""" Any Category"""","""" Grocery"""","""" Drinks"""","""" juice & smoothies"""","""" Fruit Juice""""]",https://www.amazon.de/dp/B003UO735S,https://m.media-amazon.com/images/I/51FLc6pzVML._AC_UL320_.jpg,3.1,,Dennree,Not from Concentrate 100% Juice,"Volume: 1000; Juice Features: smoothie; Sustainable Sourcing: organic; Flavour: carrot; Pack Type: Bottle; Pack Material Type: Glass; Juice Content: 100%; Made From: lemon, carrot; Carbonization: still"
330203227,Gittigidiyor,Turkey,old victory soda tangerine flavored 6 pieces x 200 ml soda,,"["""" home page"""",""""supermarket"""",""""drink"""","""" carbonated drinks""""]",https://www.gittigidiyor.com/supermarket/eski-zafer-gazoz-mandalina-aromali-6-adet-x-200-ml-gazoz_pdp_592129413,https://mcdn01.gittigidiyor.net/59212/tn50/592129413_tn50_1.jpg,34.39,,Zafer,Other Non-Cola Carbonates,Flavour: tangerine; Carbonization: carbonated; Volume: 200; Juice Content: 0-2%; Pack Type: Bottle; Pack Material Type: Glass
330743724,Gittigidiyor,Turkey,arifoglu organic gilaburu nectar 1000ml,,"[""""supermarket, pet"""",""""beverages"""","""" other drinks""""]",https://www.gittigidiyor.com/supermarket/arifoglu-organik-gilaburu-nektari-1000ml_pdp_606378827,https://mcdn01.gittigidiyor.net/59230/tn120/592309583_tn120_0.jpg?160031,44.9,,Arifoglu,Nectars,Juice Content: 0-2%; Sustainable Sourcing: organic; Carbonization: still; Volume: 1000; Pack Material Type: Glass; Pack Type: Bottle
336020772,MatHem,Sweden,Juice Sun Power 850ml good morning,Sun Power contains vitamin C for the immune system as well as vitamin D as reduces fatigue and strengthens the skeleton.,"["""" dairy, cheese & juice"""","""" juice & fruit drinks"""","""" orange juice""""]",https://www.mathem.se/varor/apelsinjuice/juice-sun-power-850ml-god-morgon,https://static.mathem.se/shared/images/products/large/juice-sun-power-850ml-god-morgon.jpg,28.95,7313619001584,God Morgon,Not from Concentrate 100% Juice,"Health Claims: immune system health, fatigue relief; Juice Content: 100%; Immune Support Ingredients: vitamin c; Pack Type: Bottle; Pack Material Type: Plastic; Made From: orange, carrot, apple; Volume: 850; Juice Features: from concentrate, pasteurized, with pulp; Carbonization: still"
339097088,Carrefour,France,blackcurrant juice 50cl - prosain prosain,"True ; 
[ingredients_start]
blackcurrant juice*.
[ingredients_end]

* ingredients from organic farming","["""" alcohol-free drinks"""","""" juice fruits and vegetables"""","""" exotic juices and cocktails""""]",https://www.carrefour.fr/p/jus-de-cassis-50cl-prosain-3335880007908?t=27070&s=2136,https://www.carrefour.frhttps://media.carrefour.fr/medias/83ba621b485c3d4687feeeb9e22f9b24/p_540x540/9fc3790997ba42259b0080bf5b9448c5-image.jpg,5.39,3335880007908,Prosain,Reconstituted 100% Juice,Flavour: blackcurrant; Volume: 500; Made From: blackcurrant; Pack Material Type: Glass; Carbonization: still; Juice Content: 100%; Sustainable Sourcing: organic; Pack Type: Bottle
339228053,Shopping24,Germany,aronia juice 100% organic direct juice 330 ml - free shipping from 20€,"* delivery time: 3 days 
* for whom: Unisex 
aronia juice 100% organic direct juice pzn: 10708148 aleavedis naturprodukte gmbh 330 ml product description follows.","["""" beauty""""]",https://www.shopping24.de/products/aroniasaft-100-bio-direktsaft-330-ml-versandkostenfrei-ab-20eur-2941408305,https://pics.shopping24.de/2000x2000/2535474997,7.98,,Aroniasaft,Not from Concentrate 100% Juice,Pack Material Type: Paper / Carton; Made From: aronia berry; Flavour: aronia; Carbonization: still; Volume: 330; Sustainable Sourcing: organic; Juice Content: 100%
339267188,Carrefour,France,syrup pure cane blueberry 50cl - mullion mullion house,"True ; 
[ingredients_start]
brown cane sugar d' south america**, eau, juice simple blueberry*11%, concentrated lemon juice*5%, natural aroma of blueberry*
[ingredients_end]

*ingredients from organic ","["""" alcohol-free drinks"""","""" syrups and drinks concentrated"""","""" syrups""""]",https://www.carrefour.fr/p/sirop-pur-canne-myrtille-50cl-meneau-3274490970434,https://www.carrefour.frhttps://media.carrefour.fr/medias/812bf7c1d37c38e899c2915e9614024e/p_540x540/5b0e174777044b7d80d8ab2cc549ed19-image.jpg,9.1,3274490970434,Meneau,Liquid Concentrates,Flavour: blueberry; Sweetener: cane sugar; Pack Type: Bottle; Naturally derived: natural fragrances; Sustainable Sourcing: organic; Pack Material Type: Glass; Volume: 500
339334884,Carrefour,France,mint sirup 50cl - mullion mullion house,"True ; 
[ingredients_start]
brown cane sugar d' south america**, eau, natural mint flavor (of which extract natural mint*)
[ingredients_end]

*ingredients from organic farming.","["""" alcohol-free drinks"""","""" syrups and drinks concentrated"""","""" syrups""""]",https://www.carrefour.fr/p/sirop-de-menthe-50cl-meneau-3274490970212,https://www.carrefour.frhttps://media.carrefour.fr/medias/da54934fae4f3024a671efe62ac19222/p_540x540/86cb5496ed194489aab36163fafc5922-image.jpg,7.09,3274490970212,Meneau,Liquid Concentrates,"Sustainable Sourcing: organic; Pack Type: Bottle; Sweetener: cane sugar; Pack Material Type: Glass; Naturally derived: natural flavours, natural; Volume: 500; Flavour: mint; Juice Content: 0-2%"
339501214,Spar,Norway,ginger Shot 0.5l bottle rynkeby,"Vitamin C 40mg*
*50% of daily reference intake.
producer: foodbroker as
brand: rynkeby
country of origin: denmark
ean: 5705001432052","["""" online store"""","""" drink"""","""" Juice""""]",https://spar.no/nettbutikk/varer/drikke/juice/ingefaer-shot-5705001432052,https://bilder.ngdata.no/5705001432052/kmh/large.jpg?fallback=404&foretrekk=bedark,59.9,5705001432052,Rynkeby,Not from Concentrate 100% Juice,"Volume: 500; Carbonization: still; Geographic Origin: denmark; Flavour: ginger; Made From: apple, lemon, ginger; Juice Features: from concentrate, pasteurized; Pack Material Type: Glass; Pack Type: Bottle; Immune Support Ingredients: vitamin c, ginger; Juice Content: 100%"
340185648,IGA,Canada,wild summer Smoothie,,"[""""IGA"""","""" Online Grocery"""","""" Products"""","""" Produce"""","""" Refrigerated Products"""","""" Juices, Dressings & Dips""""]",https://www.iga.net/en/product/smoothiewild-summer/00000_000000005671990027,https://sbs-prd-cdn-products.azureedge.net/media/image/product/en/medium/0005671990027.jpg,7.99,,Loop,Not from Concentrate 100% Juice,Pack Material Type: Plastic; Volume: 1000; Juice Features: smoothie; Juice Content: 100%; Pack Type: Liquid Carton
341083123,Coop,Sweden,Juice rhubarb & beetroot,healthy beetroot with a balanced acidity from rhubarb,"["""" act"""","""" drink"""","""" Juice - milk drink"""","""" ready-to-drink juice""""]",https://www.coop.se/handla/varor/dryck/juice-fruktdryck/gronsaksjuice/juice-rabarber-rodbeta-7314720718606,https://res.cloudinary.com/coopsverige/image/upload/400005.jpg,24,7314720718606,Kiviks Musteri,Not from Concentrate 100% Juice,"Pack Material Type: Paper / Carton; Juice Features: from concentrate; Carbonization: still; Volume: 750; Flavour: beet, rhubarb; Juice Content: 100%; Made From: beet, rhubarb"
342664498,Auchandrive,France,organic planet apibul apple juice raspberries sparkling 75cl,"ref / EAN :
99100160
/ 2004991001600","["""" organic and green"""",""""grocery, organic drinks"""","""" alcohol-free drinks""""]",https://www.auchan.fr/planet-bio-apibul-jus-de-pommes-framboises-petillant-75cl/pr-99100160,https://media.auchan.fr/CLDRIVE99100160_1200x1200/B2CD/,,2004991001600,Planet Bio,Not from Concentrate 100% Juice,"Carbonization: sparkling; Pack Type: Bottle; Juice Content: 100%; Volume: 750; Pack Material Type: Glass; Sustainable Sourcing: organic; Made From: apple, raspberry; Flavour: apple, raspberry"
343539169,amazon,France,Thirsty Planet | spring water - always | 11 x 330 ml,"* Eau of spring - Still. 
* Vegan 
* known bar codes : 5060146710077, 5060146711135. 
, 
## product description 
Thirsty Planet | spring water - Still | 11 x 330ml 
this product is : 
ingredients: spr","["""" grocery"""","""" coffee, tea and drinks"""","""" waters""""]",https://www.amazon.fr/Thirsty-Planet-Eau-source-Toujours/dp/B084G7PVCR/ref=sr_1_326?_encoding=UTF8&c=ts&dchild=1&keywords=Eaux&qid=1606279306&s=grocery&sr=1-326&ts_id=6357093031,https://m.media-amazon.com/images/I/31ZHk1LFasL._AC_UL320_.jpg,28.78,,Thirsty Planet,Still Bottled Water,Water Type: spring; Juice Content: 0-2%; Volume: 330; Pack Type: Bottle; Carbonization: still
343567323,amazon,France,Aqua Pacific | mineral water artesian | 17 x 330ml,"* mineral water artisanal. 
, 
## product description 
Aqua Pacific | mineral water artesian | 17 x 330ml 
see website from the manufacturer to know the ingredients and / or up-to-date content (UK) 
,","["""" grocery"""","""" coffee, tea and drinks"""","""" waters""""]",https://www.amazon.fr/Aqua-Pacific-min%C3%A9rale-art%C3%A9sienne-330ml/dp/B084G7J6DT/ref=sr_1_362?_encoding=UTF8&c=ts&dchild=1&keywords=Eaux&qid=1607315949&s=grocery&sr=1-362&ts_id=6357093031,https://m.media-amazon.com/images/I/61GwwRFmWYL._AC_UL320_.jpg,39.34,,Aqua Pacific,Still Bottled Water,"Caffeine: 15-25 mg; Volume: 330; Pack Material Type: Plastic; Juice Content: 0-2%; Carbonization: still; Pack Type: Bottle; Water Type: mineral, artesian"
34498331,Kroger,USA,Dr. Brown's Cream Soda,,"["""" Grocery"""","""" Beverages"""","""" Soda & Pop""""]",https://www.kroger.com/p/dr-brown-s-cream-soda/0007397010207,https://www.kroger.com/product/images/large/top/0007397010207,,73970102074,Dr Brown's,Other Non-Cola Carbonates,Pack Material Type: Metal; Volume: 355; Juice Content: 0-2%; Pack Type: Can
345514213,amazon,USA,"LUV BOX- variety Energy drink 16 oz. pack of 12 , Adrenaline Shoc Smart Energy Shoc wave , VENOM BLACK CHERRY KIWI ENERGY DRINK , MONSTER ENERGY CANS .by evaxo",", 
## Product description 
LUV BOX- variety Energy drink 16 oz. pack of 12 , Adrenaline Shoc Smart Energy Shoc wave , VENOM BLACK CHERRY KIWI ENERGY DRINK , MONSTER ENERGY CANS .#N 
, 
LUV BOX- variet","["""" Grocery & Gourmet Food"""","""" Beverages"""","""" Bottled Beverages, Water & Drink Mixes"""","""" Soda Soft Drinks""""]",https://www.amazon.com/variety-Energy-Adrenaline-CHERRY-MONSTER/dp/B08KNSKCDF/ref=sr_1_6283?c=ts&keywords=Soda+Soft+Drinks&qid=1702092397&s=grocery&sr=1-6283&ts_id=16318231,https://m.media-amazon.com/images/I/61EpPDaqT7L._AC_UL320_.jpg,46,,Adrenaline Shoc,Energy Drinks,"Health Claims: energy boosting; Flavour: kiwi, cherry; Volume: 473; Juice Content: 0-2%; Pack Material Type: Plastic"
346738333,waitrose,United Kingdom,Mockingbird Raw Press Raw Greens Virgin Smoothie Large,"Great taste 2023. Crafted with kiwi, pear, kale, spinach, broccoli apple + Vitamin C. Made with 68 kcal Per Serve. Cold- Pressed Fruit & Veg for Taste & Nutrition. High in Vitamin C. 10 Plant Varietie","["""" Groceries"""","""" Fresh & Chilled"""","""" Chilled Juice, Smoothies & Drinks"""","""" Chilled Juices"""","""" Other Fruit Juice""""]",https://www.waitrose.com/ecom/products/mockingbird-raw-press-raw-greens-virgin-smoothie-large/711761-741300-741301,https://ecom-su-static-prod.wtrecom.com/images/products/9/LN_711761_BP_9.jpg,4.75,,Mockingbird,Not from Concentrate 100% Juice,"Naturally derived: natural; Volume: 750; Pack Material Type: Plastic; Made From: banana, pear, kale, kiwi, apple, spinach, lemon, broccoli; Juice Content: 100%; Juice Features: cold press, smoothie; Health Claims: no added sugar, good source of vitamins, immune system health, superfood; Carbonization: still; Immune Support Ingredients: vitamin c; Caffeine: 15-25 mg"
347275642,Target,USA,Diet Sun Drop Soda - 6pk / 0.5 L Bottles,"undefined 
[ingredients_start]
 Does Not Contain Any of the 8 Major Allergens, Dietary Needs: Diet, Form: Liquid, 
[ingredients_end]
State of Readiness: Ready to Drink, Package Quantity: 6, Package ty","["""" Target"""","""" Grocery"""","""" Beverages"""","""" Soda & Pop""""]",https://www.target.com/p/diet-sun-drop-soda-6pk-0-5-l-bottles/-/A-47098905#lnk=sametab,https://target.scene7.com/is/image/Target/GUEST_fb4f89ef-a754-464d-8a0f-7c8be4933d53,3.19,78000231427,Sundrop,Other Non-Cola Carbonates,Volume: 500; Naturally derived: natural flavours; Pack Type: Bottle; Caffeine: 15-25 mg; Pack Material Type: Plastic; Sweetener: aspartame; Juice Content: 0-2%; Carbonization: carbonated
348818468,Courses U,France,"pure juice mango passion organic apple ethical, 75cl","## more details 
* ### usage tips 
shake before opening 
* ### further information 
* peru - ecuador and MADAGASCAR 
* net weight: 0.75 kg 
* ethical 
* A st laurent 
* 32500 
* FLOWER 
* fr","["""" organic, dietetic, fair"""","""" drinks"""","""" juice and syrups""""]",https://www.coursesu.com/p/pur-jus-mangue-passion-pomme-bio-ethiquable-75cl/3853731.html,https://www.coursesu.com/dw/image/v2/BBQX_PRD/on/demandware.static/-/Sites-digitalu-master-catalog/default/dwab18801d/3760278861228_A_3853731_S01.png?sw=180&sh=180&sm=fit,4.25,3760278861228,Ethiquable,Not from Concentrate 100% Juice,"Pack Type: Bottle; Volume: 750; Pack Material Type: Glass; Juice Content: 100%; Made From: apple, pineapple, passion fruit, mango; Flavour: apple, mango; Carbonization: still; Sustainable Sourcing: fairtrade, organic"
351150701,Hipercor,Spain,TAMPICO soda of mango without gas bottle 1.5 l,,"["""" drinks"""","""" water, soft drinks and juices"""","""" soft drinks and soda"""","""" refreshments various""""]",https://www.hipercor.es/supermercado/0110118633800869-tampico-refresco-de-mango-sin-gas-botella-15-l/,https://sgfm.elcorteingles.es/SGFM/dctm/MEDIA03/202009/16/00118633800869____1__600x600.jpg,1.64,,Tampico,Other Non-Cola Carbonates,Juice Content: 0-2%; Volume: 1500; Pack Material Type: Plastic; Pack Type: Bottle; Flavour: mango
351170357,Gittigidiyor,Turkey,black bruin energy drink 250 ml (24 pcs),,"["""" home page"""",""""supermarket"""",""""drink"""","""" carbonated drinks""""]",https://www.gittigidiyor.com/supermarket/black-bruin-enerji-i-cecegi-250-ml-24-adet_pdp_621184660,https://mcdn01.gittigidiyor.net/61265/tn120/612656940_tn120_0.jpg?160291,70.9,,Black Bruin,Energy Drinks,Volume: 250; Caffeine: 25-50 mg; Juice Content: 0-2%; Health Claims: energy boosting; Pack Material Type: Metal; Carbonization: carbonated
351319158,Gittigidiyor,Turkey,Dark blue energy flower 500 ml 24 pcs,,"["""" home page"""",""""supermarket"""",""""drink"""","""" carbonated drinks""""]",https://www.gittigidiyor.com/supermarket/dark-blue-enerji-i-cecegi-500-ml-24-adet_pdp_627556407,https://mcdn01.gittigidiyor.net/61302/tn120/613020826_tn120_0.jpg?160371,76.9,,Dark Blue,Energy Drinks,Pack Material Type: Metal; Volume: 500; Health Claims: energy boosting; Carbonization: carbonated; Juice Content: 0-2%
351797252,amazon,USA,Niagara Purified Drinking Water Pallet (84 cases) - Lift Gate Required - Delivery To - Minnesota - ( Must Select Correct State For Delivery & Please Choose Lift Gate Option),"* Niagara Purified Drinking Water is just that: water, not hype. We provide hydration at a great value; Now That's Refreshing 
* Our industry leading sustainability initiatives ensure that our Eco- Ai","["""" Grocery & Gourmet Food"""","""" Beverages"""","""" Bottled Beverages, Water & Drink Mixes"""","""" Drinking Water""""]",https://www.amazon.com/Niagara-Purified-Drinking-Water-Pallet/dp/B08BW38CYR/ref=sr_1_509?c=ts&keywords=Drinking+Water&qid=1650614337&s=grocery&sr=1-509&ts_id=16318651,https://m.media-amazon.com/images/I/51wsWj1CTaL._AC_UL320_.jpg,574.08,,Niagara,Still Bottled Water,Caffeine: 15-25 mg; Health Claims: hydrating; Pack Material Type: Paper / Carton; Juice Content: 0-2%; Carbonization: still; Environmentally Friendly: environmentally friendly; Water Type: purified; Geographic Origin: united states; Sustainable Packaging: can be recycled
351896814,amazon,USA,Niagara Purified Drinking Water Pallet (84 cases) - Delivery To - Delaware - ( Must Select Correct State For Delivery & Please Choose Lift Gate Option),"* Niagara Purified Drinking Water is just that: water, not hype. We provide hydration at a great value; Now That's Refreshing 
* Our industry leading sustainability initiatives ensure that our Eco- Ai","["""" Grocery & Gourmet Food"""","""" Beverages"""","""" Bottled Beverages, Water & Drink Mixes"""","""" Drinking Water""""]",https://www.amazon.com/Niagara-Purified-Drinking-Water-Pallet/dp/B08958JVZJ/ref=sr_1_469?c=ts&keywords=Drinking+Water&qid=1650614335&s=grocery&sr=1-469&ts_id=16318651,https://m.media-amazon.com/images/I/51wsWj1CTaL._AC_UL320_.jpg,590.88,,Niagara,Still Bottled Water,Environmentally Friendly: environmentally friendly; Sustainable Packaging: can be recycled; Water Type: purified; Health Claims: hydrating; Pack Material Type: Paper / Carton; Carbonization: still; Juice Content: 0-2%; Caffeine: 15-25 mg
351935347,amazon,USA,"LUV BOX VARIETY SAVIA ALOE VERA DRINK 16.9 FL OZ. PACK OF 12 , SAVIA ALOE VERA WATERMELON DRINK , SAVIA ALOE VERA APPLE DRINK. by evaxo",", 
## Product description 
LUV BOX VARIETY SAVIA ALOE VERA DRINK 16.9 FL OZ. PACK OF 12 , SAVIA ALOE VERA WATERMELON DRINK , SAVIA ALOE VERA APPLE DRINK. #N 
, 
LUV BOX VARIETY SAVIA ALOE VERA DRINK 1","["""" Beverages"""","""" Bottled Beverages, Water & Drink Mixes"""","""" Soft Drinks""""]",https://www.amazon.com/VARIETY-SAVIA-DRINK-WATERMELON-DRINK/dp/B08LBTW7P6/ref=sr_1_9575?qid=1664783023&s=grocery&sr=1-9575,https://m.media-amazon.com/images/I/61WMwIHzzsL._AC_UL320_.jpg,43,,Savia,Coconut and Other Plant Waters,"Water Type: aloe vera; Juice Content: 0-2%; Carbonization: still; Volume: 500; Pack Type: Bottle; Flavour: apple, watermelon; Made From: apple, aloe vera, watermelon"
352324640,amazon,USA,"LUV BOX VARIETY SAVIA ALOE VERA DRINK 16.9 FL OZ. PACK OF 12 , SAVIA ALOE VERA POMEGRANATE DRINK , SAVIA ALOE VERA KIWI DRINK. by evaxo",", 
## Product description 
LUV BOX VARIETY SAVIA ALOE VERA DRINK 16.9 FL OZ. PACK OF 12 , SAVIA ALOE VERA POMEGRANATE DRINK , SAVIA ALOE VERA KIWI DRINK. #N 
, 
LUV BOX VARIETY SAVIA ALOE VERA DRINK 1","["""" Beverages"""","""" Bottled Beverages, Water & Drink Mixes"""","""" Soft Drinks""""]",https://www.amazon.com/VARIETY-SAVIA-DRINK-POMEGRANATE-DRINK/dp/B08LDY5X2J/ref=sr_1_4998?qid=1664782733&s=grocery&sr=1-4998,https://m.media-amazon.com/images/I/61ZsTZaZXeL._AC_UL320_.jpg,44,,Savia,Coconut and Other Plant Waters,"Flavour: kiwi, pomegranate; Made From: aloe vera, kiwi, pomegranate; Volume: 500; Water Type: aloe vera; Juice Content: 0-2%; Pack Material Type: Paper / Carton; Pack Type: Can; Carbonization: still"
352617036,amazon,USA,"Vitamin Water Zero Shine Water, Strawberry Lemonade, 20 Ounce (24 Bottles)",", 
## Product description 
Vitamin Water Zero Shine Water, Strawberry Lemonade, 20 Ounce (24 Bottles) … 
, 
Vitamin Water Zero Shine Water, Strawberry Lemonade, 20 Ounce (24 Bottles) …","["""" Grocery & Gourmet Food"""","""" Beverages"""","""" Bottled Beverages, Water & Drink Mixes"""","""" Drinking Water""""]",https://www.amazon.com/dp/B01FG5FPAI,https://m.media-amazon.com/images/I/21KXsUzPHuL._AC_UL320_.jpg,54.99,,Shine Water,Still Flavoured Bottled Water,"Juice Content: 0-2%; Carbonization: still; Pack Type: Bottle; Pack Material Type: Plastic; Volume: 591; Flavour: strawberry, lemon"
352634480,amazon,USA,Manzanita Sol Apple Soda 12oz Cans (12 Pack) by Pepsi Goinsane,",","["""" Any Department"""","""" Grocery & Gourmet Food"""","""" Beverages"""","""" Bottled Beverages, Water & Drink Mixes"""","""" Soft Drinks""""]",https://www.amazon.com/dp/B01K861TYG,https://m.media-amazon.com/images/I/71KebNUY2hL._AC_UL320_.jpg,20.18,,Manzanita Sol,Other Non-Cola Carbonates,Carbonization: carbonated; Volume: 355; Pack Material Type: Paper / Carton; Juice Content: 0-2%; Flavour: apple
355972020,amazon,USA,"LUV BOX- variety Everfresh Juice 16 oz. pack of 8 , Everfresh Cranberry Apple , Everfresh Peach Plum Pear. by evaxo",", 
## Product description 
LUV BOX- variety Everfresh Juice 16 oz. pack of 8 , Everfresh Cranberry Apple , Everfresh Peach Plum Pear. #N 
, 
LUV BOX- variety Everfresh Juice 16 oz. pack of 8 , Everfre","["""" Grocery & Gourmet Food"""","""" Beverages"""","""" Bottled Beverages, Water & Drink Mixes"""","""" Juices""""]",https://www.amazon.com/variety-Everfresh-Juice-Cranberry-Apple/dp/B08LXTWF5R/ref=sr_1_1067?c=ts&keywords=Juices&qid=1701231678&s=grocery&sr=1-1067&ts_id=16318171,https://m.media-amazon.com/images/I/61tgSiShCRL._AC_UL320_.jpg,35,,Everfresh,Juice Drinks (up to 24% Juice),"Volume: 473; Juice Content: 15-25%; Flavour: peach, apple, plum, pear, cranberry; Pack Material Type: Plastic; Made From: peach, apple, plum, pear, cranberry; Carbonization: still"
356075621,amazon,USA,"LUV BOX- variety Everfresh Juice 16 oz. pack of 8 , Everfresh Cranberry Apple , Everfresh Mango Carrot. by evaxo",", 
## Product description 
LUV BOX- variety Everfresh Juice 16 oz. pack of 8 , Everfresh Cranberry Apple , Everfresh Mango Carrot. #N 
, 
LUV BOX- variety Everfresh Juice 16 oz. pack of 8 , Everfresh ","["""" Grocery & Gourmet Food"""","""" Beverages"""","""" Bottled Beverages, Water & Drink Mixes"""","""" Juices""""]",https://www.amazon.com/variety-Everfresh-Juice-Cranberry-Carrot/dp/B08LY9F5WZ/ref=sr_1_3342?c=ts&keywords=Juices&qid=1702006015&s=grocery&sr=1-3342&ts_id=16318171,https://m.media-amazon.com/images/I/61WUY5RMXUL._AC_UL320_.jpg,43,,Everfresh,Juice Drinks (up to 24% Juice),"Volume: 473; Flavour: carrot, apple, cranberry, mango; Carbonization: still; Juice Content: 15-25%; Made From: carrot, apple, cranberry, mango; Pack Type: Bottle"
356938156,amazon,France,Equinox | kombucha Ginger | 16 x 275ml,",","["""" grocery"""","""" coffee, tea and drinks"""","""" tea, infusion and hot chocolate"""","""" tea and infusions""""]",https://www.amazon.fr/Equinox-Kombucha-Ginger-16-275ml/dp/B01EPYW4CI/ref=sr_1_6631?dchild=1&qid=1603947859&s=grocery&sr=1-6631,https://m.media-amazon.com/images/I/51MYnioxdQL._AC_UL320_.jpg,63.63,,Equinox,Carbonated RTD Tea and Kombucha,Juice Content: 0-2%; Pack Type: Bottle; Immune Support Ingredients: ginger; Pack Material Type: Glass; Volume: 275; Flavour: ginger
357143837,amazon,United Kingdom,Matcha Powder for Milky Bubble Tea (500 g),",","["""" Grocery"""","""" Drinks"""","""" Bubble Tea Products"""","""" Bubble Tea""""]",https://www.amazon.co.uk/Matcha-Powder-Milky-Bubble-Tea/dp/B08L7V9FZT/ref=sr_1_242?c=ts&keywords=Bubble+Tea&qid=1660010677&s=grocery&sr=1-242&ts_id=2140888031,https://m.media-amazon.com/images/I/61+PVX2d-NL._AC_UL320_.jpg,9.4,,Bubble Mania,Powder Concentrates,Pack Material Type: Flexible Pack; Juice Content: 0-2%; Flavour: tea; Concentrate Format: powder; Weight: 500
357258182,amazon,Spain,Creamer original powder for bubble tea | powder for milky bubble tea (1000 g),",","["""" alimentation and drinks"""","""" coffee, tea and drinks"""",""""tea"""",""""bubble tea""""]",https://www.amazon.es/Creamer-original-burbujas-powder-bubble/dp/B08L885CRN/ref=sr_1_285?qid=1641964106&s=grocery&sr=1-285,https://m.media-amazon.com/images/I/61+PVX2d-NL._AC_UL320_.jpg,18.9,,Bubble Mania,Powder Concentrates,Flavour: tea; Weight: 1000; Concentrate Format: powder; Juice Content: 0-2%; Pack Material Type: Flexible Pack
360251654,amazon,France,"bacanha - organic syrup and gross - syrup jasmine - for cocktail, Eau, lemonade and tea - 400 ml",", 
## product description 
the sirup gross jasmine by bacanha is a aromatic concentrate flowers issues of this famous plant. its aroma soft and flowery associates with its scent exceptional. the sirup","["""" grocery"""","""" coffee, tea and drinks"""","""" syrups and concentrates for drinks""""]",https://www.amazon.fr/dp/B08MCPGNG1,https://m.media-amazon.com/images/I/616K8MrUFxS._AC_UL320_.jpg,13.95,,Bacanha,Liquid Concentrates,"Caffeine: 15-25 mg; Pack Type: Bottle; Pack Material Type: Glass; Juice Content: 0-2%; Sustainable Sourcing: organic; Naturally derived: natural fragrances; Volume: 400; Sweetener: sugar; Flavour: jasmine, tea, lemon"
360334991,amazon,France,"bacanha - organic syrup and gross - syrup flavor Grenadine - for water, Cocktail, lemonade and iced tea - 400 ml",", 
## product description 
the sirup gross of grenadine by bacanha is a recipe simple and greedy. we find there the sweetness of vanilla which harmonize with the sour taste red fruits. the sirup gross","["""" grocery"""","""" coffee, tea and drinks"""","""" syrups and concentrates for drinks""""]",https://www.amazon.fr/dp/B08MCNL746,https://m.media-amazon.com/images/I/61+9B-uMt-S._AC_UL320_.jpg,13.95,,Bacanha,Liquid Concentrates,"Sustainable Sourcing: organic; Sweetener: sugar; Volume: 400; Juice Content: 0-2%; Pack Material Type: Glass; Pack Type: Bottle; Naturally derived: natural fragrances; Flavour: lemon, tea"
363676397,amazon,USA,"LUV BOX- variety Everfresh Juice 32 oz. pack of 6 , Everfresh Premium Papaya , Everfresh 100% Orange Juice .by evaxo",", 
## Product description 
LUV BOX- variety Everfresh Juice 32 oz. pack of 6 , Everfresh Premium Papaya , Everfresh 100% Orange Juice .#N 
, 
LUV BOX- variety Everfresh Juice 32 oz. pack of 6 , Everfr","["""" Grocery & Gourmet Food"""","""" Beverages"""","""" Bottled Beverages, Water & Drink Mixes"""","""" Juices""""]",https://www.amazon.com/variety-Everfresh-Premium-Papaya-Orange/dp/B08MX1RRH3/ref=sr_1_3702?c=ts&keywords=Juices&qid=1702095505&s=grocery&sr=1-3702&ts_id=16318171,https://m.media-amazon.com/images/I/61YxZCNl5NL._AC_UL320_.jpg,39,,Everfresh,Reconstituted 100% Juice,"Carbonization: still; Volume: 946; Flavour: orange, papaya; Pack Type: Bottle; Made From: orange, papaya; Pack Material Type: Plastic; Juice Content: 100%"
365849845,Planeta Huerto,Spain,kombucha green tea komvida 750 ml,"komvida is much more than a drink healthy and natural. is the more special and delicious never have you tried. 
## ingredients of the kombucha green tea 
mineral water, sugar cane ecological*, green t","["""" feeding"""","""" refrigerated """"]",https://www.planetahuerto.es/venta-kombucha-de-te-verde-komvida-750-ml_171830,https://cdn2.planetahuerto.es/estaticos/imagenes/ficha/171830/171830_1.png,7.95,,Kom Vida,Carbonated RTD Tea and Kombucha,Volume: 750; Pack Material Type: Glass; Pack Type: Bottle; Water Type: mineral; Sustainable Sourcing: organic; Naturally derived: natural; Health Claims: antioxidant; Immune Support Ingredients: antioxidants; Tea Type: green; Juice Content: 0-2%; Sweetener: cane sugar; Flavour: tea; Free From: lactose free; Environmentally Friendly: environmentally friendly
365953038,amazon,USA,"Jose Cuervo The Original Margarita Mix, Mango 59.2 Oz ( Pack of 2) by Jose Cuervo",",","["""" Alcoholic Beverages""""]",https://www.amazon.com/Jose-Cuervo-Original-Margarita-Mango/dp/B01M1HLUVY/ref=sr_1_2476?c=ts&keywords=Cocktail+Mixers&qid=1704425604&s=grocery&sr=1-2476&ts_id=119342011,https://m.media-amazon.com/images/I/41ENug+VHCL._AC_UL320_.jpg,41.97,,José Cuervo,Liquid Concentrates,Pack Type: Bottle; Flavour: mango; Juice Content: 0-2%
370144188,amazon,USA,Still Water by [ Ever and Ever ] Aluminum Bottled | Reverse Osmosis Still Water | 7.4 pH Balanced with Electrolytes | RECYCLABLE FOR ALL ETERNITY | 16 oz Bottle- Cans ( Pack of 12) Pack of 4,"* AN ODE TO ALUMINUM | Ever and Ever is a love letter to aluminum, the everlasting metal that has been around for approximately forever and will be around for approximately another forever. Thanks to ","[""""\"""" Drinking Water\""""""""]",https://www.amazon.com/Ever-Aluminum-Electrolytes-RECYCLABLE-Bottle-Cans/dp/B08NDNTMS9/ref=sr_1_1668?_encoding=UTF8&c=ts&dchild=1&keywords=Drinking+Water&qid=1630049683&s=grocery&sr=1-1668&ts_id=16318651,https://m.media-amazon.com/images/I/91+0duXv-8L._AC_UL320_.jpg,539.4,,Ever & Ever,Functional Bottled Water,"Sports Ingredients: electrolytes; Pack Material Type: Glass; Pack Type: Bottle; Sustainable Sourcing: from sustainable sources (product); Juice Content: 0-2%; Health Claims: hydrating; Carbonization: still; Sustainable Packaging: from recycled materials, can be recycled; Volume: 473; Water Type: ph balanced"
37069060,Kroger,USA,Stumptown Cold Brew Coffee With Milk,,"["""" Natural & Organic"""","""" Beverages"""","""" Tea""""]",https://www.kroger.com/p/stumptown-cold-brew-coffee-with-milk/0018062600037,https://www.kroger.com/product/images/xlarge/front/0018062600037,,180626000377,Stumptown,RTD Coffee,RTD Coffee Style: cold brew; Volume: 473; Carbonization: still; Flavour: coffee; Juice Content: 0-2%; Pack Type: Carton/Box
371058801,Shopping24,Germany,axisis gmbh sea buckthorn pure juice kba vital house 200 ml 04434600,axisis gmbh sea buckthorn pure juice kba vital house 200 ml 04434600,"["""" beauty"""","""" sports nutrition""""]",https://www.shopping24.de/products/axisis-gmbh-sanddorn-saft-pur-kba-vitalhaus-200-ml-04434600-2253726460,https://pics.shopping24.de/2000x2000/1971789556,5.69,,Vitalhaus,Not from Concentrate 100% Juice,Carbonization: still; Volume: 200; Juice Content: 100%; Pack Material Type: Glass; Pack Type: Bottle
371676222,Gittigidiyor,Turkey,sunflower cherry flavored beverage powder 250 g free shipping,,"["""" home page"""",""""supermarket"""",""""drink"""","""" still drinks""""]",https://www.gittigidiyor.com/supermarket/gunbak-visne-aromali-icecek-tozu-250-gr-ucretsiz-kargo_pdp_627667865,https://mcdn01.gittigidiyor.net/62766/tn120/627667865_tn120_0.jpg?160635,17.6,,Günbak,Powder Concentrates,Concentrate Format: powder; Weight: 250; Pack Material Type: Flexible Pack; Flavour: cherry; Juice Content: 0-2%
373380548,Gittigidiyor,Turkey,aegean lokman karabaş juice pet bottle 1 lt,,"[""""supermarket, pet"""",""""beverages"""","""" other drinks""""]",https://www.gittigidiyor.com/supermarket/ege-lokman-karabas-suyu-pet-sise-1-lt_pdp_628571645,https://mcdn01.gittigidiyor.net/62857/628571645_0.jpg,20.56,,Ege Lokman,Juice Drinks (up to 24% Juice),Volume: 1000; Pack Material Type: Plastic; Juice Content: 0-2%; Pack Type: Bottle; Carbonization: still
373759344,Gittigidiyor,Turkey,gusse fruit puree banana Banana 1.1kg,,"["""" home page"""",""""supermarket"""",""""drink"""","""" coffee""""]",https://www.gittigidiyor.com/supermarket/gusse-meyve-puresi-muz-banana-1-1kg_pdp_530401741,https://mcdn01.gittigidiyor.net/53040/tn120/530401741_tn120_0.jpg?160635,37.5,,Gusse,Liquid Concentrates,Weight: 1100; Pack Type: Bottle; Flavour: banana; Pack Material Type: Glass
373797776,Carrefour,Italy,sorgesana slightly sparkling 1.5 l,,"["""" water and soft drinks""""]",https://www.carrefour.it/p/sorgesana-leggermente-frizzante-15-l/8008627000542.html,https://www.carrefour.it/dw/image/v2/BDWP_PRD/on/demandware.static/-/Sites-carrefour-master-catalog-IT/default/dw1ccba00d/large/ACQLEGFRSORGESANAML1500-8008627000542-1.jpg?sw=1400&sh=1400&sm=fit&sfrm=png,0.23,8008627000542,Sorgesana,Carbonated Bottled Water,Volume: 1500; Pack Material Type: Plastic; Juice Content: 0-2%; Pack Type: Bottle; Carbonization: sparkling
374824949,CDON.COM,Sweden,X-GAMER X- tubz Nightshade 600g,"## X-GAMER Nightshade 
* energy drink for e-sports 
* sharpens sinnet 
* faster up reaction times 
* boosts the energy 
* sugar free, only 31 kcal per 500ml 
* available as 10g enportions, and 600g 60","["""" start"""","""" Mat, drinks & tobacco"""","""" beverages"""","""" sports drinks & energy drinks""""]",https://cdon.se/livsmedel/x-gamer-x-tubz-nightshade-600g-p46911458,https://cdn.cdon.com/media-dynamic/images/product/gamingchairs/energydrinksdefault/image962/x-gamer_x-tubz_nightshade_600g-46911458-60916247-org.jpg?impolicy=product&w=340&h=340,275.96,,X- Gamer,Energy Drinks,"Caffeine: 25-50 mg; Contains Minerals: manganese, calcium, magnesium, zinc, selenium; Weight: 600; Energy Source: b-vitamins; Sweetener: sucralose; Pack Material Type: Metal; Carbonization: still; Immune Support Ingredients: vitamin c, zinc; Juice Content: 0-2%; Health Claims: hydrating, no added sugar, energy boosting, nootropic/enhanced mental performance, no sugar"
374974326,Real Canadian Super Store,Canada,No Sugar Added Apple Orange Peach 100% Juice,Quality comes first when you quench your thirst with our 100% fruit juices. Sun Rype No Sugar Added Apple Orange Peach delivers orchard fresh taste without any artificial flavours or colours. Refreshi,"["""" Food"""","""" Drinks"""","""" Juice"""","""" Shelf- Stable Juices""""]",https://www.realcanadiansuperstore.ca/no-sugar-added-apple-orange-peach-100-juice/p/20744072006_EA,https://assets.shop.loblaws.ca/products/20744072006/b1/en/front/20744072006_front_a05.png,1.48,,Sun-Rype,Not from Concentrate 100% Juice,"Juice Features: from concentrate; Volume: 900; Caffeine: 15-25 mg; Immune Support Ingredients: vitamin c; No Artificial Ingredients: no artificial colours; Health Claims: no sugar, good source of vitamins; Made From: peach, apple, orange, pear; Water Type: filtered; Juice Content: 100%; Naturally derived: natural flavours; Carbonization: still; Flavour: peach, apple, orange; Pack Type: Liquid Carton; Pack Material Type: Paper / Carton"
374980117,Gittigidiyor,Turkey,akzer rosemary juice 1 liter,,"["""" home page"""",""""supermarket"""",""""food"""","""" gourmet products""""]",https://www.gittigidiyor.com/supermarket/akzer-biberiye-suyu-1-lt_pdp_629051789,https://mcdn01.gittigidiyor.net/62905/tn50/629051789_tn50_0.jpg,39.9,,Akzer,Nectars,Volume: 1000; Pack Material Type: Paper / Carton; Juice Content: 0-2%; Flavour: rosemary; Carbonization: still; Pack Type: Liquid Carton
375007208,CDON.COM,Sweden,X- Gamer X- tubz Black Metal Berry 600g,"X- tubz Black Metal Berry 600g 
energy drink for e-sports 
sharpens sinnet 
give a taste of victory 
faster up reaction times 
boosts the energy 
sugar free, only 31 kcal per 500ml 
X- tubz Black Meta","["""" start"""","""" Mat, drinks & tobacco"""","""" beverages"""","""" sports drinks & energy drinks""""]",https://cdon.se/livsmedel/x-gamer-x-tubz-black-metal-berry-600g-p57983593,https://cdn.cdon.com/media-dynamic/images/product/cloud/store/EnergyDrinks/000/057/983/593/57983593-109838362-11453-org.jpg?impolicy=product&w=340&h=340,499,,X- Gamer,Energy Drinks,"Pack Material Type: Metal; Sweetener: sucralose; Contains Minerals: manganese, calcium, magnesium, zinc; Caffeine: 25-50 mg; Health Claims: energy boosting, no added sugar, no sugar, nootropic/enhanced mental performance, hydrating; Weight: 600; Juice Content: 0-2%; Energy Source: b-vitamins; Flavour: berry; Immune Support Ingredients: vitamin c, zinc; Carbonization: still"
375245176,Real Canadian Super Store,Canada,Lemon Sparkling Water,"A great alternative to pop, this refreshing, naturally flavoured sparkling water is sodium-free, calorie-free and unsweetened. So bubbly and tangy-sweet, it will appeal to kids of all ages.","["""" Drinks"""","""" Water"""","""" Sparkling Water""""]",https://www.realcanadiansuperstore.ca/lemon-sparkling-water/p/20320832003_EA,https://assets.shop.loblaws.ca/products_jpeg/20320832003/en/20320832003_lrg_1_@1x.jpg,1,,PC Blue Menu,Sparkling Flavoured Bottled Water,"Juice Content: 0-2%; Pack Material Type: Plastic; Sweetener: unsweetened; Pack Type: Bottle; Volume: 1000; Caffeine: 0-15 mg; Health Claims: no sugar, no calories; Water Type: flavoured; No Artificial Ingredients: no artificial sweeteners; Flavour: lemon; Carbonization: carbonated, sparkling; Naturally derived: natural flavours"
380663756,Gittigidiyor,Turkey,plain organic cranberry juice 5x250 ml,,"["""" home page"""",""""supermarket"""",""""food"""","""" organic product""""]",https://www.gittigidiyor.com/supermarket/sade-organik-kizilcik-suyu-5x250-ml_pdp_694644003,https://mcdn01.gittigidiyor.net/63323/tn120/633230121_tn120_0.jpg?160799,111.55,,Sade Organik,Not from Concentrate 100% Juice,Sustainable Sourcing: organic; Pack Material Type: Glass; Flavour: cranberry; Juice Content: 100%; Made From: cranberry; Volume: 250; Pack Type: Bottle; Carbonization: still
381683956,Trendyol,Turkey,passionflower ( Passion Fruit) flavored cocktail syrup 70 cl,. delivery date:26 - 30 june,"[""""supermarket"""",""""food"""","""" coffee""""]",https://www.trendyol.com/gusse/carkifelek-passion-fruit-aromali-kokteyl-surubu-70-cl-p-68308744,https://cdn.dsmcdn.com///ty32/product/media/images/20201211/10/37484305/118362929/1/1_org_zoom.jpg,325,,Gusse,Liquid Concentrates,Volume: 700; Juice Content: 0-2%; Flavour: passionfruit; Pack Material Type: Glass; Pack Type: Bottle
383236396,Courses U,France,"natural mineral water saint amand, pack of 6x50cl",,"["""" alcohol-free drinks"""","""" waters"""","""" plain still waters""""]",https://www.coursesu.com/p/eau-minerale-naturelle-saint-amand-pack-de-6x50cl/4936083.html,https://www.coursesu.com/dw/image/v2/BBQX_PRD/on/demandware.static/-/Sites-digitalu-master-catalog/default/dwdb644521/3434896050028_A_4936083_S01.png?sw=180&sh=180&sm=fit,,3434896050028,Saint-Amand,Still Bottled Water,Juice Content: 0-2%; Pack Material Type: Plastic; Volume: 500; Naturally derived: natural; Pack Type: Bottle; Water Type: mineral; Carbonization: still
383471680,Courses U,France,"still water ice TY-NANT, 100 cl",,"["""" alcohol-free drinks"""","""" waters"""","""" plain still waters""""]",https://www.coursesu.com/p/eau-plate-ice-ty-nant-100-cl/27603592.html,https://www.coursesu.com/dw/image/v2/BBQX_PRD/on/demandware.static/-/Sites-digitalu-master-catalog/default/dw56e96c8b/5019928004019_A_27603592_S01.png?sw=180&sh=180&sm=fit,,5019928004019,Ty Nant,Still Bottled Water,Volume: 1000; Juice Content: 0-2%; Pack Material Type: Glass; Carbonization: still
384306237,Auchandrive,France,"VICHY celestins
Vichy celestins sparkling natural mineral water 6x1.25l","« feel good daily with VICHY celestial » a taste specific and unique, of fine bubbles pleasant in mouth. rich in minerals, VICHY celestial bring to the body the minerals which he needs daily. recogniz","["""" drinks"""","""" waters, milks"""","""" carbonated waters natures""""]",https://www.auchan.fr/vichy-celestins-eau-minerale-naturelle-gazeuse/pr-C1222386,https://media.auchan.fr/MEDIASTEP162223702_1200x1200/B2CD/,4.29,3108020983017,Vichy Célestins,Carbonated Bottled Water,"Pack Material Type: Plastic; Water Type: mineral; Volume: 1250; Pack Type: Bottle; Carbonization: carbonated, sparkling; Juice Content: 0-2%; Naturally derived: natural; Health Claims: good source of minerals"
385554697,amazon,France,organic monoprix grape juice red 100% pure juice organic - the bottle of 1 l,"* the bottle of 1 l 
, 
## product description 
### product description 
grape juice red from organic farming for your health, eat at least five fruits and vegetables per day. monoprix exploitation mo","["""" all stores"""","""" grocery"""","""" coffee, tea and drinks"""","""" juice"""","""" juice""""]",https://www.amazon.fr/dp/B07H17L3QC,https://m.media-amazon.com/images/I/61MXo8XDGwL._AC_UL320_.jpg,3.99,,Monoprix,Reconstituted 100% Juice,Juice Content: 100%; Volume: 1000; Sustainable Sourcing: organic; Caffeine: 15-25 mg; Pack Material Type: Paper / Carton; Flavour: grape; Carbonization: still; Made From: grape; Pack Type: Liquid Carton
385625683,amazon,France,monoprix apple juice at concentrated juice base - the brick of 1 l,"* the brick of 1 l 
, 
## product description 
### product description 
1l apple juice ABC mpx BK for your health, eat at least five fruits and vegetables per day. this brick contains approximately 6 ","["""" all stores"""","""" grocery"""","""" coffee, tea and drinks"""","""" juice"""","""" juice""""]",https://www.amazon.fr/dp/B07DX98RNS,https://m.media-amazon.com/images/I/51vbnpDOsWL._AC_UL320_.jpg,1.35,,Monoprix,Not from Concentrate 100% Juice,Pack Material Type: Paper / Carton; Volume: 1000; Flavour: apple; Juice Features: from concentrate; Carbonization: still; Pack Type: Liquid Carton; Made From: apple; Juice Content: 100%
390942948,Gittigidiyor,Turkey,doganay turnip hot water 330 ml,,"["""" home page"""",""""supermarket"""",""""drink"""","""" still drinks""""]",https://www.gittigidiyor.com/supermarket/doganay-salgam-suyu-acili-330-ml_pdp_638373048,https://mcdn01.gittigidiyor.net/63837/tn50/638373048_tn50_0.jpg,14.7,,Doganay,Still Bottled Water,Volume: 330; Pack Material Type: Plastic; Pack Type: Bottle; Juice Content: 0-2%; Carbonization: still
391679926,Gittigidiyor,Turkey,poly- lemon flavored drink powder 450 g,,"["""" home page"""",""""supermarket"""",""""drink"""","""" still drinks""""]",https://www.gittigidiyor.com/supermarket/poli-limon-aromali-icecek-tozu-450-g_pdp_644282565,https://mcdn01.gittigidiyor.net/64428/tn120/644282565_tn120_0.jpg?160998,14.9,,Poli,Powder Concentrates,Weight: 450; Pack Material Type: Flexible Pack; Pack Type: Liquid Carton; Concentrate Format: powder; Flavour: lemon; Juice Content: 0-2%
395334559,Walmart,USA,"Big Red Cream Soda Pop, 12 Fl Oz, 8 Pack Bottles",,"["""" Beverages"""","""" Soft Drinks""""]",https://www.walmart.com/ip/21950027,https://i5.walmartimages.com/asr/87cec619-5e66-4b9b-9028-d7c5eaa1c116_1.b628d56b5c1305553a709f6b19a296c0.jpeg?odnHeight=215&odnWidth=215&odnBg=ffffff,4.28,,Big Red,Other Non-Cola Carbonates,Caffeine: 15-25 mg; Volume: 355; Pack Type: Bottle; Juice Content: 0-2%; Naturally derived: natural flavours; Sweetener: hfcs; Pack Material Type: Plastic; Carbonization: carbonated
395676649,amazon,USA,"Fusion Select Thai Tea Mix Bubble Tea Mix - Boba Tea Flavored 3-in-1 Drink Powder with Cream & Sugar - Instant Pre- Mixed Beverage for Hot or Cold Blends & Yummy Frappes - 6 oz. Pack, Made in Taiwan","* * *
# About this item 
* COMPLETE MILK TEA POWDER MIX - Make authentic bubble tea with our 3-in-1 milk tea powder. Each variety tea is a perfect blend of your favorite flavor, cream, and sugar to sa","["""" Grocery & Gourmet Food"""","""" Beverages"""","""" Bubble Tea Products""""]",https://www.amazon.com/dp/B08SQV7PQ1,https://m.media-amazon.com/images/I/61sLg0qD59L._AC_UL320_.jpg,6.99,,Fusion Select,Powder Concentrates,"Concentrate Format: powder; Weight: 170; Flavour: tea; Sweetener: sugar; Juice Content: 0-2%; Geographic Origin: thailand, taiwan"
397325390,amazon,USA,"Pibb Extra Soda, 12oz Pack of 36","* Pibb Extra Soda, 12oz Pack of 36 
, 
## Product description 
Pibb Extra Soda, 12oz Pack of 36 
, 
Pibb Extra Soda, 12oz Pack of 36","[""""\"""" Soda Soft Drinks\""""""""]",https://www.amazon.com/Pibb-Extra-Soda-12oz-Pack/dp/B08TGPJ7WF/ref=sr_1_6254?_encoding=UTF8&c=ts&dchild=1&keywords=Soda+Soft+Drinks&qid=1625903580&s=grocery&sr=1-6254&ts_id=16318231,https://m.media-amazon.com/images/I/51D-qK7+rGL._AC_UL320_.jpg,39.99,,Pibb,Other Non-Cola Carbonates,Pack Material Type: Paper / Carton; Volume: 355; Juice Content: 0-2%
401484915,amazon,United Kingdom,William Fox Premium Thyme Syrup 75cl,"* Colourless Gomme Syrup 
* Flavoured with only Natural Flavourings and Extracts 
* Volume 750ml Glass Bottle 
* Suitable for vegan, vegetarian diets; Alcohol-free, Halal, Kosher; Pure sugar syrup; Na","["""" Grocery"""","""" Drinks"""","""" Beverage Syrups & Concentrates"""","""" Syrups""""]",https://www.amazon.co.uk/dp/B0779G8VFG,https://m.media-amazon.com/images/I/71x1SmuP1WS._AC_UL320_.jpg,11.96,,William Fox,Liquid Concentrates,"Pack Material Type: Glass; Sweetener: sugar; Caffeine: 15-25 mg; Free From: no alcohol; Volume: 750; Naturally derived: natural flavours; Flavour: thyme; Diets: kosher, halal; Juice Content: 0-2%; Health Claims: no sugar"
402928328,Walmart,USA,"Hansen Soda Crmy Rt Beer Diet,12 Oz ( Pack Of 4)",Merchandise,"["""" Food"""","""" Beverages""""]",https://www.walmart.com/ip/Hansen-Soda-Crmy-Rt-Beer-Diet-12-Oz-Pack-Of-4/324857969,https://i5.walmartimages.com/asr/9ae9d03d-e186-41e4-805f-463deb8204da_1.ef080afb9a2996250e4b80f85a27d09a.jpeg,18.73,,Hansen's,Other Non-Cola Carbonates,Volume: 355; Juice Content: 0-2%; Pack Type: Can; Pack Material Type: Flexible Pack
406342607,amazon,Germany,capital bra icetea Bra tea lemon pack of 4 (4x750ml) + usy block,"* Bra tea lemon 
* capital bra icetea 
* novelty 
* contains: 4x750ml Pak 
* plus usy hedonist block 
› more product details , 
## product descriptions 
capital bra icetea Bra tea lemon pack of 4 (4x7","["""" Grocery"""","""" Drinks"""","""" Tea"""","""" Iced Tea""""]",https://www.amazon.de/-/en/dp/B08WHQYM4P/ref=sr_1_466?c=ts&keywords=Iced+Tea&qid=1686660924&s=grocery&sr=1-466&ts_id=364717031,https://m.media-amazon.com/images/I/61jJyrcAUML._AC_UL320_.jpg,8.36,,BraTee,Still RTD Tea,"Flavour: tea, lemon; Carbonization: still; Pack Type: Liquid Carton; Volume: 750; Juice Content: 0-2%"
407565077,Ozdilek Sanal Market,Turkey,seven days orange 1 l,"overwhelming in the heat will refresh you seven days orange everyone, big and small fondly consumed it is a drink.","[""""drink"""","""" cold drinks"""","""" carbonated drinks"""","""" soda""""]",https://www.ozdilekteyim.com/market/yedigun-portakal-1-l,https://img-ozdilekteyim.mncdn.com/mnresize/848/848/medias/8690574820313.jpg?context=bWFzdGVyfHNhcHByb2R1Y3RpbWd8MzY4ODk5fGltYWdlL3BuZ3xhR0k0TDJobVlTOHhNREkwTmpVeU5USXlNamswTWd8OTExOTBlZTE3ZWI5ZGVkMGExZjBiMmVmNjcyMmE5N2RmMjhkOWNiNGQxOGIzZmQwZmExNTY2ZDk5MmMzMDM5OQ,34.95,8690574820313,Yedigun,Orange Carbonates,Pack Type: Bottle; Juice Content: 0-2%; Volume: 1000; Flavour: orange; Carbonization: carbonated
407886940,Ozdilek Sanal Market,Turkey,camlica soda 330 ml,country camlica 330 ml soda,"[""""drink"""","""" cold drinks"""","""" carbonated drinks"""","""" soda""""]",https://www.ozdilekteyim.com/market/camlica-gazoz-330-ml,https://img-ozdilekteyim.mncdn.com/mnresize/848/848/medias/8690504525042.jpg?context=bWFzdGVyfHNhcHByb2R1Y3RpbWd8MzMwOTI4fGltYWdlL2pwZWd8YUdNNUwyaGtNeTh4TURNd09Ua3lNVFV3TlRNeE1BfGU4ZmI4MWExZGQ0YzEzNzkxNWIzNDIyOWNmMjY5NDhhYjY1YWUyNTJhMGQ4NTkxNjFhNmNkNDg5M2IyYTg2ZTQ,26.95,8690504525042,Çamlica,Other Non-Cola Carbonates,Juice Content: 0-2%; Pack Type: Can; Volume: 330; Carbonization: carbonated
408149804,MatHem,Sweden,"raw juice carrot, apple, orange & ginger",raw juice is one cold pressed juice which is not pasteurized. raw juice pressas in sweden of fresh fruits and vegetables. it is rich on fibers and vitamins. store it cold and shake well for the best e,"[""""
"""","""" dairy, cheese & juice"""","""" juice & fruit drinks"""","""" juice other flavors""""]",https://www.mathem.se/varor/ovrig-juice/rasaft-morot--apple--apelsin-o-ingefara-800ml-loviseberg-rasaft,https://static.mathem.se/shared/images/products/large/07350068177088_1.jpg,43,7350068177088,Loviseberg Råsaft,Not from Concentrate 100% Juice,"Pack Material Type: Metal; Made From: ginger, apple, orange, carrot; Juice Features: cold press, raw; Volume: 800; Immune Support Ingredients: vitamin c, ginger, antioxidants; Health Claims: high/source of fibre, good source of vitamins; Flavour: ginger, apple, orange, carrot; Carbonization: still"
408391219,Hemköp,Sweden,raw juice carrot apple / orange ginger,raw juice is one cold pressed juice which is not pasteurized. raw juice pressas in sweden of fresh fruits and vegetables. it is rich on fibers and vitamins. store it cold and shake well for the best e,"["""" all supplies"""","""" dairy, cheese & eggs"""","""" Juice, fruit drink & smoothie"""","""" chilled juice""""]",https://www.hemkop.se/produkt/R-101332243_ST,https://d2rfo6yapuixuu.cloudfront.net/h10/h8f/11204538925086/7350068177088_1613124346766_master_axfood_300,41.95,7350068177088,Loviseberg Råsaft,Not from Concentrate 100% Juice,"Flavour: orange, ginger, carrot, apple; Juice Features: cold press, smoothie, raw; Immune Support Ingredients: ginger, vitamin c, antioxidants; Health Claims: high/source of fibre, good source of vitamins; Volume: 800; Made From: ginger, orange, carrot, apple; Pack Material Type: Plastic; Carbonization: still; Juice Content: 100%"
410465119,Gittigidiyor,Turkey,victory old soda plain 6 x 200 ml soda,,"["""" home page"""",""""supermarket"""",""""drink"""","""" carbonated drinks""""]",https://www.gittigidiyor.com/supermarket/zafer-eski-gazoz-sade-6-x-200-ml-gazoz_pdp_663803646,https://mcdn01.gittigidiyor.net/66380/tn50/663803646_tn50_0.jpg,25.5,,Zafer,Other Non-Cola Carbonates,Volume: 200; Pack Type: Bottle; Carbonization: carbonated; Pack Material Type: Glass; Juice Content: 0-2%
410982925,Planeta Huerto,Spain,kombucha carrot turmeric komvida 250 ml,"komvida is much more than a drink healthy and natural. is the more special and delicious never have you tried. 
known as elixir of the life, and of tradition millennial. traditionally the kombucha has","["""" feeding"""","""" refrigerated """"]",https://www.planetahuerto.es/venta-kombucha-zanahoria-curcuma-komvida-250-ml_158637,https://cdn2.planetahuerto.es/estaticos/imagenes/ficha/158637/158637_1.jpg,2.69,8437017153085,Kom Vida,Carbonated RTD Tea and Kombucha,Water Type: mineral; Immune Support Ingredients: turmeric; Pack Type: Bottle; Volume: 250; Pack Material Type: Glass; Free From: lactose free; Health Claims: immune system health; Naturally derived: natural; Sustainable Sourcing: organic; Sweetener: cane sugar; Environmentally Friendly: environmentally friendly; Juice Content: 0-2%; Flavour: carrot
413118519,amazon,Germany,black- Gold- concentrate orange and Mango Drink 500ml,", 
## product descriptions 
black andamp; Goldkonzentrat Orange andamp; Mango Drink 500ml 
, 
black andamp; Goldkonzentrat Orange andamp; Mango Drink 500ml","["""" food and drink"""","""" beverages, coffee, tea"""","""" fruit juices""""]",https://www.amazon.de/Schwarz-Gold-Konzentrat-Orange-Mango-Drink-500ml/dp/B08H4W4X6H/ref=sr_1_3608?_encoding=UTF8&c=ts&dchild=1&keywords=Fruchts%C3%A4fte&qid=1614778304&s=grocery&sr=1-3608&ts_id=364719031,https://images-na.ssl-images-amazon.com/images/I/41WxNHxKc9L.jpg,1.9,,Black & Gold,Liquid Concentrates,"Volume: 500; Pack Material Type: Paper / Carton; Flavour: orange, mango"
413235201,amazon,Germany,elephant bay Ice Tea Lemon 0.33 liters with Reusable Deposit,"* drinking temperature: 6-10°C 
› more product details , 
## product descriptions 
average nutritional values per 100ml energy kj / kcal151 / 36 fat < 0.5g -hereof: saturated fatty acids < 0.1g carboh","["""" Grocery"""","""" Drinks"""","""" Tea"""","""" Iced Tea""""]",https://www.amazon.de/dp/B08XWBJKCT,https://m.media-amazon.com/images/I/71BbuX3T12L._AC_UL320_.jpg,3.99,,Elephant Bay,Still RTD Tea,"Volume: 330; Pack Material Type: Glass; Immune Support Ingredients: vitamin c, antioxidants; Caffeine: 15-25 mg; Pack Type: Bottle; Sweetener: sugar; Juice Content: 0-2%; Naturally derived: natural fragrances, natural; Carbonization: still; Flavour: tea, lemon"
416255674,amazon,France,siracusa - Organic Lemon Juice 1l - pack of 3 - Sold by lot,"* salty grocery 
* cooking aids, salt and spices 
* cooking aids 
* SIRACUSE 
* organic lemon juice 1l 
, 
## product description 

[ingredients_start]
### ingredients 
juice sicilian lemon from organ","["""" Any Department"""","""" Grocery"""","""" Drinks"""","""" Juice & Smoothies"""","""" Fruit Juice""""]",https://www.amazon.fr/dp/B07HGDS9Y9,https://m.media-amazon.com/images/I/31XAb3x8AQS._AC_UL320_.jpg,41.79,,Siracuse,Not from Concentrate 100% Juice,Sustainable Sourcing: organic; Carbonization: still; Made From: lemon; Juice Content: 100%; Pack Type: Bottle; Volume: 1000; Flavour: lemon
416429411,amazon,France,organic nature - pure juice fruity 1l - set of 4 - sold by lot,"* drinks 
* juice 
* organic juice 
* organic nature 
* pure juice fruity 1l 
, 
## product description 
### product description 
juice and mash of fruits from organic farming. 

[ingredients_start]
#","[""""\"""" juice\""""""""]",https://www.amazon.fr/gp/slredirect/picassoRedirect.html/ref=pa_sp_atf_next_grocery_sr_pg9_1?ie=UTF8&adId=A08036542SBH8XI52QTHV&url=%2FNATURE-BIO-Pur-Fruite-Vendu%2Fdp%2FB08F4BTCH8%2Fref%3Dsr_1_193_sspa%3F_encoding%3DUTF8%26c%3Dts%26keywords%3DJus%2Bde%2Bfruits%26qid%3D1637675098%26s%3Dgrocery%26sr%3D1-193-spons%26ts_id%3D6357100031%26psc%3D1&qualifier=1637675098&id=6252257660251603&widgetName=sp_atf_next,https://m.media-amazon.com/images/I/41nEBCnMtfL._AC_UL320_.jpg,33.65,,Nature Bio,Reconstituted 100% Juice,"Volume: 1000; Made From: peach, apple, pear, apricot; Sustainable Sourcing: organic; Juice Content: 100%; Pack Material Type: Paper / Carton; Carbonization: still; Pack Type: Liquid Carton"
418520244,Gittigidiyor,Turkey,old victory soda plain 12 x 200 ml,,"["""" home page"""",""""supermarket"""",""""drink"""","""" carbonated drinks""""]",https://www.gittigidiyor.com/supermarket/eski-zafer-gazoz-sade-12-x-200-ml_pdp_672086881,https://mcdn01.gittigidiyor.net/67208/tn50/672086881_tn50_1.jpg,39,,Zafer,Tonic Water/Mixers/Other Bitters,Pack Type: Bottle; Volume: 200; Juice Content: 0-2%; Pack Material Type: Glass; Carbonization: carbonated
418956805,Gittigidiyor,Turkey,GILABURU nectar juice 1 liter KAYSERİ market,,"["""" home page"""",""""supermarket"""",""""drink"""","""" that""""]",https://www.gittigidiyor.com/supermarket/gilaburu-nektar-suyu-1-lt-kayseri-pazari_pdp_711272279,https://mcdn01.gittigidiyor.net/67236/tn50/672365705_tn50_0.jpg,25,,Kayseri Pazarı,Nectars,Juice Content: 0-2%; Pack Material Type: Glass; Pack Type: Bottle; Carbonization: still; Volume: 1000
419298156,Cdiscount,France,may tea yuzu citrus 1l (set of 24),,"["""" home"""","""" daily"""","""" food - cdiscount at table"""","""" breakfast"""","""" coffee - tea - Infusion (16996)""""]",https://www.cdiscount.com/au-quotidien/alimentaire/may-tea-yuzu-agrumes-1l-lot-de-24/f-127010502-may3665816003972.html,https://www.cdiscount.com/pdt2/9/7/2/1/300x300/may3665816003972/rw/may-tea-yuzu-agrumes-1l-lot-de-24.jpg,70.19,3665816003972,May Tea,Still RTD Tea,"Pack Material Type: Plastic; Flavour: tea, citrus; Volume: 1000; Juice Content: 0-2%; Carbonization: still; Pack Type: Bottle"
420848351,amazon,Italy,strawberry in powder for bubble tea milk | milk powder,",","["""" coffee, tea and drinks"""","""" Bubble Tea"""","""" bubble tea beads""""]",https://www.amazon.it/Fragola-polvere-bubble-latt%C3%A9-powder/dp/B08ZNGYXB9/ref=sr_1_286?qid=1659980963&s=grocery&sr=1-286,https://m.media-amazon.com/images/I/61UXRKrvzlL._AC_UL320_.jpg,9.9,,Bubble Mania,Powder Concentrates,"Juice Content: 0-2%; Flavour: strawberry, tea; Concentrate Format: powder; Pack Material Type: Flexible Pack; Pack Type: Bag/Packet"
422092913,Walmart,USA,"Ozarka Sparkling Water, Zesty Lime, 33.8 oz. Bottles ( Pack of 12)","* Made with natural spring water and real lime flavor, mixed with refreshing bubbles 
* Pack of 12 bottles, keep in the pantry and enjoy refreshing hydration all week long","["""" Food"""","""" Beverages""""]",https://www.walmart.com/ip/Ozarka-Sparkling-Water-Zesty-Lime-33-8-oz-Bottles-Pack-of-12/743454860,https://i5.walmartimages.com/asr/ea688e5b-e638-4c5c-be57-bbc00ba29db3_1.6cdb74f7f710c0f8a7e8eb48b1ad349d.jpeg,18.43,,Ozarka,Sparkling Flavoured Bottled Water,Naturally derived: natural; Carbonization: sparkling; Water Type: spring; Health Claims: hydrating; Juice Content: 0-2%; Flavour: lime; Pack Material Type: Plastic; Volume: 1000
425742735,ICA,Sweden,energy drink bcaa blood orange 33cl Clean drink,,"["""" drink"""","""" Sport- & energy drink"""","""" energy drink""""]",https://www.ica.se/handla/kategori/dryck-id_306/produkt/energidryck-bcaa-blodapelsin-33cl-clean-drink-id_p_7350089431107/?s=ica-supermarket-sabbatsberg-id_13026,"https://assets.icanet.se/t_product_large_2x_v1,f_auto/7350089431107.jpg",23.9,7350089431107,Clean Drink,Energy Drinks,"Pack Material Type: Metal; Sweetener: sucralose, acesulfame potassium; Juice Content: 0-2%; Volume: 330; Caffeine: 50-100 mg; Sports Ingredients: bcaa; Contains Minerals: magnesium; Health Claims: energy boosting; Immune Support Ingredients: vitamin c, zinc; Pack Type: Can; Energy Source: b-vitamins; Carbonization: carbonated; Flavour: orange"
426237408,Hemköp,Sweden,blood orange bcaa energy drink can,,"["""" all supplies"""","""" drink"""","""" sports & energy drinks"""","""" energy drink""""]",https://www.hemkop.se/produkt/B-101338421_ST,https://d2rfo6yapuixuu.cloudfront.net/h0d/h40/11356203745310/7350089431107_1615569630145_master_axfood_300,19.95,7350089431107,Clean Drink,Energy Drinks,"Sports Ingredients: bcaa; Pack Material Type: Metal; Volume: 330; Flavour: orange; Contains Minerals: magnesium; Caffeine: 50-100 mg; Energy Source: b-vitamins; Sweetener: sucralose, acesulfame potassium; Juice Content: 0-2%; Pack Type: Can; Carbonization: carbonated; Health Claims: energy boosting; Immune Support Ingredients: vitamin c, zinc"
427040119,Gittigidiyor,Turkey,lawn fruit drink sour cherry 1 l 12 pieces,,"["""" home page"""",""""supermarket"""",""""drink"""","""" still drinks""""]",https://www.gittigidiyor.com/supermarket/icim-meyveli-icecek-visne-1-l-12-adet_pdp_680571802,https://mcdn01.gittigidiyor.net/68057/tn50/680571802_tn50_0.jpg,74.9,,Içim,Juice Drinks (up to 24% Juice),Made From: cherry; Volume: 1000; Flavour: cherry; Pack Material Type: Paper / Carton; Carbonization: still; Pack Type: Liquid Carton; Juice Content: 0-2%
427139404,El Corte Inglés,Spain,great TROPIC mango juice 100% squeezed can 250 ml,,"["""" supermarket"""","""" drinks"""","""" water, soft drinks and juices"""","""" juices and nectars""""]",https://www.elcorteingles.es/supermercado/0110118657201440-grante-tropic-zumo-de-mango-100-exprimido-lata-250-ml/,https://sgfm.elcorteingles.es/SGFM/dctm/MEDIA03/202009/15/00118657201440____3__600x600.jpg,1.49,8936020058290,Grante,Not from Concentrate 100% Juice,Flavour: mango; Volume: 250; Pack Material Type: Metal; Pack Type: Can; Made From: mango; Carbonization: still; Juice Content: 100%
428207569,Migros,Switzerland,morand syrup passion fruit,"morand syrup passion fruit. price 6.30. 1l. find products from the migros supermarket and the specialty stores melectronics, sportxx and micasa. here you can find out everything about promotions and n","["""" home page"""","""" range"""","""" supermarket"""","""" food"""","""" hot & cold drinks"""","""" syrup, Soda""""]",https://produkte.migros.ch/morand-sirup-passionsfrucht,https://image.migros.ch/product-zoom/4198f305958038c291e5ba9fcd587b57bae5d76d/morand-sirup-passionsfrucht.jpg,6.3,7610173093018,Morand,Liquid Concentrates,Flavour: passionfruit; Juice Content: 0-2%; Pack Material Type: Glass; Volume: 1000; Pack Type: Bottle
431053690,Hipercor,Spain,bezoya natural mineral water of mineralization very weak Bag in box box 8 l with water dispenser inside,"name of the food: natural mineral water of mineralization very weak name of the operator: easter quality, SAU. operator address: ctra. from palencia, y / n - 09400 blueberry of duero ( burgos) place o","["""" supermarket"""","""" drinks"""","""" water, soft drinks and juices"""","""" water and soda"""","""" mineral water without gas"""","""" mineral water without gas (132)""""]",https://www.hipercor.es/supermercado/0110118630400911-bezoya-agua-mineral-natural-de-mineralizacion-muy-debil-bag-in-box-caja-8-l-con-dispensador-de-agua-en-el-interior/,https://sgfm.elcorteingles.es/SGFM/dctm/MEDIA03/202501/16/00118630400911____21__325x325.jpg,3.89,,Bezoya,Still Bottled Water,"Naturally derived: natural; Volume: 8000; Caffeine: 15-25 mg; Water Type: mineral; Contains Minerals: calcium, magnesium; Juice Content: 0-2%"
431785827,Kaufland,Germany,niehoffs vaihinger cherry nectar naturally cloudy 1l TWO incl. pledge MULTI-WAY,"niehoffs vaihinger cherry nectar naturally cloudy 1l TWO incl. pledge MULTI-WAY 
additional information: 
nutritional values: 
vaihinger cherry 
nutritional value per 100 ml, Brennwert212 kj / 50 calo","["""" food"""","""" beverages"""","""" soft drinks"""","""" fruit juices""""]",https://www.kaufland.de/product/351583412/,https://media.cdn.kaufland.de/product-images/1024x1024/b78b4d339ab04dd7f1adfe2fe0ae137b.webp,12.58,,Niehoffs Vaihinger,Nectars,Pack Material Type: Glass; Flavour: cherry; Pack Type: Bottle; Made From: cherry; Sweetener: sugar; Volume: 1000; Carbonization: still
431822569,Coop,Sweden,carbonated water pear,"frameless are one natural mineral water as njutits sedan1707 and tappas immediately at the source in frameless health well. just that here we have flavored with yummy pear. completely utankalorier, su","["""" drink"""","""" water"""","""" carbonated & flavored""""]",https://www.coop.se/handla/varor/-7310070004741,http://res.cloudinary.com/coopsverige/image/upload/v1681299413/cloud/279022.tiff,6.5,7310070004741,Ramlösa,Sparkling Flavoured Bottled Water,"Pack Material Type: Metal; Water Type: mineral; Caffeine: 15-25 mg; Volume: 330; Flavour: pear; Pack Type: Can; Naturally derived: natural fragrances, natural; Juice Content: 0-2%; Carbonization: carbonated"
431864621,Alcampo,Spain,nectar of mango libby's brick 1 l.,,"["""" drinks"""","""" fruit juice""""]",https://www.alcampo.es/compra-online/bebidas/zumos-de-frutas/nectar-concentrados-y-exprimidos/nectar/frutas-tropicales/libbys-nectar-de-mango-brick-de-1-l/p/31386,https://www.alcampo.es/media/h76/h0d/10660775329822.jpg,1.15,,Libby's,Nectars,Flavour: mango; Carbonization: still; Volume: 1000; Pack Material Type: Paper / Carton; Pack Type: Liquid Carton; Made From: mango
432050917,Greenweez,France,pure apple juice organic - 25cl,"reference 2MARC0041 
* * *
to note : set just once the delivery while purchasing other products of the seller alterfood 
the juice organic apple terroir of provence in practical size 
fruit juices org","["""" home"""","""" fresh"""",""""lunch to take away"""","""" drink to take away""""]",https://www.greenweez.com/marcel-bio-pur-jus-de-pomme-bio-25cl-p133021,https://static.greenweez.com/images/products/133000/600/cd4261a7-8bf5-49e3-8983-8cae4abcde11-1.jpg,2.7,3700749300047,Marcel,Not from Concentrate 100% Juice,"No Artificial Ingredients: no artificial additives; Geographic Origin: france; Environmentally Friendly: no pesticides; Made From: pear, apricot, grape, apple; Pack Type: Bottle; Sustainable Sourcing: fairtrade, organic; Sustainable Packaging: can be recycled; Flavour: apple; Volume: 250; Naturally derived: natural; Juice Content: 100%; Pack Material Type: Glass; Caffeine: 15-25 mg; Sweetener: sugar"
43577209,Tesco,United Kingdom,Copella Apple And Mango Juice 900 Ml,"Apple & Mango juice., To find out more about Boxford Farm visit: www.copellafruitjuice.co.uk","[""""fresh-food"""",""""chilled-fruit-juice-and-smoothies"""",""""chilled-juice""""]",https://www.tesco.com/groceries/en-GB/products/288307062,https://img.tesco.com/Groceries/pi/498/5012876107498/IDShot_225x225.jpg,2,5012876107498,Copella,Not from Concentrate 100% Juice,"Volume: 900; Carbonization: still; Pack Material Type: Glass; Juice Content: 100%; Juice Features: smoothie; Immune Support Ingredients: vitamin c, antioxidants; Made From: apple, mango; Pack Type: Bottle; Flavour: apple, mango"
436821649,Kaufland,Germany,"Tri great drinks- syrup Tropical 600ml - passion fruit, Mango, pineapple (pack of 2)","### vacation fun in the glas - Tri great syrup Tropical kidnaps her on an exotic one journey of taste 
Strand, calming sound of the sea and warm rays of sunshine, which she with every fiber your body ","["""" food"""","""" beverages"""","""" soft drinks"""","""" syrups""""]",https://www.kaufland.de/product/364334410/,https://media.cdn.kaufland.de/product-images/1024x1024/f8399a194969d48004b738fc2889aaf7.webp,10.63,,Tri Top,Liquid Concentrates,"Volume: 600; Health Claims: high/source of fibre, hydrating; Juice Content: 0-2%; Flavour: pineapple, passionfruit, mango; Pack Material Type: Plastic"
438276139,Greenweez,France,Nectar d' organic apricot - 25cl,"reference 2MARC0067 
* * *
free delivery from from 50 euros in alterfood 
the nectar bio of terroir of Provence 
the nectars organic marcel come from organic fruit carefully selected by the partner fa","["""" home"""","""" drink"""","""" juice"""","""" orange juice and organic citrus""""]",https://www.greenweez.com/marcel-bio-nectar-d-abricot-bio-25cl-p157760,https://static.greenweez.com/images/products/157000/210/6fe7e83f-d909-463f-ad6b-336461be6b00-1.jpg,2.7,3700749300023,Marcel,Nectars,"Environmentally Friendly: no pesticides; Flavour: apricot; Naturally derived: natural; Sweetener: sugar; Pack Type: Bottle; Juice Content: 100%; Pack Material Type: Glass; Volume: 250; Sustainable Packaging: can be recycled; Geographic Origin: france; Sustainable Sourcing: fairtrade, organic; Made From: grape, apple, pear, apricot; No Artificial Ingredients: no artificial additives; Caffeine: 15-25 mg"
442913051,Willys,Sweden,apple elder Juice without pulp,pressed apple juice with elder without pulp. pressas immediately after harvest. 1 l.,"["""" drink"""","""" Juice, fruit drink & smoothie"""","""" chilled juice & nectar""""]",https://www.willys.se/produkt/apple-Flader-Juice-Utan-Fruktkott-101328354_ST,"https://assets.axfood.se/image/upload/f_auto,t_500/07340083480263_C1N1_s01",29.9,7340083480263,Garant,Not from Concentrate 100% Juice,"Juice Content: 100%; Pack Material Type: Glass; Juice Features: pulp free, smoothie; Volume: 1000; Pack Type: Bottle; Flavour: elderflower, apple; Immune Support Ingredients: elderberry; Made From: elderberry, apple; Carbonization: still"
445115355,Hipercor,Spain,the english court pineapple juice and grape 100% from concentrate brik 1 l,"name of the food: pineapple juice and grape from concentrate name of the operator: prepared for the english court by Agrotransformados S.A. avda. constitution, 96 30564 Lorqui ( murcia) spanish number","["""" drinks"""","""" water, soft drinks and juices"""","""" juices and nectars"""","""" juices and nectars pineapple""""]",https://www.hipercor.es/supermercado/0110118656702380-el-corte-ingles-zumo-de-pina-y-uva-100-a-partir-de-concentrado-brik-1-l/,https://sgfm.elcorteingles.es/SGFM/dctm/MEDIA03/202105/25/00118656702380____2__600x600.jpg,0.59,,El Corte Inglés,Not from Concentrate 100% Juice,"Pack Material Type: Paper / Carton; Volume: 1000; Flavour: grape, pineapple; Juice Content: 100%; Carbonization: still; Juice Features: from concentrate; Made From: grape, pineapple"
445457833,Gittigidiyor,Turkey,thyme juice 1000ml,,"["""" home page"""",""""supermarket"""",""""drink"""","""" still drinks""""]",https://www.gittigidiyor.com/supermarket/kekik-suyu-1000ml_pdp_699669788,https://mcdn01.gittigidiyor.net/69966/tn50/699669788_tn50_0.jpg,17,,Albi,Nectars,Pack Material Type: Paper / Carton; Flavour: thyme; Juice Content: 0-2%; Volume: 1000; Carbonization: still
449653606,S-kaupat,Finland,juicer superhero omena-avokado-pinaatti smoothie drink 250ml,"Omena-mango-avokado-pinaatti smoothie drink. high pressure treated (HPP). 62 % apples, 13 % mango, 16 % avocado and spinach.","["""" beverages"""","""" juice"""","""" smoothies, juicy and snack drinks""""]",https://www.s-kaupat.fi/tuote/mehustamo-supersankari-omena-avokado-pinaatti-smoothiejuoma-250ml/7340191117884,https://cdn.s-cloud.fi/v1/w640_q75/product/ean/7340191117884_kuva1.jpg,2.77,7340191117884,Mehustamo,Not from Concentrate 100% Juice,"Pack Material Type: Plastic; Pack Type: Bottle; Juice Features: cold press, smoothie; Volume: 250; Carbonization: still; Juice Content: 100%; Immune Support Ingredients: antioxidants; Made From: banana, lemon, apple, avocado, spinach, mango"
449759446,safeway,USA,L & A All Pomegranate - 32 Fl. Oz.,,"["""" Beverages"""","""" Juice & Smoothies"""","""" Pomegranate Juice""""]",https://www.safeway.com/shop/product-details.960126124.html,https://images.albertsons-media.com/is/image/ABS/960126124-ECOM?$ng-ecom-pdp-mobile$&defaultImage=Not_Available,5.79,41755098508,L&A,Reconstituted 100% Juice,Juice Features: smoothie; Flavour: pomegranate; Volume: 946; Juice Content: 100%; Made From: pomegranate; Pack Type: Jar; Carbonization: still
449809989,S-kaupat,Finland,juicer rantapaiva pineapple-coconut smoothie 250ml,"generous smoothie drink. high pressure treated (HPP). 55% pineapple, 9% coconut.","["""" beverages"""","""" juice"""","""" other fruit juices""""]",https://www.s-kaupat.fi/tuote/mehustamo-rantapaiva-ananas-kookos-smoothie-250ml/7340191106567,https://cdn.s-cloud.fi/v1/w640_q75/product/ean/7340191106567_kuva1.jpg,2.77,7340191106567,Mehustamo,Not from Concentrate 100% Juice,"Volume: 250; Juice Content: 100%; Pack Type: Bottle; Made From: banana, pineapple, apple, coconut, orange; Flavour: pineapple, coconut; Juice Features: cold press, smoothie; Immune Support Ingredients: vitamin c, antioxidants; Pack Material Type: Glass; Carbonization: still"
451403697,Hipercor,Spain,"VIA NATURE apple juice, grape, lemon and lime with spirulina 750 ml bottle",,"["""" supermarket"""","""" drinks"""","""" water, soft drinks and juices"""","""" juices and nectars"""","""" chilled juices"""","""" chilled juices (35)""""]",https://www.hipercor.es/supermercado/0110118827001795-via-nature-zumo-de-manzana-uva-limon-y-lima-con-espirulina-botella-750-ml/,https://sgfm.elcorteingles.es/SGFM/dctm/MEDIA03/202305/17/00118827001795____6__40x40.jpg,2.25,,Via Nature,Not from Concentrate 100% Juice,"Volume: 750; Pack Type: Bottle; Flavour: lime, grape, apple, lemon; Carbonization: still; Made From: lime, grape, apple, lemon"
452262255,Fotex,Denmark,ginger shot m. chili,"ginger / Chili from rynkeby is a tasty combination of the classic ginger shot added a delicate touch of chili. the ginger shot is perfect for you, that can little one shot with an extra powerful and i","["""" drinking """","""" juice and smoothies """","""" fruit- and vegetable shots""""]",https://hjem.foetex.dk/produkt/ingefaershot-m-chili/88191441-EA,"https://digitalassets.sallinggroup.com/image/upload/e_trim/b_white,c_pad,e_sharpen:80,f_auto,q_auto,w_700,h_700/id/405ecd24-5796-4c36-a5e0-7f8a01be1d71",25,5705010079347,Rynkeby,Not from Concentrate 100% Juice,"Flavour: ginger; Pack Material Type: Glass; Volume: 500; Juice Content: 100%; Made From: ginger, apple, lemon; Pack Type: Bottle; Immune Support Ingredients: ginger, vitamin c; Juice Features: smoothie, from concentrate, pasteurized; Carbonization: still"
456728579,amazon,France,organic marcel - nectar organic peach 25cl - pack of 3,,"["""" grocery"""","""" coffee, tea and drinks"""","""" juice"""","""" juice""""]",https://www.amazon.fr/Marcel-Bio-Nectar-P%C3%AAche-25cl/dp/B0989ZFT44/ref=sr_1_186?c=ts&keywords=Jus+de+fruits&qid=1690725500&s=grocery&sr=1-186&ts_id=6357100031,https://m.media-amazon.com/images/I/61mxngbgWqL._AC_UL320_.jpg,9.1,,Marcel,Nectars,Pack Type: Bottle; Pack Material Type: Glass; Flavour: peach; Sustainable Sourcing: organic; Volume: 250; Made From: peach; Carbonization: still
459135503,Carrefour,France,apple juice organic peasants from here,"Store in a dry and cool place between 18°C and 20°C 
keep cool after opening true consumer service : ethical A st laurent 32500 fleurance . operator service : ethical A st laurent 32500 fleurance ; pu","["""" bio and ecology"""","""" drinks"""","""" juice""""]",https://www.carrefour.fr/p/jus-de-pomme-bio-paysans-d-ici-3760091729835?t=27070,https://www.carrefour.fr/media/1500x1500/Photosite/PGC/BOISSONS/3760091729835_PHOTOSITE_20200316_164155_0.jpg?placeholder=1,2.69,3760091729835,Ethiquable,Not from Concentrate 100% Juice,"Pack Material Type: Glass; Juice Content: 100%; Flavour: apple; Made From: apple; Volume: 1000; Carbonization: still; Pack Type: Bottle; Sustainable Sourcing: fairtrade, organic"
460209542,Ocado,United Kingdom,Coldpress Strawberry Banana Smoothie Plus Vitamins,"Strawberry, Banana, Apple, Orange, Pear, Lime Cold pressed (HPP) to lock in nutrients and a pure fresh tasteB Vitamins to Help Reduce Tiredness and Fatigue Vitamins C & E to Protect Cells from Oxidati","["""" Soft Drinks, Tea & Coffee"""","""" Smoothies""""]",https://www.ocado.com/webshop/product/Coldpress-Strawberry-Banana-Smoothie-Plus-Vitamins/225629011,https://www.ocado.com/productImages/225/225629011_0_1280x1280.jpg?identifier=d04900c4bea9add98788b3f06c9db229,3.35,,Coldpress,Not from Concentrate 100% Juice,"Made From: strawberry, orange, pear, banana, lime, carrot, apple; Health Claims: good source of vitamins, immune system health, fatigue relief, no added sugar, stress relief; Sustainable Packaging: widely recycled; Flavour: strawberry, banana; Caffeine: 15-25 mg; Carbonization: still; Juice Content: 100%; Naturally derived: natural; Juice Features: cold press, smoothie, pasteurized; Volume: 750; Immune Support Ingredients: vitamin c; Pack Material Type: Plastic"
463848622,Carrefour,France,juice pineapple passion organic apple ethical,"Store in a dry and cool place between 18°C and 20°C 
after opening keep cool true consumer service : ethical A st laurent 32500 fleurance . operator service : ethical A st laurent 32500 fleurance ; wh","["""" drinks"""","""" juice fruits and vegetables"""","""" juice' pineapple and exotic fruits"""","""" pineapple juice""""]",https://www.carrefour.fr/p/jus-100-pur-jus-ananas-passion-pomme-bio-ethiquable-3760278861259?t=27088,https://media.carrefour.fr/medias/f95d4c6d484a30f69f38e98efbd3cb20/p_1500x1500/03760278861259-a1r1-s01.jpg,4.85,3760278861259,Ethiquable,Not from Concentrate 100% Juice,"Juice Content: 100%; Flavour: pineapple, apple; Made From: passion fruit, pineapple, apple, lemon, mango; Carbonization: still; Pack Material Type: Glass; Sustainable Sourcing: fairtrade, organic; Volume: 750; Juice Features: from concentrate; Pack Type: Bottle"
46390963,Alnatura,Germany,pomegranate direct juice,"all categories, beverages, pomegranate direct juice","["""" all categories"""","""" beverages"""","""" pomegranate direct juice""""]",https://www.alnatura-shop.de/getraenke/alnavit-gmbh/granatapfel-direktsaft-2000024673,https://images.alnatura-shop.de/productpics/h_1200/a2000024673.jpg,3.99,42279020,Alnavit,Nectars,Pack Material Type: Glass; Volume: 330; Sustainable Sourcing: organic; Flavour: pomegranate; Pack Type: Bottle; Made From: pomegranate; Juice Content: 100%; Carbonization: still
466179604,amazon,Germany,Pride lemon juice - 500ml,"* * *
# info on this article 
* proud 
* out fresh lemons pressed 
* content: 500ml 
* natural strength 
› more product details , 
## product descriptions 
lemon juice from concentrated lemon juice. 
","["""" tinned & jarred food""""]",https://www.amazon.de/-/en/dp/B083WNNZRG/ref=sr_1_12474?qid=1686921524&s=grocery&sr=1-12474,https://m.media-amazon.com/images/I/41uoFOZqvvL._AC_UL320_.jpg,8.89,,Pride,Not from Concentrate 100% Juice,Flavour: lemon; Made From: lemon; Volume: 500; Carbonization: still; Juice Content: 100%; Juice Features: from concentrate; Pack Type: Bottle; Pack Material Type: Plastic
47084366,Kroger,USA,Xenergy Mango Guava Energy Drink,,"["""" Grocery"""","""" Beverages"""","""" Sports & Energy Drinks""""]",https://www.kroger.com/p/xenergy-mango-guava-energy-drink/0084288509871,https://www.kroger.com/product/images/xlarge/front/0084288509871,,842885098716,Xyience,Energy Drinks,"Flavour: guava, mango; Volume: 473; Health Claims: energy boosting; Juice Content: 0-2%; Pack Material Type: Metal; Carbonization: still"
47146905,Kroger,USA,North Coast Organic Honeycrisp Apple Juice,Our Honeycrisp Organic Apple Juice is a definite favorite known for its intense sweetness. Itis also very crisp and refreshing. This one will stand out with its beautiful golden honey color.,"["""" Grocery"""","""" Beverages"""","""" Juice"""","""" Apple Juice""""]",https://www.kroger.com/p/north-coast-organic-honeycrisp-apple-juice/0002201432070?fulfillment=IN_STORE,https://www.kroger.com/product/images/xlarge/front/0002201432070,5.49,22014320707,North Coast,Reconstituted 100% Juice,Pack Type: Bottle; Pack Material Type: Glass; Volume: 946; Made From: apple; Juice Content: 100%; Flavour: apple; Sustainable Sourcing: organic; Carbonization: still
477876477,Carethy,Spain,3D Energy Energy Drinks 12 x 473 ml Blue Raspberry,"* description 
* features 
* ingredients 
* brand 
enjoy a refreshing ending with all the emotion what are you waiting for of the 3D.
energy immediate for momentum what do you need without he crashazu","["""" nutrition and supplements"""","""" drinks"""","""" refreshing drinks""""]",https://www.carethy.es/nutricion-suplementos/3d-energy/energy-drinks-12-x-473-ml?r=653407203651,https://static.carethy.net/media/4/photos/products/477797/energy-drinks-12-x-473-ml_20868784000326_1_g.png,54.29,,3D,Energy Drinks,"Caffeine: 15-25 mg; Pack Material Type: Metal; Volume: 473; Contains Minerals: calcium, iron; Carbonization: still; Diets: low carbs; Flavour: raspberry; Health Claims: energy boosting"
478311235,Carethy,Spain,3D Energy Energy Drinks 12 x 473 ml Silver,"* description 
* features 
* ingredients 
* brand 
enjoy a refreshing ending with all the emotion what are you waiting for of the 3D.
energy immediate for momentum what do you need without he crashazu","["""" nutrition and supplements"""","""" drinks"""","""" refreshing drinks""""]",https://www.carethy.es/nutricion-suplementos/3d-energy/energy-drinks-12-x-473-ml?r=653407203897,https://static.carethy.net/media/4/photos/products/477797/energy-drinks-12-x-473-ml_20868784000326_1_g.png,54.29,,3D,Energy Drinks,"Pack Material Type: Metal; Contains Minerals: calcium, iron; Volume: 473; Carbonization: still; Caffeine: 15-25 mg; Health Claims: energy boosting; Diets: low carbs"
478380342,Carethy,Spain,Esn Flavor Drops Cappuccino 1 x 50 ml Cappuccino,"* description 
* features 
* ingredients 
* brand 
Flavor Drops are concentrated flavor multipurpose, highly concentrated and soluble in water. our drops of taste not contain fat, calories, sweeteners","["""" nutrition and supplements"""","""" feeding"""","""" sweeteners""""]",https://www.carethy.es/nutricion-suplementos/esn/flavor-drops-cappuccino-1-x-50-ml-471623?r=4250519610719,https://static.carethy.net/media/4/photos/products/471623/466331-4250519610719_1_1_g.jpeg,5.49,,ESN,Liquid Concentrates,"Pack Type: Bottle; Volume: 50; Health Claims: no fat, no calories; Pack Material Type: Plastic; Sweetener: sucralose; Flavour: cappuccino; No Artificial Ingredients: no artificial sweeteners, no artificial preservatives"
481214133,Hemköp,Sweden,Raspberry sugarfree energy drink can,energy drink with raspberry flavor. high caffeine content 32 mg / 100 ml. vitamin-enriched. 25 cl.stored at room temperature.,"["""" all supplies"""","""" drink"""","""" sports & energy drinks"""","""" energy drink""""]",https://www.hemkop.se/produkt/R-101346732_ST,"https://assets.axfood.se/image/upload/f_auto,t_500/07611612222105_C1N1_s01",6.67,7611612222105,Powerking,Energy Drinks,"Sweetener: aspartame; Volume: 250; Pack Material Type: Metal; Caffeine: 25-50 mg; Carbonization: carbonated; Flavour: raspberry; Juice Content: 0-2%; Health Claims: good source of minerals, energy boosting; Pack Type: Can; Immune Support Ingredients: vitamin c, antioxidants; Energy Source: b-vitamins"
483751791,Cdiscount,France,organic nature Nectar orange 1.5 liters,juice of the brand organic nature. Nectar orange 1.5 liters. EAN 3257986878629.,"["""" home"""","""" daily"""","""" organic drink (313)""""]",https://www.cdiscount.com/au-quotidien/alimentaire/nature-bio-nectar-orange-1-5-l/f-127011002-nat3257986878629.html,https://www.cdiscount.com/pdt2/6/2/9/1/300x300/nat3257986878629/rw/nature-bio-nectar-orange-1-5-l.jpg,3.59,3257986878629,Nature Bio,Nectars,Made From: orange; Pack Type: Liquid Carton; Volume: 1500; Pack Material Type: Paper / Carton; Sustainable Sourcing: organic; Juice Content: 0-2%; Flavour: orange; Carbonization: still
487479183,Willys,Sweden,Raspberry sugarfree energy drink can,energy drink with raspberry flavor. high caffeine content 32 mg / 100 ml. vitamin-enriched. 25 cl.,"["""" drink"""","""" Sport- & energy drink"""","""" energy drink""""]",https://www.willys.se/produkt/Raspberry-Sugarfree-Energidryck-Burk-101346732_ST,"https://assets.axfood.se/image/upload/f_auto,t_500/07611612222105_C1N1_s01",8.9,7611612222105,Powerking,Energy Drinks,"Energy Source: b-vitamins; Volume: 250; Flavour: raspberry; Pack Material Type: Metal; Immune Support Ingredients: vitamin c, antioxidants; Carbonization: carbonated; Health Claims: energy boosting, good source of minerals; Caffeine: 25-50 mg; Pack Type: Can; Sweetener: aspartame; Juice Content: 0-2%"
489391770,amazon,USA,Syrup (2 pack) Sour Cherry 500 ml (16.9 Ounce) bottles from Austria - 3 pack,",
, Size: .3 pack(16.9 Fl Oz ( Pack of 2)) 
1","[""""\"""" Beverage Flavor Syrups\""""""""]",https://www.amazon.com/Syrup-Cherry-Ounce-bottles-Austria/dp/B09FKPVPM1/ref=sr_1_992?_encoding=UTF8&c=ts&dchild=1&keywords=Beverage+Flavor+Syrups&qid=1632900814&s=grocery&sr=1-992&ts_id=5782432011,https://m.media-amazon.com/images/I/31uqf-07QxL._AC_UL320_.jpg,378,,D'Arbo,Liquid Concentrates,Flavour: cherry; Volume: 500; Juice Content: 0-2%; Pack Material Type: Glass; Geographic Origin: austria; Pack Type: Bottle
492102017,Gittigidiyor,Turkey,"red crescent erzi?ncan mineral water simple 24 x 200 ml Soda, mineral water",,"[""""supermarket, pet"""",""""beverages"""","""" carbonated drinks""""]",https://www.gittigidiyor.com/supermarket/erzincan-kizilay-maden-suyu-sade-24-x-200-ml-2-koli-ucretsiz-kargo_pdp_575343317,https://mcdn01.gittigidiyor.net/71162/711623166_0.jpg,112.1,,Kizilay,Carbonated Bottled Water,"Volume: 200; Carbonization: carbonated; Juice Content: 0-2%; Pack Material Type: Paper / Carton; Water Type: mineral, soda"
496616911,Coop,Sweden,juice Lemon Lime,"fun light Legendary Lemon Lime - a fresh sugar free mixed juice with taste of lemon and lime, developed to fit extra good together with carbonated water. a wonderful spritzy and thirst quenching citru","["""" drink"""","""" juice & still drink & mealtime drink"""","""" juice""""]",https://www.coop.se/handla/varor/-7310090396161,https://res.cloudinary.com/coopsverige/image/upload/v1623908902/228985.jpg,27.5,7310090396161,Fun,Liquid Concentrates,"Volume: 1000; Sustainable Packaging: from recycled materials; Naturally derived: natural fragrances, natural dyes; Caffeine: 15-25 mg; Geographic Origin: sweden; Juice Content: 0-2%; Health Claims: hydrating, no added sugar, no calories, no sugar; Flavour: lime, lemon; Pack Material Type: Plastic; Sweetener: aspartame, acesulfame potassium"
497607124,amazon,USA,"Penta Ultra- Purified Water, Oxygen Infused Natural pH Hydration, Solar- Powered 13 Step Purification Process,16.9 Fl Oz ( Pack of 24) Pack of 6",", ,","[""""\"""" Drinking Water\""""""""]",https://www.amazon.com/Penta-Ultra-Purified-Hydration-Solar-Powered-Purification/dp/B08ZJS4123/ref=sr_1_2692?_encoding=UTF8&c=ts&dchild=1&keywords=Drinking+Water&qid=1632901198&s=grocery&sr=1-2692&ts_id=16318651,https://m.media-amazon.com/images/I/71RquDUx2aL._AC_UL320_.jpg,940.76,,Penta,Still Bottled Water,Pack Material Type: Plastic; Water Type: purified; Health Claims: hydrating; Volume: 500; Carbonization: still; Juice Content: 0-2%; Pack Type: Bottle
500484259,amazon,USA,"Realemon Lemon Juice, 48- Ounce Bottles ( Pack of 4) - SET OF 4",", ,","["""" Any Department"""","""" Grocery & Gourmet Food"""","""" Beverages"""","""" Bottled Beverages, Water & Drink Mixes"""","""" Juices""""]",https://www.amazon.com/dp/B08CKP2Y24,https://m.media-amazon.com/images/I/71TgH1qxmHL._AC_UL320_.jpg,139.99,,Realemon,Not from Concentrate 100% Juice,Pack Material Type: Glass; Volume: 1420; Flavour: lemon; Juice Content: 0-2%; Made From: lemon; Pack Type: Bottle; Carbonization: still
50103523,jet.com,USA,"Yerbae 298136 Enhanced Lemon Sparkling Water, 12 fl. oz ( Pack of 12)",,"[""""grocery"""",""""beverages"""",""""water""""]",https://jet.com/product/product/b8f9ac4aea15404f90b395e843a866c3,https://images.jet.com/md5/96ff75ea1256848d2a294a3b9059c438,53.2,,Yerbae,Sparkling Flavoured Bottled Water,Volume: 355; Juice Content: 0-2%; Pack Material Type: Metal; Carbonization: sparkling; Flavour: lemon
501322943,amazon,France,wattwiller - natural mineral water Plate 6x1l - unity - special offer,"* drinks 
* waters 
* still waters 
* wattwiller 
* natural mineral water Plate 6x1l 
, 
## product description 
-. 
, 
-.","["""" grocery"""","""" coffee, tea and drinks"""","""" waters""""]",https://www.amazon.fr/WATTWILLER-Min%C3%A9rale-Naturelle-Lunit%C3%A9-Special/dp/B08QQQNKJC/ref=sr_1_796?qid=1680614976&s=grocery&sr=1-796,https://m.media-amazon.com/images/I/41hfnCK-PUL._AC_UL400_.jpg,29.99,,Wattwiller,Still Bottled Water,Volume: 1000; Pack Material Type: Flexible Pack; Naturally derived: natural; Water Type: mineral; Juice Content: 0-2%; Carbonization: still
50277315,Target,USA,Stumptown Original Cold Brew Coffee - 10.5 fl oz,"undefined 
[ingredients_start]
 Does Not Contain Any of the 8 Major Allergens, Form: Liquid, 
[ingredients_end]
State of Readiness: Ready to Drink, Store: Refrigerated, Package Quantity: 1, Caffeine c","["""" Target"""","""" Grocery"""","""" Beverages"""","""" Coffee"""","""" Cold Brew Coffee""""]",https://www.target.com/p/stumptown-original-cold-brew-coffee-10-5-fl-oz/-/A-49118166,https://target.scene7.com/is/image/Target/GUEST_4310ad5a-8a8a-4b50-9abd-2e8533504792,3.99,180626000216,Stumptown,RTD Coffee,Volume: 200; Juice Content: 0-2%; Carbonization: still; Pack Material Type: Glass; RTD Coffee Style: cold brew; Flavour: coffee; Pack Type: Bottle
505706230,amazon,USA,"Premium Purified Water, pH Balanced with Electrolytes For Taste, , 33.8 Fl Oz ( Pack of 6) - Packaging May Vary",",
,","[""""\"""" Drinking Water\""""""""]",https://www.amazon.com/Premium-Purified-Water-Balanced-Electrolytes/dp/B09J95X8PW/ref=sr_1_523?_encoding=UTF8&c=ts&dchild=1&keywords=Drinking+Water&qid=1634543414&s=grocery&sr=1-523&ts_id=16318651,https://m.media-amazon.com/images/I/511C2Dd1bfL._AC_UL320_.jpg,7.19,,LIFEWTR,Functional Bottled Water,"Volume: 1000; Sports Ingredients: electrolytes; Juice Content: 0-2%; Carbonization: still; Pack Material Type: Glass; Water Type: ph balanced, purified; Pack Type: Bottle"
507452051,Carrefour,France,mysoda - concentrated lemonade flavor 685ml,True ; the concentrate mysoda lemonade flavor 685ml is made in france. offered in a elegant glass bottle ecological and recyclable. allows to achieve until 11 liters of drink. graduation on the back l,"["""" drinks"""","""" colas, iced teas, syrups and sodas"""","""" syrups and concentrates"""","""" syrups""""]",https://www.carrefour.fr/p/mysoda-concentre-saveur-limonade-685ml-3265261466201?s=2638,https://media.carrefour.fr/medias/20daa7d8d1003b5a8a4542f7dfd22394/p_1500x1500/aee2ee3ed1e7401cb98dd219e991f39c-image.jpg,106,3265261466201,MySoda,Liquid Concentrates,Pack Material Type: Plastic; Sustainable Packaging: can be recycled; Pack Type: Bottle; Flavour: lemon; Geographic Origin: france; Environmentally Friendly: environmentally friendly; Juice Content: 0-2%
508628351,amazon,USA,"Mello Yello Soda Citrus, 20oz Bottles ( Pack of 10, Total of 200 Oz)","* * *
# About this item 
* Mello Yello Soda Citrus, 20oz Bottles 
* Pack of 10, Total of 200 Oz 
* Mello Yello Is A Delicious Citrus Carbonated Soft Drink 
* Perfect For Pairing With Your Meal Or Whil","["""" Any Department"""","""" Grocery & Gourmet Food"""","""" Beverages"""","""" Bottled Beverages, Water & Drink Mixes"""","""" Soda Soft Drinks""""]",https://www.amazon.com/dp/B09JVKT3J3,https://m.media-amazon.com/images/I/11kkWQxMkXL._AC_UL320_.jpg,27.99,,Mello Yello,Other Non-Cola Carbonates,Juice Content: 0-2%; Pack Type: Bottle; Volume: 591; Flavour: citrus; Pack Material Type: Plastic; Caffeine: 0-15 mg; Carbonization: carbonated
508743422,amazon,France,organic nature - pure juice apple brick 1l - set of 4 - special offer,"* drinks 
* juice 
* organic juice 
* organic nature 
* pure juice apple brick 1l 
, 
apple juice isssu from organic farming. 
,","[""""\"""" cooked dishes\""""""""]",https://www.amazon.fr/gp/slredirect/picassoRedirect.html/ref=pa_sp_mtf_grocery_sr_pg125_1?ie=UTF8&adId=A0700970N0QXX8WQS8ZN&url=%2FNATURE-BIO-Pomme-Brique-Special%2Fdp%2FB08QQZ4JDD%2Fref%3Dsr_1_2989_sspa%3F_encoding%3DUTF8%26c%3Dts%26keywords%3DPlats%2Bcuisin%25C3%25A9s%26qid%3D1635944981%26s%3Dgrocery%26sr%3D1-2989-spons%26ts_id%3D6359785031%26psc%3D1&qualifier=1635944981&id=1901518637291422&widgetName=sp_mtf,https://m.media-amazon.com/images/I/413ocgM-HXL._AC_UL320_.jpg,29.99,,Nature Bio,Reconstituted 100% Juice,Made From: apple; Sustainable Sourcing: organic; Pack Material Type: Paper / Carton; Carbonization: still; Pack Type: Liquid Carton; Volume: 1000; Flavour: apple; Juice Content: 100%
513645308,amazon,USA,Beijing Tong Ren Tang Honeysuckle Chrysanthemum Cassia Tea [(中国直邮)] 北京同仁堂金银花菊花决明子茶 牛蒡根枸杞子蒲公英茶 桂花菊花葛根鲜芦根花草茶,"* * *
# About this item 
* 3盒一个养生周期 
* 买2送1=买2盒发3盒 
,
, 
[(中国直邮)] 北京同仁堂金银花菊花决明子茶 牛蒡根枸杞子蒲公英茶 桂花菊花葛根鲜芦根花草茶","[""""\"""" Bottled Iced Tea\""""""""]",https://www.amazon.com/Beijing-Tong-Ren-Tang-%E3%80%90%E4%B8%AD%E5%9B%BD%E7%9B%B4%E9%82%AE%E3%80%91%E5%8C%97%E4%BA%AC%E5%90%8C%E4%BB%81%E5%A0%82%E9%87%91%E9%93%B6%E8%8A%B1%E8%8F%8A%E8%8A%B1%E5%86%B3%E6%98%8E%E5%AD%90%E8%8C%B6/dp/B09JCGWNFF/ref=sr_1_998?_encoding=UTF8&c=ts&dchild=1&keywords=Bottled+Iced+Tea&qid=1635925032&s=grocery&sr=1-998&ts_id=5782362011,https://m.media-amazon.com/images/I/41i6CcGpJVL._AC_UL320_.jpg,36.99,,Beijing Tong Ren Tang,Powder Concentrates,Juice Content: 0-2%; Pack Type: Carton/Box; Flavour: tea; Concentrate Format: powder; Pack Material Type: Paper / Carton
51415244,GNC,United Kingdom,Nutramino HEAT BCAA Blueberry 330ml,"### Description 
* Zero calories 
* Zero sugars 
* High in caffeine 
HEAT BCAA is not just an energy drink! It is a functional drink with a high caffeine content and 2.5 g BCAA as well as 13 different","["""" Sports Nutrition"""","""" Energy, Endurance & Support""""]",https://www.gnc.co.uk/shop/product/nutramino-heat-bcaa-blueberry-60018203?skuid=018203,https://images.hollandandbarrettimages.co.uk/productimages/GC/724/018203_A.jpg,1.99,,Nutramino,Energy Drinks,"Energy Source: green tea; Sweetener: aspartame, sucralose, acesulfame potassium; Juice Content: 0-2%; Volume: 330; Pack Type: Can; Pack Material Type: Metal; No Artificial Ingredients: no aspartame; Flavour: blueberry; Caffeine: 25-50 mg; Contains Minerals: calcium; Health Claims: no sugar, energy boosting; Sports Ingredients: bcaa; Carbonization: carbonated; Naturally derived: natural flavours; Immune Support Ingredients: ginger"
516176587,mat.se,Sweden,julmust Original incl. Pant,"nygårdas julmust based sig på one original recipe from 1910 and tastes as a must should taste. with a perfect balance between sweetness, juliga spices and lovely foam is ours must loved by both large ","["""" beverages"""",""""soda"""","""" up to 50cl""""]",https://www.mat.se/butik/nygarda-julmust-original-nygarda-50cl,https://d1hr6nb56yyl1.cloudfront.net/product-images/85749-560.jpg,14.95,7310401000220,Nygårda,Other Non-Cola Carbonates,Carbonization: gently carbonated; Juice Content: 0-2%; Sweetener: sugar; Volume: 500; Pack Material Type: Glass; Pack Type: Bottle
517056474,amazon,USA,"Inca Kola Golden Carbonated Beverage Soda - la kola dorada - 12 oz cans - 12pk, Pack of 10",",
, Size: .10 Pack (12 Fl Oz (12 Count)) 
1","["""" Grocery & Gourmet Food"""","""" Beverages"""","""" Bottled Beverages, Water & Drink Mixes"""","""" Soft Drinks""""]",https://www.amazon.com/Inca-Kola-Golden-Carbonated-Beverage/dp/B09L4JFM3M/ref=sr_1_415?_encoding=UTF8&c=ts&keywords=Soda+Soft+Drinks&qid=1636444419&s=grocery&sr=1-415&ts_id=16318231,https://m.media-amazon.com/images/I/51kCbekUo-L.jpg,,,Inca Kola,Other Non-Cola Carbonates,Carbonization: carbonated; Pack Type: Can; Pack Material Type: Metal; Volume: 355; Juice Content: 0-2%
517098800,amazon,France,mullion house - grenadine syrup organic 1 l - unit,"* drink 
* syrup 
* syrup 
* mullion house 
* grenadine syrup organic 1 l 
, 
grenadine syrup organic with cane sugar. from organic farming. glass bottle of 1 liter. 
,","["""" grocery"""","""" coffee, tea and drinks"""","""" syrups and concentrates for drinks"""","""" concentrates"""","""" concentrated syrups""""]",https://www.amazon.fr/sspa/click?ie=UTF8&spc=MToxMDIyNzUwODc2ODE2OTM5OjE2NzY5MDI0MjE6c3BfbXRmOjIwMDc5NTY5ODQ4NDAyOjowOjo&url=%2FMaison-Meneau-Sirop-Grenadine-Unit%25C3%25A9%2Fdp%2FB09G1GZWRY%2Fref%3Dsr_1_171_sspa%3Fc%3Dts%26keywords%3DSirops%2Bconcentr%25C3%25A9s%26qid%3D1676902421%26s%3Dgrocery%26sr%3D1-171-spons%26ts_id%3D6357111031%26sp_csd%3Dd2lkZ2V0TmFtZT1zcF9tdGY%26psc%3D1,https://m.media-amazon.com/images/I/41mTNADUcEL._AC_UL320_.jpg,21.99,,Meneau,Liquid Concentrates,Sustainable Sourcing: organic; Juice Content: 0-2%; Pack Material Type: Glass; Sweetener: cane sugar; Volume: 1000; Pack Type: Bottle
517390252,Asda,United Kingdom,Plus Mango and Passionfruit Super Smoothie,"Mango, Passionfruit, Apple, Banana, Orange, Peach, Lime
Cold pressed (HPP) to lock in nutrients and a pure fresh taste
1 of 5 fruit & veggies†
†150ml = 1 serving.
B Vitamins to Help Reduce Tiredness a","["""" Chilled Food"""","""" Chilled Juice & Smoothies"""","""" Chilled Smoothies""""]",https://groceries.asda.com/product/1000324504646,https://ui.assets-asda.com:443/dm/5060268000308,3,5060268000308,Coldpress,Not from Concentrate 100% Juice,"Pack Material Type: Plastic; Volume: 750; Juice Features: cold press, smoothie; Made From: banana, peach, apple, orange, lime, passion fruit, mango; Health Claims: stress relief, immune system health, good source of vitamins, fatigue relief; Flavour: passionfruit, mango; Immune Support Ingredients: vitamin c; Juice Content: 100%; Carbonization: still"
517435480,Auchan,France,green tea infused jasmine scent,"## characteristics 
##### Description marketing 
a intense tea infusion green enriched by floral notes jasmine, low in calories and without sweetener 
### Composition 
ingredients ingredients : infusi","["""" waters, milk, drinks, alcohols"""","""" Soda, juice, syrups"""","""" teas, infusions frozen""""]",https://www.auchan.fr/maytea-the-vert-infuse-parfum-jasmin/pr-C1211010,https://media.auchan.fr/MEDIASTEP60112042_1200x1200/B2CD/,1.85,3124480189073,May Tea,Still RTD Tea,"Sustainable Sourcing: rainforest alliance; Tea Type: green, jasmine; No Artificial Ingredients: no artificial sweeteners; Volume: 1000; Pack Material Type: Plastic; Pack Type: Bottle; Immune Support Ingredients: vitamin c, antioxidants; Caffeine: 15-25 mg; Naturally derived: natural flavours, natural fragrances; Juice Content: 0-2%; Health Claims: low sugar, low calories; Sweetener: sugar; Flavour: jasmine, tea; Carbonization: still"
517639675,Asda,United Kingdom,Raw Press Raw Defence Virgin Smoothie,"This smoothie is high in vitamin B12 and C. Vitamin B12 and C contribute to the normal function of the immune system.
No added sugar†
† Naturally occurring from fruit. We never add sugar.
From Branch ","["""" Chilled Food"""","""" Chilled Juice & Smoothies"""","""" Chilled Smoothies""""]",https://groceries.asda.com/product/1000324504601,https://ui.assets-asda.com:443/dm/5060406461718,4.5,5060406461718,Mockingbird,Not from Concentrate 100% Juice,"Juice Features: cold press, smoothie; Volume: 750; Naturally derived: natural; Carbonization: still; Juice Content: 100%; Immune Support Ingredients: vitamin c; Caffeine: 15-25 mg; Made From: orange, apple, lemon, passion fruit, barbados cherry, cherry, carrot, mango; Pack Material Type: Plastic; Health Claims: superfood, no added sugar, good source of vitamins, immune system health"
520188740,ICA,Sweden,Juice orange Mango & passion fruit freshly pressed 1l ICA Selection,"## product information 
ica Selection freshly squeezed juice from orange, mango and passion fruit. with pulp. fresh taste with certain beska and acidity. with pant. 
## trademark 
ica Selection 
## ot","["""" drink"""","""" juice & fruit drinks"""","""" freshly squeezed juice""""]",https://handlaprivatkund.ica.se/stores/1004134/products/Juice-Apelsin-Mango-&-Passionsfrukt-Nypressad-1l-ICA-Selection/2030533,https://handlaprivatkund.ica.se/images-v3/bf7a00ca-390e-4769-865f-dc369586872e/3f9e03db-e8e9-4edd-ab04-06f37ccc9bf8/500x500.jpg,48.9,,ICA,Not from Concentrate 100% Juice,"Volume: 1000; Juice Content: 100%; Immune Support Ingredients: vitamin c; Juice Features: with pulp; Pack Material Type: Glass; Pack Type: Bottle; Carbonization: still; Flavour: orange, passionfruit, mango; Made From: orange, passion fruit, mango"
520271394,ICA,Sweden,Juice apple Mandarin carrot organic 850ml good morning,"information from supplier 
a sweet organic juice with a perfect balance of organic fruits and vegetables who received grow in harmony with nature. the fruits received grow and mature on own terms, wit","["""" drink"""","""" juice & fruit drinks"""","""" citrus juice & lemonade""""]",https://handlaprivatkund.ica.se/stores/1004134/products/juice-äpple-mandarin-morot-ekologisk-850ml-god-morgon®/2018625,https://handlaprivatkund.ica.se/images-v3/bf7a00ca-390e-4769-865f-dc369586872e/5bba2bdd-3138-492c-8b01-ee1c5c8b6278/500x500.jpg,43.9,,God Morgon,Not from Concentrate 100% Juice,"Flavour: mandarin, carrot, apple; Environmentally Friendly: no pesticides; Volume: 850; Carbonization: still; Juice Content: 100%; Pack Type: Bottle; Pack Material Type: Plastic; Made From: orange, mandarine, carrot, apple; Caffeine: 15-25 mg; Juice Features: from concentrate, pasteurized, with pulp; Sustainable Sourcing: organic"
520330212,ICA,Sweden,apple juice Cloudy 63cl kullamust,"## product information 
## trademark 
kullamust 
## other information 
ICA has the ambition that always give you the right information. minor changes in the content of the products can take place over","["""" drink"""","""" stilldrink"""","""" stilldrink""""]",https://handlaprivatkund.ica.se/stores/1004134/products/Äppelmust-Cloudy-63cl-Kullamust/2073516,https://handlaprivatkund.ica.se/images-v3/bf7a00ca-390e-4769-865f-dc369586872e/4ca9bd18-3f52-4d1b-9d1c-f72701a2b80c/500x500.jpg,35.9,,Kullamust,Not from Concentrate 100% Juice,Juice Content: 100%; Volume: 200; Pack Type: Bottle; Flavour: apple; Pack Material Type: Glass; Made From: apple; Carbonization: still
520404191,ICA,Sweden,fruit drink blueberry redcurrants with no added sugar 1l proviva,"information from supplier 
proviva blueberry redcurrants uts - equal parts refreshing and full-bodied is ours drink with blueberry flavor and acidity from redcurrants. instead of sugar have we added s","["""" drink"""","""" juice & fruit drinks"""","""" fruit drink""""]",https://handlaprivatkund.ica.se/stores/1004134/products/fruktdryck-blåbär-röda-vinbär-utan-tillsatt-socker-1l-proviva/1463993,https://handlaprivatkund.ica.se/images-v3/bf7a00ca-390e-4769-865f-dc369586872e/3f0954c5-7a75-43f8-b426-27c09c480a26/500x500.jpg,40.9,,Proviva,Juice Drinks (up to 24% Juice),"Juice Features: from concentrate; Pack Type: Liquid Carton; Naturally derived: natural fragrances; Volume: 1000; Pack Material Type: Paper / Carton; Juice Content: 25-50%; Immune Support Ingredients: vitamin c, antioxidants; Flavour: blueberry; Caffeine: 15-25 mg; Made From: grape, blueberry, aronia berry, potato, redcurrant; Sweetener: stevia, sugar; Carbonization: still; Health Claims: no added sugar, immune system health, probiotic, antioxidant"
520537588,Dirk,Netherlands,cool best Strawberry hill discount pack,"### description 
multi-fruit juice from concentrate, briefly heated. 
### sender and address 
riedel consumer service reply number 31, 6710 vb oath 
#### allergy information","["""" drinks, juice, coffee tea"""","""" fruit juices"""","""" fresh juices""""]",https://www.dirk.nl/boodschappen/dranken-sap-koffie-thee/vruchtensappen/coolbest-strawberry-hill-voordeelpak/68066,https://d3r3h30p75xj6a.cloudfront.net/artikelen/116087_1_422688_637879447259538435.png,3.73,8720157464556,Cool Best,Not from Concentrate 100% Juice,"Juice Features: from concentrate; Volume: 1500; Juice Content: 100%; Pack Material Type: Paper / Carton; Made From: grape, strawberry, apple, orange, pear, cherry; Flavour: strawberry; Pack Type: Liquid Carton; Carbonization: still"
520854719,Dirk,Netherlands,smarty lemonade syrup forest fruits,"lemonade syrup forest fruits. SUGAR-FREE, with sweeteners.","["""" drinks, juice, coffee tea"""","""" lemonade""""]",https://www.dirk.nl/boodschappen/dranken-sap-koffie-thee/limonade/slimpie%20limonadesiroop%20bosvruchten/70876,https://d3r3h30p75xj6a.cloudfront.net/artikelen/137085_1_424038_638312321908523550.png,2.95,8719214811174,Slimpie,Liquid Concentrates,"Pack Type: Bottle; Volume: 650; Pack Material Type: Plastic; Health Claims: no sugar; Immune Support Ingredients: elderberry; Caffeine: 15-25 mg; Sweetener: sucralose, acesulfame potassium; Flavour: lemon; Juice Content: 2-5%"
521263960,amazon,USA,"Cilantro Barley Orzo Tea ( Loose) (4 oz, ZIN: 549715) - 2 Pack",* Our Cilantro Barley Orzo tea is a tasty naturally flavored Barley Orzo roasted grain beverage (coffee substitute) with Cilantro that has a refreshing natural taste that will impress you! The unique,"["""" Any Department"""","""" Grocery & Gourmet Food"""","""" Beverages"""","""" Coffee Substitutes""""]",https://www.amazon.com/dp/B081J1N9V6,https://m.media-amazon.com/images/I/81JMVISG6bL._AC_UL320_.jpg,18.8,,TerraVita,Powder Concentrates,"Pack Type: Bag/Packet; Naturally derived: natural flavours, natural, natural sweeteners; Weight: 113; Flavour: tea, barley; Juice Content: 0-2%; Concentrate Format: powder"
522511285,Coop,Norway,farris breeze peach orange 0.5l,,"["""" beverages"""","""" water""""]",https://matlevering.coop.no/drikkevarer/vann/farris-bris-ferappelsin-0.5l-fl,https://matlevering.coop.no/globalassets/productimages/522417_7044610876016_a1c1.jpg?ref=7D91540FF2,19.4,7044610876016,Farris,Sparkling Flavoured Bottled Water,"Naturally derived: natural; Pack Material Type: Glass; Carbonization: carbonated; Water Type: mineral; Juice Content: 0-2%; Flavour: orange, peach; Volume: 500; Pack Type: Bottle"
522519397,Coop,Norway,tine Is coffee Cappucicino Zero 330ml,,"["""" beverages"""","""" iced coffee""""]",https://matlevering.coop.no/drikkevarer/iskaffe/tine-iskaffe-cappuc-zero-330ml,https://matlevering.coop.no/globalassets/productimages/159599_7038010058561_1.jpg?ref=65913FB6E5,19.9,7038010058561,Tine,RTD Coffee,Flavour: coffee; Juice Content: 0-2%; Carbonization: still; Volume: 330; Pack Material Type: Paper / Carton; Sweetener: acesulfame potassium
522532861,amazon,USA,"C Force Premium Artesian Water, 1.5 LT",",
, 
Beverage","["""" Grocery & Gourmet Food"""","""" Beverages"""","""" Bottled Beverages, Water & Drink Mixes"""","""" Drinking Water""""]",https://www.amazon.com/dp/B08LC8CV65,https://m.media-amazon.com/images/I/613BihV3INL._AC_UL320_.jpg,12.72,,CForce,Still Bottled Water,Pack Material Type: Plastic; Pack Type: Blister; Carbonization: still; Volume: 1500; Naturally derived: natural; Juice Content: 0-2%; Water Type: artesian
522543492,Coop,Norway,farris lemon yellow 0.5l,,"["""" beverages"""","""" water""""]",https://matlevering.coop.no/drikkevarer/vann/farris-sitron-gul-0.5l-fl,https://matlevering.coop.no/globalassets/productimages/293174_7044610874784_a1c1.jpg?ref=EA0C1E24A8,19.9,7044610874784,Farris,Sparkling Flavoured Bottled Water,Naturally derived: natural fragrances; Water Type: mineral; Flavour: lemon; Juice Content: 0-2%; Volume: 500; Pack Material Type: Plastic; Carbonization: carbonated
522693694,Coop,Norway,Fun Light strawberry 0.8l,,"["""" beverages"""","""" juice""""]",https://matlevering.coop.no/drikkevarer/saft/fun-light-jordbar-0.8l-fl,https://matlevering.coop.no/globalassets/productimages/518636_7039010570718_1.jpg?ref=F1C0E36A12,32.9,7039010570718,Fun,Juice Drinks (up to 24% Juice),"Pack Type: Bottle; Flavour: strawberry; Carbonization: still; Sweetener: sucralose, acesulfame potassium; Pack Material Type: Plastic; Volume: 800; Naturally derived: natural fragrances, natural dyes; Made From: strawberry, coconut; Juice Content: 2-5%"
524036039,Food Market Herkku,Finland,juicer rantapaiva pineapple-coconut smoothie 500ml,"generous smoothie drink. high pressure treated (HPP). 55% pineapple, 9% coconut.","["""" beverages"""","""" juice"""","""" other fruit juices""""]",https://www.s-kaupat.fi/tuote/7340191106574,https://cdn.s-cloud.fi/v1/w828_q75/product/ean/7340191106574_kuva1.jpg,4.4,7340191106574,Mehustamo,Not from Concentrate 100% Juice,"Volume: 500; Flavour: coconut, pineapple; Juice Features: cold press, smoothie; Pack Type: Bottle; Carbonization: still; Pack Material Type: Glass; Immune Support Ingredients: vitamin c, antioxidants; Juice Content: 100%; Made From: banana, pineapple, apple, coconut, orange"
524101499,Food Market Herkku,Finland,Battery Sugar free energy drink can 0.33 l,"vitaminized, noncaloric energy drink, whose power based coffee- and guarana-uutteisiin.","["""" beverages"""","""" energy drinks and sports drinks"""","""" energy drinks""""]",https://www.s-kaupat.fi/tuote/6415600522106,https://cdn.s-cloud.fi/v1/w828_q75/product/ean/6415600522106_kuva1.jpg,2.59,6415600522106,Battery,Energy Drinks,"Sweetener: aspartame; Volume: 330; Caffeine: 25-50 mg; Carbonization: carbonated; Juice Content: 0-2%; Health Claims: no sugar, energy boosting; Energy Source: b-vitamins, guarana; Pack Material Type: Metal"
524148822,Bazaar,Greece,Amita Free fruit drink orange carrot lemon 1lt,,"[""""cellar"""",""""juices excepted refrigerator"""",""""mixed""""]",https://www.bazaar-online.gr/amita-1l-free-froytopoto-portokali-karoto-lemoni,https://www.bazaar-online.gr/image/cachewebp/catalog/product-upload/5201005081673_1-1000x1000.webp,1.96,5201005081673,Amita,Juice Drinks (up to 24% Juice),"Volume: 1000; Pack Material Type: Paper / Carton; Juice Content: 100%; Pack Type: Liquid Carton; Made From: lemon, orange, carrot; Flavour: lemon, orange, carrot"
524251605,Bazaar,Greece,olympus natural juice NFC orange 1lt,"description 
the OLUMPOS trusts the greek nature γι' this chooses the best greek fruits and offers you the sweet pleasure of juice. 
[ingredients_start]
components 
100% orange juice, from non concent","[""""dairy products - refrigerator items"""",""""refrigerator juices"""",""""orange""""]",https://www.bazaar-online.gr/olympos-1l-nfc-portokali-fysikos-chymos,https://www.bazaar-online.gr/image/cache/catalog/product-upload/5202178080098_3-1000x1000.jpg,3.96,5202178080098,Olympos,Not from Concentrate 100% Juice,Juice Features: not from concentrate; Flavour: orange; Volume: 1000; Made From: orange; Carbonization: still; Juice Content: 100%; Naturally derived: natural
524271981,Food Market Herkku,Finland,marjex cold pressed blueberry juice 0.5l,of finns berries cold pressed and sugar-free 100% whole juices are real superfoodia. enjoy as is or diluted. countries summer taste.,"["""" beverages"""","""" juice"""","""" other juices""""]",https://www.s-kaupat.fi/tuote/6410270005553,https://cdn.s-cloud.fi/v1/w828_q75/product/ean/6410270005553_kuva1.jpg,4.95,6410270005553,Marjex,Not from Concentrate 100% Juice,Juice Features: cold press; Pack Type: Bottle; Volume: 500; Pack Material Type: Glass; Made From: blueberry; Carbonization: still; Flavour: blueberry; Health Claims: no sugar; Juice Content: 100%
524280364,Food Market Herkku,Finland,marli juissi Mustikka-vadelmamehujuoma 1 l,"marli juissi that relief even the toughest thirst. and in juiss on, where from care about. various of fruit and berry taste, of which you will surely find your own favorite. to live in full, take care","["""" beverages"""","""" juice"""","""" other juices""""]",https://www.s-kaupat.fi/tuote/6415130027935,https://cdn.s-cloud.fi/v1/w828_q75/product/ean/6415130027935_kuva1.jpg,1.45,6415130027935,Marli,Juice Drinks (up to 24% Juice),"Pack Material Type: Paper / Carton; Carbonization: still; Volume: 1000; Sweetener: sugar; Pack Type: Liquid Carton; Made From: blueberry, raspberry"
524331739,Food Market Herkku,Finland,marli juissi Sekamehujuoma 1 l,"marli juissi that relief even the toughest thirst. and in juiss on, where from care about. various of fruit and berry taste, of which you will surely find your own favorite. to live in full, take care","["""" beverages"""","""" juice"""","""" other fruit juices""""]",https://www.s-kaupat.fi/tuote/6415130027980,https://cdn.s-cloud.fi/v1/w828_q75/product/ean/6415130027980_kuva1.jpg,1.18,6415130027980,Marli,Juice Drinks (up to 24% Juice),"Volume: 1000; Made From: apple, raspberry; Sweetener: sugar; Juice Content: 50-75%; Carbonization: still; Pack Material Type: Paper / Carton; Pack Type: Liquid Carton"
524348197,Food Market Herkku,Finland,Rainbow strawberry-banana soft drink 0.5l,Rainbow strawberry- and banana flavored soft drink is sweetened with sugar and it is packed 0.5 l pledged plastic bottle.,"["""" beverages"""","""" soft drinks"""","""" other soft drinks""""]",https://www.s-kaupat.fi/tuote/6415712611361,https://cdn.s-cloud.fi/v1/w828_q75/product/ean/6415712611361_kuva1.jpg,0.99,6415712611361,Rainbow,Other Non-Cola Carbonates,"Pack Type: Bottle; Sweetener: sugar; Volume: 500; Carbonization: carbonated; Flavour: banana, strawberry; Pack Material Type: Plastic; Juice Content: 0-2%"
524423565,Food Market Herkku,Finland,6 x domestic vichy 0.5l,"domestic vichy on well carbonated, fresh and effervescent mineral water. cold vichy tastes good thirst- and as a food drink. preservation unopened at room temperature, opened in the refrigerator 2-3 d","["""" beverages"""","""" waters"""","""" vichyt""""]",https://www.s-kaupat.fi/tuote/6415712505998,https://cdn.s-cloud.fi/v1/w828_q75/product/ean/6415712505998_kuva1.jpg,3.99,6415712505998,Kotimaista,Carbonated Bottled Water,"Volume: 500; Carbonization: carbonated; Juice Content: 0-2%; Caffeine: 0-15 mg; Pack Type: Bottle; Pack Material Type: Plastic; Contains Minerals: calcium, magnesium; Water Type: mineral"
524432355,Food Market Herkku,Finland,mysoda raspberry soft drink concentrate 500ml,"• beverage concentrate, where delicious sweet raspberry taste
• with sugar sweetened, not inside artificial sweeteners.
• vegan, not inside genetically manipulated ingredients.
• offers 4 liters ready","["""" beverages"""","""" beverage concentrates"""","""" other beverage concentrates""""]",https://www.s-kaupat.fi/tuote/6418785004610,https://cdn.s-cloud.fi/v1/w828_q75/product/ean/6418785004610_kuva1.jpg,4.95,6418785004610,MySoda,Liquid Concentrates,"Sweetener: sugar; Pack Material Type: Plastic; Flavour: raspberry; Juice Content: 0-2%; Pack Type: Bottle; Naturally derived: natural; Volume: 500; Sustainable Packaging: efficient/optimised packaging; Geographic Origin: finland; Environmentally Friendly: environmentally friendly; Health Claims: no sugar; No Artificial Ingredients: no gmo, no artificial sweeteners"
524466638,Food Market Herkku,Finland,12 x domestic carbonated mineral water lemon 0.33l,"domestic carbonated mineral water lemon is fresh, lemon flavored thirst- and food drink. mineral water is packed cans, which are in the consumer packaging 12 pcs.","["""" beverages"""","""" waters"""","""" mineral waters""""]",https://www.s-kaupat.fi/tuote/6415712614188,https://cdn.s-cloud.fi/v1/w828_q75/product/ean/6415712614188_kuva1.jpg,6.75,6415712614188,Kotimaista,Sparkling Flavoured Bottled Water,"Volume: 330; Flavour: lemon; Juice Content: 0-2%; Contains Minerals: magnesium; Water Type: flavoured, mineral; Pack Material Type: Flexible Pack; Carbonization: carbonated"
524474054,Food Market Herkku,Finland,marli juissi Lemonade citrus mix juice drink 1 l,wonderfully fresh marli juissi Lemonades -juice drinks are fresh and contain in abundance fruit mixed fruit flesh. are suitable to enjoy as such or for lovers to be served!,"["""" beverages"""","""" juice"""","""" other fruit juices""""]",https://www.s-kaupat.fi/tuote/6415130088004,https://cdn.s-cloud.fi/v1/w828_q75/product/ean/6415130088004_kuva1.jpg,2.05,6415130088004,Marli,Juice Drinks (up to 24% Juice),"Volume: 1000; Juice Content: 25-50%; Pack Type: Liquid Carton; Carbonization: still; Flavour: lemon, citrus; Naturally derived: natural flavours; Made From: strawberry, apple, lime, citrus; Pack Material Type: Paper / Carton; Sweetener: sugar"
524483113,Bazaar,Greece,olympus juice aronia 250ml / PET,,"[""""dairy products - refrigerator items"""",""""refrigerator juices"""",""""others juices""""]",https://www.bazaar-online.gr/galaktomika/chymoi-psygeiou/loipoi-chymoi/olymbos-chymos-aronia-250ml-pet_160133/,https://www.bazaar-online.gr/uploads/images/160133/olymbos-chymos-aronia-250ml-pet-list.jpg?lm=dbae5fb82657bb3e94feb699b0aa9537,1.04,5202178082344,Olympos,Not from Concentrate 100% Juice,Pack Material Type: Glass; Made From: aronia berry; Volume: 250; Carbonization: still; Juice Content: 100%; Flavour: aronia
524725075,Auchan,Portugal,water healsi mineral turquoise 0.50l,"marketing information healsi is natural mineral water source portuguese ordinary neutral ph and a combination of minerals only, becoming the perfect ally from whoever achieve one healthy lifestyle. fe","[""""drinks-and-bottle"""",""""waters""""]",https://www.auchan.pt/pt/bebidas-e-garrafeira/aguas/aguas-sem-gas/agua-healsi-mineral-turquesa-0.50l/2740404.html,https://www.auchan.pt/on/demandware.static/-/Sites-auchan-pt-master-catalog/default/dwf8d543b0/images/hi-res/002740404.jpg,1.09,5600377971719,Healsi,Functional Bottled Water,"Volume: 500; Caffeine: 15-25 mg; Contains Minerals: calcium; Naturally derived: natural, natural minerals; Juice Content: 0-2%; Health Claims: good source of minerals; Water Type: mineral; Carbonization: still"
52524728,Auchandrive,France,hepar mineral water plate 6x1l,natural mineral water. mineral water,"["""" drinks"""","""" water and milk"""","""" still waters""""]",https://www.auchandrive.fr/catalog/hepar-eau-minerale-plate-6x1l-P904911,https://media.auchan.fr/MEDIASTEP65119407_460x460/ADR/Hepar-eau-minerale-plate-6x1l-P904911-1,2.88,,Hépar,Still Bottled Water,"Pack Type: Bottle; Contains Minerals: calcium, magnesium; Volume: 1000; Pack Material Type: Plastic; Carbonization: still; Caffeine: 15-25 mg; Water Type: mineral; Naturally derived: natural; Juice Content: 0-2%"
525527229,amazon,United Kingdom,Bigga Grape Soft Drink 500ml x 10 Pack,"* You will deeply love this original grape flavour of drink just like the taste in Jamaica! 
› See more product details , 
Ingredients: Carbonated Water, Cane Sugar, Citric Acid, Flavouring, Preservat","["""" Grocery"""","""" Drinks"""","""" Juice & Smoothies""""]",https://www.amazon.co.uk/dp/B09MSNFWJT,https://m.media-amazon.com/images/I/4148hH4-bLL._AC_UL320_.jpg,38.46,,Bigga,Other Non-Cola Carbonates,Pack Material Type: Glass; Sweetener: cane sugar; Volume: 500; Caffeine: 15-25 mg; Juice Content: 0-2%; Pack Type: Bottle; Flavour: grape; Carbonization: carbonated; Immune Support Ingredients: vitamin c
526861574,Coop,Norway,rudolf nissens 0.33l,,"["""" beverages"""","""" soda""""]",https://matlevering.coop.no/drikkevarer/brus/rudolfnissens-0.33l-fl,https://matlevering.coop.no/globalassets/productimages/314105_7033850006178_a1c1.jpg?ref=66FABDCA2F,18.9,7033850006178,Oskar Sylte,Other Non-Cola Carbonates,Sweetener: sugar; Juice Content: 0-2%; Volume: 330; Carbonization: carbonated; Pack Material Type: Glass; Pack Type: Bottle
527156133,Meny,Norway,orange juice Premium 1l eldorado,a refreshing orange juice of sweet oranges. enjoyed happily cooled. not from concentrate a refreshing orange juice of sweet oranges. enjoyed happily cooled. not from concentrate,"["""" drink"""","""" Juice""""]",https://meny.no/varer/drikke/juice/appelsinjuice-7311041040751,https://bilder.ngdata.no/7311041040751/meny/large.jpg,42.9,7311041040751,Eldorado,Not from Concentrate 100% Juice,Pack Material Type: Paper / Carton; Juice Content: 100%; Pack Type: Liquid Carton; Carbonization: still; Juice Features: not from concentrate; Volume: 1000; Flavour: orange; Made From: orange
527201914,Meny,Norway,clear Sparkling rhubarb & strawberry 1.5l,new fresh taste of rhubarb and strawberry,"["""" drink"""","""" water"""","""" water with gas""""]",https://meny.no/varer/drikke/vann/vann-med-kullsyre/isklar-sparkling-70118469,https://bilder.ngdata.no/70118469/meny/large.jpg,10,70118469,Isklar,Sparkling Flavoured Bottled Water,"Water Type: mineral; Flavour: strawberry, rhubarb; Volume: 1500; Naturally derived: natural fragrances, natural; Carbonization: carbonated, sparkling; Juice Content: 0-2%; Pack Material Type: Metal"
527228998,Meny,Norway,raw apple juice from hardanger 1l,,"["""" drink"""","""" Juice""""]",https://meny.no/varer/drikke/juice/ra-eplejuice-7034280001962,https://bilder.ngdata.no/7034280001962/meny/large.jpg,59.9,7034280001962,Rå,Not from Concentrate 100% Juice,"Pack Material Type: Plastic; Made From: apple; Flavour: apple; Volume: 1000; Juice Features: raw; Carbonization: still; Juice Content: 100%; Immune Support Ingredients: vitamin c, antioxidants; Pack Type: Bottle"
527573564,Meny,Norway,farris breeze Mango & Papaya 0.5l bottle,"farris breeze Mango & Papaya is a flavored carbonated water with taste of sweet mango and exotic papaya. by combining natural mineral water from the farris sources with fresh water and carbon dioxide,","["""" drink"""","""" water"""","""" water with gas""""]",https://meny.no/varer/drikke/vann/vann-med-kullsyre/farris-bris-7044610874739,https://bilder.ngdata.no/7044610874739/meny/large.jpg,25.9,7044610874739,Farris,Sparkling Flavoured Bottled Water,"Water Type: mineral, flavoured; Volume: 500; Juice Content: 0-2%; Naturally derived: natural; Caffeine: 0-15 mg; Health Claims: no calories; Flavour: papaya, mango; Pack Type: Bottle; Carbonization: carbonated, sparkling; Pack Material Type: Glass"
53806598,El Corte Inglés,Spain,ZUMOSOL orange juice squeezed pack 3 briks 200 ml,"name of the food: orange juice squeezed no pulp name of the operator: juices palm S.L.U operator address: Pol. Industrial i killed, Parc 18-53, 14700 palm from the river, cordova. net amount: 600 mill","["""" supermarket"""","""" drinks"""","""" water, soft drinks and juices"""","""" juices and nectars""""]",https://www.elcorteingles.es/supermercado/0110118657201168-zumosol-zumo-de-naranja-exprimido-pack-3-briks-200-ml/,https://sgfm.elcorteingles.es/SGFM/dctm/MEDIA03/201707/05/00118657201168____1__150x150.jpg,1.61,8435425107959,Zumosol,Not from Concentrate 100% Juice,Made From: orange; Volume: 200; Juice Features: pulp free; Carbonization: still; Juice Content: 100%; Flavour: orange; Pack Type: Pouch; Pack Material Type: Flexible Pack
53812889,El Corte Inglés,Spain,felixia natural juice of orange alone fresh fruit bottle 1 l,,"[""""supermarket"""",""""drinks"""",""""water soft drinks and juices"""",""""juices and nectars"""",""""chilled juices""""]",https://www.elcorteingles.es/supermercado/0110118180100077-felixia-zumo-natural-de-naranja-solo-fruta-fresca-botella-1-l/,https://sgfm.elcorteingles.es/SGFM/dctm/MEDIA03/201703/15/00118180100077____1__600x600.jpg,4.99,8428551714306,FELIXIA,Not from Concentrate 100% Juice,Pack Type: Bottle; Volume: 1000; Flavour: orange; Carbonization: still; Naturally derived: natural; Pack Material Type: Plastic; Made From: orange
53834213,El Corte Inglés,Spain,"ZUMOSOL juice of red grapes, strawberries and blueberries 100% squeezed 750 ml bottle","name of the food: juice cooled red grape- strawberry- blueberry squeezed name of the operator: juices palm S.L.U operator address: Pol. Industrial i killed, Parc 18-53, 14700 palm from the river, cord","["""" supermarket"""","""" drinks"""","""" water, soft drinks and juices"""","""" juices and nectars""""]",https://www.elcorteingles.es/supermercado/0110118827001100-zumosol-zumo-de-uvas-tintas-fresas-y-arandanos-100-exprimidos-botella-750-ml/,https://sgfm.elcorteingles.es/SGFM/dctm/MEDIA02/CONTENIDOS/201510/14/00118827001100____1__150x150.jpg,2.38,8435425102206,Zumosol,Not from Concentrate 100% Juice,"Pack Material Type: Plastic; Pack Type: Bottle; Volume: 750; Caffeine: 25-50 mg; Juice Content: 100%; Flavour: grape, blueberry, strawberry; Carbonization: still; Made From: grape, blueberry, strawberry"
53851635,El Corte Inglés,Spain,MAY TEA soda of infusion green tea and mint low in calories bottle 33 cl,"name of the food: refreshing drink of infusion green tea, mint flavor. name of the operator: schweppes, S.A. """" packing licensed by schweppes international limited."""" operator address: castilian pº 202,","["""" supermarket"""","""" drinks"""","""" water, soft drinks and juices"""","""" soft drinks and soda""""]",https://www.elcorteingles.es/supermercado/0110118614001404-may-tea-refresco-de-infusion-de-te-verde-y-menta-bajo-en-calorias-botella-33-cl/,https://sgfm.elcorteingles.es/SGFM/dctm/MEDIA03/201804/11/00118614001404____2__600x600.jpg,0.79,8414100364146,May Tea,Still RTD Tea,"Sweetener: sugar; Caffeine: 15-25 mg; Flavour: tea, mint; Pack Type: Bottle; Tea Type: green; Volume: 330; Health Claims: low calories; Naturally derived: natural fragrances; Immune Support Ingredients: vitamin c, antioxidants; Juice Content: 0-2%; Pack Material Type: Metal; Carbonization: still"
53852521,El Corte Inglés,Spain,cabreiroa natural mineral water bottle 75 cl with stopper Sport,"### general information 
* name of the food: natural mineral water 
* name of the operator: water from cabreiroa S.A.U. 
* operator address: Estrada of cabreiroá y / n 32600 - Verin - ourense - spain ","[""""supermarket"""",""""drinks"""",""""water soft drinks and juices"""",""""water and soda"""",""""mineral water without gas""""]",https://www.elcorteingles.es/supermercado/0110118630601401-cabreiroa-agua-mineral-natural-botella-75-cl-con-tapon-sport/,https://sgfm.elcorteingles.es/SGFM/dctm/MEDIA03/202406/05/00118630601401____23__40x40.jpg,0.82,8411902008179,Cabreiroa,Still Bottled Water,"Contains Minerals: calcium, magnesium; Volume: 750; Caffeine: 0-15 mg; Naturally derived: natural; Water Type: mineral; Juice Content: 0-2%"
53861217,El Corte Inglés,Spain,NORDIC MIST tonic original can 25 cl,"### general information 
* name of the food: refreshing drink of extracts. 
* name of the operator: CC european partners iberia, S.L.U. 
* operator address: C / bank of the loire 20-22, 28042 - Madrid","[""""supermarket"""",""""drinks"""",""""water soft drinks and juices"""",""""soft drinks and soda"""",""""tonic mixers and ginger ale""""]",https://www.elcorteingles.es/supermercado/0110118613500075-nordic-mist-tonica-original-lata-25-cl/,https://sgfm.elcorteingles.es/SGFM/dctm/MEDIA03/202009/18/00118613500075____10__600x600.jpg,0.67,5449000039231,Nordic Mist,Tonic Water/Mixers/Other Bitters,Carbonization: carbonated; Caffeine: 15-25 mg; Pack Material Type: Metal; Juice Content: 0-2%; Volume: 250; Pack Type: Can; Sweetener: sugar; Naturally derived: natural fragrances
53876802,El Corte Inglés,Spain,"LAMBDA HEALTHY nectar of blueberry, currant and apple from concentrate no added sugars bottle 1 l (glass bottle)","### general information 
* name of the food: nectar of blueberry, currant and apple 
* country of origin: spain 
* name of the operator: juices canaries S.L. 
* operator address: Po. Ind. Salinetas, C","[""""supermarket"""",""""drinks"""",""""water soft drinks and juices"""",""""juices and nectars"""",""""juices and nectars various""""]",https://www.elcorteingles.es/supermercado/0110118633603396-lambda-healthy-nectar-de-arandano-grosella-y-manzana-a-partir-de-concentrado-sin-azucares-anadidos-botella-1-l-envase-de-vidrio/,https://sgfm.elcorteingles.es/SGFM/dctm/MEDIA03/202005/08/00118633603396____2__600x600.jpg,3.34,8426612011067,Lambda,Nectars,"Volume: 1000; Immune Support Ingredients: vitamin c; Health Claims: no added sugar; Made From: blueberry, apple, currant, blackcurrant, cranberry; Sweetener: sucralose; Juice Features: from concentrate; Pack Type: Bottle; Geographic Origin: spain; Pack Material Type: Glass; Carbonization: still; Flavour: blueberry, apple, currant"
53876962,El Corte Inglés,Spain,felixia juice orange and mango bottle 1 l,,"["""" supermarket"""","""" drinks"""","""" water, soft drinks and juices"""","""" juices and nectars""""]",https://www.elcorteingles.es/supermercado/0110118180300214-felixia-zumo-naranja-y-mango-botella-1-l/,https://sgfm.elcorteingles.es/SGFM/dctm/MEDIA03/201603/11/00202080300136____2__150x150.jpg,3.49,8428551714481,FELIXIA,Not from Concentrate 100% Juice,"Pack Type: Bottle; Volume: 1000; Pack Material Type: Plastic; Flavour: orange, mango; Carbonization: still; Made From: orange, mango"
53911412,El Corte Inglés,Spain,bezoya natural mineral water of mineralization very weak bottle 1.5 l,"### general information 
* name of the food: natural mineral water of mineralization very weak 
* name of the operator: easter quality, SAU. 
* operator address: ctra. from palencia, y / n - 09400 blu","[""""supermarket"""",""""drinks"""",""""water soft drinks and juices"""",""""water and soda"""",""""mineral water without gas""""]",https://www.elcorteingles.es/supermercado/0110118630000539-bezoya-agua-mineral-natural-de-mineralizacion-muy-debil-botella-15-l/,https://sgfm.elcorteingles.es/SGFM/dctm/MEDIA03/202306/19/00118630000539____5__600x600.jpg,0.74,8410128000400,Bezoya,Still Bottled Water,Naturally derived: natural; Pack Material Type: Plastic; Water Type: mineral; Caffeine: 15-25 mg; Volume: 1500; Contains Minerals: magnesium; Juice Content: 0-2%
53914426,El Corte Inglés,Spain,FONT d'or natural mineral water Maximum bottle 1 l (glass bottle),"### general information 
* name of the food: natural mineral water 
* country of origin: spain 
* name of the operator: Premium Mix Group, S.L. 
* operator address: plant Fontdor, crta. of saint Hilar","[""""supermarket"""",""""drinks"""",""""water soft drinks and juices"""",""""water and soda"""",""""mineral water without gas""""]",https://www.elcorteingles.es/supermercado/0110118630002584-font-dor-agua-mineral-natural-maximum-botella-1-l-envase-de-vidrio/,https://sgfm.elcorteingles.es/SGFM/dctm/MEDIA03/202305/10/00118630002584____3__600x600.jpg,0.72,8410739100025,Font d'Or,Still Bottled Water,"Caffeine: 0-15 mg; Naturally derived: natural; Water Type: mineral; Volume: 1000; Juice Content: 0-2%; Pack Material Type: Glass; Pack Type: Bottle; Geographic Origin: spain; Contains Minerals: calcium, magnesium"
53926692,El Corte Inglés,Spain,KAS soft drink lemon with gas pack 9 cans 33 cl,"### general information 
* name of the food: refreshing juice drink of fruit with sugars and sweeteners 
* name of the operator: company of pepsico drinks SL 
* operator address: street MARIE CURIE, 7","[""""supermarket"""",""""drinks"""",""""water soft drinks and juices"""",""""soft drinks and soda"""",""""soft drink limon""""]",https://www.elcorteingles.es/supermercado/0110118612100935-kas-refresco-de-limon-con-gas-pack-9-latas-33-cl/,https://sgfm.elcorteingles.es/SGFM/dctm/MEDIA03/202106/10/00118612100935____3__600x600.jpg,6.24,,Kas,Lemonade/Lime,Immune Support Ingredients: antioxidants; Juice Content: 5-10%; Naturally derived: natural fragrances; Volume: 330; Pack Type: Can; Flavour: lemon; Carbonization: carbonated; Sweetener: sugar; Pack Material Type: Flexible Pack
53943931,El Corte Inglés,Spain,the english court natural mineral water of mineralization very weak bottle 33 cl with stopper sport,"name of the food: natural mineral water name of the operator: packed for the english court. distributed by Balnear, S.L.U. CL laugh Can Pahissa, 8-10 
polyg. Ind. he Pla molins of Rei ( Barcelona) spa","["""" supermarket"""","""" drinks"""","""" water, soft drinks and juices"""","""" water and soda""""]",https://www.elcorteingles.es/supermercado/0110118630601351-el-corte-ingles-agua-mineral-natural-de-mineralizacion-muy-debil-botella-33-cl-con-tapon-sport/,https://sgfm.elcorteingles.es/SGFM/dctm/MEDIA03/201807/13/00118630601351____3__600x600.jpg,0.33,8433329089944,El Corte Inglés,Still Bottled Water,"Water Type: mineral; Naturally derived: natural minerals, natural; Volume: 330; Contains Minerals: calcium; Pack Material Type: Plastic; Juice Content: 0-2%"
53949975,El Corte Inglés,Spain,cabreiroa natural mineral water bottle 50 cl,"### general information 
* name of the food: natural mineral water 
* name of the operator: water from cabreiroa S.A.U. 
* operator address: Estrada of cabreiroá y / n 32600 - Verin - ourense - spain ","[""""supermarket"""",""""drinks"""",""""water soft drinks and juices"""",""""water and soda"""",""""mineral water without gas""""]",https://www.elcorteingles.es/supermercado/0110118630601328-cabreiroa-agua-mineral-natural-botella-50-cl/,https://sgfm.elcorteingles.es/SGFM/dctm/MEDIA03/202202/03/00118630601328____13__600x600.jpg,0.65,8411902004027,Cabreiroa,Still Bottled Water,"Juice Content: 0-2%; Naturally derived: natural; Pack Material Type: Plastic; Contains Minerals: calcium, magnesium; Water Type: mineral; Caffeine: 0-15 mg; Pack Type: Bottle; Volume: 500"
540243923,mat.se,Sweden,pineapple carbonated water incl. Pant,frameless are sweden natural mineral water with traditions then 1707. natural mineral water is the prettiest the designation a water can get. the mineral water from frameless health well may its good,"["""" beverages"""","""" water"""","""" carbonated flavored""""]",https://www.mat.se/butik/ananas-kolsyrat-vatten-inkl-pant-ramlosa-50cl,https://d1hr6nb56yyl1.cloudfront.net/product-images/131414-560.jpg,12.95,7310070005021,Ramlösa,Sparkling Flavoured Bottled Water,"Pack Material Type: Plastic; Pack Type: Bottle; Volume: 500; Health Claims: good source of minerals, hydrating; Caffeine: 15-25 mg; Flavour: pineapple; Naturally derived: natural fragrances, natural; Carbonization: carbonated; Juice Content: 0-2%"
54220751,Jumbo Supermarkten,Netherlands,Crystal Clear Sparkling Cranberry Flavour 0.5 liters,"Crystal Clear, full of flavor and yet but 1kcal. it's made of pure spring water, with natural fruit flavors, almost no calories and no dyes. nice and refreshing, for each time of day!• is made from pu","["""" fresh, juice, coffee, tea"""","""" flavored water"""","""" sparkling water with taste""""]","https://www.jumbo.com/crystal-clear-sparkling-cranberry-flavour-0,5-liter/81360FLS/",https://static-images.jumbo.com/product_images/81360FLS-1_360x360.png,1.12,,Crystal Clear,Functional Bottled Water,"Pack Material Type: Plastic; No Artificial Ingredients: no dye; Flavour: cranberry; Juice Content: 0-2%; Volume: 500; Health Claims: low calories; Caffeine: 15-25 mg; Sweetener: sucralose, acesulfame potassium; Water Type: spring, pure; Carbonization: sparkling; Naturally derived: natural flavours, natural fragrances"
542326378,amazon,Germany,Chinotto Niasca portofino 250 ml (12 bottles),"## Product information 
# Technical Details 
##### General Information 
Package Dimensions ‎24x20x 18 cm 
Is Discontinued By Manufacturer ‎ No 
Units ‎3000.00 milliliters 
Country of origin ‎ Italia 
","["""" Drinks"""","""" Fizzy Drinks""""]",https://www.amazon.de/-/en/dp/B07DWXGJ6P/ref=sr_1_2628?qid=1645882866&s=grocery&sr=1-2628,https://m.media-amazon.com/images/I/71hqD2ONZJL._AC_UL320_.jpg,45.99,,Niasca Portofino,Other Non-Cola Carbonates,Volume: 250; Carbonization: carbonated; Pack Type: Bottle; Pack Material Type: Glass; Juice Content: 0-2%
543546483,Hemköp,Sweden,Cloudy Raspberry without socks mixed drink Pet,"fun light Cloudy Raspberry - a sugar-free mixed juice - is one raspberry juice with wonderful balanced sweetness as you want to drink to all of the day times. one juice with a lovely raspberry flavor,","["""" all supplies"""","""" drink"""","""" light drink""""]",https://www.hemkop.se/produkt/C-101354477_ST,"https://assets.axfood.se/image/upload/f_auto,t_500/07350126081081_C1N1_s01",26.95,7350126081081,Fun Light,Liquid Concentrates,"Pack Material Type: Plastic; Geographic Origin: sweden; Volume: 1000; Sustainable Packaging: from recycled materials; Naturally derived: natural fragrances, natural dyes; Sweetener: aspartame, acesulfame potassium; Juice Content: 0-2%; Caffeine: 15-25 mg; Flavour: raspberry; Health Claims: no sugar, no calories"
547406319,Food Market Herkku,Finland,ohakune kombucha Citrus 0.33l organic klp,"tropical and fresh citrus fruits tasty kombucha, which is finish Cascade-humalalla.
ohakune organic kombuchas is made by hand in espoo the best natural raw materials with genuine fermentation method.","["""" beverages"""","""" energy drinks and sports drinks"""","""" wellness drinks""""]",https://www.s-kaupat.fi/tuote/6429830058458,https://cdn.s-cloud.fi/v1/w828_q75/product/ean/6429830058458_kuva1.jpg,3.75,6429830058458,Oha kune,Carbonated RTD Tea and Kombucha,"Naturally derived: natural; Volume: 330; Pack Material Type: Glass; Flavour: citrus; Pack Type: Bottle; Sweetener: sugar; Tea Type: green, black; Sustainable Sourcing: organic; Carbonization: carbonated; Juice Content: 0-2%"
54791566,jet.com,USA,"Thick- It Aquacare H2O Nectar Pre-thickened Apple Juice, 8 Ounce ( Pack of 24)",,"[""""health-and-beauty"""",""""vitamins-and-dietary-supplements"""",""""supplements""""]",https://jet.com/product/product/0294edb13c734cc6a207e750d3a213d0,https://images.jet.com/md5/02ccc4f3fff8ab4a7b3182266ed4f42e,51.17,,Thick- It,Nectars,Volume: 237; Made From: apple; Pack Type: Bottle; Carbonization: still; Flavour: apple; Pack Material Type: Plastic
548538750,Carrefour,Spain,nectar peach Lambda bottle 1 l.,,"["""" drinks"""","""" waters and juices"""","""" non-refrigerated juices""""]",https://www.carrefour.es/supermercado/nectar-de-melocoton-lambda-botella-1-l/R-521009539/p,https://static.carrefour.es/hd_1600x_/img_pim_food/267407_00_1.jpg,1.74,,Lambda,Nectars,Pack Type: Bottle; Volume: 1000; Made From: peach; Carbonization: still; Flavour: peach; Pack Material Type: Glass
548559186,Carrefour,Spain,mineral water solar natural 5 l.,,"["""" drinks"""","""" waters and juices"""","""" water from plus 2 liter""""]",https://www.carrefour.es/supermercado/agua-mineral-solares-natural-5-l/R-538001588/p,https://static.carrefour.es/hd_1600x_/img_pim_food/040848_00_1.jpg,1.2,,Solares,Still Bottled Water,Pack Type: Bottle; Pack Material Type: Plastic; Volume: 5000; Water Type: mineral; Naturally derived: natural; Juice Content: 0-2%
548729624,Carrefour,Spain,nectar peach libby's brik 1 l.,,"["""" drinks"""","""" waters and juices"""","""" non-refrigerated juices""""]",https://www.carrefour.es/supermercado/nectar-de-melocoton-libbys-brik-1-l/R-532703088/p,https://static.carrefour.es/hd_1600x_/img_pim_food/302399_00_1.jpg,1.1,,Libby's,Nectars,Volume: 1000; Flavour: peach; Carbonization: still; Made From: peach; Juice Content: 100%; Pack Material Type: Paper / Carton; Pack Type: Liquid Carton
552425687,Atida,Spain,mixed drink watermelon flavor sugarfree 1 envelope,"drink Mix watermelon flavor sugar free 1 on 
instant drink in low dust in calories and carbohydrates, sugarfree, without aspartame and without acelsufamo K . 
each envelope dissolves in water to achie","["""" dietary product"""","""" feeding"""","""" sweeteners""""]",https://www.atida.com/es-es/mix-bebida-sabor-sandia-sin-azucar-1-sobre,https://assets.atida.com/m/4cd3459f52175be0/webimage-Bebida-Mix-Sabor-Sandia-Sin-Azucar-1-Sobre.png,0.4,,Mix,Powder Concentrates,"Caffeine: 0-15 mg; Pack Material Type: Paper / Carton; No Artificial Ingredients: no artificial flavours, no artificial preservatives; Juice Content: 0-2%; Naturally derived: natural dyes; Flavour: watermelon; Health Claims: no sugar, good source of vitamins, low calories; Concentrate Format: powder, vitamins; Immune Support Ingredients: vitamin c"
55605940,Willys,Sweden,orange juice organic from concentrate,this juices is made on selected organic oranges. this means that the oranges is not sprayed or cultivated using fertilizers. thus is it organic agriculture nicer against nature and promotes biodiversi,"["""" drink"""","""" Juice, fruit drink & smoothie"""","""" chilled juice & nectar""""]",https://www.willys.se/produkt/Apelsinjuice-Ekologisk-Fran-Koncentrat-100914502_ST,https://d2rfo6yapuixuu.cloudfront.net/h17/h68/8855316594718/7311041050507.jpg_master_axfood_400,23.9,7311041050507,Garant,Not from Concentrate 100% Juice,"Naturally derived: natural; Flavour: orange; Sweetener: sugar; Sustainable Sourcing: organic; Pack Material Type: Paper / Carton; Carbonization: still; Pack Type: Liquid Carton; Juice Features: smoothie, from concentrate; Made From: orange; Volume: 1000; Juice Content: 100%"
55611218,Willys,Sweden,lingon & cranberry soft drink,"BOB soft drink with a refreshing and lovely taste of cranberries and lingon, enriched with vitamin c. a good and easily fixed meal drink that fits the whole family.
dilute the concentrate 1 + 4 with w","["""" dairy, cheese & eggs"""","""" Juice, fruit drink & smoothie"""","""" not chilled fruit drink""""]",https://www.willys.se/produkt/Lingonochtranbar-Lattdryck-100082991_ST,"https://assets.axfood.se/image/upload/f_auto,t_500/07310090167532_C1L1_s02",7.9,7310090167532,BOB,Juice Drinks (up to 24% Juice),"Health Claims: good source of vitamins; Geographic Origin: sweden; Pack Type: Carton/Box; Volume: 1000; Juice Features: smoothie; Made From: apple, blackcurrant, cranberry; Flavour: cranberry; Immune Support Ingredients: vitamin c; Sweetener: sugar; Naturally derived: natural fragrances; Pack Material Type: Paper / Carton; Carbonization: still; Caffeine: 15-25 mg"
55658100,Albert Heijn,Netherlands,double frisss white grapes & lemon multipack,"[list][*] fruit soda with 15% fruit juice. sweetened with sugar and sweetener of natural origin, briefly heated.[/ list]","["""" soft drink, juices, coffee, tea"""","""" fruit juices & drinks"""","""" fresh fruit drink"""","""" fresh fruit drink (drinking cartons)""""]",https://www.ah.nl/producten/product/wi130407/dubbelfrisss-witte-druiven-en-citroen-multipack,https://static.ahold.com/cmgtcontent/media//001637300/000/001637376_001_130407_708.jpg,2.25,,DubbelFrisss,Juice Drinks (up to 24% Juice),"Volume: 200; Juice Features: from concentrate; Pack Material Type: Paper / Carton; Naturally derived: natural sweeteners; Made From: grape, lemon, apple; Carbonization: still; Juice Content: 5-10%; Flavour: grape, lemon; Sweetener: stevia, sugar"
556583709,amazon,USA,"Agalima Authentic Organic Bloody Mary Drink Mix, All Natural, 1 Liter (33.8 Fl Oz) Glass Bottle","* EXPERIENCE AUTHENTIC BLOODY MARY: Agalima Organic, All Natural Bloody Mary in a 1 Liter glass bottle 
* OUR INGREDIENTS: Roma tomatoes, smoky chipotle peppers, hot horseradish and our house-made Wor","["""" Grocery & Gourmet Food"""","""" Beverages"""","""" Bottled Beverages, Water & Drink Mixes"""","""" Cocktail Mixers"""","""" Bloody Mary Cocktail Mixers""""]",https://www.amazon.com/dp/B09RY3JCLV,https://m.media-amazon.com/images/I/61T+q5pU-cL._AC_UL320_.jpg,23.99,70491014039,Agalima,Liquid Concentrates,Volume: 1000; Naturally derived: natural; Pack Material Type: Glass; Pack Type: Bottle; Juice Content: 0-2%; Sustainable Sourcing: organic
559543866,Bazaar,Greece,Tuborg Pink Grapefruit Soda 330ml,,"[""""cellar"""",""""soft drinks"""",""""soda - tonic""""]",https://www.bazaar-online.gr/tuborg-330ml-pink-grapefruit-soda-sleek,https://www.bazaar-online.gr/image/cachewebp/catalog/product-upload/5201309707149_1-1000x1000.webp,0.68,5201309707149,Tuborg,Other Non-Cola Carbonates,Volume: 330; Pack Material Type: Metal; Flavour: grapefruit; Pack Type: Can; Juice Content: 0-2%
55963365,MatHem,Sweden,Juice orange & red Grape 1l good morning,a fresh a mixture of sweet oranges and tasty fresh red grapefruit. 100% pressed fruit with pulp.,"["""" dairy, cheese & juice"""","""" juice & fruit drinks"""","""" juice other flavors"""","""" grapefruit juice""""]",https://www.mathem.se/varor/juice-blodapelsin/juice-apelsinrod-grape-1l-god-morgon,https://static.mathem.se/shared/images/products/large/-rod-grape-1l-god-morgon.jpg,34.95,7310860007259,God Morgon,Not from Concentrate 100% Juice,"Volume: 1000; Juice Features: from concentrate, pasteurized, with pulp; Pack Material Type: Paper / Carton; Carbonization: still; Caffeine: 15-25 mg; Made From: grape, grapefruit, orange; Juice Content: 100%; Pack Type: Liquid Carton; Flavour: grape, orange"
56153048,MatHem,Sweden,frameless rhubarb strawberry,frameless are one natural mineral water as njutits then 1707 and tappas immediately at the source in frameless health well. frameless rhubarb strawberry has a classic taste of swedish summer. frameles,"["""" food store"""","""" drink"""","""" mineral water""""]",https://www.mathem.se/varor/mineralvatten-ovriga-smaker/ramlosa-rabarber-jordgubb-50cl,https://static.mathem.se/shared/images/products/large/ramlosa-rabarber-jordgubb-50cl.jpg,12,,Ramlösa,Sparkling Flavoured Bottled Water,"Pack Material Type: Plastic; Flavour: strawberry, rhubarb; Water Type: mineral; Volume: 500; Pack Type: Bottle; Naturally derived: natural fragrances, natural; Juice Content: 0-2%; Carbonization: still; Caffeine: 15-25 mg"
56222237,MatHem,Sweden,Juice orange freshly pressed 850ml brämhults,"fresh oranges is purchased in from worldwide, depending on which season it is. nothing pressas before the raw material arrived to the press and quality audited. then presses we the oranges to then let","["""" dairy, cheese & juice"""","""" juice & fruit drinks"""","""" orange juice""""]",https://www.mathem.se/varor/apelsin--grape--citron--o-mandarinjuice/juice-apelsin-1l-bramhults,https://static.mathem.se/shared/images/products/large/07313619001539_2.jpg,54.95,7313619001539,Brämhults,Not from Concentrate 100% Juice,Volume: 850; Made From: orange; Flavour: orange; Pack Material Type: Glass; Carbonization: still; Juice Features: raw; Pack Type: Bottle; Juice Content: 100%
56240337,Willys,Sweden,"powerking Energy energy drink, can",energy drink. high caffeine content 32 mg / 100 ml. vitamin-enriched. 50 cl.,"["""" drink"""","""" Sport- & energy drink"""","""" energy drink""""]",https://www.willys.se/produkt/Powerking-Energy-Energidryck-Burk-101549448_ST,"https://assets.axfood.se/image/upload/f_auto,t_500/07611612221467_C1N1_s01",12.9,7611612222372,Powerking,Energy Drinks,"Pack Material Type: Metal; Energy Source: b-vitamins; Juice Content: 0-2%; Volume: 500; Carbonization: still; Pack Type: Can; Sweetener: hfcs, sugar; Caffeine: 25-50 mg; Health Claims: energy boosting, good source of minerals"
56255256,Willys,Sweden,orange cold pressed Juice,cold pressed spanish orange juice.,"["""" drink"""","""" Juice, fruit drink & smoothie"""","""" chilled juice & nectar""""]",https://www.willys.se/produkt/Apelsin-Kallpressad-Juice-101262261_ST,https://d2rfo6yapuixuu.cloudfront.net/h5d/hb3/9055441420318/07340083456664.jpg_1516963289618_master_axfood_400,29.9,7340083456664,Garant,Not from Concentrate 100% Juice,"Volume: 750; Pack Type: Bottle; Pack Material Type: Plastic; Juice Features: cold press, smoothie; Made From: orange; Flavour: orange; Juice Content: 100%; Carbonization: still"
56377392,Hipercor,Spain,LAMBDA nectar guava from concentrate no added sugars bottle 1 l (glass bottle),"name of the food: nectar guava country of origin: spain operator name: juices canaries S.L. operator address: Po. Ind. Salinetas, C / shepherd, 19 - 35219 telde place of origin of the food: spain net ","["""" supermarket"""","""" drinks"""","""" water, soft drinks and juices"""","""" juices and nectars"""","""" juices and nectars tropical"""","""" juices and nectars tropical (6)""""]",https://www.hipercor.es/supermercado/0110118633601077-lambda-nectar-de-guayaba-a-partir-de-concentrado-sin-azucares-anadidos-botella-1-l-envase-de-vidrio/,https://sgfm.elcorteingles.es/SGFM/dctm/MEDIA03/201909/24/00118633601077____1__600x600.jpg,3.34,8426612011234,Lambda,Nectars,"Sweetener: sucralose; Volume: 1000; Health Claims: no added sugar; Geographic Origin: spain; Made From: lemon, potato, guava; Immune Support Ingredients: vitamin c; Pack Material Type: Glass; Carbonization: still; Juice Features: from concentrate; Pack Type: Bottle; Flavour: guava"
56380476,Hipercor,Spain,viladrau natural mineral water bottle 2 l,"name of the food: natural mineral water name of the operator: nestlé spain, S.A. operator address: Av. catalan countries, 25-51, 08950 esplugues de llobregat ( Barcelona) place of origin of the food: ","["""" supermarket"""","""" drinks"""","""" water, soft drinks and juices"""","""" water and soda"""","""" mineral water without gas"""","""" mineral water without gas (132)""""]",https://www.hipercor.es/supermercado/0110118630000265-viladrau-agua-mineral-natural-botella-2-l/,https://sgfm.elcorteingles.es/SGFM/dctm/MEDIA03/202404/08/00118630000265____15__40x40.jpg,0.95,8411002102005,Viladrau,Still Bottled Water,"Water Type: mineral; Volume: 2000; Juice Content: 0-2%; Contains Minerals: calcium, magnesium; Naturally derived: natural minerals, natural"
56421126,Hipercor,Spain,cabreiroa MAGMA natural mineral water with carbon dioxide originally magmatico bottle 1 l,,"["""" supermarket"""","""" drinks"""","""" water, soft drinks and juices"""","""" water and soda"""","""" mineral water with gas"""","""" mineral water with gas (39)""""]",https://www.hipercor.es/supermercado/0110118631900893-cabreiroa-magma-agua-mineral-natural-con-gas-carbonico-de-origen-magmatico-botella-1-l/,https://sgfm.elcorteingles.es/SGFM/dctm/MEDIA02/CONTENIDOS/201501/21/00118631900893____1__600x600.jpg,1.35,8411902008131,Cabreiroa,Carbonated Bottled Water,"Water Type: mineral; Juice Content: 0-2%; Pack Type: Bottle; Carbonization: carbonated, sparkling; Volume: 1000; Naturally derived: natural; Health Claims: good source of minerals; Pack Material Type: Glass"
56443387,Hipercor,Spain,"ZUMOSOL pomegranate juice, blackberry, raspberry and grape 100% squeezed 750 ml bottle","name of the food: grape juice ink- raspberry- blackberry- pomegranate squeezed name of the operator: juices palm S.L.U operator address: Pol. Industrial i killed, Parc 18-53, 14700 palm from the river","["""" supermarket"""","""" drinks"""","""" water, soft drinks and juices"""","""" juices and nectars"""","""" juices and nectars tropical""""]",https://www.hipercor.es/supermercado/0110118657201002-zumosol-zumo-de-granada-mora-frambuesa-y-uva-100-exprimido-botella-750-ml/,https://sgfm.elcorteingles.es/SGFM/dctm/MEDIA03/201808/10/00118657201002____3__600x600.jpg,1.99,,Zumosol,Not from Concentrate 100% Juice,"Volume: 750; Juice Content: 100%; Made From: grape, blackberry, pomegranate, raspberry; Carbonization: still; Flavour: grape, blackberry, pomegranate, raspberry; Pack Material Type: Plastic; Pack Type: Bottle"
56460559,Hipercor,Spain,ZUMOSOL orange juice 100% squeezed no pulp 750 ml bottle,"name of the food: juice cooled of orange squeezed no pulp name of the operator: juices palm S.L.U operator address: Pol. Industrial i killed, Parc 18-53, 14700 palm from the river, cordova. net amount","["""" drinks"""","""" water, soft drinks and juices"""","""" juices and nectars"""","""" chilled juices""""]",https://www.hipercor.es/supermercado/0110118827000136-zumosol-zumo-de-naranja-100-exprimido-sin-pulpa-botella-750-ml/,https://sgfm.elcorteingles.es/SGFM/dctm/MEDIA03/201802/20/00118827000136____2__600x600.jpg,1.8,8410128480691,Zumosol,Not from Concentrate 100% Juice,Juice Content: 100%; Volume: 750; Juice Features: pulp free; Carbonization: still; Made From: orange; Pack Material Type: Plastic; Pack Type: Bottle; Flavour: orange
56467809,Hipercor,Spain,"BE GREEN juice ecological Green Twister with spinach, cucumber, pear and apple bottle 300 ml",,"["""" drinks"""","""" water, soft drinks and juices"""","""" juices and nectars"""","""" chilled juices""""]",https://www.hipercor.es/supermercado/0110118180600050-be-green-zumo-ecologico-green-twister-con-espinaca-pepino-pera-y-manzana-botella-300-ml/,https://sgfm.elcorteingles.es/SGFM/dctm/MEDIA03/201703/16/00118180600050____1__600x600.jpg,2.99,8437016390108,Be Green,Not from Concentrate 100% Juice,"Pack Material Type: Metal; Volume: 300; Carbonization: still; Flavour: pear, apple, cucumber; Made From: pear, apple, spinach, cucumber; Environmentally Friendly: environmentally friendly"
56473488,Hipercor,Spain,MAY TEA soda of tea infusion black and peach low in calories bottle 1 l,"name of the food: refreshing drink of tea infusion black, peach flavor. name of the operator: schweppes, S.A. """" packing licensed by schweppes international limited."""" operator address: castilian pº 202","["""" drinks"""","""" water, soft drinks and juices"""","""" soft drinks and soda"""","""" soft drink tea""""]",https://www.hipercor.es/supermercado/0110118614001362-may-tea-refresco-de-infusion-de-te-negro-y-melocoton-bajo-en-calorias-botella-1-l/,https://sgfm.elcorteingles.es/SGFM/dctm/MEDIA03/201804/11/00118614001362____2__600x600.jpg,1.52,8414100363842,May Tea,Still RTD Tea,"Pack Material Type: Plastic; Caffeine: 15-25 mg; Health Claims: low calories; Tea Type: black; Carbonization: still; Volume: 1000; Juice Content: 0-2%; Pack Type: Bottle; Immune Support Ingredients: vitamin c, antioxidants; Sweetener: sugar; Naturally derived: natural fragrances; Flavour: peach, tea"
56502189,Hipercor,Spain,felixia mango juice + orange 250 ml bottle,,"["""" drinks"""","""" water, soft drinks and juices"""","""" juices and nectars"""","""" chilled juices""""]",https://www.hipercor.es/supermercado/0110118180301204-felixia-zumo-de-mango--naranja-botella-250-ml/,https://sgfm.elcorteingles.es/SGFM/dctm/MEDIA03/201802/22/00118180301204____1__600x600.jpg,1.59,8428551710650,FELIXIA,Not from Concentrate 100% Juice,"Volume: 250; Flavour: orange, mango; Made From: orange, mango; Pack Material Type: Plastic; Carbonization: still; Pack Type: Bottle"
565234106,Pavilions,USA,Soleil Sparkling Water Grapefruit - 8-12 Fl. Oz.,"
[ingredients_start]
 Carbonated Water, Natural Flavor. 
[ingredients_end]
; Product Details Flavored with other natural flavors. 0 calories per 1 can. No calories. No sweeteners. No sodium. Welcome t","["""" Beverages"""","""" Water & Sparkling Water"""","""" Sparkling & Seltzer""""]",https://www.pavilions.com/shop/product-details.960454681.html,https://images.albertsons-media.com/is/image/ABS/960454681,2.99,,Soleil,Functional Bottled Water,"Juice Content: 0-2%; Caffeine: 15-25 mg; Naturally derived: natural flavours; Diets: kosher, pescetarian; Pack Material Type: Paper / Carton; Volume: 355; Pack Type: Carton/Box; Flavour: grapefruit; Carbonization: carbonated, sparkling; No Artificial Ingredients: no artificial flavours, no artificial sweeteners; Water Type: flavoured; Free From: no peanuts, no eggs, no soy, no shellfish, no milk, no nuts, no crustaceans, no fish, wheat free; Health Claims: no added sugar, no fat"
56527560,Hipercor,Spain,felixia natural juice of soursop + mint 750 ml bottle,,"["""" supermarket"""","""" drinks"""","""" water, soft drinks and juices"""","""" juices and nectars"""","""" chilled juices"""","""" chilled juices (35)""""]",https://www.hipercor.es/supermercado/0110118180300875-felixia-zumo-natural-de-guanabana--menta-botella-750-ml/,https://sgfm.elcorteingles.es/SGFM/dctm/MEDIA03/201703/15/00118180300875____1__600x600.jpg,5.95,8428551717314,FELIXIA,Not from Concentrate 100% Juice,Volume: 750; Naturally derived: natural; Made From: soursop; Pack Type: Bottle; Carbonization: still; Pack Material Type: Plastic; Flavour: mint
56537207,Hipercor,Spain,1724 tonic pack 6 cans 20 cl,,"["""" supermarket"""","""" drinks"""","""" water, soft drinks and juices"""","""" soft drinks and soda"""",""""tonic, Mixers and ginger Ale""""]",https://www.hipercor.es/supermercado/0110118613500950-1724-tonica-pack-6-latas-20-cl/,https://sgfm.elcorteingles.es/SGFM/dctm/MEDIA03/201910/04/00118613500950____11__600x600.jpg,8.89,,1724,Tonic Water/Mixers/Other Bitters,Carbonization: carbonated; Pack Material Type: Paper / Carton; Volume: 200; Juice Content: 0-2%
56556138,Hipercor,Spain,the english court natural mineral water from the spring Monte pine trees carafe 5 l,"name of the food: natural mineral water name of the operator: packed for the english court. distributed by Balnear, S.L.U. CL laugh Can Pahissa, 8-10 
polyg. Ind. he Pla molins of Rei ( Barcelona) spa","["""" supermarket"""","""" drinks"""","""" water, soft drinks and juices"""","""" water and soda"""","""" mineral water without gas"""","""" mineral water without gas (132)""""]",https://www.hipercor.es/supermercado/0110118630400499-el-corte-ingles-agua-mineral-natural-del-manantial-monte-pinos-garrafa-5-l/,https://sgfm.elcorteingles.es/SGFM/dctm/MEDIA03/201806/21/00118630400499____2__600x600.jpg,1.56,8433329089937,El Corte Inglés,Still Bottled Water,"Volume: 5000; Water Type: mineral, spring; Pack Type: Bottle; Contains Minerals: calcium; Pack Material Type: Plastic; Naturally derived: natural minerals, natural; Juice Content: 0-2%"
56560885,Hipercor,Spain,bezoya natural mineral water of mineralization very weak bottle 1.5 l,"name of the food: natural mineral water of mineralization very weak name of the operator: easter quality, SAU. operator address: ctra. from palencia, y / n - 09400 blueberry of duero ( burgos) place o","["""" supermarket"""","""" drinks"""","""" water, soft drinks and juices"""","""" water and soda"""","""" mineral water without gas"""","""" mineral water without gas (132)""""]",https://www.hipercor.es/supermercado/0110118630000539-bezoya-agua-mineral-natural-de-mineralizacion-muy-debil-botella-15-l/,https://sgfm.elcorteingles.es/SGFM/dctm/MEDIA03/202306/19/00118630000539____5__325x325.jpg,0.74,8410128000400,Bezoya,Still Bottled Water,"Volume: 1500; Contains Minerals: calcium, magnesium; Naturally derived: natural; Pack Material Type: Plastic; Juice Content: 0-2%; Water Type: mineral; Caffeine: 15-25 mg"
56595406,Hipercor,Spain,SUNNY DELIGHT Honolulu soft drink strawberry flavor bottle 1.25 l,"name of the food: refreshing juice drink of fruits, with sugar and sweeteners. with vitamins. name of the operator: schweppes, S.A. """" packing licensed by schweppes international limited."""" operator add","["""" supermarket"""","""" drinks"""","""" water, soft drinks and juices"""","""" soft drinks and soda"""","""" refreshments various"""","""" refreshments various (42)""""]",https://www.hipercor.es/supermercado/0110118827100563-sunny-delight-honolulu-refresco-sabor-fresa-botella-125-l/,https://sgfm.elcorteingles.es/SGFM/dctm/MEDIA03/202304/17/00118827100563____5__325x325.jpg,1.95,,Sunny Delight,Other Non-Cola Carbonates,"Pack Material Type: Plastic; Volume: 1250; Naturally derived: natural fragrances; Carbonization: still; Energy Source: b-vitamins; Caffeine: 15-25 mg; Health Claims: good source of vitamins; Juice Content: 5-10%; Pack Type: Bottle; Flavour: strawberry; Sweetener: cyclamate, sucralose, sugar, acesulfame potassium; Immune Support Ingredients: vitamin c"
5678911,Walmart,USA,"Clear American Black Cherry Sparkling Water, 33.8 fl oz",,"["""" Beverages"""","""" Water""""]",https://www.walmart.com/ip/10452473,https://i5.walmartimages.com/asr/a7c3385d-3737-432a-9219-538bfb2d0e4a_1.e03cd258de75dcaaa065d274f6ac60d5.jpeg?odnHeight=215&odnWidth=215&odnBg=ffffff,0.57,78742206257,Clear American,Sparkling Flavoured Bottled Water,"Caffeine: 0-15 mg; Pack Material Type: Paper / Carton; Carbonization: carbonated, sparkling; Volume: 1000; Flavour: cherry; Juice Content: 0-2%; Sweetener: aspartame, acesulfame potassium; Naturally derived: natural flavours"
57082809,Giant Eagle,USA,Diet Iced Tea,,"["""" Beverages"""","""" Iced Tea""""]",https://curbsideexpress.gianteagle.com/store/7EBA1124#/product/sku/00020735092743,https://cnt.gianteagle.com/api/Images/v7/products/4426/dimensions/large/jpg,1.99,20735092743,Turkey Hill,Still RTD Tea,Volume: 1893; Juice Content: 0-2%; Pack Material Type: Glass; Flavour: tea; Pack Type: Bottle; Carbonization: still
573361955,Harris Teeter,USA,"Energy Drink, Organic, Citrus Lime",USDA Organic. Gluten free. Vegan. 160 mg caffeine Plant energy. 100mg L- Theanine Alert & focused. B12 Vitamin Boost stamina. Zero added sugar. 100% Plant powered. Adaptogens Resist stress. Venice bea,"["""" Beverages"""","""" Sports Drinks""""]",https://shop.harristeeter.com/store/902E226#/product/sku/00850014216030,https://scontent.harristeeter.com/api/Images/v7/products/1794836/dimensions/large/jpg,2.99,850014216030,Riot Energy,Energy Drinks,"Pack Material Type: Metal; Carbonization: still; Flavour: lime, citrus; Botanicals And Functional Ingredients: adaptogen; Energy Source: l-theanine; Volume: 473; Health Claims: energy boosting, no added sugar, stress relief; Caffeine: 25-50 mg; Diets: plant-based; Juice Content: 0-2%; Sustainable Sourcing: usda organic, organic"
574227629,Carrefour,France,iced tea lemon flavor maytea,,"["""" drinks"""","""" colas, iced teas, syrups and sodas"""","""" iced teas and infusions""""]",https://www.carrefour.fr/p/the-glace-saveur-citron-maytea-3124480195333,https://media.carrefour.fr/medias/82dce7cd82814dd1beedf7d05890ba75/p_1500x1500/03124480195333_H1N1_s04.jpeg,1.99,3124480195333,May Tea,Still RTD Tea,"Carbonization: still; Volume: 1200; Flavour: lemon, tea; Pack Type: Bottle; Juice Content: 0-2%; Nutri-Score: D"
574773864,mat.se,Sweden,Pineapple bcaa energy drink incl. Pant,undefined storage: stored at maximum 35 °C,"["""" beverages"""","""" energy- & sports drinks"""","""" energy drinks""""]",https://www.mat.se/butik/pineapple-bcaa-energidryck-inkl-pant-clean-drink-33cl,https://d1hr6nb56yyl1.cloudfront.net/product-images/134640-560.jpg,21.95,7350089431145,Clean Drink,Energy Drinks,"Volume: 330; Energy Source: b-vitamins; Caffeine: 50-100 mg; Flavour: pineapple; Pack Material Type: Metal; Sweetener: sucralose; Pack Type: Can; Contains Minerals: magnesium; Sports Ingredients: bcaa; Juice Content: 0-2%; Health Claims: energy boosting; Carbonization: carbonated; Immune Support Ingredients: vitamin c, zinc"
57498673,Courses U,France,"natural mineral water, mont roucous, pack of 12x25cl",,"["""" alcohol-free drinks"""","""" waters"""","""" plain still waters""""]",https://www.coursesu.com/boissons-sans-alcool/eaux/eaux-plates-natures/_pid2/7/0/1,https://www.coursesu.com/assets/1.8.1.20/ctx/static/wlpdatas/display/000/063/739/637392.jpg,4.3,,Mont Roucous,Still Bottled Water,Naturally derived: natural; Juice Content: 0-2%; Volume: 250; Carbonization: still; Water Type: mineral; Pack Material Type: Flexible Pack
57507307,Courses U,France,"syrup lime U, 75cl",,"["""" alcohol-free drinks"""","""" syrups and drinks concentrated"""","""" syrups and concentrates""""]",https://www.coursesu.com/ /boissons-sans-alcool/sirops-et-boissons-concentrees/sirops-et-concentres/_pid2/5/4/1,https://www.coursesu.com/assets/1.8.1.16/ctx/static/wlpdatas/display/000/092/269/922692.jpg,1.99,,Produits U,Liquid Concentrates,Flavour: lime; Pack Material Type: Paper / Carton; Volume: 750; Pack Type: Liquid Carton
575382579,Willys,Sweden,Pineapple bcaa energy drink can,,"["""" drink"""","""" Sport- & energy drink"""","""" energy drink""""]",https://www.willys.se/produkt/Pineapple-Bcaa-Energidryck-Burk-101364700_ST,https://d2rfo6yapuixuu.cloudfront.net/h50/h2c/12756859617310/7350089431145_1646996137450_master_axfood_400,18.9,7350089431145,Clean Drink,Energy Drinks,"Sports Ingredients: bcaa; Immune Support Ingredients: vitamin c, zinc; Sweetener: sucralose; Contains Minerals: magnesium; Health Claims: energy boosting; Carbonization: carbonated; Volume: 330; Pack Type: Can; Caffeine: 50-100 mg; Energy Source: b-vitamins; Pack Material Type: Metal; Flavour: pineapple; Juice Content: 0-2%"
577222558,Bol.com,Belgium,fernandes Cherry Bouquet cans Tray 24 pcs 33cl,tray of 24 cans fernandes Cherry Bouquet with bubbles. surinamese soda with feisty fruit flavor.…,"["""" eat drink"""","""" soft drink, juice, coffee and tea"""","""" soft drinks""""]",https://www.bol.com/be/nl/p/fernandes-cherry-bouquet-blikjes-tray-24-stuks-33cl/9300000075985223/,https://media.s-bol.com/y2rJZ2RYPGmE/gpkyGyZ/168x145.jpg,33.99,,Fernandes,Other Non-Cola Carbonates,Pack Type: Blister; Volume: 330; Juice Content: 0-2%; Flavour: cherry; Pack Material Type: Metal; Carbonization: still
57832621,Hepsiburada,Turkey,gusse strawberry ( Strawberry) Frozen 1 lt,"gusse strawberry ( Strawberry) Frozen 1 lt
mostly in the summer a refreshing beverage preferred as gusse with strawberry Frozen, ice or with ice cream makes. inside usually cube or broken ice is used.","[""""supermarket"""",""""beverage products"""","""" still drink"""","""" juices""""]",https://www.hepsiburada.com/gusse-cilek-strawberry-frozen-1-lt-p-HBV00000CLU8P,https://productimages.hepsiburada.net/s/20/280-413/9879623335986.jpg,34.9,,Gusse,Liquid Concentrates,Pack Type: Bottle; Flavour: strawberry; Volume: 1000; Pack Material Type: Glass; Juice Content: 0-2%
579079790,Walmart,USA,"Enhanced Sparkling Water Pineapple, 12 fl oz",YERBAE: WATER ENHNCD SPRK PINEAPL (12.000 FO),"["""" Food"""","""" Beverages"""","""" Water""""]",https://www.walmart.com/ip/Enhanced-Sparkling-Water-Pineapple-12-fl-oz/193615991,https://i5.walmartimages.com/asr/8d500f1f-6eb2-475d-b467-6ed86b63ce68_1.ddc8b32fa2ed79fa7280e9c51399c384.jpeg,10.32,,Yerbae,Sparkling Flavoured Bottled Water,Pack Material Type: Metal; Volume: 355; Carbonization: sparkling; Juice Content: 0-2%; Flavour: pineapple
579725044,Walmart,USA,"NOS High Performance Energy Drink, Grape, 16 fl oz","""""NOS Grape US 16 Fl. Oz."""" ; Assembled Product Weight 1.13 lbs ; Brand NOS ; Assembled Product Dimensions (L x W x H) 2.36 x 2.36 x 6.29 Inches","["""" Food"""","""" Beverages"""","""" Energy Drinks"""","""" Energy Drinks""""]",https://www.walmart.com/ip/NOS-High-Performance-Energy-Drink-Grape-16-fl-oz/138230860?classType=REGULAR,https://i5.walmartimages.com/seo/NOS-High-Performance-Energy-Drink-Grape-16-fl-oz_be8ede6c-af6b-48c5-87bb-5ca50580497b.dfa08ff128e6f7099cf571deb6b48019.jpeg,1.98,,NOS,Energy Drinks,Volume: 473; Juice Content: 0-2%; Health Claims: energy boosting; Pack Type: Can; Flavour: grape; Carbonization: still
579794127,Walmart,USA,Salvavidas Lime Drink 12 oz - Refresco de Limon ( Pack of 6),"Salvavidas Lime Flavor, Salvavidas, Lime Flavor Drink, Refresco de Limon, Salvavidas Refresco de Limon, Refresco de Limon Salvavidas, Salvavidas Limon Drink, Salvavidas Refresco Lime","["""" Food"""","""" Beverages"""","""" Soda Pop""""]",https://www.walmart.com/ip/Salvavidas-Lime-Drink-12-oz-Refresco-de-Limon-Pack-of-6/542962070,https://i5.walmartimages.com/asr/aaaea51e-1160-47bc-99b4-6babc07c2c79_1.bc1625fbef54765577baa5d921195a69.jpeg,20.98,,Salvavidas,Other Non-Cola Carbonates,Flavour: lime; Pack Material Type: Glass; Volume: 355; Juice Content: 0-2%
579976080,Walmart,USA,"Thick & Easy Thickened Beverage 46 oz. Bottle Cranberry Juice Cocktail Flavor Ready to Use Honey Consistency, 48030 - EACH",Thickened Beverage Thick & Easy 46 oz. Bottle Cranberry Juice Cocktail Flavor Ready to Use Honey Consistency. Brand: Thick & Easy. Manufacturer Name: Hormel Food Sales. Manufacturer Number: 48030.,"["""" Food"""","""" Beverages"""","""" Juices""""]",https://www.walmart.com/ip/Thick-Easy-Thickened-Beverage-46-oz-Bottle-Cranberry-Juice-Cocktail-Flavor-Ready-to-Use-Honey-Consistency-48030-EACH/973123300,https://i5.walmartimages.com/asr/d483618f-f098-4778-8a1c-04c451e5b09b_1.eacdf53cc63d6563074808204dc8b03e.jpeg,12.79,,Thick & Easy,Juice Drinks (up to 24% Juice),"Juice Content: 0-2%; Volume: 1360; Made From: cranberry; Carbonization: still; Pack Material Type: Plastic; Flavour: honey, cranberry; Pack Type: Bottle"
580123143,Walmart,USA,"Product of Country Time Pink Lemonade Drink Mix, 82.5 oz.",""""" All Powdered Drink Mix"""" ; Brand Country Farms ; Food Form Dry Mixes","["""" Food"""","""" Beverages"""","""" Powdered Drink Mixes"""","""" Lemonade Mixes""""]",https://www.walmart.com/ip/Product-of-Country-Time-Pink-Lemonade-Drink-Mix-82-5-oz/173686191?classType=REGULAR,https://i5.walmartimages.com/seo/Product-of-Country-Time-Pink-Lemonade-Drink-Mix-82-5-oz_f612822b-0569-4fa8-8420-c8694a1cdb9d.01a541d26bd95ab9d306104832c9d42d.jpeg,20.39,,Country Farms,Powder Concentrates,Concentrate Format: powder; Flavour: lemon; Pack Type: Tub/Cup/Pot; Juice Content: 0-2%
580179838,Walmart,USA,"Savia Strawberry Aloe Vera Drink, 1.5 Liter -- 12 per case.",Aloe Vera Juice,"["""" Food"""","""" Beverages"""","""" Fresh Juice & Chilled Beverages""""]",https://www.walmart.com/ip/Savia-Strawberry-Aloe-Vera-Drink-1-5-Liter-12-per-case/755057836,https://i5.walmartimages.com/asr/99080a37-1666-47f1-a8eb-0dc19f054701.a27b3fb2612dbb216a13deeacd3d4b70.jpeg,79.18,,Savia,Coconut and Other Plant Waters,"Pack Material Type: Plastic; Juice Content: 0-2%; Flavour: strawberry; Volume: 1500; Pack Type: Bottle; Water Type: aloe vera; Carbonization: still; Made From: strawberry, aloe vera"
581933940,Walmart,USA,Ralph's Cherry Sparkling Water Sodamix Flavor | Three 12oz Bottles,NO HIGH FRUCTOSE CORN SYRUP. Sweetened with pure cane sugar and other natural sweeteners. Three 12oz Bottles included. Make 9 - 10 liters of soda with this value pack. Use with any brand of sparkling,"["""" Food"""","""" Beverages"""","""" Water"""","""" Sparkling Water""""]",https://www.walmart.com/ip/Ralph-s-Cherry-Sparkling-Water-Sodamix-Flavor-Three-12oz-Bottles/362886136,https://i5.walmartimages.com/asr/72bb712f-7d1e-4b30-b45b-4eca2b1a55a0_1.1e7b8f32f4f469c2b6252949fdd19a1c.png,18.99,,Ralph's,Sparkling Flavoured Bottled Water,Pack Material Type: Glass; Juice Content: 0-2%; Naturally derived: natural sweeteners; Volume: 355; Pack Type: Bottle; Carbonization: sparkling; Flavour: cherry; Sweetener: cane sugar
582733448,Walmart,USA,Ralph's Mango Sparkling Water Sodamix Flavor | Three 12oz Bottles,,"["""" Food"""","""" Beverages"""","""" Water"""","""" Sparkling Water""""]",https://www.walmart.com/ip/Ralph-s-Mango-Sparkling-Water-Sodamix-Flavor-Three-12oz-Bottles/382619908,https://i5.walmartimages.com/asr/06381e7e-c799-40e0-a7f4-c9b43acfb5b2_1.861177947c6f2326a7647ad6043d570e.png,18.99,,Ralph's,Sparkling Flavoured Bottled Water,Juice Content: 0-2%; Volume: 355; Pack Material Type: Glass; Pack Type: Bottle; Carbonization: sparkling; Flavour: mango
583092577,Walmart,USA,"Larissa Veronica Lemon Juice Powder, (4 oz, 1- Pack, Zin: 526966)","Lemon Juice Powder (4 oz, ZIN: 526966): Our Lemon Juice Powder is dehydrated and concentrated lemon juice, which will help you add true, pure tart lemon flavor to your cooking and baking. Lemon Juice","["""" Food"""","""" Beverages"""","""" Powdered Drink Mixes""""]",https://www.walmart.com/ip/Larissa-Veronica-Lemon-Juice-Powder-4-oz-1-Pack-Zin-526966/319219835?variantFieldId=count_per_pack,https://i5.walmartimages.com/asr/0a60914a-3786-4892-b2e4-a450c940461f_1.c81ceea46b6688079f270b572410eef2.jpeg,10.25,,Larissa Veronica,Powder Concentrates,Flavour: lemon; Pack Material Type: Metal; Juice Content: 0-2%; Pack Type: Liquid Carton; Concentrate Format: powder
586328116,Kaufland,Germany,ICE bear Slush syrup concentrate AZO free ice blueness Orange Ocenblau 1 liter,"1 liter bottle resealable for 6 liter manufacture slush syrup 
fresher orange taste colour blue 
Original Ice bear slush syrup 
without azo dyes 
ingredients ( ingredient list): 
sugar, water, citric ","["""" home page"""","""" food"""","""" beverages"""","""" soft drinks"""","""" syrups""""]",https://www.kaufland.de/product/432279346/,https://media.cdn.kaufland.de/product-images/1024x1024/d0c5f634a9e584a2ad17565c86745182.webp,7.95,,Ice Bär,Liquid Concentrates,Juice Content: 0-2%; Caffeine: 15-25 mg; Volume: 1000; Pack Material Type: Glass; Sweetener: sugar; Flavour: orange
58939938,Hemköp,Sweden,raw juice beetroot apple orange lemon ginger Juice,"loviseberg raw juice is one swedish cold pressed juice which is completely untreated, too natural good taste. rich in saturating fibers and vitamins. store cold. hurry enjoy!store cold when we chosen ","["""" all supplies"""","""" drink"""","""" Juice, fruit drink & smoothie"""","""" chilled juice & nectar""""]",https://www.hemkop.se/produkt/R-101237345_ST,https://d2rfo6yapuixuu.cloudfront.net/h30/he0/8883872825374/07350068172663.jpg_1481274348732_master_axfood_400,38.95,7350068172663,Loviseberg Råsaft,Not from Concentrate 100% Juice,"Pack Material Type: Plastic; Naturally derived: natural; Juice Features: cold press, smoothie, raw; Volume: 800; Flavour: ginger, lemon, apple, orange, beet; Pack Type: Bottle; Made From: ginger, lemon, apple, orange, beet; Carbonization: still; Health Claims: high/source of fibre; Juice Content: 100%; Immune Support Ingredients: vitamin c, ginger"
58949860,Hemköp,Sweden,watermelon carbonated water Pet,frameless are one natural mineral water as njutits then 1707 and tappas immediately at the source in frameless health well. frameless watermelon have a fresh and cute ton with summer feeling. frameles,"["""" all supplies"""","""" drink"""","""" water"""","""" small""""]",https://www.hemkop.se/produkt/V-101275002_ST,https://d2rfo6yapuixuu.cloudfront.net/h1a/h56/9040703553566/07310070003027.jpg_1515285936047_master_axfood_400,10,7310070003027,Ramlösa,Sparkling Flavoured Bottled Water,"Pack Material Type: Plastic; Flavour: watermelon; Pack Type: Bottle; Caffeine: 15-25 mg; Volume: 500; Naturally derived: natural fragrances, natural; Carbonization: carbonated; Water Type: mineral; Juice Content: 0-2%"
59047201,Hemköp,Sweden,orange juice organic from concentrate,this juices is made on selected organic oranges. this means that the oranges is not sprayed or cultivated using fertilizers. thus is it organic agriculture nicer against nature and promotes biodiversi,"["""" all supplies"""","""" drink"""","""" Juice, fruit drink & smoothie"""","""" chilled juice""""]",https://www.hemkop.se/produkt/A-100914502_ST,https://d2rfo6yapuixuu.cloudfront.net/h17/h68/8855316594718/7311041050507.jpg_master_axfood_400,25.5,7311041050507,Garant,Not from Concentrate 100% Juice,"Naturally derived: natural; Volume: 1000; Flavour: orange; Carbonization: still; Pack Material Type: Paper / Carton; Pack Type: Liquid Carton; Sweetener: sugar; Made From: orange; Juice Features: smoothie, from concentrate; Juice Content: 100%; Sustainable Sourcing: organic"
5905336,Auchan Direct,France,25cl - SIRACUSE - lemon juice organic,,"[""""grocery"""",""""salty grocery"""","""" cooking aids, broths"""","""" cooking aids""""]",https://www.auchandirect.fr/produits/226616,https://www.auchandirect.fr/backend/media/products_images/0N_226616.jpg,2.08,,Siracuse,Not from Concentrate 100% Juice,Volume: 250; Sustainable Sourcing: organic; Pack Type: Bottle; Flavour: lemon; Pack Material Type: Glass; Juice Content: 100%; Made From: lemon; Carbonization: still
59068988,The Whiskey Exchange,United Kingdom,William Fox Chilli Gomme Syrup,"William Fox was founded by two drinks enthusiasts based in the north of England who wanted to create high quality, colourless, preservative-free syrups using only the purest natural flavours. Spice up","["""" Home"""","""" Cocktails & Mixers"""","""" Soft Drinks and Syrups""""]",https://www.thewhiskyexchange.com/p/45124/william-fox-chilli-syrup,https://img.thewhiskyexchange.com/1000/syrup_wil24.jpg,4.95,,William Fox,Liquid Concentrates,Volume: 750; Juice Content: 0-2%; Naturally derived: natural flavours; Pack Material Type: Glass; Flavour: chilli; No Artificial Ingredients: no artificial preservatives
59109723,Coop,Sweden,aminopro Lemon / Lime,,"["""" act"""","""" drink"""","""" energy"""","""" energy drink""""]",https://www.coop.se/handla-online/varor/dryck/energi/energidryck/22598967-aminopro-lemonlime/,"https://res.cloudinary.com/coopsverige/image/upload/fl_progressive,q_70,c_lpad,g_center,h_444,w_444/v1530689158/312720.jpg",10,7350021420497,Amino Pro,Energy Drinks,"Contains Minerals: calcium; Volume: 330; Sweetener: sucralose; Energy Source: b-vitamins; Juice Content: 0-2%; Pack Type: Can; Health Claims: energy boosting; Caffeine: 50-100 mg; Carbonization: still; Pack Material Type: Metal; Flavour: lemon, lime; Immune Support Ingredients: vitamin c"
59119520,Hemköp,Sweden,lingon & cranberry soft drink,"BOB soft drink with a refreshing and lovely taste of cranberries and lingon, enriched with vitamin c. a good and easily fixed meal drink that fits the whole family.
dilute the concentrate 1 + 4 with w","["""" all supplies"""","""" drink"""","""" juice & fruit drinks"""","""" not chilled fruit drink""""]",https://www.hemkop.se/produkt/L-100082991_ST,"https://assets.axfood.se/image/upload/f_auto,t_500/07310090167532_C1L1_s02",8.95,7310090167532,BOB,Juice Drinks (up to 24% Juice),"Sweetener: sugar; Pack Type: Carton/Box; Volume: 1000; Carbonization: still; Flavour: cranberry; Caffeine: 15-25 mg; Health Claims: good source of vitamins; Geographic Origin: sweden; Naturally derived: natural fragrances; Immune Support Ingredients: vitamin c; Pack Material Type: Paper / Carton; Made From: apple, blackcurrant, cranberry"
59160931,Hemköp,Sweden,pear stilldrink,one heavenly good ParondryckOppnad packaging is stored in refrigerator + 8°C.,"["""" all supplies"""","""" drink"""","""" juice & still drink"""","""" stilldrink""""]",https://www.hemkop.se/produkt/P-101220886_ST,https://d2rfo6yapuixuu.cloudfront.net/h1a/he2/8857431146526/7611612514842.jpg_master_axfood_400,9.95,7611612514842,Premier,Juice Drinks (up to 24% Juice),Flavour: pear; Volume: 250; Juice Content: 5-10%; Sweetener: sugar; Caffeine: 15-25 mg; Juice Features: from concentrate; Made From: pear; Pack Type: Liquid Carton; Pack Material Type: Paper / Carton; Carbonization: still
596010035,Hipercor,Spain,SIERRA cazorla natural mineral water carafe 5 l,,"["""" supermarket"""","""" drinks"""","""" water, soft drinks and juices"""","""" water and soda"""","""" mineral water without gas"""","""" mineral water without gas (132)""""]",https://www.hipercor.es/supermercado/0110118630400556-sierra-cazorla-agua-mineral-natural-garrafa-5-l/,https://sgfm.elcorteingles.es/SGFM/dctm/MEDIA03/201909/24/00118630400556____1__40x40.jpg,2.3,,Sierra Cazorla,Still Bottled Water,Volume: 5000; Water Type: mineral; Naturally derived: natural; Juice Content: 0-2%
596054998,Jan Linders,Netherlands,smarty syrup watermelon strawberry 0% sugar,,"["""" product range"""","""" fresh, juice, tea, coffee"""","""" soft drink"""","""" syrup""""]",https://www.janlinders.nl/slimpie-siroop-watermeloen-aardbei-0-.html,https://www.janlinders.nl/tl_assets/8719214811297_Watermeloen-Aardbei_RGB_M_2_Slimpie2022.png,2.55,8719214811297,Slimpie,Liquid Concentrates,"Pack Type: Bottle; Sweetener: sugar; Pack Material Type: Plastic; Flavour: strawberry, watermelon; Health Claims: no sugar; Juice Content: 0-2%"
599947128,amazon,Spain,Terschellinger cranberry juice pure sweet - 750 ml,"undefinedundefined undefined 
* * *
## product details 
* product weight
‏
:
‎ 300 grams 
* product on amazon.is from
‏
:
‎ 10 march 2020 
* maker
‏
:
‎ Terschellinger 
* asin
‏
:
‎ B07VXWF3HX 
* mode","["""" coffee, tea and drinks"""","""" juices"""","""" fruit juice""""]",https://www.amazon.es/Terschellinger-zumo-ar%C3%A1ndano-puro-dulce/dp/B07VXWF3HX/ref=sr_1_1510?qid=1678079394&s=grocery&sr=1-1510,https://m.media-amazon.com/images/I/31dQxzGeVML._AC_UL320_.jpg,16.03,,Terschellinger,Not from Concentrate 100% Juice,Pack Material Type: Glass; Volume: 750; Made From: cranberry; Juice Content: 100%; Flavour: cranberry; Carbonization: still; Pack Type: Bottle
613262914,amazon,USA,Venom Energy Drink - Low Calorie Watermelon Lime - 16fl.oz.(4 Pack of 16),"Brand Venom Energy 
Flavor Watermelon 
Package Information Can 
Volume 16 Fluid Ounces 
Number of Pieces 16 
undefinedundefined 
* * *
## Important information 
Legal Disclaimer 
Statements regarding ","["""" Grocery & Gourmet Food"""","""" Beverages"""","""" Bottled Beverages, Water & Drink Mixes"""","""" Energy Drinks""""]",https://www.amazon.com/Venom-Energy-Drink-Watermelon-16fl-oz/dp/B09Z35Z2GJ/ref=sr_1_676?c=ts&keywords=Energy+Drinks&qid=1655711781&s=grocery&sr=1-676&ts_id=16318341,https://m.media-amazon.com/images/I/51p5CHcINGL._AC_UL320_.jpg,364.42,312333768336,Venom,Energy Drinks,"Volume: 473; Juice Content: 0-2%; Flavour: lime, watermelon; Pack Material Type: Metal; Health Claims: low calories, energy boosting; Carbonization: still"
613288571,Walmart,USA,"Venom Energy Drink Black Mamba 16 oz (8 Cans), 16 oz Marked cans",""""" 
* Positive Energy: Venom Healthy Energy Drinks are lightly sparkling, energy drinks with natural caffeine, added vitamins to provide positive, sustained energy and immune system support 
* Healthy ","["""" Food"""","""" Beverages"""","""" Energy Drinks"""","""" Energy Drinks""""]",https://www.walmart.com/ip/Venom-Energy-Drink-Black-Mamba-16-oz-8-Cans-16-oz-Marked-cans/274915968?classType=REGULAR,https://i5.walmartimages.com/seo/Venom-Energy-Drink-Black-Mamba-16-oz-8-Cans-16-oz-Marked-cans_174b29fa-3e62-4954-8fed-d505c063be1d.6262882378acdb926cb4784be70b4f4e.jpeg,31.99,,Venom,Energy Drinks,"Caffeine: 50-100 mg; Volume: 473; Carbonization: sparkling; Naturally derived: natural; Juice Content: 0-2%; Health Claims: energy boosting, immune system health, good source of vitamins, hydrating; Pack Type: Can"
613901951,Walmart,USA,"(4 Pack) Caffe D' Vita Caramel Latte Blended Iced Coffee, 48 oz Canister",Merchandise,"["""" Food"""","""" Beverages"""","""" Tea"""","""" Bottled Tea""""]",https://www.walmart.com/ip/4-Pack-Caffe-D-Vita-Caramel-Latte-Blended-Iced-Coffee-48-oz-Canister/926866017,https://i5.walmartimages.com/asr/d8d28b18-aabf-4c9b-9f28-33813e968ec8.fd87aa85884057f668319d2d3aec172b.jpeg,65.28,,Caffe D'Vita,RTD Coffee,"Pack Material Type: Metal; Pack Type: Tin; Juice Content: 0-2%; Volume: 1420; RTD Coffee Style: latte; Flavour: latte, caramel, coffee; Carbonization: still"
613937907,Walmart,USA,"Tea Zone BANANA Powder Mix for Boba Bubble Tea, Slush, Smoothies 2.2 lbs",Banana Flavor,"["""" Food"""","""" Beverages"""","""" Tea"""","""" Iced Tea & Mixes""""]",https://www.walmart.com/ip/Tea-Zone-BANANA-Powder-Mix-for-Boba-Bubble-Tea-Slush-Smoothies-2-2-lbs/705969128,https://i5.walmartimages.com/asr/00434769-296b-46b7-8cb6-2899263b0a44_1.294e0d77dfd4cb0406054cfa9c0805fc.jpeg,25.78,,Tea Zone,Powder Concentrates,"Pack Material Type: Flexible Pack; Flavour: banana, tea; Pack Type: Pouch; Weight: 998; Concentrate Format: powder; Juice Content: 0-2%"
614449685,MatHem,Sweden,Shot ginger & lemon 50cl herrljunga,,"["""" dairy, cheese & juice"""","""" juice & fruit drinks"""","""" juiceshots"""","""" Ingefarashots""""]",https://www.mathem.se/varor/ingefarashots/shot-ingefara-citron-50cl-herrljunga,https://static.mathem.se/shared/images/products/large/07312720080303_c1n1_s02.jpg,49.95,7312720080303,Herrljunga,Not from Concentrate 100% Juice,"Immune Support Ingredients: ginger; Pack Type: Bottle; Volume: 500; Carbonization: still; Juice Features: cold press; Flavour: ginger, lemon; Made From: ginger, apple, lemon; Pack Material Type: Glass; Juice Content: 100%"
621512621,MatHem,Sweden,energy drink sugar free 250ml powerking,powerking sugarfree energy drink with high caffeine content.,"["""" drink"""","""" functional beverages"""","""" energy drink""""]",https://www.mathem.se/varor/energidryck/energidryck-light-25cl-powerking,https://static.mathem.se/shared/images/products/large/07611612221375_c1n1.jpg,10.95,7611612221375,Powerking,Energy Drinks,"Caffeine: 25-50 mg; Volume: 250; Juice Content: 0-2%; Health Claims: no sugar, energy boosting; Energy Source: b-vitamins; Pack Material Type: Metal; Sweetener: aspartame; Carbonization: carbonated"
633220883,amazon,France,Chi 100% pure Coconut Water 1000 ml x 1,,"["""" grocery"""","""" coffee, tea and drinks"""","""" juice"""","""" coconut water""""]",https://www.amazon.fr/dp/B00EAKE8EK,"https://images-eu.ssl-images-amazon.com/images/I/71JAeQOngfL._AC_UL600_SR600,400_.jpg",18.71,,Chi,Coconut and Other Plant Waters,"Pack Type: Carton/Box; Volume: 1000; Made From: coconut; Pack Material Type: Paper / Carton; Carbonization: still; Flavour: coconut; Water Type: coconut, pure; Juice Content: 0-2%"
635944501,Intermarche,France,pure juice pink grapefruit organic,"Suggestion of preparation and support : shake well before opening, serve as fresh., Information conservation : after opening, keep cool and to consume within 4 days,- 100% pure juice - perfume unique ","["""" organic"""","""" organic drink"""","""" fruit juice and vegetable organic"""","""" other flavors organic""""]",https://www.intermarche.com/produit/pur-jus-pamplemousse-rose-bio/3289196040510,https://driveimg1.intermarche.com/fr/Content/images/boitmal/produit/zoom/F1CF2EC955D593DAD2CC5BC8CDF4DFDE.jpg,4.18,3289196040510,Jardin Bio,Not from Concentrate 100% Juice,"Flavour: grapefruit; Juice Content: 100%; Volume: 1000; Carbonization: still; Pack Type: Bottle; Pack Material Type: Glass; Made From: banana, grape, orange, grapefruit, clementine; Sustainable Sourcing: organic"
640562232,Hipercor,Spain,SIERRA cazorla natural mineral water of weak mineralization bottle 30 cl ideal for infant feeding,,"["""" supermarket"""","""" drinks"""","""" water, soft drinks and juices"""","""" water and soda"""","""" mineral water without gas"""","""" mineral water without gas (132)""""]",https://www.hipercor.es/supermercado/0110118630601062-sierra-cazorla-agua-mineral-natural-de-mineralizacion-debil-botella-30-cl-ideal-para-la-alimentacion-infantil/,https://sgfm.elcorteingles.es/SGFM/dctm/MEDIA03/201909/24/00118630601062____1__325x325.jpg,0.56,,Sierra Cazorla,Still Bottled Water,Pack Material Type: Plastic; Volume: 300; Pack Type: Bottle; Naturally derived: natural; Juice Content: 0-2%; Water Type: mineral
641486490,Carrefour,France,iced tea black tea and organic peach INFUSION,,"["""" drinks"""","""" colas, iced teas, syrups and sodas"""","""" iced teas and infusions""""]",https://www.carrefour.fr/p/the-glace-the-noir-et-peche-bio-infusion-3700749306193,https://media.carrefour.fr/medias/a46c92ec02783897a67f82ecda17d559/p_1500x1500/03700749306193-a1n1-s01.jpg,2.69,3700749306193,Infusion,Still RTD Tea,"Pack Type: Liquid Carton; Volume: 1000; Tea Type: black; Juice Content: 0-2%; Sustainable Sourcing: organic; Carbonization: still; Flavour: peach, tea"
654595933,Plus,Netherlands,turmeric pepper shot,"## product features 
legal description fruit juice with turmeric- pineapple- pepper Contact Fruity Line B.v. communication address fruity-line.com use and storage instructions 
* keep it cooled (max. ","["""" soft drink, juices, coffee, tea"""","""" juices, fruit drink"""","""" chilled juice""""]",https://www.plus.nl/product/i-m-kurkuma-peper-shot-fles-60-ml-286993,https://images.ctfassets.net/s0lodsnpsezb/286993_M/99eb5bd051da35cb79ae6e66edddd93d/286993.png,1.75,,I'M,Not from Concentrate 100% Juice,"Carbonization: still; Volume: 60; Pack Type: Bottle; Juice Content: 100%; Immune Support Ingredients: turmeric; Flavour: pepper; Made From: pepper, lemon, pineapple"
658702369,amazon,USA,"Proud Source Spring Water, 16oz Bottles, ( Pack of 6) with Bay Area Marketplace Napkins","Brand BAY AREA MARKETPLACE 
Unit Count 96.00 Fl Oz 
Number of Items 6 
Package Weight 5 Pounds 
* * *
# About this item 
* Proud Source Spring Water 
* Contains Six (6) 16oz Aluminum Bottles 
* Proud ","["""" Grocery & Gourmet Food"""","""" Beverages"""","""" Bottled Beverages, Water & Drink Mixes""""]",https://www.amazon.com/dp/B0BBJYBTBS,https://m.media-amazon.com/images/I/81-Wb1pMlDL._AC_UL320_.jpg,24.99,,Proud Source,Still Bottled Water,Volume: 473; Water Type: bottled at source; Juice Content: 0-2%; Caffeine: 0-15 mg; Carbonization: still
661157783,amazon,USA,"Fusion Select Authentic Bubble Tea Kit Extra Rich (5 Packs) Bubble Tea Drink, Boba Tapioca Pearl, Straws - 10 Tea Flavors","Brand Fusion Select 
Item Form Powder 
Flavor Classic Milk Tea 
Unit Count 5 Count 
* * *
# About this item 
* THE COMPLETE MIX - Each box contains 5 Packs Powder mix choice, 5 Packs of Boba, 5 Packs ","["""" Beverages"""","""" Bubble Tea"""","""" Bubble Tea Kits""""]",https://www.amazon.com/Fusion-Select-Authentic-Classic-Tapioca/dp/B0B6293RCR/ref=sr_1_33?brr=1&qid=1684293570&rd=1&s=grocery&sr=1-33,https://m.media-amazon.com/images/I/71iFEAHJ9DL._AC_UL400_.jpg,17.99,810081772051,Fusion Select,Powder Concentrates,Pack Material Type: Paper / Carton; Juice Content: 0-2%; Concentrate Format: powder; Count per Unit: 10; Flavour: tea; Pack Type: Carton/Box
668259127,Walmart,USA,"Atkins Keto Friendly Iced Coffee Protein Shake Vanilla Latte, 11 Fl Oz, 12 Count",""""" Atkins Keto Friendly Iced Coffee Protein Shake Vanilla Latte, 11 Fl Oz, 12 Count"""" ; Brand Atkins ; Manufacturer 1","["""" Food"""","""" Pantry"""","""" International Foods"""","""" European & Mediterranean""""]",https://www.walmart.com/ip/Atkins-Keto-Friendly-Iced-Coffee-Protein-Shake-Vanilla-Latte-11-Fl-Oz-12-Count/237072212,https://i5.walmartimages.com/asr/64c9fd93-a247-41ba-a1db-4ef67b265873.2c9d4f6a5a8084a653041e21f8d649e6.png,28.36,,Atkins,RTD Coffee,"Pack Material Type: Paper / Carton; Volume: 325; RTD Coffee Style: latte; Flavour: latte, coffee, vanilla; Carbonization: still; Juice Content: 0-2%"
668501249,amazon,USA,"Beebad Energy Drink Sparkling Honey Royal Jelly Propolis, 8.4 FO Pack of 12","undefinedundefined 
* * *
## Important information 
[ingredients_start]
Ingredients 
Beebad Energy Drink Sparkling Honey Royal Jelly Propolis, 8.4 FO Pack of 12 
[ingredients_end]

Legal Disclaimer 
S","["""" Grocery & Gourmet Food"""","""" Beverages"""","""" Bottled Beverages, Water & Drink Mixes""""]",https://www.amazon.com/dp/B0B5Y9HG86,https://m.media-amazon.com/images/I/71BbNjBqlYL._AC_UL320_.jpg,39.87,,Beebad,Energy Drinks,Health Claims: energy boosting; Volume: 250; Carbonization: sparkling; Pack Material Type: Metal; Juice Content: 0-2%; Pack Type: Can; Flavour: honey
669828265,Hemköp,Sweden,orange with pulp cold pressed Juice,raw juice is one cold pressed juice made in our mikropresseri in loviseberg outside of stockholm. it is made on fresh fruits and vegetables. keep cold and shake well for the best enjoyment. refrigerat,"["""" all supplies"""","""" drink"""","""" juice & fruit drinks"""","""" chilled juice""""]",https://www.hemkop.se/produkt/A-101425559_ST,"https://assets.axfood.se/image/upload/f_auto,t_200/07350068170010_C1N1_s04",49.95,7350068170010,Loviseberg Råsaft,Not from Concentrate 100% Juice,"Juice Content: 100%; Carbonization: still; Flavour: orange; Volume: 700; Made From: orange; Juice Features: cold press, raw, with pulp"
67088622,IGA,Canada,Kombucha Hibiscus Tea,,"["""" Products"""","""" Refrigerated Grocery"""","""" Dairy Free & Other"""","""" Organic & Natural Non Dairy""""]",https://www.iga.net/en/product/teakombucha-hibiscus/00000_000000081876200003,https://sbs-prd-cdn-products.azureedge.net/media/image/product/en/medium/0081876200003.jpg,4.49,,RISE Kombucha,Carbonated RTD Tea and Kombucha,"Juice Content: 0-2%; Volume: 414; Flavour: tea, hibiscus; Pack Material Type: Plastic; Pack Type: Bottle"
670949250,Loblaws,Canada,"Well, Cold Pressed Juice Played",,"["""" Food"""","""" Fruits & Vegetables"""","""" Fresh Juice & Smoothies"""","""" Juice""""]",https://www.loblaws.ca/cold-pressed-juice-played/p/21186540_EA#:#storeid=1032,https://assets.shop.loblaws.ca/products/21186540/b1/en/front/21186540_front_a01_@2.png,5.99,,Well,Not from Concentrate 100% Juice,"Juice Features: cold press, smoothie; Juice Content: 100%; Volume: 333; Pack Material Type: Plastic; Carbonization: still"
671799828,MatHem,Sweden,fruit drink orange with no added sugar & sweetener 1l proviva,"pro viva orange without added sugar and without sweetener. solmogna oranges gives this orange drink a lovely, fresh taste with just enough pulp. solely natural sweetness. just like everyone else pro v","["""" dairy, cheese & juice"""","""" juice & fruit drinks"""","""" fruit drink & dessert soup"""","""" fruit drink""""]",https://www.mathem.se/varor/fruktdryck/fruktdryck-apelsin-utan-tillsatt-socker-1l-proviva,https://static.mathem.se/shared/images/products/large/07350000552300_2.jpg,35.95,7350000552300,Proviva,Juice Drinks (up to 24% Juice),"Volume: 1000; Made From: grape, barbados cherry, orange, citrus; No Artificial Ingredients: no artificial sweeteners; Juice Features: from concentrate, with pulp; Juice Content: 25-50%; Carbonization: still; Caffeine: 15-25 mg; Pack Material Type: Paper / Carton; Naturally derived: natural sweeteners, natural; Pack Type: Liquid Carton; Flavour: orange; Immune Support Ingredients: vitamin c; Health Claims: no added sugar, probiotic, good source of vitamins, immune system health"
671983947,MatHem,Sweden,"raw juice apple, pineapple, Lime, ginger & mint 700ml loviseberg raw juice",raw juice is one cold pressed juice which is not pasteurized. raw juice pressas in sweden of fresh fruits and vegetables. it is rich on fibers and vitamins. store it cold and shake well for the best e,"["""" dairy, cheese & juice"""","""" juice & fruit drinks"""","""" juice other flavors""""]",https://www.mathem.se/varor/juice-ovriga-smaker/rasaft-apple--ananas--lime--ingefara-o-mynta-700ml-loviseberg-rasaft,https://static.mathem.se/shared/images/products/large/07350068170072_2.jpg,46.95,7350068170072,Loviseberg Råsaft,Not from Concentrate 100% Juice,"Flavour: lime, ginger, pineapple, mint, apple; Pack Type: Can; Pack Material Type: Metal; Juice Features: cold press, raw; Immune Support Ingredients: ginger, vitamin c, antioxidants; Carbonization: still; Health Claims: good source of vitamins, high/source of fibre; Made From: lime, ginger, pineapple, apple; Juice Content: 100%; Volume: 700"
672078252,Hemköp,Sweden,vegetable juice carrot / apple / ginger,"enjoy one juice like do good for the whole body. perfect as start on yet a lovely day or as portion of a good snack.
Juice is always 100% vegetables, fruit or berries. this juice contains among other ","["""" all supplies"""","""" drink"""","""" juice & fruit drinks"""","""" not refrigerated juice""""]",https://www.hemkop.se/produkt/G-101425407_ST,"https://assets.axfood.se/image/upload/f_auto,t_200/07314720716305_C1R1_s01",28.95,7314720716305,Kiviks Musteri,Not from Concentrate 100% Juice,"Juice Content: 100%; Made From: ginger, lemon, apple, carrot; Juice Features: from concentrate, with pulp; Pack Material Type: Paper / Carton; Carbonization: still; Immune Support Ingredients: vitamin c, ginger; Volume: 750; Pack Type: Liquid Carton; Flavour: ginger, apple, carrot"
674684300,amazon,USA,"Niagara Purified Drinking Water Pallet - 16.9oz Bottles - 84 Cases, 2016 Bottles - $0.10 Bottle Bill State","Brand NIAGARA 
Package Information Bottle 
Number of Items 84 
Unit Count 84.00 Count 
Net Content Volume 16.9 Fluid Ounces 
* * *
# About this item 
* Niagara Purified Drinking Water is just that: wa","["""" Grocery & Gourmet Food"""","""" Beverages"""","""" Bottled Beverages, Water & Drink Mixes"""","""" Drinking Water""""]",https://www.amazon.com/dp/B09T4QSGCB,https://m.media-amazon.com/images/I/51ntld8c9MS._AC_UL320_.jpg,705,,Niagara,Still Bottled Water,"Volume: 500; Juice Content: 0-2%; Health Claims: hydrating; Pack Material Type: Paper / Carton; Caffeine: 0-15 mg; Sustainable Packaging: can be recycled; Carbonization: still; Water Type: drinking, purified; Environmentally Friendly: environmentally friendly"
67605596,IGA,Canada,Carrot Juice,,"["""" Products"""","""" Grocery"""","""" Beverages"""","""" Organic & Natural Beverages""""]",https://www.iga.net/en/product/juicecarrot/00000_000000066147523904,https://sbs-prd-cdn-products.azureedge.net/media/image/product/en/medium/0066147523904.jpg,7.79,,BioItalia,Not from Concentrate 100% Juice,Volume: 750; Carbonization: still; Made From: carrot; Flavour: carrot; Pack Material Type: Glass; Pack Type: Bottle; Juice Content: 100%
67629720,Bakker Bart,Netherlands,fresh orange juice kiwi NW,fresh orange juice kiwi NW,"["""" product range"""","""" drinks"""","""" fresh juices and smoothies""""]",https://www.bakkerbart.nl/assortiment/dranken/verse-sappen-en-smoothies/verse-sinaasappelsap-kiwi-nw,https://www.bakkerbart.nl/media/smoothies-kiwi-sinaasappel-vic.jpg/?h=2000&q=80&r=1&w=474,2.65,,Vers Sap,Not from Concentrate 100% Juice,"Volume: 200; Made From: orange, kiwi; Juice Features: smoothie; Juice Content: 100%; Carbonization: still; Flavour: orange, kiwi"
67727806,IGA,Canada,Cold Pressed Morning Glory Juice,,"[""""IGA"""","""" Online Grocery"""","""" Products"""","""" Produce"""","""" Refrigerated Products"""","""" Juices, Dressings & Dips""""]",https://www.iga.net/en/product/juicecold-pressed-morning-glory/00000_000000005671990006,https://sob-prd-cdn-products.azureedge.net/media/image/product/en/medium/0005671990006.jpg,4.99,,Loop,Not from Concentrate 100% Juice,Pack Material Type: Plastic; Volume: 355; Pack Type: Bottle; Juice Content: 100%; Juice Features: cold press; Carbonization: still
678680079,Hepsiburada,Turkey,"Dark Blue energy drink, 500 ml (pack of 24, 24 pcs x 500 ml)","Dark blue energy flower 500 ml 24 pcs 
Dark blue energy flower 500ml 24 pcs cetinhome. vital live, give up don't. flavor and quality rising energy drink brand """"DARK BLUE"""" our products your try and dif","["""" home page"""",""""supermarket"""",""""beverage products"""","""" carbonated drinks"""","""" energy drink""""]",https://www.hepsiburada.com/dark-blue-enerji-icecegi-500-ml-24-adet-pm-HB00000NXPND,https://productimages.hepsiburada.net/s/377/500/110000395747461.jpg,389.9,,Dark Blue,Energy Drinks,Caffeine: 25-50 mg; Volume: 500; Health Claims: energy boosting; Pack Type: Can; Pack Material Type: Metal; Carbonization: carbonated; Juice Content: 0-2%
67980376,Loblaws,Canada,PC Blue Menu Watermelon Sparkling Water | 1 l,"A great alternative to pop, this refreshing, naturally flavoured sparkling water is sodium-free, calorie-free and unsweetened. So bubbly and tangy-sweet, it will appeal to kids of all ages.","["""" Food"""","""" Drinks"""","""" Water""""]",https://www.loblaws.ca/en/watermelon-sparkling-water/p/20998285_EA#:#storeid=1032,https://assets.shop.loblaws.ca/products/20998285/b1/en/front/20998285_front_a06_@2.png,1,60383185268,PC Blue Menu,Sparkling Flavoured Bottled Water,"Naturally derived: natural flavours; Caffeine: 0-15 mg; Flavour: watermelon; Volume: 1000; Pack Material Type: Plastic; Carbonization: carbonated, sparkling; Water Type: flavoured; No Artificial Ingredients: no artificial sweeteners; Sweetener: unsweetened; Health Claims: no sugar, no calories; Juice Content: 0-2%"
68236789,Shopping24,Germany,axisis gmbh vital house artichokes- juice 96% Gemusehegalt 330 ml of liquid - 330 ml of liquid,,"[""""body care & cosmetics"""","""" ear care""""]",https://www.shopping24.de/products/axisis-gmbh-vitalhaus-artischocken-saft-96-gemuesehegalt-330-ml-fluessigkeit-330-ml-fluessigkeit-1323333385,https://pics.shopping24.de/600x600/1244694110,6.63,,Vitalhaus,Not from Concentrate 100% Juice,Pack Type: Bottle; Juice Content: 0-2%; Volume: 330; Made From: artichoke; Pack Material Type: Glass; Carbonization: still
68240640,Loblaws,Canada,No Sugar Added Concord Grape 100% Juice,Quality comes first when you quench your thirst with our 100% fruit juices. Sun Rype No Sugar Added Concord Grape delivers fruitfully delicious concord taste without any artificial flavours or colours,"["""" Food"""","""" Drinks"""","""" Juice"""","""" Shelf- Stable Juices""""]",https://www.loblaws.ca/no-sugar-added-concord-grape-100-juice/p/20744072003_EA,https://assets.shop.loblaws.ca/products_jpeg/20744072003/en/20744072003_lrg_1_@1x.jpg,1.99,,Sun-Rype,Not from Concentrate 100% Juice,"Water Type: filtered; Pack Material Type: Paper / Carton; Carbonization: still; Juice Features: from concentrate; No Artificial Ingredients: no artificial colours; Health Claims: no sugar, good source of vitamins; Flavour: grape; Pack Type: Liquid Carton; Volume: 900; Juice Content: 100%; Made From: grape, apple, pear; Naturally derived: natural colourants, natural flavours; Caffeine: 15-25 mg; Immune Support Ingredients: vitamin c"
687229158,amazon,USA,"Frostie Root Beer Soda, Pack of 96, 12oz Bottles","Brand Beverages Direct 
Item Form Liquid 
Flavor Vanilla 
Number of Items 96 
Package Information Bottle 
* * *
# About this item 
* A traditional root beer with a smooth vanilla flavor and hints of w","["""" Grocery & Gourmet Food"""","""" Beverages"""","""" Bottled Beverages, Water & Drink Mixes"""","""" Soda Soft Drinks""""]",https://www.amazon.com/Frostie-Root-Beer-Soda-Bottles/dp/B0B4V3QXYG/ref=sr_1_2285?c=ts&keywords=Soda+Soft+Drinks&qid=1704511032&s=grocery&sr=1-2285&ts_id=16318231,https://m.media-amazon.com/images/W/MEDIAX_792452-T2/images/I/41HomJi5AJL._AC_UL320_.jpg,175.01,655457795636,Frostie,Other Non-Cola Carbonates,"Juice Content: 0-2%; Volume: 355; Caffeine: 0-15 mg; Sweetener: cane sugar; Naturally derived: natural flavours, natural; Pack Type: Bottle; Carbonization: carbonated; Pack Material Type: Glass"
687360400,Shop Apotheke,Germany,soda bear Orange organic syrup,preparing a delicious drink with orange flavor,"["""" nutrition & amp; lose weight"""","""" nutrition"""","""" beverages"""","""" beverage syrup & amp; -additions""""]",https://www.shop-apotheke.com/ernaehrung/8108010/sodabaer-orange-bio-sirup.htm,https://cdn.shop-apotheke.com/images/D08/108/010/D08108010-p1.jpg,4.94,7427129397249,Soda Bar,Liquid Concentrates,Sustainable Sourcing: organic; Pack Type: Bottle; Pack Material Type: Glass; Volume: 330; Juice Content: 0-2%; Flavour: orange
68842404,Trendyol,Turkey,Vitamin Water multi-v 500 ml x 12 pcs,retail sale of the product price provided by the supplier.,"[""""home & life"""",""""supermarket"""",""""beverage products""""]",https://www.trendyol.com/saol/vitamin-water-multi-v-500-ml-x-12-adet-p-3786117?boutiqueId=199122,https://img-trendyol.mncdn.com/mnresize/1200/1800//Assets/ProductImages/oa/99/3786117/1/7777777174938_1_org_zoom.jpg,42.9,,Saol Vitamin Water,Still Bottled Water,Pack Material Type: Plastic; Pack Type: Bottle; Carbonization: still; Juice Content: 0-2%; Volume: 500
68899941,Capraboacasa,Spain,aquabona water bottle 6x1.5l,,"["""" water"""","""" bottle 1.5l""""]",https://www.capraboacasa.com/portal/es/super/producto/aquabona-agua-botella-6x15l/226610,https://www.capraboacasa.com/catalogImages/226610_3.jpg,2.34,,Aquabona,Still Bottled Water,Volume: 1500; Pack Material Type: Plastic; Juice Content: 0-2%; Pack Type: Bottle
68989350,amazon,USA,Joe Tea Strawberry Lemonade 20 oz. Bottle (12 Bottles),"Joe Tea is a cool and refreshing alternative to the bland ordinary teas you get everywhere else.
If you're looking for a uniquely sensational refreshment experience- you're onto it! Joe's Strawberry L","["""" Any Department"""","""" Grocery & Gourmet Food"""","""" Beverages"""","""" Bottled Beverages, Water & Drink Mixes"""","""" Juices""""]",https://www.amazon.com/dp/B075TJVJYQ,https://m.media-amazon.com/images/I/71on24UXN0L._AC_UL320_.jpg,59.99,688943366379,Joe Tea,Still RTD Tea,"Flavour: tea, strawberry, lemon; Pack Material Type: Glass; Juice Content: 0-2%; Carbonization: still; Pack Type: Bottle; Volume: 591"
690435975,publix,USA,"Green Wise Sparkling Water, Organic, Strawberry - 12 x 12 fl ounce","Flavored sparkling water with other natural flavors. USDA Organic. Certified Organic by QAI. Sodium free, calorie free, sugar free. Publix Guarantee: Complete satisfaction or your money back. publix.c","["""" Beverages"""","""" Water, Seltzer & Sparkling Water""""]",https://delivery.publix.com/store/items/item_1659213456,https://d2lnr5mha7bycj.cloudfront.net/product-image/file/large_27b68203-ef2e-4fb1-a783-9ae52f9b74c0.JPG,4.99,,GreenWise,Sparkling Flavoured Bottled Water,"Carbonization: carbonated, sparkling; Volume: 355; Caffeine: 15-25 mg; Health Claims: no sugar, no calories; Flavour: strawberry; Pack Type: Carton/Box; Naturally derived: natural flavours; Juice Content: 0-2%; Sustainable Sourcing: organic, usda organic; Water Type: flavoured"
69061237,amazon,USA,"COCKTAIL SYRUP, TONIC , Pack of 6","COCKTAIL SYRUP,TONIC","["""" Grocery & Gourmet Food"""","""" Beverages"""","""" Bottled Beverages, Water & Drink Mixes"""","""" Cocktail Mixers""""]",https://www.amazon.com/COCKTAIL-SYRUP-TONIC-Pack-6/dp/B01MQQAYTF/ref=sr_1_2010?qid=1552054414&s=grocery&sr=1-2010,https://images-na.ssl-images-amazon.com/images/I/41zG6OcirYL._AC_US160_.jpg,80.43,,Hella,Liquid Concentrates,Pack Material Type: Glass; Pack Type: Bottle; Juice Content: 0-2%
691140290,Loblaws,Canada,President's Choice Pulp Free Orange Juice | 1.54 l,Enjoy the sweet and refreshing taste of Pulp Free Orange Juice in the morning. This 100% orange juice is an excellent source of vitamin C and features 110 calories per 250 mL serving.,"["""" Food"""","""" Drinks"""","""" Juice"""","""" Orange Juices""""]",https://www.loblaws.ca/en/pulp-free-orange-juice/p/21430531_EA#:#storeid=1032,https://assets.shop.loblaws.ca/products/21430531/b2/en/front/21430531_front_a06_@2.png,4.49,,President's Choice,Not from Concentrate 100% Juice,Juice Content: 100%; Pack Type: Bottle; Volume: 250; Flavour: orange; Pack Material Type: Plastic; Carbonization: still; Juice Features: pulp free; Immune Support Ingredients: vitamin c; Made From: orange; Health Claims: good source of vitamins
69114774,amazon,USA,"Evamor Natural Artesian Water, 32 Fl Oz ( Pack of 12)",It is a high quality healthy product,"["""" Any Department"""","""" Grocery & Gourmet Food"""","""" Beverages"""","""" Bottled Beverages, Water & Drink Mixes"""","""" Water""""]",https://www.amazon.com/dp/B008FUA3DQ,https://m.media-amazon.com/images/I/7140ecPag4L._AC_UL320_.jpg,39.99,747525232126,Evamor,Still Bottled Water,Volume: 946; Juice Content: 0-2%; Naturally derived: natural; Pack Material Type: Plastic; Carbonization: still; Water Type: artesian
69302104,S-kaupat,Finland,Battery No Calories Li...,"we actively update the product information of the service. however, we recommend checking ingredients always from the sales package.","["""" selection"""","""" beverages"""","""" energy drinks""""]",https://www.foodie.fi/entry/1038/battery-no-calories-lime-33-cl-tlk/6415600522410,https://foodieimages.s3.amazonaws.com/images/entries/180x220/6415600522410_0.png,2.4,6415600522410,Battery,Energy Drinks,"Pack Type: Can; Energy Source: b-vitamins; Volume: 330; Caffeine: 15-25 mg; Juice Content: 0-2%; Pack Material Type: Metal; Carbonization: carbonated; Naturally derived: natural fragrances; Health Claims: energy boosting, no calories; Sweetener: aspartame"
69438899,Coop,Netherlands,sourcecy raspberry flavor,"carbonated sourcecy natural mineral water from the sourcecy source bunnik, with raspberry flavor.","["""" groceries"""","""" drinks"""","""" Water"""","""" flavored water""""]",https://www.coop.nl/product/87332902,https://syndy-content.azureedge.net/media/products/27f70000-ff41-0003-6013-08d36aad2461/images/AW0HA3GItENDpZ-NPK0ohvI./AADDJSf-AwACEQjXzLJ19g.290x290.jpg,1.05,87332902,Sourcy,Sparkling Flavoured Bottled Water,"Volume: 1000; Water Type: mineral; Pack Type: Bottle; Pack Material Type: Plastic; Juice Content: 0-2%; Flavour: raspberry; Naturally derived: natural flavours, natural fragrances, natural minerals, natural; Carbonization: carbonated"
697690602,Greenweez,France,pure juice Orange organic and fair,"75 cl - origin : brazil 
; shake well before use to taste very cool keeps 5 days in the refrigerator after opening; Composition : 
Composition 
characteristics : 
characteristics 
allergen : 
allergen","["""" organic supermarket"""","""" drink"""","""" juice"""","""" orange juice and organic citrus""""]",https://www.greenweez.com/produit/pur-jus-orange-bio-et-equitable/1ETHI0218/176314,https://static.greenweez.com/images/products/404000/600/bb012331-06b5-4ef5-a025-8b793e914df8-1.jpg,5.25,3760278861440,Ethiquable,Not from Concentrate 100% Juice,Geographic Origin: brazil; Volume: 750; Carbonization: still; Pack Material Type: Glass; Sweetener: sugar; Made From: orange; Flavour: orange; Pack Type: Bottle; Juice Content: 100%; Sustainable Sourcing: organic
69888784,amazon,USA,Dr. Smoothie Smoothie Mixes 100% Crushed Pineapple Paradise,Dr. Smoothie Smoothie Mixes 100% Crushed Pineapple Paradise,"["""" Grocery & Gourmet Food"""","""" Beverages"""","""" Bottled Beverages, Water & Drink Mixes"""","""" Juices""""]",https://www.amazon.com/dp/B009I2KMVS,https://m.media-amazon.com/images/I/41TPT05g9BL._AC_UL320_.jpg,29.99,647854920407,Dr. Smoothie,Not from Concentrate 100% Juice,Pack Type: Bottle; Pack Material Type: Plastic; Flavour: pineapple; Carbonization: still; Made From: pineapple; Juice Content: 100%
69927450,SuperValu,Ireland,Mi Wadi Apple & Blackcurrant No Added Sugar Squash (1 L),"Details
"""" It's not your Wadi...it's Mi Wadi!""""
A juicy dash, a fruity splash... Mi Wadi makes the water that you need to drink each day extra delicious and refreshing.
This bottle of Mi Wadi is fortifi","["""" Drinks"""","""" Soft Drinks"""","""" Dilutes & Cordials""""]",https://shop.supervalu.ie/shopping/drinks-dilutes-cordials-miwadi-apple-blackcurrant-no-added-sugar-squash-1-l-/p-1004895000,https://d2wwnnx8tks4e8.cloudfront.net/images/app/large/5011026008364_3.JPG,2.6,5011026008364,Mi Wadi,Liquid Concentrates,"Pack Type: Bottle; Juice Content: 5-10%; Pack Material Type: Plastic; Volume: 1000; Naturally derived: natural flavours, natural colourants, natural; Caffeine: 15-25 mg; Sweetener: aspartame, acesulfame potassium; Flavour: apple, blackcurrant; Health Claims: bone health, no added sugar, immune system health, good source of vitamins, hydrating; Immune Support Ingredients: vitamin c, zinc, antioxidants"
69970753,amazon,USA,SALTED CARAMEL Boba / Bubble Tea Drink Mix Powder By Buddha Bubbles Boba 10 Ounces (283 Grams),"Salted Caramel Boba Tea Powder
Expiration Date: 1 Year
A brand-new, unused, unopened, undamaged item
1 Kilo Makes 45 + drinks, 1 Pound makes 20 + drinks, 10oz Makes 10 + drinks","["""" Grocery & Gourmet Food"""","""" Beverages"""","""" Bubble Tea"""","""" Bubble Tea Tapioca Pearls""""]",https://www.amazon.com/dp/B00JFYDC70,"https://images-na.ssl-images-amazon.com/images/I/81b8L2qOKfL._AC_UL300_SR300,200_.jpg",10.99,646437125871,Buddha Bubbles Boba,Powder Concentrates,"Pack Material Type: Flexible Pack; Flavour: tea, caramel; Juice Content: 0-2%; Concentrate Format: powder; Weight: 283"
70203834,amazon,USA,"Mcilhenny Tabasco Spicy Bloody Mary Mix, 32 oz",Mix,"["""" Grocery & Gourmet Food"""","""" Beverages"""","""" Bottled Beverages, Water & Drink Mixes"""","""" Cocktail Mixers""""]",https://www.amazon.com/Mcilhenny-Tabasco-Spicy-Bloody-Mary/dp/B000WH7DLA/ref=sr_1_1954?qid=1702440729&s=grocery&sr=1-1954,https://m.media-amazon.com/images/I/61-YxG0eVLL._AC_UL320_.jpg,89.99,11210001527,Tabasco,Liquid Concentrates,Pack Material Type: Glass; Volume: 946; Juice Content: 0-2%; Pack Type: Bottle
702043903,amazon,USA,Zoé Ionized Sport Alkaline Water Pack 900 ml 10 Pieces,"* - Zoé - Ionized alkaline water sport - Presentation 900 ml 
* * *
## Important information 
Legal Disclaimer 
Statements regarding dietary supplements have not been evaluated by the FDA and are not ","["""" Grocery & Gourmet Food"""","""" Beverages"""","""" Bottled Beverages, Water & Drink Mixes"""","""" Drinking Water""""]",https://www.amazon.com/Ionized-Sport-Alkaline-Water-Pieces/dp/B0BNLV9XFF/ref=sr_1_2834?qid=1688094415&s=grocery&sr=1-2834,https://m.media-amazon.com/images/I/41hPipRl7JL._AC_UL320_.jpg,18.08,,Zoe,Still Bottled Water,"Pack Material Type: Metal; Volume: 900; Carbonization: still; Water Type: ionised, alkaline; Juice Content: 0-2%"
704716189,Master of Malt,United Kingdom,Blueberry Reàl Blueberry Puree Infused Syrup,"### Reàl Blueberry Syrup Bottling Note 
The folks from Reàl have got just the thing if you've been thinking, """" Gosh, my drinks sure are tasty, but they could use a tasty hint of blueberry..."""" It's a B","["""" Cocktails"""","""" Syrups and Cordials""""]",https://www.masterofmalt.com/syrups-and-cordials/real/blueberry-real-blueberry-puree-infused-syrup/,https://www.masterofmalt.com/syrups-and-cordials/real/blueberry-real-blueberry-puree-infused-syrup.jpg?w=240&h=260&q=70&b=0xfff?ss=8.0,8,,Reál,Liquid Concentrates,Juice Content: 100%; Pack Type: Bag/Packet; Contains Minerals: sulfur; Volume: 500; Flavour: blueberry
706154879,meijer,USA,RISE BREWING CO COLD BREW NITRO OAT MILK 7 OZ,RISE BREWING CO COLD BREW NITRO OAT MILK 7 OZ,"["""" Grocery"""","""" Beverages"""","""" Coffee""""]",https://www.meijer.com/shopping/product/-/86823500044.html,https://www.meijer.com/content/dam/meijer/product/0868/23/5000/44/0868235000444_0_A1C1_0200.jpg,2.99,868235000444,Rise Brewing Co,RTD Coffee,"Pack Type: Can; Volume: 200; Flavour: oat; Carbonization: still; Juice Content: 0-2%; Pack Material Type: Metal; RTD Coffee Style: milk, nitro, oat milk, cold brew"
70860106,amazon,United Kingdom,"Tate & Lyle Hazelnut Coffee Syrup 750ml Fairtrade (1 Bottle, No Pump)","Tate & Lyle Coffee Syrup
Hazelnut Flavours
750ml Bottles
Option For Pump Available
Great Tasting Flavour","["""" Grocery"""","""" Drinks"""","""" Beverage Syrups & Concentrates"""","""" Syrups""""]",https://www.amazon.co.uk/dp/B071JVQYTJ,https://m.media-amazon.com/images/I/61mF+llDCAL._AC_UL320_.jpg,7.99,,Tate & Lyle,Liquid Concentrates,"Volume: 750; Pack Type: Bottle; Pack Material Type: Glass; Flavour: hazelnut, coffee; Juice Content: 0-2%; Sustainable Sourcing: fairtrade"
70901205,amazon,USA,"Kutztown """" Nix Besser"""" Diet Birch Beer, 24 Oz. Bottles ( Pack of 12)","No high fructose corn syrup and no caffeine.
This birch beer is so delicious you'll forget you're drinking diet soda!
PA Dutch specialty drink; Made with the same original recipe for the past century.","["""" Grocery & Gourmet Food"""","""" Beverages"""","""" Bottled Beverages, Water & Drink Mixes"""","""" Soft Drinks""""]",https://www.amazon.com/Kutztown-Besser-Diet-Birch-Bottles/dp/B00XH02FK8/ref=sr_1_3166?dchild=1&qid=1602319458&s=grocery&sr=1-3166,https://m.media-amazon.com/images/I/71ZhdeeRbWL._AC_UL320_.jpg,35,766204410389,Kutztown,Other Non-Cola Carbonates,Pack Material Type: Plastic; Free From: no caffeine; Volume: 710; Flavour: birch; Juice Content: 0-2%; Caffeine: 0-15 mg
709210316,Coop,Sweden,carbonated water pear 12-pack,frameless are sweden natural mineral water with traditions then 1707. natural mineral water is the prettiest the designation a water can get. the mineral water from frameless health well may its good,"["""" drink"""","""" water"""","""" carbonated & flavored""""]",https://www.coop.se/handla/varor/-7310074008097,http://res.cloudinary.com/coopsverige/image/upload/v1613108292/420862.tiff,47.5,7310074008097,Ramlösa,Sparkling Flavoured Bottled Water,"Caffeine: 15-25 mg; Health Claims: good source of minerals, hydrating; Volume: 330; Juice Content: 0-2%; Carbonization: carbonated; Naturally derived: natural fragrances, natural; Flavour: pear"
71095805,amazon,USA,"Beetology Beet Plus Tropical Fruit Juice, 8.45 Fl Oz ( Pack of 6)",Beetology Beet + Tropical Fruit Juice,"["""" Any Department"""","""" Grocery & Gourmet Food"""","""" Beverages"""","""" Bottled Beverages, Water & Drink Mixes"""","""" Juices""""]",https://www.amazon.com/dp/B07BQZGRBD,https://m.media-amazon.com/images/I/61eBtZN+7+L._AC_UL320_.jpg,36.49,,Beetology,Juice Drinks (up to 24% Juice),Flavour: beet; Made From: beet; Volume: 250; Pack Material Type: Glass; Carbonization: still; Pack Type: Bottle
71172249,amazon,USA,"Country Club Refrescos Frambuesa Raspberry Soda, 67.6 fl oz (2 Liter Bottle)","Fat Free
Low Sodium","["""" Any Department"""","""" Grocery & Gourmet Food"""","""" Beverages"""","""" Bottled Beverages, Water & Drink Mixes"""","""" Soft Drinks""""]",https://www.amazon.com/dp/B00GBHUG46,https://m.media-amazon.com/images/I/81na4DGF5JL._AC_UL320_.jpg,17.84,89087671518,Country Club,Other Non-Cola Carbonates,Volume: 2000; Caffeine: 0-15 mg; Pack Type: Bottle; Pack Material Type: Plastic; Flavour: raspberry; Juice Content: 0-2%
71250714,DocMorris,Germany,pomegranate 100% direct juice Bio 500 ml,"* fast & reliable shipping 
* germany-wide delivery to your desired address 
* diverse payment methods","["""" vitamins, sports & nutrition"""","""" nutrition"""",""""juices""""]",https://www.docmorris.de/granatapfel-100-direktsaft-bio-500-ml/05463041,https://statics.docmorris.de/static/produkte/FX5P87F2/docmorris/ps420r/granatapfel-100-direktsaft-bio-500-ml-05463041-0-1714027750286400.jpeg,9.79,,Aurica,Not from Concentrate 100% Juice,Volume: 500; Pack Type: Bottle; Flavour: pomegranate; Made From: pomegranate; Sustainable Sourcing: organic; Juice Content: 100%; Carbonization: still
71274037,peapod,USA,Clear Splash Raspberry Blackberry Sparkling Water Beverage,Ahold Clear Splash Flavored Sparkling Water Beverage Raspberry Blackberry. Flavored sparkling water beverage with other natural flavors. Amount per serving. Calories 0. 33.8 fl oz (1 qt 1.8 fl oz) 1 l,"["""" Beverages"""","""" Sparkling Water""""]",https://www.peapod.com/,https://i5.peapod.com/c/G2/G2Q0X.jpg,0.69,688267000973,Peapod,Sparkling Flavoured Bottled Water,"Free From: no caffeine; Caffeine: 0-15 mg; Flavour: blackberry, raspberry; Health Claims: no sugar, no salt; Water Type: flavoured; Naturally derived: natural flavours; Juice Content: 0-2%; Volume: 1000; Pack Material Type: Plastic; Sweetener: aspartame; Carbonization: carbonated, sparkling"
71284080,H-E-B,USA,"Runa Berry Clean Energy Drink, 12 oz",,"["""" Shop"""","""" Beverages"""","""" Sports & Energy Drinks""""]",https://www.heb.com/product-detail/runa-berry-clean-energy-drink/2054798,"https://images.heb.com/is/image/HEBGrocery/002054798-1?id=G6LQx2&fmt=jpg&fit=constrain,1&wid=296&hei=296",2.11,,Runa,Energy Drinks,Pack Material Type: Metal; Volume: 355; Health Claims: energy boosting; Flavour: berry; Carbonization: still; Juice Content: 0-2%
71420132,amazon,USA,Scheckter's Organic Original 4 Pack 4 x 250ml ( Pack of 2),"Scheckter's Organic Original 4 Pack 4 x 250ml ( Pack of 2)
Scheckter's Organic
4 x 250ml (x2)
Quantity: 2","["""" Grocery & Gourmet Food"""","""" Beverages"""","""" Bottled Beverages, Water & Drink Mixes"""","""" Soft Drinks""""]",https://www.amazon.com/Scheckters-Organic-Original-Pack-250ml/dp/B01MCXK0JV/ref=sr_1_5156?qid=1570695596&s=grocery&sr=1-5156,https://m.media-amazon.com/images/I/51Bi6m8A5-L._AC_UL320_.jpg,34.75,721867271128,Scheckter's,Other Non-Cola Carbonates,Carbonization: still; Volume: 250; Juice Content: 0-2%; Sustainable Sourcing: organic; Pack Type: Carton/Box
71528435,amazon,USA,Powell & Mahoney Sparkling Ginger Beer - 12 oz cans - 4pk,Made of good quality ingredient,"[""""\"""" Soda Soft Drinks\""""""""]",https://www.amazon.com/Powell-Mahoney-Sparkling-Ginger-Beer/dp/B078J67Y9K/ref=sr_1_4437?_encoding=UTF8&c=ts&dchild=1&keywords=Soda+Soft+Drinks&qid=1634119058&s=grocery&sr=1-4437&ts_id=16318231,https://m.media-amazon.com/images/I/51xsoKNxYtL._AC_UL320_.jpg,21.18,853680005298,Powell & Mahoney,Other Non-Cola Carbonates,"Juice Content: 0-2%; Pack Material Type: Metal; Volume: 355; Pack Type: Can; Flavour: ginger; Carbonization: carbonated, sparkling"
717218752,El Corte Inglés,Spain,el corte ingles selection tomato juice caniles 100% squeezed brik 1 l,"### general information 
* name of the food: tomato juice 
* name of the operator: packaging for the english court by
amc NATURAL DRINKS S.L. 
ctra. Madrid- Cartagena km 383 
30100 espinardo ( murcia)","[""""supermarket"""",""""drinks"""",""""water soft drinks and juices"""",""""juices and nectars"""",""""juices and nectars tomato""""]",https://www.elcorteingles.es/supermercado/0110118657201689-el-corte-ingles-selection-zumo-de-tomate-caniles-100-exprimido-brik-1-l/,https://sgfm.elcorteingles.es/SGFM/dctm/MEDIA03/202111/24/00118657201689____2__600x600.jpg,2.29,8433329130165,El Corte Inglés,Not from Concentrate 100% Juice,Volume: 1000; Pack Material Type: Paper / Carton; Juice Content: 100%; Made From: tomato; Pack Type: Liquid Carton; Naturally derived: natural; Flavour: tomato; Carbonization: still
71797550,amazon,USA,"Rip it Energy Drink Tribute, 16 oz (24 Pack)",,"["""" Grocery & Gourmet Food"""","""" Beverages"""","""" Bottled Beverages, Water & Drink Mixes"""","""" Energy Drinks""""]",https://www.amazon.com/Rip-Energy-Drink-Tribute-Pack/dp/B00F7ZAULW/ref=sr_1_1030?c=ts&keywords=Energy+Drinks&qid=1691205933&s=grocery&sr=1-1030&ts_id=16318341,https://m.media-amazon.com/images/I/31uQVtPo9kL._AC_UL320_.jpg,63.88,42200007212,Rip It,Energy Drinks,Juice Content: 0-2%; Volume: 473; Pack Material Type: Metal; Carbonization: still; Health Claims: energy boosting
71865960,amazon,USA,"Imported Russian Bread Drink Kvas """" Ochakovskiy"""" 2L (2 Pack) by Ochakovo","Imported Russian Bread Drink Kvas Ochakovskiy 2L (2 Pack)
2.0L","[""""\"""" Soda Soft Drinks\""""""""]",https://www.amazon.com/Russian-Bread-Drink-Ochakovskiy-Ochakovo/dp/B0199B15YU/ref=sr_1_6797?_encoding=UTF8&c=ts&dchild=1&keywords=Soda+Soft+Drinks&qid=1630914517&s=grocery&sr=1-6797&ts_id=16318231,https://m.media-amazon.com/images/I/41XYZusn0mL._AC_UL320_.jpg,20.99,786173926414,Ochakovo,Other Non-Cola Carbonates,Pack Type: Bottle; Volume: 2000; Pack Material Type: Glass; Geographic Origin: russia; Juice Content: 0-2%
71970581,amazon,USA,"Ozarka Sparkling Water, Triple Berry, 33.8 oz. Bottle","Real spring water and real berry flavor, mixed with refreshing bubbles
Single bottle big enough to take bubbly breaks throughout the day
Free of calories, sugars, sweeteners, and colors
Every bottle i","["""" Grocery & Gourmet Food"""","""" Beverages"""","""" Bottled Beverages, Water & Drink Mixes"""","""" Drinking Water""""]",https://www.amazon.com/Ozarka-Sparkling-Water-Triple-Bottle/dp/B07BBX8VX1/ref=sr_1_1949?c=ts&keywords=Drinking+Water&qid=1707103678&s=grocery&sr=1-1949&ts_id=16318651,https://m.media-amazon.com/images/I/81wKJGHTjzL._AC_UL320_.jpg,9.99,22592446523,Ozarka,Sparkling Flavoured Bottled Water,"Pack Material Type: Plastic; Pack Type: Bottle; Sustainable Packaging: can be recycled; Flavour: berry; Carbonization: carbonated, sparkling; Volume: 1000; No Artificial Ingredients: no artificial sweeteners, no artificial colours; Sweetener: sugar; Juice Content: 0-2%; Water Type: spring; Health Claims: no sugar"
720250104,Monoprix,France,juice lime fair organic,pure juice organic lime manufacturing country : france,"["""" organic"""","""" drink, organic cellar"""","""" organic juice""""]",https://www.monoprix.fr/courses/jus-citron-vert-equitable-bio-jardin-bio-etic-3961160-p,"https://cdn.monoprix.fr/cdn-cgi/image/width=580,quality=80,format=auto,metadata=none/assets/images/grocery/3961160/580x580.jpg",3.39,3456300014280,Jardin Bio,Not from Concentrate 100% Juice,"Flavour: lime; Pack Type: Bottle; Sustainable Sourcing: fairtrade, organic; Carbonization: still; Pack Material Type: Glass; Made From: lime; Juice Content: 100%; Volume: 250"
72093705,amazon,Canada,DADS RED Cream SODA US - 355ML * 12,,"["""" Grocery & Gourmet Food"""","""" Beverages"""","""" Soft Drinks""""]",https://www.amazon.ca/DADS-RED-Cream-SODA-US/dp/B07JX6V289/ref=sr_1_153?s=grocery&ie=UTF8&qid=1545138528&sr=1-153,https://images-na.ssl-images-amazon.com/images/I/31X-RL5WwSL._AA160_.jpg,70.83,,Dad's,Other Non-Cola Carbonates,Pack Material Type: Glass; Volume: 355; Juice Content: 0-2%; Pack Type: Bottle
722061954,amazon,USA,Pibb Zero Sugar 20 oz Bottles - Pack of 24,"* Pibb Zero 20 oz 
* Pack of 24 
* Pibb Zero extra 20oz Soda Bottles, Pack of 24 ( Total of 480 FL OZ) 
* * *
## Important information 
Legal Disclaimer 
Statements regarding dietary supplements have ","["""" Any Department"""","""" Grocery & Gourmet Food"""","""" Beverages"""","""" Bottled Beverages, Water & Drink Mixes"""","""" Soda Soft Drinks""""]",https://www.amazon.com/dp/B0BTR5NLTW,https://m.media-amazon.com/images/I/31fuQ7fLF0L._AC_UL320_.jpg,56.75,,Pibb,Other Non-Cola Carbonates,Juice Content: 0-2%; Pack Material Type: Glass; Health Claims: no sugar; Volume: 591; Pack Type: Bottle
72272964,amazon,USA,Tang Orange Pineapple Mix 21.4 Oz,,"["""" Grocery & Gourmet Food"""","""" Beverages"""","""" Bottled Beverages, Water & Drink Mixes"""","""" Powdered Drink Mixes & Flavorings""""]",https://www.amazon.com/Tang-Orange-Pineapple-Mix-21-4Oz/dp/B00KO8C452/ref=sr_1_6097?qid=1574152418&s=grocery&sr=1-6097,https://images-na.ssl-images-amazon.com/images/I/51Yei1DmtGL._AC_US160_.jpg,259,,Tang,Powder Concentrates,"Juice Content: 0-2%; Pack Material Type: Plastic; Flavour: pineapple, orange; Concentrate Format: powder"
72301075,amazon,USA,"Queen of The Meadow Glycerite Liquid Extract (1:5) - Strawberry Flavored (1 oz, ZIN: 522893)","Queen of the Meadow Glycerite Liquid Extract (1:5) - Strawberry Flavored (1 oz, ZIN: 522893): Queen of the Meadow Glycerite Liquid Extract (1:5) - Strawberry Flavored","["""" Grocery & Gourmet Food"""","""" Pantry Staples"""","""" Cooking & Baking"""","""" Extracts & Flavoring""""]",https://www.amazon.com/Queen-Meadow-Glycerite-Liquid-Extract/dp/B07945D39J/ref=sr_1_8805?_encoding=UTF8&c=ts&dchild=1&keywords=Baking+Extracts+%26+Flavoring&qid=1606812150&s=grocery&sr=1-8805&ts_id=16318021,https://m.media-amazon.com/images/I/41jKshFpQtL._AC_UL320_.jpg,16.53,64435228934,TerraVita,Liquid Concentrates,Pack Material Type: Glass; Juice Content: 0-2%; Volume: 30; Pack Type: Bottle; Flavour: strawberry
72547013,amazon,Canada,ESKA Spring Lemon Water - 355ML * 24,,"["""" Grocery & Gourmet Food"""","""" Beverages"""","""" Water""""]",https://www.amazon.ca/ESKA-Spring-Lemon-Water-355ML/dp/B07JX64SZY/ref=sr_1_192?s=grocery&ie=UTF8&qid=1545137612&sr=1-192,https://images-na.ssl-images-amazon.com/images/I/31Ynvy95h2L._AA160_.jpg,103.05,,Eska,Still Flavoured Bottled Water,Volume: 355; Water Type: spring; Pack Type: Bottle; Carbonization: still; Juice Content: 0-2%; Pack Material Type: Flexible Pack; Flavour: lemon
72566825,amazon,Canada,2X Lamb & Watt Cucumber Tonic 4 x 200ml,"2x Lamb & Watt Cucumber Tonic 4 x 200ml
Lamb & Watt
800ml (x2)","["""" Grocery & Gourmet Food"""","""" Beverages"""","""" Water""""]",https://www.amazon.ca/Lamb-Watt-Cucumber-Tonic-200ml/dp/B07HH4S3Z6/ref=sr_1_479?s=grocery&ie=UTF8&qid=1542026625&sr=1-479,https://images-na.ssl-images-amazon.com/images/I/41z8lIMrM1L._AA160_.jpg,32.09,,Lamb & Watt,Tonic Water/Mixers/Other Bitters,Carbonization: still; Volume: 200; Flavour: cucumber; Pack Material Type: Glass; Juice Content: 0-2%
726220237,Voila,Canada,Tradition Organic Fruit Juice Apple & Cranberry 950 ml,,"["""" Beverages"""","""" Fruit & Vegetable Juice"""","""" Cranberry Juice""""]",https://voila.ca/products/155651EA,https://voila.ca/images-v3/2d92d19c-0354-49c0-8a91-5260ed0bf531/63242cb3-ca70-46ac-8153-b679451c7a5c/1280x1280.jpg,4.99,,Tradition,Not from Concentrate 100% Juice,"Pack Type: Bottle; Sustainable Sourcing: organic; Carbonization: still; Volume: 950; Made From: apple, cranberry; Juice Content: 100%; Flavour: apple, cranberry"
726229765,Voila,Canada,Jones Craft Soda Cane Sugar Green Apple 355 ml (bottle),"Sometimes the best things in life are the simplest things, like Jones Green Apple Cane Sugar Craft Soda. Take a break from the hustle and bustle of the hectic modern world and treat your tastebuds to ","["""" Beverages"""","""" Soft Drinks"""","""" Other Soft Drinks""""]",https://voila.ca/products/79885EA,https://voila.ca/images-v3/2d92d19c-0354-49c0-8a91-5260ed0bf531/3ed018fe-75b7-4ac0-8a76-789fe372e256/1280x1280.jpg,2.69,,Jones,Other Non-Cola Carbonates,Flavour: apple; Pack Type: Bottle; Sweetener: cane sugar; Carbonization: carbonated; Juice Content: 0-2%; Water Type: soda; Naturally derived: natural flavours; Volume: 355
726272569,Voila,Canada,Fruit2O Sparkling Water Blueberry Lime Twist 502 ml (bottle),,"["""" Beverages"""","""" Water"""","""" Sparkling Water""""]",https://voila.ca/products/619080EA,https://voila.ca/images-v3/2d92d19c-0354-49c0-8a91-5260ed0bf531/357e9474-8e92-4ae3-8977-10aa674c2b3f/1280x1280.jpg,1.79,,Fruit2O,Sparkling Flavoured Bottled Water,"Volume: 502; Flavour: lime, blueberry; Carbonization: sparkling; Juice Content: 0-2%"
726301432,Voila,Canada,Two Bears Coffee Cold Brew Coffee Mint Chocolate 250 ml,,"["""" Beverages"""","""" Coffee"""","""" Cold Brew & Iced Coffee""""]",https://voila.ca/products/939154EA,https://voila.ca/images-v3/2d92d19c-0354-49c0-8a91-5260ed0bf531/18e850e8-5079-445a-92b5-e52c7a6a5cec/1280x1280.jpg,3.49,,Two Bears,RTD Coffee,"RTD Coffee Style: cold brew; Volume: 250; Carbonization: still; Flavour: chocolate, mint, coffee; Juice Content: 0-2%; Pack Type: Can"
726314112,Voila,Canada,Greenhouse Organic Raw Juice The Good 300 ml (bottle),,"["""" Fresh Fruits & Vegetables"""","""" Refrigerated Juices, Smoothies & Kombucha""""]",https://voila.ca/products/940676EA,https://voila.ca/images-v3/2d92d19c-0354-49c0-8a91-5260ed0bf531/fa3c4dad-e58f-481b-82ac-92639c2de360/1280x1280.jpg,6.99,,Greenhouse Juice,Not from Concentrate 100% Juice,"Sustainable Sourcing: organic; Juice Content: 100%; Volume: 300; Juice Features: smoothie, raw"
726315819,Voila,Canada,Ting Soft Drink Sparkling Grapefruit 300 ml (bottle),"Ting is a lively blend of sparkling water, the subtle sweetness of grapefruit and a splash of Jamaican sunshine. But most of all, Ting is every cocktail maker's secret weapon.","["""" International Foods"""","""" Caribbean"""","""" Caribbean Beverages""""]",https://voila.ca/products/453201EA,https://voila.ca/images-v3/2d92d19c-0354-49c0-8a91-5260ed0bf531/3647f145-24d5-49bc-9d93-b571e63c809c/1280x1280.jpg,1.99,,Ting,Other Non-Cola Carbonates,Flavour: grapefruit; Volume: 300; Carbonization: sparkling; Pack Type: Bottle; Juice Content: 0-2%
726540482,Total Wine,USA,Hella Bloody Mary Mix - Spicy,,"["""" Accessories & More"""","""" Mixers, Water & Soda"""","""" Cocktail Mixes"""","""" Bloody Mary"""","""" Hella Bloody Mary Mix - Spicy""""]",https://www.totalwine.com/accessories-more/mixers-water-soda/cocktail-mixes/bloody-mary/hella-bloody-mary-mix-spicy/p/200266233,"https://www.totalwine.com/dynamic/x1000,sq/media/sys_master/twmmedia/h52/h6f/15929617252382.png",13.99,,Hella,Liquid Concentrates,Pack Type: Bottle; Volume: 750; Juice Content: 0-2%
727122698,Giant Eagle,USA,"Sanzo Sparkling Water, Mango",Traditional Asian flavors. Modern taste.,"["""" Beverages"""","""" Sparkling Water"""","""" Sparkling Waters"""","""" Sparkling Water Misc""""]",https://shop.gianteagle.com/parkway-center/search/product/00860000352918,https://hl-grocery-prod-master.imgix.net/products/9e4a388538f6b16b01794b76b08c1d8bdf2f0048?fm=jpg&trim=auto&trim-md=0&fit=fill&fill=solid&w=512&h=512&pad=13,2.29,860000352918,Sanzo,Functional Bottled Water,"Flavour: mango; Volume: 355; Pack Material Type: Metal; Pack Type: Liquid Carton; Carbonization: carbonated, sparkling; Juice Content: 0-2%"
727605978,amazon,Germany,"sodapop bluna Orange Syrup, quick & easy to Prepare, 1 bottle Makes 10 l ready drink, 500 ml","* sodapop Orange Drink Syrup 500 ml 
* Contents: 1 item 
› See more product details","["""" Grocery"""","""" Drinks"""","""" beverage syrups & concentrates""""]",https://www.amazon.de/dp/B09LMSGX13,https://m.media-amazon.com/images/I/615DJ-6t9KL._AC_UL320_.jpg,4.99,,Sodapop,Liquid Concentrates,Volume: 500; Juice Content: 0-2%; Pack Material Type: Plastic; Flavour: orange
72886216,Ozdilek Sanal Market,Turkey,camlica 250 ml pine soda,on hot summer days will refresh you lemon aromatic country camlica soda virtual market.instantly from com you can supply. country camlica soda and thousands of products i am selfish.on com.,"["""" home page"""",""""drink"""","""" cold drinks""""]",https://www.ozdilekteyim.com/shop/tr/bursahipermarket/icecek/soguk-icecekler/gazli-icecekler/ulker-camlica-250ml-cam-gazoz?Cposition=93,https://img-ozdilek.mncdn.com/images/catalog/200x310/8690504525011.jpg,1.7,8690504525011,Çamlica,Other Non-Cola Carbonates,Juice Content: 0-2%; Volume: 250; Pack Type: Bottle; Pack Material Type: Metal
72946796,amazon,USA,"Hal's New York Seltzer Carbonated Mango Flavored Sparkling Water, Zero Sugar, Zero Calorie, Zero Carbs, 20 Fl Oz ( Pack of 12)","Mango Flavored
O-U- Kosher
0 Calories
0 Sugar
0 Carbo-hydrates","["""" Any Department"""","""" Grocery & Gourmet Food"""","""" Beverages"""","""" Bottled Beverages, Water & Drink Mixes"""","""" Soft Drinks""""]",https://www.amazon.com/dp/B07G9LY2KY,https://m.media-amazon.com/images/I/71zv+EIXi6S._AC_UL320_.jpg,23.99,642709036241,Hal New York,Sparkling Flavoured Bottled Water,"Volume: 591; Caffeine: 0-15 mg; Carbonization: carbonated, sparkling; Flavour: mango; Pack Material Type: Glass; Geographic Origin: united states; Pack Type: Bottle; Diets: kosher; Juice Content: 0-2%; Water Type: flavoured, seltzer; Health Claims: no sugar, no calories, hydrating"
73223304,amazon,United Kingdom,Flavour Factory Walnut Whirl Extra Strong Concentrates 85.5 ml ( Pack of 3 x 28.5ml),"3 x 28.5ml bottles (total 85.5ml) of strong flavouring concentrate
Dropper cap for easy dosage
Ideal for use in cakes, beverages, alcoholic drinks, cocktails, frostings, ice creams, e-liquids.
Slimmer","[""""\"""" Extracts & Flavouring\""""""""]",https://www.amazon.co.uk/Flavour-Factory-Walnut-Strong-Concentrates/dp/B01LXXR2TL/ref=sr_1_3733?_encoding=UTF8&c=ts&dchild=1&keywords=Extracts+%26+Flavouring&qid=1607333388&s=grocery&sr=1-3733&ts_id=359942031,https://m.media-amazon.com/images/I/71Zw1A1ucwL._AC_UL320_.jpg,6.99,,Flavour Factory,Liquid Concentrates,Pack Type: Bottle; Flavour: walnut; Health Claims: no fat; Geographic Origin: united kingdom; Pack Material Type: Glass; Juice Content: 0-2%
73227696,S-kaupat,Finland,shelf spacing 15 - 6 x domestic mineral water lemon 1.5l,"domestic mineral water lemon is lightly carbonated, lemon flavored thirst- or food drink. preservation unopened at room temperature, opened in the refrigerator 2 - 3 days.we actively update the produc","["""" selection"""","""" beverages"""","""" waters""""]",https://www.s-kaupat.fi/tuote/6-x-kotimaista-kivennaisvesi-sitruuna-kevyesti-hiilihapotettu-1-5l/6415712610623,https://cdn.s-cloud.fi/v1/w640_q75/product/ean/6415712610623_kuva1.jpg,7.55,6415712610623,Kotimaista,Sparkling Flavoured Bottled Water,Volume: 1500; Contains Minerals: magnesium; Flavour: lemon; Water Type: flavoured; Pack Material Type: Plastic; Carbonization: gently carbonated; Naturally derived: natural fragrances; Juice Content: 0-2%; Caffeine: 0-15 mg
732669269,S-kaupat,Finland,refinery Natural Energy Drink Orange Lemonade 330 ml,"sugar free natural energy drink.
fresh citrus fruits -flavored natural energy drink. 100 mg of caffeine green tea-, guarana- and yerba mate -extracts.","["""" beverages"""","""" energy drinks and sports drinks"""","""" energy drinks""""]",https://www.s-kaupat.fi/tuote/puhdistamo-natural-energy-drink-orange-lemonade-330-ml/6430039223615,https://cdn.s-cloud.fi/v1/w640_q75/product/ean/6430039223615_kuva1.jpg,2.29,6430039223615,Puhdistamo,Energy Drinks,"Water Type: filtered; Volume: 330; Caffeine: 25-50 mg; Carbonization: carbonated; Pack Material Type: Metal; Sweetener: stevia; Health Claims: energy boosting, no sugar; Juice Content: 0-2%; Energy Source: yerba mate; Flavour: lemon, orange; Naturally derived: natural flavours, natural fragrances, natural"
732718418,K Ruoka,Finland,marli juissi Lemonade pear 1l,""""" Enjoy marli juissi Lemonades juice drinks, plenty of fruit and enriched with fruit pulp. Endulge yourself or share it with friends!""""","["""" beverages"""","""" juice and smoothies"""","""" juices from warm""""]",https://www.k-ruoka.fi/kauppa/tuote/marli-juissi-lemonade-paaryna-1l-6415130095705,https://public.keskofiles.com/f/k-ruoka/product/6415130095705,2.15,6415130095705,Marli,Juice Drinks (up to 24% Juice),"Carbonization: still; Juice Content: 100%; Volume: 1000; Pack Material Type: Paper / Carton; Flavour: lemon, pear; Made From: pear; Juice Features: smoothie; Pack Type: Liquid Carton"
73284494,Eroski,Spain,"soda of orange KAS ZERO, bottle 1 liter",nutritional information quantity 100 grams energy 4 kilocalorie it (international table) energy 19 kilojoules fat 0 grams acids saturated fat 0 grams carbohydrates 0.8 grams of sugars 0.6 grams protei,"["""" Drinks"""","""" Soft drinks"""","""" Fizzy orange""""]",https://supermercado.eroski.es/en/productdetail/10867083-refresco-de-naranja-kas-zero-botella-1-litro,https://supermercado.eroski.es/images/10867083_x.jpg,1.49,,Kas,Orange Carbonates,Juice Content: 5-10%; Naturally derived: natural fragrances; Volume: 1000; Pack Type: Bottle; Pack Material Type: Plastic; Carbonization: carbonated; Flavour: orange; Immune Support Ingredients: antioxidants
733809233,Spar,Norway,farris breeze pineapple & dragon fruit 0.5l bottle,"producer: is called as
brand: farris
country of origin: norway
ean: 7044610876634","["""" online store"""","""" drink"""","""" water""""]",https://spar.no/nettbutikk/varer/drikke/vann/vann-med-kullsyre/farris-bris-7044610876634,https://bilder.ngdata.no/7044610876634/kmh/large.jpg?fallback=404&foretrekk=bedark,22.9,7044610876634,Farris,Sparkling Flavoured Bottled Water,Naturally derived: natural; Geographic Origin: norway; Volume: 500; Water Type: mineral; Flavour: pineapple; Pack Material Type: Metal; Juice Content: 0-2%; Carbonization: carbonated
734660043,E-fresh,Greece,natural mineral water carbonated zagori Sparkling (6 X 330 ml) 4 + 2 gift,""""" 
\u03a4\u03bf \u03b1\u03bd\u03b8\u03c1\u03b1\u03ba\u03bf\u03cd\u03c7\u03bf \u03c6\u03c5\u03c3\u03b9\u03ba\u03cc \u03bc\u03b5\u03c4\u03b1\u03bb\u03bb\u03b9\u03ba\u03cc \u03bd\u03b5\u03c1\u03cc \u0396","[""""home"""",""""cellar"""",""""bottled water"""",""""carbonated water"""",""""without taste""""]",https://www.e-fresh.gr/el/nero-fysiko-metalliko-anthrakoyxo-zagori-sparkling-6x330-ml-42-dwro,https://dj0m4io8o9yuz.cloudfront.net/storage/media/catalog/products/420/5/4200015415/zagori-42-naturalwater.jpg?id=1653045917,2.32,,Zagori,Carbonated Bottled Water,"Volume: 330; Pack Type: Pouch; Water Type: mineral; Carbonization: carbonated, sparkling; Caffeine: 15-25 mg; Juice Content: 0-2%; Naturally derived: natural; Pack Material Type: Flexible Pack"
73530864,amazon,Canada,Grace Aloe Vera Water Strawberry 500ml ( Pack of 2),"Grace Aloe Vera Water Strawberry 500ml ( Pack of 2)
Grace
500ml (x2)
Quantity: 2","["""" Beverages"""","""" Water""""]",https://www.amazon.ca/Grace-Aloe-Water-Strawberry-500ml/dp/B01M8M82UU/ref=sr_1_696?qid=1668515587&s=grocery&sr=1-696,https://m.media-amazon.com/images/I/31buE-d7P-L._AC_UL320_.jpg,10.99,,Grace Bros/Myers,Coconut and Other Plant Waters,"Volume: 500; Pack Type: Bottle; Flavour: strawberry; Water Type: aloe vera; Made From: strawberry, aloe vera; Pack Material Type: Glass; Carbonization: still; Juice Content: 0-2%"
735740777,Food Market Herkku,Finland,juicer Hehkupilvi whole juice 250ml,cold pressed omena-mansikka-minttutaysmehu. high pressure treated (HPP).,"["""" beverages"""","""" juice"""","""" other fruit juices""""]",https://www.s-kaupat.fi/tuote/7340191129047,https://cdn.s-cloud.fi/v1/w828_q75/product/ean/7340191129047_kuva1.jpg,2.77,7340191129047,Mehustamo,Not from Concentrate 100% Juice,"Made From: strawberry, apple, lemon; Volume: 250; Carbonization: still; Immune Support Ingredients: antioxidants; Juice Content: 100%; Pack Type: Bottle; Pack Material Type: Plastic; Juice Features: cold press"
735813559,K Ruoka,Finland,Battery Carnival energy drink 0.33l,""""" Tropical energy drink with passion fruit and guava.""""","["""" beverages"""","""" energy- and sports drinks"""","""" energy drinks""""]",https://www.k-ruoka.fi/kauppa/tuote/battery-carnival-033l-tlk-6415600560603,https://public.keskofiles.com/f/k-ruoka/product/0NNH0/6415600560603,2.75,6415600560603,Battery,Energy Drinks,Volume: 330; Pack Material Type: Metal; Pack Type: Can; Juice Content: 0-2%; Carbonization: still; Health Claims: energy boosting
737492078,Trendyol,Turkey,with vitamins ice tea lemon 250 ml,"the product you have examined the seller determines the selling price., Pin with vitamins ice tea lemon 250 ml, more than this product 3 can be ordered. over 3 pieces cancel orders trendyol reserves t","[""""supermarket"""",""""food"""",""""tea""""]",https://www.trendyol.com/pin/vitaminli-soguk-cay-limon-250-ml-p-466119697,https://cdn.dsmcdn.com///ty670/product/media/images/20230101/22/250174947/664562116/1/1_org_zoom.jpg,50.6,,Pin,Still RTD Tea,"Volume: 250; Pack Material Type: Plastic; Flavour: tea, lemon; Pack Type: Bottle; Health Claims: good source of vitamins; Juice Content: 100%; Carbonization: still"
73917834,amazon,USA,"Cocktail Crate Mixer Ginger Bee, 375 ml",Prepared in a dedicated Gluten-free allergy-friendly facility,"["""" Grocery & Gourmet Food"""","""" Beverages"""","""" Bottled Beverages, Water & Drink Mixes"""","""" Cocktail Mixers""""]",https://www.amazon.com/dp/B00SK5IQYE,https://m.media-amazon.com/images/I/61lqw-qijXL._AC_UL320_.jpg,10.99,856974004052,Cocktail Crate,Tonic Water/Mixers/Other Bitters,Pack Material Type: Glass; Volume: 375; Carbonization: still; Pack Type: Bottle; Juice Content: 0-2%; Flavour: ginger; Immune Support Ingredients: ginger
73981985,amazon,USA,Vitacost 100% Pure Blueberry Juice Concentrate - 16 fl oz,"What is Vitacost 100% Pure Blueberry Juice Concentrate? Vitacost 100% Pure Blueberry Juice Concentrate is a convenient, delicious way to obtain the benefits of blueberries
Vitacost Brand","["""" Any Department"""","""" Grocery & Gourmet Food"""","""" Beverages"""","""" Bottled Beverages, Water & Drink Mixes"""","""" Juices""""]",https://www.amazon.com/dp/B0056PWC6O,https://m.media-amazon.com/images/I/51d9BllzaWL._AC_UL320_.jpg,25.99,,Vitacost,Not from Concentrate 100% Juice,Volume: 473; Carbonization: still; Flavour: blueberry; Pack Type: Bottle; Juice Content: 15-25%; Made From: blueberry
74132058,Coop,Netherlands,Crystal Clear Sparkling peach,"spring water with peach flavor, with sweeteners. from pure spring water less than 1 calories per 100 ml.","["""" groceries"""","""" drinks"""","""" soft drinks"""","""" Crystal Clear""""]",https://www.coop.nl/product/8715600228571,https://syndy-content.azureedge.net/media/products/84bcfc24-f342-4e15-bc8d-617e3ae93fe9/images/AW0HA3GItENDpZ-NPK0ohvI./AADDJSf-AwA-lgjXzLCRig.290x290.jpg,1.05,8715600228571,Crystal Clear,Functional Bottled Water,"Naturally derived: natural fragrances; Carbonization: carbonated, sparkling; Water Type: spring, pure; Sweetener: sucralose, acesulfame potassium; Pack Type: Bottle; Health Claims: low calories; Volume: 500; Juice Content: 0-2%; Pack Material Type: Plastic; Flavour: peach"
74173098,Capraboacasa,Spain,eroski seleqtia juice cooled pomegranate 750ml,,"["""" juices"""","""" juices"""","""" other flavors""""]",https://www.capraboacasa.com/portal/es/super/producto/eroski-seleqtia-zumo-refrigerado-granada-750ml/301212,https://www.capraboacasa.com/catalogImages/301212_3.jpg,2.85,,Eroski,Not from Concentrate 100% Juice,Flavour: pomegranate; Made From: pomegranate; Pack Material Type: Glass; Carbonization: still; Pack Type: Bottle; Volume: 750; Juice Content: 100%
743743466,Hipercor,Spain,SUNNY DELIGHT Waikiki flavored soda lemon lime bottle 330 ml,,"["""" supermarket"""","""" drinks"""","""" water, soft drinks and juices"""","""" soft drinks and soda"""","""" refreshments lemon lime"""","""" refreshments lemon lime (17)""""]",https://www.hipercor.es/supermercado/0110118827100985-sunny-delight-waikiki-refresco-sabor-lima-limon-botella-330-ml/,https://sgfm.elcorteingles.es/SGFM/dctm/MEDIA03/202303/13/00118827100985____2__40x40.jpg,0.95,,Sunny Delight,Lemonade/Lime,"Volume: 330; Pack Material Type: Glass; Juice Content: 0-2%; Pack Type: Bottle; Flavour: lemon, lime"
744508813,Kaufland,Germany,riemerschmid fruit- syrup coconut 0.5l - cocktails milkshakes (1 pack),"included: 
riemerschmid fruit- syrup coconut 0.5l 
riemerschmid fruit- syrup coconut. riemerschmid, the syrup out exquisite fruits - tastes like freshly harvested. for refined Cocktails, as exquisite ","["""" food"""","""" beverages"""","""" soft drinks"""","""" syrups""""]",https://www.kaufland.de/product/320573037/,https://media.cdn.kaufland.de/product-images/1024x1024/684311623de1f7d6863da6f4a2f9a8cf.webp,8.53,,Riemerschmid,Liquid Concentrates,Volume: 500; Pack Material Type: Glass; Juice Content: 0-2%; Flavour: coconut; Pack Type: Bottle
74494345,amazon,USA,Harvest Bay - Coconut Water Original - 11.16 fl. oz.,Harvest Bay Coconut Water - Canned - Case Of 12 - 11.16 Fl Oz,"["""" Grocery & Gourmet Food"""","""" Beverages"""","""" Bottled Beverages, Water & Drink Mixes""""]",https://www.amazon.com/Harvest-Bay-Coconut-Water-Original/dp/B076CHHF3Q/ref=sr_1_555?qid=1554911445&s=grocery&sr=1-555,https://images-na.ssl-images-amazon.com/images/I/41qDh3RUbrL._AC_US160_.jpg,2.96,75239843841,Harvest,Coconut and Other Plant Waters,Pack Material Type: Metal; Juice Content: 0-2%; Flavour: coconut; Made From: coconut; Carbonization: still; Volume: 330; Water Type: coconut
746929964,amazon,USA,Pop Shoppe Black Cherry (12 bottles),"Flavor Cherry 
Unit Count 12.00 Count 
Weight 18 Pounds 
Package Weight 18 Pounds 
Item Package Quantity 12 
* * *
## Important information 
Legal Disclaimer 
Statements regarding dietary supplements ","["""" Grocery & Gourmet Food"""","""" Beverages"""","""" Bottled Beverages, Water & Drink Mixes"""","""" Soda Soft Drinks""""]",https://www.amazon.com/dp/B00J29NQ2Y,https://m.media-amazon.com/images/I/71jAmE54xlL._AC_UL320_.jpg,59,180009000017,Pop Shoppe,Other Non-Cola Carbonates,Pack Type: Bottle; Juice Content: 0-2%; Carbonization: still; Pack Material Type: Glass; Flavour: cherry
74694763,S-kaupat,Finland,marli juissi Mansikkamehujuoma 1 l,"marli juissi that relief even the toughest thirst. and in juiss on, where from care about. various of fruit and berry taste, of which you will surely find your own favorite. to live in full, take care","["""" beverages"""","""" juice"""","""" other juices""""]",https://www.s-kaupat.fi/tuote/marli-juissi-mansikkamehujuoma-1-l/6415130028048,https://cdn.s-cloud.fi/v1/w640_q75/product/ean/6415130028048_kuva1.jpg,1.45,6415130028048,Marli,Juice Drinks (up to 24% Juice),Volume: 1000; Made From: strawberry; Pack Material Type: Paper / Carton; Sweetener: sugar; Pack Type: Liquid Carton; Carbonization: still
747894136,Kaufland,Germany,4BRO Ice Tea ipanema 500ml - soft drink (pack of 4),"included: 
4BRO Ice Tea ipanema 500ml 
pack of 4","["""" food"""","""" beverages"""","""" soft drinks"""","""" iced teas""""]",https://www.kaufland.de/product/462162916/,https://media.cdn.kaufland.de/product-images/1024x1024/44dbc1420dd62efd85ecd0c9c7aef451.webp,11.66,,4Bro,Still RTD Tea,Juice Content: 0-2%; Carbonization: still; Pack Material Type: Flexible Pack; Flavour: tea; Volume: 2000; Pack Type: Liquid Carton
74813073,S-kaupat,Finland,mysoda cranberry soft drink concentrate 500ml,"• beverage concentrate where delicious cranberries taste.
• naturally with sugar sweetened, not inside artificial sweeteners.
• vegan, not inside genetically manipulated ingredients.
• offers 4 liters","["""" beverages"""","""" beverage concentrates"""","""" other beverage concentrates""""]",https://www.s-kaupat.fi/tuote/mysoda-karpalo-virvoitusjuomatiiviste-500ml/6418785004641,https://cdn.s-cloud.fi/v1/w640_q75/product/ean/6418785004641_kuva1.jpg,4.59,6418785004641,MySoda,Liquid Concentrates,"Sustainable Packaging: efficient/optimised packaging; Pack Material Type: Plastic; Volume: 500; Health Claims: no sugar; Sweetener: sugar; Flavour: cranberry; Naturally derived: natural; Environmentally Friendly: environmentally friendly; Pack Type: Bottle; No Artificial Ingredients: no artificial sweeteners, no gmo; Juice Content: 0-2%; Geographic Origin: finland"
748605455,Loblaws,Canada,"Aspire, Lightly Sparkling Raspberry + Acai",,"["""" Food"""","""" Natural Foods """","""" Beverages"""","""" Specialty & Carbonated Drinks""""]",https://www.loblaws.ca/lightly-sparkling-raspberry-acai/p/21462335_EA#:#storeid=1032,https://assets.shop.loblaws.ca/products/21462335/b1/en/front/21462335_front_a01_@2.png,3.49,,Aspire,Other Non-Cola Carbonates,"Pack Type: Tub/Cup/Pot; Volume: 355; Flavour: acai, raspberry; Carbonization: carbonated, sparkling; Pack Material Type: Metal; Juice Content: 0-2%"
748700537,Hy-Vee,USA,Venom Mojave Rattler Energy Drink,"Product Details 
Description 
Release your inner fierceness and make an instant impact with the viciously good flavor of Venom Mojave Rattler Energy Drink. Venom Mojave Rattler delivers Taurine, Guara","["""" Beverages"""","""" Energy Drinks & Shots"""","""" Energy Drinks""""]",https://www.hy-vee.com/aisles-online/p/859614/Venom-Mojave-Rattler-Energy-Drink,https://8e9d5b8b8dcb9208ef3f-01db2a53ae0368d03387780ee86ead55.ssl.cf2.rackcdn.com/199725e1-44af-42e1-be14-4719f480b1dc_thumb.jpeg,1.29,78000023770,Venom,Energy Drinks,"Sweetener: sucralose, glucose, acesulfame potassium; Volume: 473; Energy Source: b-vitamins, guarana; Carbonization: carbonated; Caffeine: 0-15 mg; Naturally derived: natural flavours; Health Claims: energy boosting; Juice Content: 0-2%; Botanicals And Functional Ingredients: ginseng; Pack Type: Can"
74884462,amazon,USA,Smart Juice Organic Juice - Pomegranate - 33.8 oz by Smart Juice,"Smart Juice Organic Juice - Pomegranate - 33.8 oz
33.8","["""" Grocery & Gourmet Food"""","""" Beverages"""","""" Bottled Beverages, Water & Drink Mixes"""","""" Juices""""]",https://www.amazon.com/Smart-Juice-Organic-Pomegranate-33-8/dp/B0199AUKJM/ref=sr_1_2954?_encoding=UTF8&c=ts&dchild=1&keywords=Juices&qid=1604997715&s=grocery&sr=1-2954&ts_id=16318171,https://images-na.ssl-images-amazon.com/images/I/41oGem7cgfL._AC_US160_.jpg,37.52,786173977836,Smart Juice,Not from Concentrate 100% Juice,Sustainable Sourcing: organic; Volume: 1000; Carbonization: still; Pack Type: Bottle; Flavour: pomegranate; Made From: pomegranate; Pack Material Type: Glass
749219627,Jumbo Supermarkten,Netherlands,sourcing vitamin water raspberry pomegranate flavor 1 litre,"product description 
non-carbonated drink on the basis of spring water with the taste of raspberry and pomegranate, with added vitamin b5, b6 and b12, tea extract, with sweeteners. 
store & store use ","["""" products"""","""" fresh, juice, coffee, tea"""","""" soft drink"""","""" vitamin water""""]",https://www.jumbo.com/producten/sourcy-vitaminwater-framboos-granaatappel-smaak-1-liter-429650FLS,https://static-images.jumbo.com/product_images/170620212017_429650FLS-1_720x720.png,2.07,,Sourcy,Functional Bottled Water,"Pack Type: Bottle; Volume: 1000; Pack Material Type: Plastic; Water Type: spring; Flavour: pomegranate, raspberry; Carbonization: still; Health Claims: no sugar, good source of vitamins; Naturally derived: natural fragrances; Sweetener: sucralose, acesulfame potassium; Caffeine: 15-25 mg; No Artificial Ingredients: no artificial sweeteners, no artificial additives, no artificial colours; Juice Content: 0-2%"
75091345,amazon,USA,Qcumber with Mint Sparkling Water - 750ml (25.36fl oz),"750ml - (25.36 fl oz)
Qcumber
* Please not Best Before / Expiration UK is DD / MM / YYYY
8-12 DAYS DELIVERY","["""" Grocery & Gourmet Food"""","""" Beverages"""","""" Bottled Beverages, Water & Drink Mixes"""","""" Drinking Water""""]",https://www.amazon.com/dp/B075CRFCCD,https://m.media-amazon.com/images/I/318xlTasxUL._AC_UL320_.jpg,18.19,,Qcumber,Sparkling Flavoured Bottled Water,Volume: 750; Pack Type: Bottle; Flavour: mint; Pack Material Type: Glass; Carbonization: sparkling; Juice Content: 0-2%
751611270,Food Market Herkku,Finland,refinery Natural Energy Drink Pear Lemonade 330 ml,"sugar free natural energy drink.
fresh pear and lemon -flavored natural energy drink. 100 mg of caffeine green tea-, guarana- and yerba mate -extracts.","["""" beverages"""","""" energy drinks and sports drinks"""","""" energy drinks""""]",https://www.s-kaupat.fi/tuote/6430039224629,https://cdn.s-cloud.fi/v1/w828_q75/product/ean/6430039224629_kuva1.jpg,0.45,6430039224629,Puhdistamo,Energy Drinks,"Juice Content: 0-2%; Sweetener: stevia; Energy Source: yerba mate; Water Type: filtered; Carbonization: carbonated; Flavour: pear, lemon; Caffeine: 25-50 mg; Naturally derived: natural flavours, natural fragrances, natural; Health Claims: energy boosting, no sugar; Pack Material Type: Metal; Volume: 330"
75187376,Yunus,Turkey,ulker 5265-6 CAMLICA CILEK-KAVUN soda 200 ml,,"["""" Drinks"""","""" Fizzy Drink"""","""" Fizzy drink""""]",http://www.yunusonline.com/product/2975,https://online.yunusmarket.com.tr/3703-thickbox_default/ulker-5265-6-camlica-cilek-kavun-gazoz-250-ml.jpg,1.25,,Çamlica,Other Non-Cola Carbonates,Volume: 200; Pack Material Type: Glass; Juice Content: 0-2%; Pack Type: Bottle; Carbonization: carbonated
752351567,amazon,USA,Elisha Sparkling Water Pineapple Flavor - 350ml Can ( Pack of 3) | INTERCART INC,"Brand 21 
Unit Count 12.5 Fl Oz 
Number of Items 3 
Package Weight 9 Pounds 
* * *
# About this item 
* Embark on a journey of refreshment. A fun twist on flavors inspired by cultures and recipes from","["""" Grocery & Gourmet Food"""","""" Beverages"""","""" Bottled Beverages, Water & Drink Mixes"""","""" Drinking Water""""]",https://www.amazon.com/dp/B0C1MGZH2J,https://m.media-amazon.com/images/I/41yFepGZhwL._AC_UL320_.jpg,8.99,,Elisha,Other Non-Cola Carbonates,"Juice Content: 0-2%; Volume: 350; Caffeine: 0-15 mg; Carbonization: still, sparkling; Flavour: pineapple"
75254383,amazon,USA,High Performance Energy Drink - Grape - 16fl oz ( Pack of 16),"16 Pack - 16oz. cans
Ships to APO / FPO, Alaska, Hawaii.","["""" Grocery & Gourmet Food"""","""" Beverages"""","""" Bottled Beverages, Water & Drink Mixes"""","""" Energy Drinks""""]",https://www.amazon.com/dp/B002HACPDG,https://m.media-amazon.com/images/I/41ZPuCWzXKL._AC_UL320_.jpg,53.97,80793804788,NOS,Energy Drinks,Volume: 473; Pack Material Type: Metal; Flavour: grape; Pack Type: Can; Juice Content: 0-2%; Health Claims: energy boosting
753564534,Dirk,Netherlands,bullit Energy drink,Energy Drink - high caffeine content.,"["""" drinks, juice, coffee tea"""","""" soft drinks""""]",https://www.dirk.nl/boodschappen/dranken-sap-koffie-thee/frisdranken/bullit%20energy%20drink/84792,https://d3r3h30p75xj6a.cloudfront.net/artikelen/153004_1_446495_638162892135799875.png,0.95,9008703000762,Bullit,Energy Drinks,"Volume: 250; Juice Content: 0-2%; Carbonization: sparkling; Pack Material Type: Metal; Sweetener: glucose, sucrose; Caffeine: 25-50 mg; Health Claims: energy boosting; Energy Source: b-vitamins"
75394247,amazon,USA,"Chameleon Cold Brew Organic Vanilla Coffee, 10 Fluid Ounce",,"["""" Grocery & Gourmet Food"""","""" Beverages"""","""" Bottled Beverages, Water & Drink Mixes""""]",https://www.amazon.com/dp/B017L48EVO,https://m.media-amazon.com/images/I/21YupneO4pL._AC_UL320_.jpg,99.95,,Chameleon Cold- Brew,RTD Coffee,"Volume: 296; Pack Material Type: Glass; Flavour: coffee, vanilla; Pack Type: Bottle; Sustainable Sourcing: organic; Carbonization: still; RTD Coffee Style: cold brew; Juice Content: 0-2%"
756811718,Walmart,USA,"Mug Soda Root Beer 7.5 fl oz, 10 Count",""""" 
* No caffeine 
* Delicious Root Beer 
* 7.5 Fl Oz cans, just enough for refreshment 
"""" ; Brand MUG Root Beer","["""" Food"""","""" Beverages"""","""" Soda Pop"""","""" Root Beer""""]",https://www.walmart.com/ip/Mug-Soda-Root-Beer-Soda-Pop-7-5-fl-oz-10-Pack-Mini-Cans/1730080968?classType=REGULAR,https://i5.walmartimages.com/seo/Mug-Soda-Root-Beer-Soda-Pop-7-5-fl-oz-10-Pack-Mini-Cans_5c0b0131-e43f-49dd-9e92-772cbffb9969.ebd437300214b44b261e20df6a2f4662.jpeg,5.98,,Mug Root Beer,Other Non-Cola Carbonates,Free From: no caffeine; Juice Content: 0-2%; Volume: 222; Pack Type: Bag/Packet; Caffeine: 0-15 mg
757007570,ICA,Sweden,energy drink norrland 33cl Latitude 65,"## product information 
#### age limit 
15 
## trademark 
Latitude 65 
## other information 
ICA has the ambition that always give you the right information. minor changes in the products content can ","["""" training & recovery"""","""" energy drink & sports drink""""]",https://handlaprivatkund.ica.se/stores/1004134/products/Energidryck-Norrland-33cl-Latitude-65/2110559,https://handlaprivatkund.ica.se/images-v3/bf7a00ca-390e-4769-865f-dc369586872e/c4693e6c-29f0-43c3-a636-98cdba12c775/500x500.jpg,23.9,,Latitude 65,Energy Drinks,Pack Material Type: Metal; Volume: 330; Caffeine: 50-100 mg; Carbonization: still; Sweetener: sucralose; Energy Source: b-vitamins; Pack Type: Can; Juice Content: 0-2%; Health Claims: energy boosting
75770695,amazon,Canada,Crusha Mixa Raspberry Flavour Milkshake Mix (500ml) - Pack of 2,"Please be aware that unless expressly indicated otherwise, Cooking Marvellous are not the the manufacturer of this product. Product packaging may vary from what is shown on this listing. We recommend ","["""" Beverages"""","""" Hot Chocolate & Malted Drinks"""","""" Hot Cocoa""""]",https://www.amazon.ca/Crusha-Raspberry-Flavour-Milkshake-500ml/dp/B010VQ8RDO/ref=sr_1_450?qid=1659702048&s=grocery&sr=1-450,https://m.media-amazon.com/images/I/51OshHGRYGL._AC_UL320_.jpg,32.99,,Crusha,Liquid Concentrates,Flavour: raspberry; Volume: 500; Pack Type: Bottle; Juice Content: 0-2%; Pack Material Type: Glass
75785159,Coop,Netherlands,fruity king Smoothie strawberry orange banana grape,fruity king Smoothie strawberry orange banana grape 250 ml,"["""" groceries"""","""" drinks"""","""" fresh and cooled fruit juices"""","""" Smoothies""""]",https://www.coop.nl/fruity-king-smoothie-aardbei-250-ml/product/8714862708814,https://syndy-content.azureedge.net/media/products/3ef90000-ff41-0003-2221-08d3af34f171/images/AW0HA3GItENDpZ-NPK0ohvI./AAACABasQgKhVQjWRiwwTA.670x670.jpg,1.09,8714862708814,Fruity King,Not from Concentrate 100% Juice,"Volume: 250; Made From: banana, grape, orange, strawberry; Juice Features: smoothie; Pack Type: Bottle; Juice Content: 100%; Carbonization: still; Pack Material Type: Plastic; Flavour: banana, grape, orange, strawberry"
75786393,amazon,USA,Ralph's Grape Sparkling Water Pure Cane Sugar Syrup Flavoring | Three 12oz Bottles,"NO HIGH FRUCTOSE CORN SYRUP. Sweetened with pure cane sugar and other natural sweeteners
Grape Soda Flavor
Three 12oz Bottles included. Make 9 - 10 liters of soda with this value pack.
Made for use wi","["""" Beverages"""","""" Bottled Beverages, Water & Drink Mixes"""","""" Soft Drinks""""]",https://www.amazon.com/Ralphs-SodaStream-Sparkling-Sodamix-Bottles/dp/B0769Y5RZ5/ref=sr_1_1911?qid=1683343063&s=grocery&sr=1-1911,https://m.media-amazon.com/images/I/41cLCfOzY4L._AC_UL320_.jpg,17.99,759740727196,Ralph's,Sparkling Flavoured Bottled Water,Sweetener: cane sugar; Juice Content: 0-2%; Carbonization: sparkling; Pack Type: Bottle; Volume: 355; Naturally derived: natural sweeteners; Pack Material Type: Glass; Flavour: grape
758670031,amazon,United Kingdom,Perfectly Clear Still Red Apple Flavour Spring Water 1.5L,"## Product information 
# Technical Details 
##### General Information 
Units ‎1.00 count 
Storage Instructions ‎ Keep your bottle cool and out of direct sunlight. Once opened keep refrigerated and co","["""" Grocery"""","""" Drinks"""","""" Water""""]",https://www.amazon.co.uk/Perfectly-Clear-Still-Flavour-Spring/dp/B0B8J664F8/ref=sr_1_1132_f3?qid=1682566195&s=grocery&sr=1-1132,https://m.media-amazon.com/images/I/51UL394BasL._AC_UL400_.jpg,1.07,,Perfectly Clear,Still Flavoured Bottled Water,Volume: 1500; Pack Material Type: Plastic; Juice Content: 0-2%; Flavour: apple; Water Type: spring; Pack Type: Bottle; Carbonization: still
75890437,amazon,USA,32 oz. Lime Cocktail Mix by Collins,"A best-seller and American classic, Collins Lime Mix offers the perfect complement to any craft cocktail. Newly reformulated with the finest ingredients, including real sugar and lime juice, Collins L","["""" Grocery & Gourmet Food"""","""" Beverages"""","""" Bottled Beverages, Water & Drink Mixes"""","""" Cocktail Mixers""""]",https://www.amazon.com/oz-Lime-Cocktail-Mix-Collins/dp/B076XSHVXL/ref=sr_1_4507?qid=1702869230&s=grocery&sr=1-4507,https://m.media-amazon.com/images/I/81vfty+G9VL._AC_UL320_.jpg,8.99,31439005489,Collins,Liquid Concentrates,Flavour: lime; Volume: 946; Sweetener: sugar; Pack Type: Bottle; Pack Material Type: Glass; Juice Content: 0-2%
759636020,amazon,United Kingdom,Beetology Organic Beet and Tropical Juice 8.45oz (6 Pack),"## Product information 
# Technical Details 
##### General Information 
Package Dimensions ‎26.29 x 20.5 x 17.7 cm; 239.55 Grams 
Units ‎1499.3779 millilitre 
Serving Recommendation ‎240 milliliters 
","["""" Drinks"""","""" Juice & Smoothies""""]",https://www.amazon.co.uk/Beetology-Organic-Tropical-Juice-8-45oz/dp/B079YYVWCP/ref=sr_1_3297?brr=1&qid=1686888090&rd=1&s=grocery&sr=1-3297,https://m.media-amazon.com/images/I/81StjSWBpTL._AC_UL400_.jpg,123.3,,Beetology,Not from Concentrate 100% Juice,"Sustainable Sourcing: organic; Made From: coconut, pineapple, lime, beet, mango; Carbonization: still; Pack Material Type: Glass; Flavour: beet; Juice Features: smoothie; Volume: 250; Pack Type: Bottle; Juice Content: 100%"
761743247,E-fresh,Greece,natural mineral water carbonated lemon zagori Sparkling (6 X 330 ml) 5 + 1 gift,""""" 
natural mineral water carbonated lemon zagori Sparkling (6 X 330 ml) < \/ p> < \/ div> 
### relevant links < \/ h3> see all for: < \/ span> cellar < \/ a>, bottled water < \/ a>, carbonated water <","[""""home"""",""""cellar"""",""""bottled water"""",""""carbonated water"""",""""with flavor fruit""""]",https://www.e-fresh.gr/el/nero-fysiko-metalliko-anthrakoyxo-lemoni-zagori-sparkling-6x330-ml-51-dwro,https://dj0m4io8o9yuz.cloudfront.net/storage/media/catalog/products/420/5/4200015465/zagori-lemon.jpg?id=1658413134,3.23,,Zagori,Sparkling Flavoured Bottled Water,"Flavour: lemon; Water Type: mineral; Naturally derived: natural; Caffeine: 15-25 mg; Juice Content: 0-2%; Carbonization: carbonated, sparkling; Volume: 330; Pack Material Type: Flexible Pack"
76199200,amazon,USA,Iceland Springs Spring Water - 33.8 oz - 12 ct,,"[""""\"""" Drinking Water\""""""""]",https://www.amazon.com/Iceland-Springs-Spring-Water-33-8/dp/B00KPVQ0BW/ref=sr_1_2862?_encoding=UTF8&c=ts&dchild=1&keywords=Drinking+Water&qid=1618215159&s=grocery&sr=1-2862&ts_id=16318651,https://images-na.ssl-images-amazon.com/images/I/31gexvNBZrL._AC_US160_.jpg,29.84,,Iceland,Still Bottled Water,Volume: 1000; Carbonization: still; Pack Material Type: Plastic; Juice Content: 0-2%; Pack Type: Bottle; Water Type: spring
762727084,Food Market Herkku,Finland,champion latte vanilla fudge milk coffee drink 1 l lactose free,"champion latte Vanilla Fudge is fresh, lactose free milk coffee drink from jyväskylä! its taste is lovely combination maitokahvia, vanilla and kermatoffeeta. grab by and enjoy cooling beverage at the ","["""" milk, eggs and fats"""","""" milk and buttermilk"""","""" special milks""""]",https://www.s-kaupat.fi/tuote/6408430102419,https://cdn.s-cloud.fi/v1/w828_q75/product/ean/6408430102419_kuva1.jpg,2.69,6408430102419,Valio,RTD Coffee,"Flavour: latte, vanilla, coffee; Volume: 1000; Juice Content: 0-2%; RTD Coffee Style: milk, latte; Sweetener: sugar; Sustainable Sourcing: rainforest alliance; Caffeine: 15-25 mg; Pack Material Type: Paper / Carton; Pack Type: Liquid Carton; Free From: lactose free; Carbonization: still"
764635912,Drizly,USA,Stirrings Mojito Mix 750ml Bottle,"1 This effervescent cocktail was inspired by Havana's vibrant lifestyle in the 1920s. While Hemingway's Cuba is long gone, its spirit lives on in this sweet, sparkling blend of muddled mint, cane suga","["""" Extras"""","""" Mixers, Syrups, & amp; Bitters""""]",https://drizly.com/extras/mixers-syrups-bitters/bar-mixers/bar-mixers/stirrings-mojito-mix/p5766,https://dydza6t6xitx6.cloudfront.net/mi-stirrings-mojito-mix-b17d2874536f839f.jpeg,8.89,,Stirrings,Liquid Concentrates,Pack Type: Bottle; Volume: 750; Sweetener: cane sugar; Juice Content: 0-2%; Pack Material Type: Glass
765183428,Drizly,USA,UPTIME Blueberry Pomegranate Sugar Free Energy Drink 12oz Aluminum Bottle,"UPTIME Energy Drink- Blueberry Pomegranate - Sugar Free Premium Energy Drink, 12oz Bottles, Natural Caffeine, Carbonated, Natural Flavors
The better for you sugar free premium energy drink that provid","["""" Extras"""","""" Soda, Water, & amp; Soft Beverages""""]",https://drizly.com/extras/beverages/energy-drinks/uptime-blueberry-pomegranate-sugar-free-energy-drink/p140949,https://dydza6t6xitx6.cloudfront.net/mi-uptime-blueberry-c3f9ed6b4cb2aa3e.png,2.89,,Uptime,Energy Drinks,"Pack Material Type: Metal; Volume: 355; No Artificial Ingredients: no gmo; Naturally derived: natural flavours, natural; Juice Content: 0-2%; Caffeine: 15-25 mg; Flavour: blueberry, pomegranate; Carbonization: carbonated; Health Claims: energy boosting, no sugar"
76581637,amazon,Canada,Purdey's Rejuvenate Multivitamin Fruit Drink 4 x 330ml ( Pack of 4),"Purdey's Rejuvenate Multivitamin Fruit Drink 4 x 330ml ( Pack of 4)
Purdey's
1320ml (x4)","["""" Grocery & Gourmet Food"""","""" Beverages"""","""" Soft Drinks""""]",https://www.amazon.ca/Purdeys-Rejuvenate-Multivitamin-Fruit-Drink/dp/B072PZGDS5/ref=sr_1_382?qid=1584186075&s=grocery&sr=1-382,https://m.media-amazon.com/images/I/51MQrkNdS2L._AC_UL320_.jpg,101.25,,Purdey's,Other Non-Cola Carbonates,Pack Material Type: Glass; Volume: 330; Carbonization: still; Juice Content: 0-2%; Pack Type: Bottle
76600491,amazon,USA,Angel Specialty Products Flavor Delights Flavored Powder Bakery Mix Passion Fruit,,"["""" Any Department"""","""" Grocery & Gourmet Food"""","""" Beverages"""","""" Bottled Beverages, Water & Drink Mixes"""","""" Powdered Drink Mixes & Flavorings"""","""" Powdered Chocolate Drink Mixes""""]",https://www.amazon.com/dp/B07H487PL6,https://m.media-amazon.com/images/I/61oURz6SqsL._AC_UL320_.jpg,16.97,702334644621,Angel Specialty Products,Powder Concentrates,Concentrate Format: powder; Flavour: passionfruit; Pack Type: Tub/Cup/Pot; Juice Content: 0-2%
76884982,marketpaketi.com,Turkey,seven days orange 450 ml Pet,seven days orange 450 ml Pet,"[""""food"""",""""beverages""""]",https://www.marketpaketi.com.tr/yedigun-portakal-450-ml-pet-p-280815,https://d23ic3f0nw4szy.cloudfront.net/marketpaketi/products/280815/yedigun-portakal-450-ml-pet-559903001508958894.jpg,3.48,8690574991358,Yedigun,Orange Carbonates,Pack Material Type: Plastic; Volume: 450; Juice Content: 0-2%; Flavour: orange; Pack Type: Bottle; Carbonization: still
7692703,Carrefour,France,syrup pink grapefruit the guiot house,"Conditions conservation after opening : 3 months at room temperature, closed, in one clean and dry place. true consumer service : GEORGES monin 5th street FERDINAND of lesseps - BP 25 18000 bourges . ","["""" alcohol-free drinks"""","""" syrups and drinks concentrated"""","""" syrups""""]",https://www.carrefour.fr/p/sirop-pamplemousse-rose-la-maison-guiot-3265266075484,https://courses-en-ligne.carrefour.fr/media/cache/195x195/Photosite/PGC/BOISSONS/3265266075484_PHOTOSITE_20180418_051259_0.jpg,3.39,3265266075484,Maison Guiot,Liquid Concentrates,Sweetener: sugar; Pack Material Type: Glass; Volume: 700; Caffeine: 15-25 mg; Pack Type: Bottle; Flavour: grapefruit
77045397,amazon,USA,"Natura's Instant Hibiscus Mix, 12 Ounce","Easy to make Agua Fresca de Jamaica
Add ice or serve hot
Rich deep tart flavor, like cranberries
Great summer drink for carne asada!","["""" Any Department"""","""" Grocery & Gourmet Food"""","""" Beverages"""","""" Bottled Beverages, Water & Drink Mixes"""","""" Powdered Drink Mixes & Flavorings"""","""" Soft Drink Mixes""""]",https://www.amazon.com/dp/B0000GHXV8,https://m.media-amazon.com/images/I/916+hLtv+ML._AC_UL320_.jpg,10.99,43757000060,Natura's,Powder Concentrates,Volume: 355; Flavour: hibiscus; Pack Material Type: Flexible Pack; Juice Content: 0-2%; Concentrate Format: powder; Pack Type: Pouch
77293842,Trendyol,Turkey,organic pomegranate juice 1000 ml,retail sale of the product price provided by the supplier.,"[""""home & life"""",""""supermarket"""",""""beverage products"""","""" juice""""]",https://www.trendyol.com/ben-organik/organik-nar-suyu-1000-ml-p-3405155?boutiqueId=310693&merchantId=106548,https://img-trendyol.mncdn.com/mnresize/1200/1800//Assets/ProductImages/oa/99/3405155/1/8680313580325_1_org_zoom.jpg,16.56,8680313580325,Benorganic,Not from Concentrate 100% Juice,Pack Type: Bottle; Made From: pomegranate; Volume: 1000; Carbonization: still; Flavour: pomegranate; Sustainable Sourcing: organic; Pack Material Type: Glass; Juice Content: 100%
773388904,amazon,United Kingdom,"Thums up Can 300 ML - 24 can, Fizzy Cola Drink","* Thums up 24 cans 
* Thmup up 300 ML Can 
› See more product details 
## Product information 
# Technical Details 
##### General Information 
Units ‎24.00 count 
Brand ‎ Pound Veg 
Manufacturer ‎ Pou","["""" Any Department"""","""" Grocery"""","""" Drinks"""","""" Fizzy Drinks""""]",https://www.amazon.co.uk/dp/B0C6KCWQWR,https://m.media-amazon.com/images/I/51u7YeK+j1L._AC_UL320_.jpg,22.89,,Thums Up,Other Non-Cola Carbonates,Caffeine: 150-200 mg; Volume: 300; Juice Content: 0-2%; Pack Type: Can; Pack Material Type: Metal; Carbonization: carbonated
77347657,amazon,USA,Retro Soda Sweetened with Pure Cane Sugar 12oz Glass Bottles ( Pack of 24) ( Dublin Retro Grape Soda),"Sweetened with pure cane sugar.
"""" Makes Thirst a Joy""""","["""" Any Department"""","""" Grocery & Gourmet Food"""","""" Beverages"""","""" Bottled Beverages, Water & Drink Mixes"""","""" Soft Drinks""""]",https://www.amazon.com/dp/B008ADNAWY,https://m.media-amazon.com/images/I/71svFhpJHzL._AC_UL320_.jpg,67.72,897555002036,Dublin,Other Non-Cola Carbonates,Sweetener: cane sugar; Pack Material Type: Glass; Juice Content: 0-2%; Flavour: grape; Volume: 355; Pack Type: Bottle
77412071,amazon,USA,"Fee Brothers Cherry Cocktail Bitters - Aromatic Cocktail Mixer & Concentrated Flavoring, Gluten Free, Vegan- Friendly, 5 fl oz","Unique and exclusive flavor.
Just a few dashes add a cherry taste with a pleasantly sour bitterness.
Brings out the best flavors in classic cocktails, soups and sauces.
An essential ingredient for cre","["""" Any Department"""","""" Grocery & Gourmet Food"""","""" Beverages"""","""" Bottled Beverages, Water & Drink Mixes"""","""" Cocktail Mixers""""]",https://www.amazon.com/dp/B001ID2TPC,https://m.media-amazon.com/images/I/71I-kmipV3L._AC_UL320_.jpg,10.9,791863140667,Fee Brothers,Liquid Concentrates,Juice Content: 0-2%; Flavour: cherry
77635352,S-kaupat,Finland,xtra carbonated mineral water 1.5l,"Xtra-kivennaisvesi on carbonated thirst- or food drink. preservation unopened at room temperature, opened in the refrigerator 2-3 days. preservation in an upright position.","["""" beverages"""","""" waters"""","""" mineral waters""""]",https://www.s-kaupat.fi/tuote/xtra-hiilihapotettu-kivennaisvesi-1-5l/6415712509163,https://cdn.s-cloud.fi/v1/w640_q75/product/ean/6415712509163_kuva1.jpg,0.95,6415712509163,X-Tra,Carbonated Bottled Water,Volume: 1500; Carbonization: carbonated; Contains Minerals: magnesium; Pack Type: Bottle; Caffeine: 0-15 mg; Water Type: mineral; Pack Material Type: Glass; Juice Content: 0-2%
77867933,amazon,USA,BANANA CREAM Boba Tea Drink Mix Powder By Buddha Bubbles Boba (2.2 Pounds / 1 Kg),"Banana Cream Boba Tea Powder
Expiration Date: 1 Year
A brand-new, unused, unopened, undamaged item
1 Kilo Makes 45 + drinks, 1 Pound makes 20 + drinks, 10oz Makes 10 + drinks
Tea Origin: Taiwan","["""" Grocery & Gourmet Food"""","""" Beverages"""","""" Bubble Tea Products"""","""" Bubble Tea Tapioca Pearls""""]",https://www.amazon.com/dp/B00JJZ47I8,https://m.media-amazon.com/images/I/81RBKf-FlwL._AC_UL320_.jpg,24.99,784672206433,Buddha Bubbles Boba,Powder Concentrates,"Pack Material Type: Flexible Pack; Weight: 1000; Juice Content: 0-2%; Concentrate Format: powder; Flavour: banana, tea; Pack Type: Bag/Packet; Geographic Origin: taiwan"
779521380,amazon,USA,LFG BURN Energy Drink - Zero Sugar - 12 Pack ( Cherry Blast),"Brand Bucked Up 
Number of Items 12 
Unit Count 12.00 Fl Oz 
Package Weight 10 Pounds 
Liquid Contents Description Carbonated Energy Drink 
* * *
# About this item 
* 12 Count 
* 12 Oz Cans for on the","["""" Any Department"""","""" Grocery & Gourmet Food"""","""" Beverages"""","""" Bottled Beverages, Water & Drink Mixes"""","""" Energy Drinks""""]",https://www.amazon.com/dp/B0C8754JJG,https://m.media-amazon.com/images/I/71mUtRDp11L._AC_UL320_.jpg,29.77,850048134522,Bucked Up,Energy Drinks,"Volume: 355; Carbonization: carbonated; Flavour: cherry; Juice Content: 0-2%; Pack Material Type: Paper / Carton; Caffeine: 25-50 mg; Pack Type: Can; Health Claims: energy boosting, no sugar"
78046727,amazon,USA,PXB476 - Thick- It Aqua Care H2O Thickened Orange Juice Nectar Consistency 8 oz.,Manufacturer: Kent Precision Foods Group Inc,"["""" Any Department"""","""" Grocery & Gourmet Food"""","""" Beverages"""","""" Bottled Beverages, Water & Drink Mixes"""","""" Juices""""]",https://www.amazon.com/dp/B00UNZ2WP8,https://m.media-amazon.com/images/I/51pQiU4ZClL._AC_UL320_.jpg,8.79,,Thick- It,Nectars,Made From: orange; Volume: 237; Flavour: orange; Pack Type: Bottle; Juice Content: 0-2%; Pack Material Type: Plastic; Carbonization: still
78087785,Ozdilek Sanal Market,Turkey,seven days 450 ml orange,"virtual market.com, your grocery shopping safe and easy to do; more to your loved ones a lot of time allows you to separate. most trusted brands quality products, different campaigns every week and di","["""" home page"""",""""drink"""","""" cold drinks""""]",https://www.ozdilekteyim.com/shop/tr/bursahipermarket/icecek/soguk-icecekler/gazli-icecekler/yedigun-450-ml-portakal?Cposition=53,https://img-ozdilek.mncdn.com/images/catalog/200x310/8690574991358.jpg,2.75,8690574991358,Yedigun,Orange Carbonates,Volume: 450; Pack Type: Bottle; Carbonization: still; Flavour: orange; Pack Material Type: Plastic; Juice Content: 0-2%
78157970,amazon,USA,"Cheerwine Soda Glass, 12 Oz Bottle, 4 Pack",This product contains Natural Ingredients,"["""" Any Department"""","""" Grocery & Gourmet Food"""","""" Beverages"""","""" Bottled Beverages, Water & Drink Mixes"""","""" Soft Drinks""""]",https://www.amazon.com/dp/B00OOHENDU,https://m.media-amazon.com/images/I/61bxQDjiTYL._AC_UL320_.jpg,16.98,70925000591,Cheerwine,Other Non-Cola Carbonates,Pack Material Type: Glass; Pack Type: Bottle; Juice Content: 0-2%; Volume: 355; Naturally derived: natural
782263983,Auchan,France,pure juice sweetness organic orange brick,,"["""" promos"""","""" waters, juice, soda, iced teas"""","""" juice, vegetable juice"""","""" orange juice, citrus juice"""","""" orange juice""""]",https://www.auchan.fr/cidou-pur-jus-douceur-d-orange-bio-brique/pr-C1213741,https://cdn.auchan.fr/media/A0220190517000066173PRIMARY_2048x2048/B2CD/?format=rw&quality=75&width=150&height=150,2.95,3760225491744,Cidou,Not from Concentrate 100% Juice,Made From: orange; Juice Content: 100%; Flavour: orange; Pack Type: Liquid Carton; Volume: 1000; Sustainable Sourcing: organic
78285482,H-E-B,USA,Hill Country Fare Strawberry Soda 6 pk Cans,"Description Need some inspiration for a cool treat? Scoop up some vanilla ice cream and make strawberry floats with this 6-pack of soda from Hill Country Fare. Bursting with sweet berry taste, this so","["""" Beverages"""","""" Soda""""]",https://www.heb.com/product-detail/hill-country-fare-strawberry-soda-6-pk-cans-12-oz/127081,"https://images.heb.com/is/image/HEBGrocery/000127081-1?id=FVSQ92&fmt=jpg&fit=constrain,1&wid=296&hei=296",2.6,41220715954,Hill Country Fare,Other Non-Cola Carbonates,"Sweetener: hfcs; Volume: 355; Pack Material Type: Metal; Pack Type: Can; Juice Content: 0-2%; Naturally derived: natural flavours, natural; Carbonization: carbonated; Caffeine: 15-25 mg; Flavour: strawberry"
78336658,H-E-B,USA,Big Red Soda 16.9 oz Bottles,"Description Enjoy the """" Deliciously Different"""" taste of Big Red. Bursting with flavor, there's nothing quite like the taste of a Big Red. In fact, chances are that if you're attending a backyard barbe","["""" Beverages"""","""" Soda""""]",https://www.heb.com/product-detail/big-red-soda-16-9-oz-bottles-6-pk/170309,"https://images.heb.com/is/image/HEBGrocery/000170309-1?id=cmgRX2&fmt=jpg&fit=constrain,1&wid=296&hei=296",5.06,71817002419,Big Red,Other Non-Cola Carbonates,Naturally derived: natural flavours; Volume: 500; Juice Content: 0-2%; Caffeine: 15-25 mg; Sweetener: hfcs; Carbonization: carbonated; Pack Material Type: Plastic; Pack Type: Jar
783880263,amazon,USA,"Starry Lemon Lime, 20 Oz bottle (16 Pack)","Brand B4Y 
Unit Count 20.00 Fl Oz 
Package Weight 35 Pounds 
* * *
# About this item 
* Starry Lemon Lime, 20 Oz bottle (16 Pack) 
* 16- Pack Bottles 
* 20 Fl Oz 
* Lemon Lime 
* * *
## Important info","["""" Grocery & Gourmet Food"""","""" Beverages"""","""" Bottled Beverages, Water & Drink Mixes"""","""" Soda Soft Drinks""""]",https://www.amazon.com/dp/B0C9F4NQWW,https://m.media-amazon.com/images/I/511WdyNpdsL._AC_UL320_.jpg,47,,Starry,Other Non-Cola Carbonates,"Health Claims: relaxing, hydrating; Juice Content: 0-2%; Pack Type: Bottle; Flavour: lemon, lime; Volume: 591; Pack Material Type: Plastic; Caffeine: 0-15 mg; Carbonization: carbonated"
78578616,amazon,France,"organic marcel - pure organic multi-fruit juice apple, fishing and pear - the 3 bottles of 750 ml - unit price - delivery free in metropolitan france within 3 open days","juice, syrup, Nectar
multifruit
organic marcel
pure organic multi-fruit juice apple, fishing and pear
the 3 bottles of 750ml","["""" grocery"""","""" coffee, tea and drinks"""","""" syrups and concentrated juices""""]",https://www.amazon.fr/Marcel-Bio-Multifruits-Bouteilles-m%C3%A9tropolitaine/dp/B01HTQ5H5U/ref=sr_1_5454?qid=1556638064&s=grocery&sr=1-5454,https://images-eu.ssl-images-amazon.com/images/I/41yGlUzqAoL._AC_US200_.jpg,48.99,,Marcel,Not from Concentrate 100% Juice,"Volume: 750; Pack Material Type: Glass; Made From: apple, pear; Sustainable Sourcing: organic; Pack Type: Bottle; Flavour: apple, pear; Carbonization: still"
78593636,amazon,Germany,Fruit Hit | Orange Juice Drink | 4 x 200ml,"Orange Juice Drink
Vegan
fairtrade","["""" food and drink"""","""" beverages, coffee, tea"""","""" fruit juices""""]",https://www.amazon.de/Fruit-Hit-Orange-Juice-Drink/dp/B0743K91QW/ref=sr_1_4633?qid=1570096621&s=grocery&sr=1-4633,https://m.media-amazon.com/images/I/41D7lDquKvL._AC_UL320_.jpg,17.76,,Fruit Hit,Juice Drinks (up to 24% Juice),Made From: orange; Pack Material Type: Paper / Carton; Volume: 200; Carbonization: still; Juice Content: 75-99%; Flavour: orange; Sustainable Sourcing: fairtrade
786049225,Voila,Canada,Eska Spring Water Carbonated Lemon 1 L (bottle),,"["""" Beverages"""","""" Water"""","""" Sparkling Water""""]",https://voila.ca/products/478357EA,https://voila.ca/images-v3/2d92d19c-0354-49c0-8a91-5260ed0bf531/5301227a-71ef-4f4f-8cc8-de6e2ef11393/1280x1280.jpg,1.49,,Eska,Sparkling Flavoured Bottled Water,"Volume: 1000; Water Type: spring; Carbonization: sparkling; Flavour: lemon; Juice Content: 0-2%; Naturally derived: natural flavours, natural"
78606998,amazon,Germany,"24x Carpe Diem - kombucha Classic, Tea Drink, - 250ml",,"["""" food and drink"""","""" beverages, coffee, tea"""","""" cola & lemonade""""]",https://www.amazon.de/24x-Carpe-Diem-Kombucha-Classic/dp/B07BL38ZN6/ref=sr_1_1540?dchild=1&qid=1586513470&s=grocery&sr=1-1540,https://images-eu.ssl-images-amazon.com/images/I/419d1hwPEHL._AC_US200_.jpg,100.54,,Carpe Diem,Carbonated RTD Tea and Kombucha,Volume: 250; Pack Material Type: Glass; Juice Content: 0-2%; Pack Type: Bottle; Flavour: tea
786107854,Voila,Canada,Naya Waters Natural Water Demineralized 4 L,,"["""" Beverages"""","""" Water"""","""" Bottled Water""""]",https://voila.ca/products/947406EA,https://voila.ca/images-v3/2d92d19c-0354-49c0-8a91-5260ed0bf531/70600e99-1b55-4276-b845-0fc237dcf51a/1280x1280.jpg,2.99,,Naya,Still Bottled Water,Water Type: mineral; Volume: 4000; Naturally derived: natural; Pack Type: Bottle; Juice Content: 0-2%; Carbonization: still
786654528,Bol.com,Belgium,"AA Drink Zero 0.5ltr (12 bottles, incl. deposit & shipping costs)","AA Drink Zero is a 100% sugar-free sports drink, ideal for the athlete who only want moisturize.…
lake","["""" eat drink"""","""" soft drink, juice, coffee and tea"""","""" energy drink""""]",https://www.bol.com/be/nl/p/aa-drink-zero-0-5ltr/9300000154159142/,https://media.s-bol.com/mVmXKQ858mkr/rOyVrK/168x176.jpg,18.49,,AA,Energy Drinks,"Pack Material Type: Plastic; Juice Content: 0-2%; Pack Type: Bottle; Health Claims: energy boosting, no sugar; Carbonization: still; Volume: 500"
786865167,K Ruoka,Finland,Realime made of concentrate lime juice 500ml,,"["""" beverages"""","""" juice and smoothies"""","""" juices from warm""""]",https://www.k-ruoka.fi/kauppa/tuote/realime-limetaysmehu-500ml-5410233712819,https://public.keskofiles.com/f/k-ruoka/product/5410233712819,3.29,5410233712819,Realime,Not from Concentrate 100% Juice,"Juice Features: smoothie, from concentrate; Volume: 500; Pack Material Type: Plastic; Pack Type: Bottle; Juice Content: 100%; Flavour: lime; Carbonization: still; Made From: lime"
787031150,amazon,USA,Blenheim Ginger Ale Not As Hot - 12oz (96 Glass Bottles),"* * *
## Important information 
Legal Disclaimer 
Statements regarding dietary supplements have not been evaluated by the FDA and are not intended to diagnose, treat, cure, or prevent any disease or h","["""" Any Department"""","""" Grocery & Gourmet Food"""","""" Beverages"""","""" Bottled Beverages, Water & Drink Mixes"""","""" Soft Drinks""""]",https://www.amazon.com/dp/B0CB4WSDVQ,https://m.media-amazon.com/images/I/215k7CL2dJL._AC_UL320_.jpg,381.82,,Blenheim,Tonic Water/Mixers/Other Bitters,Flavour: ginger; Volume: 355; Juice Content: 0-2%
78767246,amazon,Germany,Le Joli Scottish raspberry rhubarb soda 4 x 330 ml,"Le Joli Scottish raspberry rhubarb soda 4 x 330 ml
Le Joli Scottish Raspberry Rhubarb Sparkling Water 4 x 330ml
Le Joli
1320ml","["""" food and drink"""","""" beverages, coffee, tea"""","""" water""""]",https://www.amazon.de/Scottish-Himbeer-Rhabarber-Sprudelwasser-330Ml/dp/B07H3VBK21/ref=sr_1_1299?qid=1584208773&s=grocery&sr=1-1299,https://m.media-amazon.com/images/I/51RU49y8NmL._AC_UL320_.jpg,13.39,,Le Joli,Other Non-Cola Carbonates,"Flavour: rhubarb, raspberry; Pack Type: Carton/Box; Volume: 330; Juice Content: 0-2%; Carbonization: sparkling; Pack Material Type: Metal"
78823228,amazon,Germany,"Bio Vitalsaft Wildgranatapfel pur, 500ml, pomegranate- juice treatment 6 bottles ( pomegranate juice, 100% direct juice, pure Kernpressung, naturally cloudy)",,"["""" food and drink"""","""" beverages, coffee, tea"""","""" fruit juices""""]",https://www.amazon.de/Wildgranatapfel-Granatapfel-Saftkur-Granatapfelsaft-Direktsaft-Kernpressung/dp/B019H8C684/ref=sr_1_1475?s=grocery&ie=UTF8&qid=1546961476&sr=1-1475,https://images-eu.ssl-images-amazon.com/images/I/31nVI85p1EL._AC_US200_.jpg,47.7,,Obsthof Retter,Not from Concentrate 100% Juice,Volume: 500; Pack Type: Bottle; Sustainable Sourcing: organic; Made From: pomegranate; Pack Material Type: Glass; Flavour: pomegranate; Carbonization: still; Juice Content: 100%
78837304,amazon,France,maytea lemon pet 1l x 6 - sold by piece - free delivery in france,"drinks
colas, Sodas
tea
maytea lemon pet 1l x 6","["""" grocery"""","""" coffee, tea and drinks"""","""" syrups and concentrated juices""""]",https://www.amazon.fr/Maytea-Citron-Pet-1L-Livraison/dp/B07L7GFH7W/ref=sr_1_1424?qid=1553349713&s=grocery&sr=1-1424,https://images-eu.ssl-images-amazon.com/images/I/41RaWCHpbZL._AC_US200_.jpg,48.99,,May Tea,Liquid Concentrates,Flavour: lemon; Volume: 1000; Pack Type: Bottle; Pack Material Type: Plastic
78888962,amazon,Germany,"6x klosterneuburg abbey - apple juice with pear, naturtrYb - 1000ml",,"["""" food and drink"""","""" beverages, coffee, tea"""","""" fruit juices""""]",https://www.amazon.de/6x-Stift-Klosterneuburg-Apfelsaft-naturtr%C5%B8b/dp/B07BL3FZKN/ref=sr_1_2984?dchild=1&qid=1586513080&s=grocery&sr=1-2984,https://m.media-amazon.com/images/I/41gZgX3AyoL._AC_UL320_ML3_.jpg,52.03,,Stift,Not from Concentrate 100% Juice,"Made From: pear, apple; Pack Type: Bottle; Juice Content: 100%; Volume: 1000; Pack Material Type: Glass; Flavour: pear, apple; Carbonization: still"
790298729,Sun Store,Switzerland,morga raspberry syrup m Fruchtzucke 3.3 dl,"#### product description 
### description 
raspberry- syrup sweetened with fructose 

[ingredients_start]
### composition 
fructose 64 %, raspberry juice from concentrate 35%, lemon juice from concent","["""" nutrition"""","""" beverages"""",""""juices""""]",https://www.sunstore.ch/de/morga-himbeer-sirup-m-fruchtzucke-3-3-dl.html,https://www.sunstore.ch/media/catalog/product/cache/2765542505660baab28ecd555e27366e/1/5/1508031-87-1508031-PICFRONT3D.jpg,6.95,,Morga,Liquid Concentrates,Volume: 330; Flavour: raspberry; Pack Material Type: Glass; Pack Type: Bottle; Sweetener: sugar; Juice Content: 100%
79391433,amazon,Germany,Ginger Beer 200ml,"Flair Bottle
professional Barman- Kit","["""" Grocery"""","""" Drinks"""","""" Water"""","""" Tonic Water""""]",https://www.amazon.de/-/en/Ginger-Beer-200ml/dp/B01MSZ277O/ref=sr_1_350?c=ts&keywords=Tonic+Water&qid=1661089617&s=grocery&sr=1-350&ts_id=364725031,https://m.media-amazon.com/images/I/610kDs6he0L._AC_UL320_.jpg,55.55,,3 Cents,Tonic Water/Mixers/Other Bitters,Pack Material Type: Glass; Volume: 200; Flavour: ginger; Pack Type: Bottle; Juice Content: 0-2%
79593325,amazon,France,the fruit drink multivitamin rejuvenate 4 x 330 ml purdey,"the fruit drink multivitamin rejuvenate 4 x 330 ml purdey
purdey's Rejuvenate Multivitamin Fruit Drink 4 x 330ml
1320ml
purdey's","["""" grocery"""","""" coffee, tea and drinks"""","""" soft drinks""""]",https://www.amazon.fr/Boisson-Fruits-Multivitamin%C3%A9-Rajeunir-Purdey/dp/B071RSN13Y/ref=sr_1_898?qid=1584254190&s=grocery&sr=1-898,https://m.media-amazon.com/images/I/51g+CDN5yeL._AC_UL320_.jpg,13.09,,Purdey's,Other Non-Cola Carbonates,Juice Content: 0-2%; Pack Material Type: Glass; Volume: 330; Pack Type: Bottle; Carbonization: still
79949320,amazon,Germany,christinen Carat Mineral Water pack of 24 (24 x 500 ml),"christinen
Carat mineral water","["""" Grocery"""","""" Drinks"""","""" Water""""]",https://www.amazon.de/dp/B01C2M6M82,https://m.media-amazon.com/images/I/717TXiUjcxL._AC_UL320_.jpg,21.99,,Christinen,Still Bottled Water,Juice Content: 0-2%; Volume: 500; Pack Material Type: Paper / Carton; Pack Type: Liquid Carton; Carbonization: still; Water Type: mineral
80182234,amazon,Germany,3x beltè pesca icetea The' peach with infundiertem PET 0.5 l tea refreshing,,"["""" food and drink"""","""" beverages, coffee, tea"""","""" icetea""""]",https://www.amazon.de/Belt%C3%A8-Eistee-Pfirsich-infundiertem-erfrischend/dp/B07G5BL3DC/ref=sr_1_494?s=grocery&ie=UTF8&qid=1544805778&sr=1-494,https://images-eu.ssl-images-amazon.com/images/I/41dAQo0jZEL._AC_US200_.jpg,4.99,,Beltè,Still RTD Tea,"Pack Material Type: Plastic; Volume: 500; Carbonization: still; Pack Type: Bottle; Juice Content: 0-2%; Flavour: peach, tea"
80191474,amazon,Germany,24 cans a 330ml ahoy shower raspberry soft drink with raspberry flavor inc. pledge,,"["""" food and drink"""","""" beverages, coffee, tea"""","""" cola & lemonade""""]",https://www.amazon.de/Dosen-Brause-Himbeer-Erfrischungsgetr%C3%A4nk-Himbeergeschmack/dp/B073X5ZY2G/ref=sr_1_1376?s=grocery&ie=UTF8&qid=1545929304&sr=1-1376,https://images-eu.ssl-images-amazon.com/images/I/51P8emQk-7L._AC_US200_.jpg,29.99,,Ahoj Brause,Other Non-Cola Carbonates,Volume: 330; Pack Type: Can; Flavour: raspberry; Pack Material Type: Metal; Juice Content: 0-2%
80197547,amazon,Germany,daylesford organic apple juice 750ml,"daylesford organic Apple Juice 750 ml
daylesford
please note, that, unless expressly stated otherwise specified, cooking marvelous are not of the manufacturer of this item. the product packaging may d","["""" food and drink"""","""" beverages, coffee, tea"""","""" fruit juices""""]",https://www.amazon.de/Daylesford-Organic-Apfelsaft-750ml/dp/B01DDJ1E7C/ref=sr_1_4847?dchild=1&qid=1584209483&s=grocery&sr=1-4847,https://m.media-amazon.com/images/I/31BJ69GSO+L._AC_UL320_.jpg,14.15,,Daylesford,Not from Concentrate 100% Juice,Volume: 750; Sustainable Sourcing: organic; Made From: apple; Pack Type: Bottle; Pack Material Type: Glass; Flavour: apple; Carbonization: still
80204171,amazon,France,Eager Cranberry Juice Drink 1l,"please store at room temperature. once opened keep in the refrigerator and consume within 5 days.
cranberry juice","["""" grocery"""","""" coffee, tea and drinks"""","""" juice""""]",https://www.amazon.fr/Eager-Cranberry-Juice-Drink-1L/dp/B015RAMDCK/ref=sr_1_3026?qid=1568791620&s=grocery&sr=1-3026,https://m.media-amazon.com/images/I/41HUwCc+HhL._AC_UL320_.jpg,8.99,,Eager,Juice Drinks (up to 24% Juice),Volume: 1000; Flavour: cranberry; Made From: cranberry; Carbonization: still; Juice Content: 0-2%
80318541,amazon,France,LILT pineapple and grapefruit 330ml ( pack of 24 x 330ml),"price ??59p mark
storage type: ambient
type of packaging: Can","["""" grocery"""","""" coffee, tea and drinks"""","""" soft drinks""""]",https://www.amazon.fr/LILT-ananas-pamplemousse-330ml-Pack/dp/B015T2469O/ref=sr_1_1103?s=grocery&ie=UTF8&qid=1549463822&sr=1-1103,https://images-eu.ssl-images-amazon.com/images/I/5106A2GWX4L._AC_US200_.jpg,28.37,,Lilt,Other Non-Cola Carbonates,"Pack Material Type: Metal; Carbonization: still; Juice Content: 0-2%; Volume: 330; Flavour: grapefruit, pineapple; Pack Type: Can"
80668313,amazon,Germany,L & P Lemonade 355ml ( Pack of 2),"L & P; Lemonade 355ml ( Pack of 2)
please note, that, unless expressly stated otherwise specified, cooking marvelous are not of the manufacturer of this item. the product packaging may differ from tha","["""" food and drink"""","""" beverages, coffee, tea"""","""" cola & lemonade""""]",https://www.amazon.de/LP-Support-Lemonade-355ml-Pack/dp/B017NRFLGU/ref=sr_1_1213?s=grocery&ie=UTF8&qid=1553783758&sr=1-1213,https://images-eu.ssl-images-amazon.com/images/I/41ELAlWchTL._AC_US200_.jpg,4.15,,L&P,Lemonade/Lime,Pack Type: Can; Juice Content: 0-2%; Volume: 355; Pack Material Type: Metal; Flavour: lemon
80892126,amazon,France,saint amand 50cl (pack of 6),,"["""" grocery"""","""" coffee, tea and drinks"""","""" waters""""]",https://www.amazon.fr/dp/B06VVBG6Y6,https://m.media-amazon.com/images/I/51z0ZY-tupL._AC_UL320_.jpg,2.69,,Saint-Amand,Carbonated Bottled Water,Pack Material Type: Plastic; Pack Type: Bottle; Volume: 500; Juice Content: 0-2%; Carbonization: still
80905704,amazon,Germany,"fruity lemon concentrate """" Citrilemon"""" in the 1 liter bottle from piacelli",,"["""" food and drink"""","""" beverages, coffee, tea"""","""" fruit juices""""]",https://www.amazon.de/Fruchtiges-Zitronenkonzentrat-Citrilemon-Flasche-PIACELLI/dp/B00FLUQDKU/ref=sr_1_7761?s=grocery&ie=UTF8&qid=1546877172&sr=1-7761,https://images-eu.ssl-images-amazon.com/images/I/41qKmL02ttL._AC_US200_.jpg,3.9,,Piacelli,Liquid Concentrates,Pack Material Type: Plastic; Volume: 1000; Pack Type: Bottle; Flavour: lemon
80930359,amazon,Germany,gasteiner Mild mw 24 x 0.33l,,"["""" food and drink"""","""" beverages, coffee, tea"""","""" water""""]",https://www.amazon.de/Gasteiner-Mild-MW-24-33l/dp/B07FM2HBRJ/ref=sr_1_474?qid=1584352028&s=grocery&sr=1-474,https://m.media-amazon.com/images/I/415S6IL+tTL._AC_UL320_.jpg,17.49,,Gasteiner,Still Bottled Water,Carbonization: still; Volume: 330; Juice Content: 0-2%; Pack Type: Bottle; Pack Material Type: Glass
80935540,amazon,Germany,6x lamb & Watt hibiscus Tonic 4 x 200 ml,"6x lamb & Watt hibiscus Tonic 4 x 200 ml
6x Lamb & Watt hibiscus tonic 4 x 200ml
Lamb & Watt
800ml (x6)","["""" food and drink"""","""" beverages, coffee, tea"""","""" Tonic Water""""]",https://www.amazon.de/Lamm-Watt-Hibiskus-Tonic-200/dp/B07HNZQ4PQ/ref=sr_1_347?s=grocery&ie=UTF8&qid=1545842962&sr=1-347,https://images-eu.ssl-images-amazon.com/images/I/41GMZGLdZeL._AC_US200_.jpg,74.85,,Lamb & Watt,Tonic Water/Mixers/Other Bitters,Flavour: hibiscus; Volume: 200; Pack Material Type: Glass; Juice Content: 0-2%
809657779,Manor,Switzerland,syrup valais apricot,with silent or carbonated water mix. dilution: 1 part syrup on 5 to 7 share water (depending on your taste).,"["""" wine & delicatessen"""","""" Food"""","""" beverages"""","""" syrup and concentrates""""]",https://www.manor.ch/p/43890217,https://i8.amplience.net/i/manor/43890217_01,9.5,7610173093117,Morand,Liquid Concentrates,Juice Content: 0-2%; Flavour: apricot; Volume: 1000; Pack Material Type: Glass; Pack Type: Bottle
809782345,amazon,USA,Cool Mountain Black Cherry Soda - 12 oz (72 Glass Bottles),"* * *
## Important information 
Legal Disclaimer 
Statements regarding dietary supplements have not been evaluated by the FDA and are not intended to diagnose, treat, cure, or prevent any disease or h","["""" Any Department"""","""" Grocery & Gourmet Food"""","""" Beverages"""","""" Bottled Beverages, Water & Drink Mixes"""","""" Soft Drinks""""]",https://www.amazon.com/dp/B0CBZKD6G5,https://m.media-amazon.com/images/I/31LMozxxv2L._AC_UL320_.jpg,187.27,,Cool,Other Non-Cola Carbonates,Juice Content: 0-2%; Pack Material Type: Glass; Pack Type: Bottle; Volume: 355; Flavour: cherry
809816779,Trendyol,Turkey,apricot nectar 1000ml 9 pieces,"[object Object],[object Object],[object Object],[object Object],[object Object],[object Object],[object Object]the product you have examined the seller determines the selling price., migros apricot ne","[""""supermarket"""",""""food"""","""" still drinks""""]",https://www.trendyol.com/migros/kayisi-nektari-1000ml-9-adet-p-466336304,https://cdn.dsmcdn.com///ty670/product/media/images/20230102/15/250410378/664846480/1/1_org_zoom.jpg,757.2,,Migros,Nectars,Juice Content: 100%; Pack Material Type: Paper / Carton; Made From: apricot; Carbonization: still; Flavour: apricot; Volume: 1000
810191846,Trendyol,Turkey,cinnamon forest fruit flavored powdered drink cinnamon flavored 3 lt for cold drink beverage powder 250 g,"this product [page=""""merchant_info""""]KALENDER group[/ page] will be sent by. 2 ; about to be sold at the campaign price 100 more than stock available. 4 ; the product you have examined the seller determ","[""""supermarket"""",""""food and beverage"""","""" still drinks""""]",https://www.trendyol.com/gunbak/tarcin-orman-meyve-aromali-toz-icecek-tarcin-aromali-3-lt-soguk-icecek-icin-icecek-tozu-250-gr-p-313257177,https://cdn.dsmcdn.com/ty454/product/media/images/20220613/21/125379966/499658956/1/1_org_zoom.jpg,89.95,,Günbak,Powder Concentrates,Pack Type: Bag/Packet; Concentrate Format: powder; Juice Content: 0-2%; Flavour: cinnamon
81054050,amazon,Germany,"6x klosterneuburg abbey - Marillennektar, naturtr b - 750ml",,"["""" food and drink"""","""" beverages, coffee, tea"""","""" fruit juices""""]",https://www.amazon.de/6x-Stift-Klosterneuburg-Marillennektar-naturtr%C5%B8b/dp/B07BL4HC61/ref=sr_1_4108?_encoding=UTF8&c=ts&dchild=1&keywords=Fruchts%C3%A4fte&qid=1606916760&s=grocery&sr=1-4108&ts_id=364719031,https://m.media-amazon.com/images/I/31uVJ-XcbaL._AC_UL320_.jpg,85.14,,Stift,Liquid Concentrates,Juice Content: 0-2%; Volume: 750; Pack Type: Bottle; Pack Material Type: Glass
81093782,amazon,France,AGUA MINERAL 330 ml,gluten free,"["""" grocery"""","""" coffee, tea and drinks"""","""" waters"""","""" still waters""""]",https://www.amazon.fr/dp/B01C47RWTI,https://m.media-amazon.com/images/I/21vlAdGCePL._AC_UL320_.jpg,14.99,,Bezoya,Still Bottled Water,Volume: 330; Carbonization: still; Juice Content: 0-2%; Pack Material Type: Plastic; Pack Type: Bottle
81159701,amazon,France,"organic garden - pure juice Cranberry, Raisin, apple - the 2 750 ml bottle - free shipping for orders in france - price per unit","juice, syrup, Nectar
other fruits
organic garden
pure juice cranberry, raisin, apple
the 2 750ml bottle","["""" grocery"""","""" coffee, tea and drinks"""","""" syrups and concentrated juices""""]",https://www.amazon.fr/Jardin-Bio-Cranberry-Bouteille-Livraison/dp/B01HN9VF7M/ref=sr_1_2878?s=grocery&ie=UTF8&qid=1549980565&sr=1-2878,https://images-eu.ssl-images-amazon.com/images/I/41bVef3guQL._AC_US200_.jpg,48.99,,Jardin Bio,Not from Concentrate 100% Juice,"Sustainable Sourcing: organic; Pack Material Type: Glass; Flavour: raisin, apple, cranberry; Geographic Origin: france; Pack Type: Bottle; Volume: 750; Made From: apple, cranberry; Carbonization: still"
811656266,Trendyol,Turkey,mego cherry nectar 200ml 27 pieces,"[object Object],[object Object],[object Object],[object Object],[object Object],[object Object],[object Object]the product you have examined the seller determines the selling price., mego cherry necta","[""""supermarket"""",""""food"""","""" still drinks""""]",https://www.trendyol.com/ugurlu-avm/meyoz-visne-nektari-200ml-27-adet-p-60204107,https://cdn.dsmcdn.com///ty23/product/media/images/20201115/23/26634844/106402793/0/0_org_zoom.jpg,199,,Meyöz,Nectars,Flavour: cherry; Volume: 200; Pack Material Type: Paper / Carton; Pack Type: Carton/Box; Juice Content: 0-2%; Carbonization: still; Made From: cherry
811845529,Trendyol,Turkey,lemon flavored powder drink 250 gr 1 box (24 pcs),"[object Object],[object Object],[object Object],[object Object],[object Object],[object Object],[object Object]the product you have examined the seller determines the selling price., lemon flavored po","[""""supermarket"""",""""food"""","""" still drinks""""]",https://www.trendyol.com/sammey/limon-aromali-toz-icecek-250-gr-1-koli-24-adet-p-745602345,https://cdn.dsmcdn.com///ty969/product/media/images/20230723/17/396118916/981449399/1/1_org_zoom.jpg,799,,Koli,Powder Concentrates,Weight: 250; Pack Type: Carton/Box; Concentrate Format: powder; Juice Content: 0-2%; Flavour: lemon
812132860,Trendyol,Turkey,cherry flavored drink 200 ml 15 pieces,"undefined sales of the product you have examined the price is determined by the seller.., Link cherry flavored drink 200 ml cherry both sour both sweet from the aroma if you like you can choose bevera","[""""supermarket"""",""""food"""","""" still drinks""""]",https://www.trendyol.com/link/visne-aromali-icecek-200-ml-15-adet-p-69770463,https://cdn.dsmcdn.com///ty14/product/media/images/20201002/18/13079326/22241336/1/1_org_zoom.jpg,188.8,,Link,Juice Drinks (up to 24% Juice),Made From: cherry; Volume: 200; Carbonization: still; Flavour: cherry; Juice Content: 0-2%
81216773,amazon,Germany,P Lj Lemon Juice Cordial (500 ml) - pack of 6,"P Lj Lemon Juice Cordial (500ml) - pack of 6
please note, that, unless expressly stated otherwise specified, cooking marvelous are not of the manufacturer of this item. the product packaging may diffe","["""" Any Category"""","""" Grocery"""","""" Drinks"""","""" juice & smoothies"""","""" Fruit Juice""""]",https://www.amazon.de/dp/B0112PGBBS,https://m.media-amazon.com/images/I/51zgNEZGWWL._AC_UL320_.jpg,40.69,,PLj,Not from Concentrate 100% Juice,Made From: lemon; Volume: 500; Pack Type: Bottle; Carbonization: still; Flavour: lemon; Juice Features: smoothie; Pack Material Type: Glass
81223081,amazon,France,organic garden - pure juice D' Orange - the 3 bottles of 1l - unit price - delivery free in metropolitan france within 3 open days,"juice, syrup, Nectar
fresh juice, Smoothie
organic garden
pure orange juice
the 3 bottles of 1l","["""" grocery"""","""" coffee, tea and drinks"""","""" syrups and concentrated juices""""]",https://www.amazon.fr/Jardin-Bio-Bouteilles-Livraison-m%C3%A9tropolitaine/dp/B01HN9XG5Q/ref=sr_1_5548?qid=1556638080&s=grocery&sr=1-5548,https://m.media-amazon.com/images/I/41VhH-yPS+L._AC_UL320_.jpg,48.99,,Jardin Bio,Not from Concentrate 100% Juice,Sustainable Sourcing: organic; Flavour: orange; Volume: 1000; Pack Material Type: Glass; Carbonization: still; Pack Type: Bottle; Juice Features: smoothie; Juice Content: 100%; Made From: orange
814491280,Trendyol,Turkey,rosehip powder drink 300 gr,"this product [page=""""merchant_info""""]open teaching market[/ page] will be sent by. 2 ; about to be sold at the campaign price 100 more than stock available. 4 ; the product you have examined the seller ","[""""supermarket"""",""""food and beverage"""","""" still drinks""""]",https://www.trendyol.com/poli/kusburnu-toz-icecek-300-gr-p-170700561,https://cdn.dsmcdn.com/ty1543/product/media/images/ty1546/prod/QC/20240914/22/16cead58-be51-3692-9fcb-2cfd005296bd/1_org_zoom.jpg,73,,Poli,Powder Concentrates,Weight: 300; Flavour: rosehip; Concentrate Format: powder; Juice Content: 0-2%; Pack Type: Bag/Packet; Caffeine: 15-25 mg
814580662,Hepsiburada,Turkey,city boringer Freshers orange flavored granular beverage 300 gr,"city boringer Freshers orange flavored granular drink 300 gr 
brand city 
no overseas sales 
stock code HBCV000000Z0A3","["""" home page"""",""""supermarket"""",""""beverage products"""","""" still drink"""",""""beverage powders""""]",https://www.hepsiburada.com/kent-boringer-freshers-portakal-aromali-granul-icecek-300-gr-pm-HBC000000Z0A2,https://productimages.hepsiburada.net/s/61/500/110000002128011.jpg,99.99,,Kent Boringer,Powder Concentrates,Pack Type: Jar; Weight: 300; Flavour: orange; Pack Material Type: Plastic; Concentrate Format: powder; Juice Content: 0-2%
81460610,amazon,USA,Hip Syrups Natural Sugar Free Green Apple Flavored Syrup 750ml,"100% Natural Flavors - Nothing artificial
GMO Free - Gluten Free - Dye Free - No High Fructose Corn Syrup - Vegan Friendly
Delicious flavor boosts to coffee, cafe drinks, tea, lemonades, shakes, frapp","["""" Grocery & Gourmet Food"""","""" Beverages"""","""" Bottled Beverages, Water & Drink Mixes"""","""" Flavor Syrups""""]",https://www.amazon.com/Hip-Syrups-Natural-Flavored-Syrup/dp/B07KFP96L8/ref=sr_1_2265_s_it?s=grocery&ie=UTF8&qid=1542645543&sr=1-2265,https://images-na.ssl-images-amazon.com/images/I/317hBErL3pL._AC_US160_.jpg,,609311276915,Hip Syrups,Liquid Concentrates,"Pack Type: Bottle; Naturally derived: natural flavours, natural; Volume: 750; Flavour: apple; Health Claims: no sugar; Caffeine: 50-100 mg; Juice Content: 0-2%; No Artificial Ingredients: no dye, no gmo, no artificial flavours"
81480080,amazon,USA,Sprecher Gourmet Soda Cherry Cola With Door County Cherry Juice 16 Ounce,,"["""" Any Department"""","""" Grocery & Gourmet Food"""","""" Beverages"""","""" Bottled Beverages, Water & Drink Mixes"""","""" Soft Drinks""""]",https://www.amazon.com/dp/B005ZW021K,https://m.media-amazon.com/images/I/51Ye9JgbDVL._AC_UL320_.jpg,38.99,,Sprecher,Other Non-Cola Carbonates,Volume: 473; Pack Material Type: Glass; Pack Type: Bottle; Flavour: cherry; Juice Content: 0-2%
81555771,amazon,France,St yorre - sparkling natural mineral water - the 6 bottles of 500 ml - unit price - delivery free in metropolitan france within 3 open days,"Eau
sparkling water
st yorre
sparkling natural mineral water
the 6 bottles of 500ml","["""" grocery"""","""" coffee, tea and drinks"""","""" syrups and concentrated juices""""]",https://www.amazon.fr/Yorre-Naturelle-Bouteilles-Livraison-m%C3%A9tropolitaine/dp/B01HTQ5XFO/ref=sr_1_5417?qid=1556638056&s=grocery&sr=1-5417,https://m.media-amazon.com/images/I/4100AYbIJRL._AC_UL320_.jpg,31.99,,St Yorre,Carbonated Bottled Water,Volume: 500; Water Type: mineral; Carbonization: sparkling; Pack Type: Bottle; Juice Content: 0-2%; Pack Material Type: Metal; Naturally derived: natural
816241664,Voila,Canada,Farm Boy Sparkling Lemonade Lime 750 ml (bottle),,"["""" Beverages"""","""" Iced Tea & Lemonade"""","""" Lemonade""""]",https://voila.ca/products/7432EA,https://voila.ca/images-v3/2d92d19c-0354-49c0-8a91-5260ed0bf531/ceefc123-2b1d-480d-b1a1-ffcf8099b056/1280x1280.jpg,3.49,,Farm Boy,Lemonade/Lime,"Carbonization: sparkling; Juice Content: 0-2%; Volume: 750; Flavour: lime, lemon"
81680731,amazon,Germany,Jack Rudy Cocktail Co elder tonic 500 ml,"Jack Rudy Cocktail Co elder tonic 500 ml
Jack Rudy Cocktail Co elderflower tonic 500ml
Jack Rudy Cocktail Co.
500ml","["""" food and drink"""","""" beverages, coffee, tea"""","""" Tonic Water""""]",https://www.amazon.de/Jack-Rudy-Cocktail-Holunder-Tonikum/dp/B07H3684MG/ref=sr_1_461?qid=1553961727&s=grocery&sr=1-461,https://m.media-amazon.com/images/I/31FHwfRK9tL._AC_UL320_.jpg,31.99,,Jack Rudy,Tonic Water/Mixers/Other Bitters,Volume: 500; Flavour: elderflower; Juice Content: 0-2%; Pack Type: Bottle; Pack Material Type: Glass; Immune Support Ingredients: elderberry
81709213,amazon,Germany,"6x klosterneuburg abbey - apple juice Golden Delicious, naturally cloudy - 1000ml",,"["""" food and drink"""","""" beverages, coffee, tea"""","""" fruit juices""""]",https://www.amazon.de/Stift-Klosterneuburg-Apfelsaft-Delicious-naturtr%C3%BCb/dp/B07BL3R8X7/ref=sr_1_2956?dchild=1&qid=1586513074&s=grocery&sr=1-2956,https://m.media-amazon.com/images/I/41viXdEMsIL._AC_UL320_ML3_.jpg,41.47,,Stift,Not from Concentrate 100% Juice,Volume: 1000; Pack Type: Bottle; Flavour: apple; Pack Material Type: Glass; Made From: apple; Carbonization: still
817294856,amazon,USA,Kutztown Orange Cream - 12 oz (96 Glass Bottles),"* * *
## Important information 
Legal Disclaimer 
Statements regarding dietary supplements have not been evaluated by the FDA and are not intended to diagnose, treat, cure, or prevent any disease or h","["""" Grocery & Gourmet Food"""","""" Beverages"""","""" Bottled Beverages, Water & Drink Mixes"""","""" Soda Soft Drinks""""]",https://www.amazon.com/Kutztown-Orange-Cream-Glass-Bottles/dp/B0CDVJLV3X/ref=sr_1_4258?c=ts&keywords=Soda+Soft+Drinks&qid=1694834564&s=grocery&sr=1-4258&ts_id=16318231,https://m.media-amazon.com/images/I/51mNAL-FsvL._AC_UL320_.jpg,332.65,,Kutztown,Orange Carbonates,Volume: 355; Pack Material Type: Glass; Pack Type: Bottle; Juice Content: 0-2%; Flavour: orange
817999463,amazon,USA,Kutztown Root Beer - 12 oz (72 Glass Bottles),"* * *
## Important information 
Legal Disclaimer 
Statements regarding dietary supplements have not been evaluated by the FDA and are not intended to diagnose, treat, cure, or prevent any disease or h","["""" Grocery & Gourmet Food"""","""" Beverages"""","""" Bottled Beverages, Water & Drink Mixes"""","""" Soda Soft Drinks""""]",https://www.amazon.com/Kutztown-Root-Beer-Glass-Bottles/dp/B0CDVHPLP4/ref=sr_1_6606?c=ts&keywords=Soda+Soft+Drinks&qid=1704856595&s=grocery&sr=1-6606&ts_id=16318231,https://m.media-amazon.com/images/I/21JiAeFWFYL._AC_UL320_.jpg,202.22,,Kutztown,Other Non-Cola Carbonates,Juice Content: 0-2%; Pack Type: Bottle; Volume: 355
818227288,amazon,USA,"Petal Sparkling Water, Peach Marigold Basil, 4 Count, 48 Oz ( Pack of 6)","* * *
## Important information 
[ingredients_start]
Ingredients 
Petal Sparkling Water, Peach Marigold Basil, 4 Count, 48 Oz ( Pack of 6) 
[ingredients_end]

Legal Disclaimer 
Statements regarding die","["""" Grocery & Gourmet Food"""","""" Beverages"""","""" Bottled Beverages, Water & Drink Mixes"""","""" Drinking Water""""]",https://www.amazon.com/dp/B0B76MG4W6,https://m.media-amazon.com/images/I/81IduzAjfYL._AC_UL320_.jpg,46.76,,Petal,Sparkling Flavoured Bottled Water,"Pack Material Type: Metal; Juice Content: 0-2%; Flavour: peach, basil; Carbonization: sparkling"
81849080,Willys,Sweden,julmust soda can,carbonated soft drink.,"["""" drink"""",""""soda"""","""" small""""]",https://www.willys.se/produkt/Julmust-Lask-Burk-101231204_ST,https://d2rfo6yapuixuu.cloudfront.net/h2c/h62/8857954713630/7611612514927.jpg_master_axfood_400,5.9,7611612514927,Premier,Other Non-Cola Carbonates,"Volume: 330; Carbonization: carbonated, gently carbonated; Juice Content: 0-2%; Sweetener: sugar; Pack Material Type: Metal; Pack Type: Can"
81938494,amazon,Germany,ikea Juice Flader - elderflower syrup / 0.5 l / 0.5 l,"the Holunderstrauch wearing white flowers, suitable for production of syrup and jam. mix them with water (1: 6) as a table drink or use as Basis in different drinks.","["""" Drinks"""","""" Fizzy Drinks""""]",https://www.amazon.de/-/en/IKEA-Juice-Fl%C3%A4der-Elderflower-syrup/dp/B00RK7AOE8/ref=sr_1_2907?qid=1653919348&s=grocery&sr=1-2907,https://m.media-amazon.com/images/I/41eELTomvtL._AC_UL320_.jpg,38,,Ikea,Liquid Concentrates,Pack Type: Bottle; Pack Material Type: Glass; Flavour: elderflower; Volume: 500; Juice Content: 0-2%
819981985,Trendyol,Turkey,mint-lemon flavored oral tea i beverage powder 300gr Hot Drink hot consume,"this product [page=""""merchant_info""""]ELDEST AS[/ page] will be sent by. 2 ; about to be sold at the campaign price 100 more than stock available. 4 ; the product you have examined the seller determines ","[""""supermarket"""",""""food and beverage"""","""" still drinks""""]",https://www.trendyol.com/mahbuba/nane-limon-aromali-oralet-cayi-icecek-tozu-300gr-hot-drink-sicak-tuketiniz-p-376424517,https://cdn.dsmcdn.com///ty1412/product/media/images/prod/QC/20240710/10/c989a6eb-afcf-3603-a1b1-7d126eceb9ff/1_org_zoom.jpg,59,,Mahbuba,Powder Concentrates,"Concentrate Format: powder, vitamins; Weight: 300; Juice Content: 0-2%; Caffeine: 15-25 mg; Immune Support Ingredients: vitamin c; Flavour: tea, lemon, mint; Pack Type: Jar; Health Claims: good source of vitamins"
821181530,amazon,Germany,"YO Blackcurrant Syrup (1 x 700 ml) - 1 x bottle Makes up to 6 Litres of ready drink - No Sweeteners, colors & Preservatives, Vegan","## Product information 
# Technical Details 
##### General Information 
Product Dimensions ‎7.1 x 7.1 x 30.3 cm 
Product Name ‎ Fruit syrup black currant (black rifle), total fruit juice content: 20%,","["""" Grocery"""","""" Drinks"""","""" beverage syrups & concentrates""""]",https://www.amazon.de/dp/B09XN2K4N6,https://m.media-amazon.com/images/I/61ew2MgX-oL._AC_UL320_.jpg,3.85,,Yo,Liquid Concentrates,"Immune Support Ingredients: elderberry; Sustainable Packaging: can be recycled; Volume: 700; Sustainable Sourcing: organic, eu organic; No Artificial Ingredients: no artificial preservatives, no artificial sweeteners; Pack Material Type: Glass; Caffeine: 150-200 mg; Sweetener: hfcs; Geographic Origin: austria; Flavour: blackcurrant; Juice Content: 15-25%; Pack Type: Bottle"
82128442,amazon,Germany,4x folkington Club Soda 8 x 150 ml,"4x folkington Club Soda 8 x 150 ml
4x folkington's Club Soda 8 x 150ml
folkington's
1200ml (x4)","["""" food and drink"""","""" beverages, coffee, tea"""","""" Tonic Water""""]",https://www.amazon.de/4x-Folkington-Club-Soda-150Ml/dp/B07HM64XTS/ref=sr_1_387?qid=1553961720&s=grocery&sr=1-387,https://m.media-amazon.com/images/I/41KR0g9LonL._AC_UL320_.jpg,39.59,,Folkington's,Other Non-Cola Carbonates,Pack Type: Carton/Box; Volume: 150; Juice Content: 0-2%; Pack Material Type: Paper / Carton
82153370,amazon,Germany,Harvey Nichols soda 750 ml,"Harvey Nichols soda 750 ml
Harvey Nichols Sparkling Water 750ml
Harvey Nichols
750ml","["""" food and drink"""","""" beverages, coffee, tea"""","""" water""""]",https://www.amazon.de/Harvey-Nichols-Sprudelwasser-750Ml/dp/B07H35K21F/ref=sr_1_1047?s=grocery&ie=UTF8&qid=1553620142&sr=1-1047,https://images-eu.ssl-images-amazon.com/images/I/31KSDknAgsL._AC_US200_.jpg,7.85,,Harvey Nichols,Carbonated Bottled Water,Pack Material Type: Glass; Water Type: soda; Volume: 750; Juice Content: 0-2%; Pack Type: Bottle; Carbonization: sparkling
822206752,Trendyol,Turkey,organic with propolis orange and carrot juice 12x250ml,"this product [page=""""merchant_info""""] HepsiPREMIUM[/ page] will be sent by. 2 ; about to be sold at the campaign price 5 more than stock available. 4 ; a product, suddenly can be sold by many sellers. b","[""""supermarket"""",""""food and beverage"""","""" still drinks""""]",https://www.trendyol.com/benorganic/organik-propolisli-portakal-ve-havuc-suyu-12x250ml-p-752366997,https://cdn.dsmcdn.com/ty984/product/media/images/prod/SPM/PIM/20230816/13/34b509c6-75de-3fbd-be3b-c9670efe6b62/1_org_zoom.jpg,899,,Benorganic,Not from Concentrate 100% Juice,"Pack Type: Bottle; Carbonization: still; Volume: 250; Caffeine: 15-25 mg; Flavour: orange, carrot; Made From: orange, carrot; Juice Content: 100%; Sustainable Sourcing: organic"
82232799,amazon,Germany,2x Handler-200 Ml pink heart peppercorn Tonic,"2x Handler-200 Ml pink heart peppercorn Tonic
2x Merchant's Heart Pink Peppercorn tonic 200ml
Merchant's Heart
200ml (x2)","["""" food and drink"""","""" beverages, coffee, tea"""","""" water""""]",https://www.amazon.de/H%C3%A4ndler-200Ml-Rosa-Herz-Pfefferkorn-Tonic/dp/B07HH6VWK8/ref=sr_1_1217?dchild=1&qid=1584267271&s=grocery&sr=1-1217,https://m.media-amazon.com/images/I/41joKuGhTWL._AC_UL320_.jpg,8.75,,Merchant's Heart,Tonic Water/Mixers/Other Bitters,Pack Type: Bottle; Volume: 200; Juice Content: 0-2%; Pack Material Type: Glass; Carbonization: still
82252885,amazon,France,go out energy regular drink multipack 24 x 250 ml ( pack of 2),"go out energy regular drink multipack 24 x 250 ml ( pack of 2)
Emerge Regular Energy Drink multipack 24 x 250ml ( Pack of 2)
24 x 250ml (x2)
Emerge
amount: 2","["""" grocery"""","""" coffee, tea and drinks"""","""" sports drinks""""]",https://www.amazon.fr/Sortir-L%C3%89nergie-R%C3%A9guli%C3%A8re-Boisson-Multipack/dp/B01M67YW8F/ref=sr_1_665?qid=1584256928&s=grocery&sr=1-665,https://m.media-amazon.com/images/I/51sJ9Lg8lxL._AC_UL320_.jpg,35.29,,Emerge,Energy Drinks,Health Claims: energy boosting; Juice Content: 0-2%; Volume: 250; Caffeine: 25-50 mg; Carbonization: still; Pack Material Type: Metal; Pack Type: Carton/Box
824838502,Voila,Canada,Peace Tea Iced Tea Drink Peach Party 12 x 341 ml (cans),,"["""" Beverages"""","""" Iced Tea & Lemonade"""","""" Iced Tea""""]",https://voila.ca/products/531405CS,https://voila.ca/images-v3/2d92d19c-0354-49c0-8a91-5260ed0bf531/c27338d4-34e2-4f91-b6ca-8179cad0ac86/1280x1280.jpg,10.99,,Peace Tea,Still RTD Tea,"Naturally derived: natural flavours; Carbonization: still; Juice Content: 0-2%; Sweetener: cane sugar, sucralose, fructose; Water Type: filtered; Flavour: peach, tea"
825204039,Aldi,USA,"Blackberry Belle Vie Sparkling Flavored Water - 12 pack, 12 fl oz","Shop ALDI for Pur Aqua Blackberry Belle Vie Sparkling Flavored Water - 12 pack, 12 fl oz , where you can always find Water at an affordable price! 
No backyard barbecue is complete without this 12 pac","["""" Beverages"""","""" Water""""]",https://new.aldi.us/product/puraqua-blackberry-belle-vie-sparkling-flavored-water-12-pack-12-fl-oz-0000000000018359,https://dm.cms.aldi.cx/is/image/prod1amer/product/jpg/scaleWidth/750/00dff5c0-2261-4a68-8836-c141ee070ac2/Blackberry%20Belle%20Vie%20Sparkling%20Flavored%20Water%20%2012%20pack%2012%20fl%20oz,4.39,,Pur Aqua,Sparkling Flavoured Bottled Water,Flavour: blackberry; Carbonization: sparkling; Pack Type: Carton/Box; Water Type: flavoured; Juice Content: 0-2%; Volume: 355; Health Claims: no sugar
82658895,amazon,Germany,N- Gine Energy Drink Blue (250ml) - pack of 2,"N- Gine Energy Drink Blue (250ml) - Pack of 2
please note, that, unless expressly stated otherwise specified, cooking marvelous are not of the manufacturer of this item. the product packaging may diff","["""" food and drink"""","""" beverages, coffee, tea"""","""" sports drinks""""]",https://www.amazon.de/N-Gine-Energy-Drink-Blue-250ml/dp/B01121E10K/ref=sr_1_1858?qid=1554453554&s=grocery&sr=1-1858,https://m.media-amazon.com/images/I/61X-RoHkRBL._AC_UL320_.jpg,8.08,,N-Gine,Energy Drinks,Volume: 250; Health Claims: energy boosting; Carbonization: still; Pack Material Type: Metal; Juice Content: 0-2%
82692268,amazon,Germany,jax Coco sparkling coconut water with raspberry 238ml,"jax Coco sparkling coconut water with raspberry 238ml
jax Coco Sparkling Coconut Water with Raspberry 238ml
jax Coco
238ml","["""" food and drink"""","""" beverages, coffee, tea"""","""" coconut water""""]",https://www.amazon.de/Jax-Coco-Funkelnde-Kokoswasser-Himbeere/dp/B07H35WKJL/ref=sr_1_133?qid=1553960747&s=grocery&sr=1-133,https://m.media-amazon.com/images/I/311O6GlUcwL._AC_UL320_.jpg,7.39,,Jax Coco,Coconut and Other Plant Waters,"Volume: 238; Water Type: coconut; Carbonization: sparkling; Made From: coconut, raspberry; Flavour: coconut, raspberry; Pack Type: Bottle; Pack Material Type: Plastic; Juice Content: 0-2%"
82721177,amazon,Germany,Green Waldmeisterlimonade EW 12 x 0.33l,,"["""" food and drink"""","""" beverages, coffee, tea"""","""" cola & lemonade""""]",https://www.amazon.de/Green-Waldmeisterlimonade-EW-12-33l/dp/B07FTF2M41/ref=sr_1_1277?dchild=1&qid=1584354834&s=grocery&sr=1-1277,https://images-eu.ssl-images-amazon.com/images/I/31gK27W6gjL._AC_US200_.jpg,17.99,,Green's,Regular Cola Carbonates,Volume: 330; Pack Material Type: Glass; Pack Type: Bottle; Juice Content: 0-2%
82766061,amazon,Germany,eager pink grapefruit juice not from concentrate 1l,"eager pink grapefruit juice not from concentrate 1l
Eager Pink Grapefruit Juice Not From Concentrate 1l
Eager
quantity: 1","["""" Grocery"""","""" Drinks"""","""" juice & smoothies""""]",https://www.amazon.de/dp/B01K25FZRA,https://m.media-amazon.com/images/I/41wBGgqO-hL._AC_UL320_.jpg,9.25,,Eager,Not from Concentrate 100% Juice,"Volume: 1000; Carbonization: still; Flavour: grapefruit; Juice Content: 100%; Made From: grapefruit; Juice Features: smoothie, not from concentrate"
82766497,amazon,France,6x speyside Glenlivet again 750 ml D' Eau,"6x speyside Glenlivet again 750 ml D' Eau
6x speyside Glenlivet Still Water 750ml
750ml (x6)
speyside","["""" grocery"""","""" coffee, tea and drinks"""","""" waters""""]",https://www.amazon.fr/Speyside-Glenlivet-Encore-750-DEau/dp/B07HNXJXCW/ref=sr_1_524?qid=1560004923&s=grocery&sr=1-524,https://m.media-amazon.com/images/I/31orYjESwVL._AC_UL320_.jpg,33.55,,Speyside Glenlivet,Still Bottled Water,Volume: 750; Carbonization: still; Pack Material Type: Glass; Juice Content: 0-2%
828232988,amazon,USA,"Royal Crown Cola Soda, 12 fl oz, 6 Cans with Mooresville Merchant Decal","Brand Mooresville Merchant 
Number of Items 6 
Unit Count 12.00 Fl Oz 
* * *
About this item 
* Unveil the taste of Royal Crown RC Cola with this 12 fl oz set of 6 cans. 
* Proudly presenting RC Cola,","["""" Grocery & Gourmet Food"""","""" Beverages"""","""" Bottled Beverages, Water & Drink Mixes"""","""" Soda Soft Drinks""""]",https://www.amazon.com/Royal-Crown-Mooresville-Merchant-Decal/dp/B0CF6YQVL8/ref=sr_1_3004?c=ts&keywords=Soda+Soft+Drinks&qid=1698204212&s=grocery&sr=1-3004&ts_id=16318231,https://m.media-amazon.com/images/I/71bKNrP+IYL._AC_UL320_.jpg,21.98,659359308765,Royal Crown,Other Non-Cola Carbonates,Caffeine: 0-15 mg; Volume: 355; Carbonization: carbonated; Pack Type: Can; Juice Content: 0-2%; Pack Material Type: Metal
82891232,Coop,Sweden,julmust 12-pack,"nygårdas julmust based sig på one original recipe from 1910 and tastes as a must should taste. with a perfect balance between sweetness, juliga spices and lovely foam is ours must loved by both large ","["""" drink"""","""" lask"""","""" colasmak""""]",https://www.coop.se/handla/varor/-7310403001669,"https://res.cloudinary.com/coopsverige/image/upload/fl_progressive,q_90,c_lpad,g_center,h_330,w_330/v1530736940/313753.jpg",55.95,7310403001669,Nygårda,Other Non-Cola Carbonates,Sweetener: sugar; Volume: 330; Pack Material Type: Flexible Pack; Carbonization: gently carbonated; Pack Type: Bag/Packet; Juice Content: 0-2%
829482844,amazon,Germany,YO elderflower Syrup (6 x 700 ml) - 1 x bottle Makes up to 6 Litres of ready drink & Syrup Raspberry (6 x 700 ml) - 1 x bottle Makes up to 6 Litres of ready drink,"* product 1: fruit enjoyment with YO: with only one bottle YO elderflower syrup (700 ml) can up to 6 liter of finished drink be mixed. that not only saves a huge amount plastic bottle, but also space ","["""" Grocery"""","""" Drinks"""","""" juice & smoothies""""]",https://www.amazon.de/dp/B0CH39CHQX,https://m.media-amazon.com/images/I/61wPQqxpiGL._AC_UL320_.jpg,49.83,,Yo,Liquid Concentrates,"No Artificial Ingredients: no artificial preservatives; Pack Type: Bottle; Volume: 700; Pack Material Type: Glass; Flavour: elderflower, raspberry; Juice Content: 0-2%"
82979435,amazon,USA,Orange Crush Water Enhancer ( Pack of 16),,"["""" Grocery & Gourmet Food"""","""" Beverages"""","""" Bottled Beverages, Water & Drink Mixes"""","""" Powdered Drink Mixes & Flavorings""""]",https://www.amazon.com/Orange-Crush-Water-Enhancer-Pack/dp/B07KJMDRZ3/ref=sr_1_3723_s_it?s=grocery&ie=UTF8&qid=1544807743&sr=1-3723,https://images-na.ssl-images-amazon.com/images/I/41nZnxPmrKL._AC_US160_.jpg,63.34,752798350002,Orange Crush,Liquid Concentrates,Pack Material Type: Metal; Flavour: orange; Juice Content: 0-2%
83044291,amazon,Germany,ballygowan silent waters 6 x 500 ml,"ballygowan silent waters 6 x 500 ml
ballygowan Still water 6 x 500ml
ballygowan
3000ml","["""" food and drink"""","""" beverages, coffee, tea"""","""" water""""]",https://www.amazon.de/Ballygowan-Stilles-Wasser-500Ml/dp/B07H3TDK62/ref=sr_1_1012?s=grocery&ie=UTF8&qid=1553620139&sr=1-1012,https://images-eu.ssl-images-amazon.com/images/I/51ZZQom3xTL._AC_US200_.jpg,4.99,,Ballygowan,Still Bottled Water,Volume: 500; Pack Material Type: Plastic; Carbonization: still; Juice Content: 0-2%
83070295,amazon,France,juice' Aloe Vera maximum strength 500 ml,"juice' Aloe Vera maximum strength 500 ml
Aloe Vera Maximum Strength Juice 500ml
Optima Aloe Vera
500ml","["""" hygiene and health"""","""" nutrition and dietetics"""","""" nutritional bars and drinks""""]",https://www.amazon.fr/DAloe-Vera-Force-Maximale-500Ml/dp/B07H38BWRP/ref=sr_1_4022?qid=1584341261&s=hpc&sr=1-4022,https://m.media-amazon.com/images/I/416vVl44icL._AC_UL320_.jpg,15.69,,Optima,Coconut and Other Plant Waters,Volume: 500; Made From: aloe vera; Water Type: aloe vera; Pack Material Type: Plastic; Juice Content: 0-2%; Carbonization: still; Pack Type: Bottle
83085806,amazon,France,cidou pure juice france apple 6x1l glass - sold by piece - free delivery in france,"drinks
juice
apple
cidou pure juice france apple 6x1l glass","["""" grocery"""","""" coffee, tea and drinks"""","""" syrups and concentrated juices""""]",https://www.amazon.fr/Cidou-france-pomme-6X1L-verre/dp/B01LFUL5IO/ref=sr_1_1714?s=grocery&ie=UTF8&qid=1544278814&sr=1-1714,https://images-eu.ssl-images-amazon.com/images/I/41q90i-2PpL._AC_US200_.jpg,51.99,,Cidou,Not from Concentrate 100% Juice,Pack Material Type: Glass; Geographic Origin: france; Carbonization: still; Made From: apple; Volume: 1000; Juice Content: 100%; Pack Type: Bottle; Flavour: apple
831590815,Trendyol,Turkey,with coffee milk drink latte 330 ml ( 12 pieces ),"undefined sales of the product you have examined the price is determined by the seller.., sec with coffee milk drink latte 330 ml ( 12 pieces ), more than this product 10 can be ordered. over 10 cance","[""""supermarket"""",""""food"""",""""milk""""]",https://www.trendyol.com/sek/kahveli-sutlu-icecek-latte-330-ml-12-adet-p-759976374,https://cdn.dsmcdn.com///ty996/product/media/images/prod/SPM/PIM/20230907/00/3d3e608d-ab0b-3fb0-be68-0bba21b823d2/1_org_zoom.jpg,907.2,,SEK,RTD Coffee,"Carbonization: still; Flavour: latte, coffee; Juice Content: 0-2%; Pack Material Type: Paper / Carton; Pack Type: Liquid Carton; RTD Coffee Style: latte; Volume: 330"
832199578,Planeta Huerto,Spain,juice of kiwi and organic apple 100% squeezed ékolo 750 ml,"juice of kiwi and organic apple, obtained exclusively from 100% fresh fruit, collected in orchards organic farming , in its optimal moment ripening, selected manually and made by traditional methods t","["""" feeding"""","""" organic juices""""]",https://www.planetahuerto.es/venta-zumo-de-kiwi-y-manzana-bio-100-exprimido-ekolo_93331/112652?qty=1,https://cdn2.planetahuerto.es/estaticos/imagenes/ficha/93331/93331_1.jpg,3.2,,Ekolo,Not from Concentrate 100% Juice,"Carbonization: still; Sustainable Sourcing: organic; No Artificial Ingredients: no artificial additives; Pack Material Type: Glass; Pack Type: Bottle; Made From: kiwi, apple; Volume: 750; Flavour: kiwi, apple; Juice Features: cold press; Naturally derived: natural; Health Claims: no added sugar; Juice Content: 100%"
8324986,jet.com,USA,Venom Strawberry Apple Low Calorie Energy Drink PP .99 cents 16 oz Cans ( Pack of 24),,"[""""grocery"""",""""beverages"""",""""soft-drinks""""]",https://jet.com/product/product/d21e0e5af50d4e548be445fa3d1387fd,https://images.jet.com/md5/365dd888ec5c9441b1099705552ca36a,33.64,,Venom,Energy Drinks,"Juice Content: 0-2%; Volume: 473; Flavour: strawberry, apple; Pack Material Type: Metal; Health Claims: energy boosting, low calories; Pack Type: Can"
832769634,Walmart,USA,"Alpine Spiced Cider Original Drink Mix, Apple Flavor ( Pack of 2)",""""" Spiced Apple Cider Instant Drink Mix"""" ; Food Form Powders ; Container Type Box ; Brand Alpine","["""" Food"""","""" Beverages"""","""" Juices"""","""" Apple Cider""""]",https://www.walmart.com/ip/Alpine-Spiced-Cider-Original-Drink-Mix-Apple-Flavor-Pack-of-2/383864243?classType=REGULAR,https://i5.walmartimages.com/seo/Alpine-Spiced-Cider-Original-Drink-Mix-Apple-Flavor-Pack-of-2_de29ad44-b1e8-4f60-b856-74824b4c4138.f54b1226098d99be382e9e88a29850ec.jpeg,12.44,,Alpine,Powder Concentrates,Juice Content: 0-2%; Flavour: apple; Concentrate Format: powder
83284186,amazon,Germany,Radnor Fruits Orange 3 x 200 ml,"vegetarian
packaging: plastic- packaging","["""" food and drink"""","""" beverages, coffee, tea"""","""" fruit juices""""]",https://www.amazon.de/Radnor-Fruits-Orange-200/dp/B07H33RDQ3/ref=sr_1_4347?s=grocery&ie=UTF8&qid=1553788164&sr=1-4347,https://images-eu.ssl-images-amazon.com/images/I/51ZRKMZ1iFL._AC_US200_.jpg,3.75,,Radnor,Juice Drinks (up to 24% Juice),Pack Material Type: Flexible Pack; Flavour: orange; Made From: orange; Volume: 200; Carbonization: still
833865035,Trendyol,Turkey,peach powder drink 300 gr,"[object Object],[object Object],[object Object],[object Object],[object Object],[object Object],[object Object]the product you have examined the seller determines the selling price.,ORI PEACH powder d","[""""supermarket"""",""""food"""","""" still drinks""""]",https://www.trendyol.com/ori/seftali-toz-icecek-300-gr-p-54910435,https://cdn.dsmcdn.com///ty18/product/media/images/20201025/1/19491060/97359160/0/0_org_zoom.jpg,114.99,,Ori,Powder Concentrates,Juice Content: 0-2%; Flavour: peach; Pack Material Type: Flexible Pack; Concentrate Format: powder; Weight: 300
83397754,amazon,Italy,riemer schmid Bar syrup hazelnut 0.7 l bottle,"syrup high quality like the professionals use it
with openings mixing ratio guide
fits perfectly to bakery e to mix for cocktails
coffee even in a particular of pleasure
Anton riemer schmid distiller ","["""" coffee, tea and drinks"""","""" drinks syrups and concentrates""""]",https://www.amazon.it/riemer-Schmid-Sciroppo-Nocciola-Bottiglia/dp/B002YOZJAG/ref=sr_1_716?brr=1&qid=1673282105&rd=1&s=grocery&sr=1-716,https://m.media-amazon.com/images/I/51a+sSLsucL._AC_UL320_.jpg,12.99,,Riemerschmid,Liquid Concentrates,Volume: 700; Juice Content: 0-2%; Flavour: hazelnut; Pack Material Type: Glass; Pack Type: Bottle
836427278,Planeta Huerto,Spain,alkaline water 9.5 monchique 5 liters,"alkaline water 9.5 monchique 
in format 0.5 l , 1.5 l, 5 l and 10 liters 
water alkaline monchique contains a ph of 9.5 and antioxidant, according several studies it is mineral water spring plus alkal","["""" supplements"""","""" minerals and trace elements""""]",https://www.planetahuerto.es/venta-agua-alcalina-95-monchique_100705/135660?qty=1,https://cdn2.planetahuerto.es/estaticos/imagenes/ficha/100705/100705_1.jpg,4.95,,Monchique,Functional Bottled Water,"Carbonization: still; Volume: 5000; Health Claims: good source of nutrients, antioxidant; Pack Material Type: Plastic; Juice Content: 0-2%; Pack Type: Bottle; Immune Support Ingredients: antioxidants; Contains Minerals: calcium, magnesium; Water Type: alkaline"
83838972,ICA,Sweden,julmust barrel stored 33cl nygårda,"information from supplier 
one adults mustalternativ as lagras on ekfat in two months to give one taste experience extraordinary. taste: medium sweet balanced sweetness round and smooth with elements ","["""" drink"""",""""soda"""","""" small soda"""",""""other flavors""""]",https://www.ica.se/handla/kategori/dryck-id_306/produkt/julmust-fatlagrad-33cl-nygarda-id_p_7310401004778/?s=ica-supermarket-sabbatsberg-id_13026,"https://assets.icanet.se/t_product_large_2x_v1,f_auto/7310401004778.jpg",12.9,7310401004778,Nygårda,Other Non-Cola Carbonates,"Sweetener: sugar; Juice Content: 0-2%; Volume: 330; Pack Type: Bottle; Caffeine: 15-25 mg; Pack Material Type: Glass; Carbonization: carbonated, gently carbonated"
83842921,Carrefour,Turkey,Camlca soda 250 ml,camlica soda 250 mlTurkiye'nin Width legend soda from brands someone who camlica soda 250 ml unforgettable and indispensable its taste country brand assurance with your tables is indispensable. lemon,"["""" home page"""",""""beverages"""","""" carbonated drinks""""]",https://www.carrefoursa.com/tr/camlica-gazoz-250-ml-p-30096694,https://reimg-carrefour.mncdn.com/mnresize/1200/1200/productimage/30096694/30096694_0_MC/8796974121010_1499977950873.jpg,1.59,,Çamlica,Other Non-Cola Carbonates,Pack Type: Bottle; Volume: 250; Carbonization: carbonated; Juice Content: 0-2%; Pack Material Type: Glass
838808530,Food Market Herkku,Finland,light feeling kombucha Mango 0.33 l fit tlk,"light feeling kombucha Mango on in finland with genuine kaymisprosessilla, manually in small in installments prepared, real green organic tee -based fermented tea drink. Pastoroimattomuuden thanks to ","["""" beverages"""","""" energy drinks and sports drinks"""","""" wellness drinks""""]",https://www.s-kaupat.fi/tuote/6419800053712,https://cdn.s-cloud.fi/v1/w828_q75/product/ean/6419800053712_kuva1.jpg,1.07,6419800053712,KevytOlo,Carbonated RTD Tea and Kombucha,"Pack Material Type: Metal; Sustainable Sourcing: organic; Sweetener: cane sugar, sugar; Tea Type: green; Volume: 330; Carbonization: carbonated; Health Claims: probiotic; Juice Content: 0-2%; Pack Type: Can; Naturally derived: natural fragrances; Flavour: mango"
838930389,amazon,Spain,juice red cranberry BIO 330 ml,"unit count: 330.00 milliliter mark: voelkel package weight: 5.66 kilograms 
* * *
# about this product 
* juice red cranberry BIO 330 ml 
## product information 
# technical details 
maker ‎voelkel 
b","["""" alimentation and drinks"""","""" coffee, tea and drinks"""","""" juices""""]",https://www.amazon.es/dp/B0C6FMVD3F,https://m.media-amazon.com/images/I/51AAzGn9AyL._AC_UL320_.jpg,9.45,,Bio Primo,Not from Concentrate 100% Juice,Made From: cranberry; Sustainable Sourcing: organic; Volume: 330; Pack Material Type: Glass; Pack Type: Bottle; Flavour: cranberry; Carbonization: still
840562876,Trendyol,Turkey,4 obsesso cold coffee Mocha tin 250 ml.,"undefined sales of the product you have examined the price is determined by the seller..,4 obsesso cold coffee Mocha tin 250 ml., more than this product 10 can be ordered. over 10 cancel orders trendy","[""""supermarket"""",""""food"""","""" still drinks""""]",https://www.trendyol.com/obsesso/4-lu-obsesso-soguk-kahve-mocha-teneke-250-ml-p-768483385,https://cdn.dsmcdn.com///ty1009/product/media/images/prod/SPM/PIM/20231007/19/ad6c4bcc-d9cc-359b-8d29-156ef9d4f1a7/1_org_zoom.jpg,194.61,,Obsesso,RTD Coffee,"Flavour: mocha, coffee; Carbonization: still; Pack Material Type: Metal; Volume: 250; Coffee Type: mocha; Juice Content: 0-2%; RTD Coffee Style: mocha"
841194402,Voilà,Canada,1642 Yuzu Sparkling Beverage 750 ml (bottle),Shop Canada,"["""" Beverages"""","""" Soft Drinks"""","""" Other Soft Drinks""""]",https://voila.ca/products/636067EA,https://voila.ca/images-v3/2d92d19c-0354-49c0-8a91-5260ed0bf531/3a634bb5-0390-4490-b71f-5ae908cd550d/500x500.jpg,6.49,,1642,Other Non-Cola Carbonates,Volume: 750; Carbonization: sparkling; Pack Material Type: Glass; Juice Content: 0-2%
841257481,Voilà,Canada,Farm Boy Sparkling Lemonade Raspberry 750 ml (bottle),Shop Canada,"["""" Beverages"""","""" Iced Tea & Lemonade"""","""" Lemonade""""]",https://voila.ca/products/7446EA,https://voila.ca/images-v3/2d92d19c-0354-49c0-8a91-5260ed0bf531/aeb10454-1fbd-433f-b9b7-f3122fe8a255/500x500.jpg,3.49,,Farm Boy,Other Non-Cola Carbonates,"Carbonization: sparkling; Volume: 750; Pack Type: Bottle; Juice Content: 0-2%; Flavour: lemon, raspberry"
841278902,Voilà,Canada,Bioitalia Organic Carrot Juice 750 ml (bottle),Organic,"["""" Beverages"""","""" Fruit & Vegetable Juice"""","""" Fruit Blends & Other Juices""""]",https://voila.ca/products/283942EA,https://voila.ca/images-v3/2d92d19c-0354-49c0-8a91-5260ed0bf531/7e2aa122-0705-4f07-8dfa-817e3c9dc6ff/500x500.jpg,7.29,,BioItalia,Not from Concentrate 100% Juice,"Volume: 750; Made From: carrot, lemon; Pack Material Type: Glass; Flavour: carrot; Sustainable Sourcing: organic; Pack Type: Bottle; Carbonization: still; Juice Content: 100%"
841293209,Voilà,Canada,Good Drink Spritzer Wild Blackberry 355 ml (can),Shop Canada,"["""" Beverages"""","""" Soft Drinks"""","""" Other Soft Drinks""""]",https://voila.ca/products/626351EA,https://voila.ca/images-v3/2d92d19c-0354-49c0-8a91-5260ed0bf531/473b4bc4-5ca2-4e14-894f-651ba27e0e75/500x500.jpg,3.29,,GoodDrink,Other Non-Cola Carbonates,Pack Material Type: Metal; Flavour: blackberry; Volume: 355; Juice Content: 0-2%; Carbonization: still
841312832,Voilà,Canada,Rabbittown Cold Brew Tea Peach & Basil 355 ml (can),Shop Canada,"["""" Beverages"""","""" Iced Tea & Lemonade"""","""" Iced Tea""""]",https://voila.ca/products/848816EA,https://voila.ca/images-v3/2d92d19c-0354-49c0-8a91-5260ed0bf531/3e364582-f232-4dc9-9738-257c7429c3c1/500x500.jpg,3.29,,Cold Brew Tea,Still RTD Tea,"Volume: 355; Carbonization: still; Juice Content: 0-2%; Pack Material Type: Glass; Pack Type: Liquid Carton; Flavour: peach, tea, basil"
841339979,Voilà,Canada,Qarshi Syrup Jam-E- Shirin 800 ml,,"["""" International Foods"""","""" Indian & South Asian"""","""" South Asian Beverages""""]",https://voila.ca/products/479807EA,https://voila.ca/images-v3/2d92d19c-0354-49c0-8a91-5260ed0bf531/834fb7d9-a961-48d1-b6b0-efc368ebec95/500x500.jpg,5.49,,Qarshi,Liquid Concentrates,Volume: 800; Juice Content: 0-2%; Pack Material Type: Glass; Pack Type: Bottle
841379196,Voilà,Canada,Peace Tea Iced Tea Drink Peach 341 ml (can),,"["""" Beverages"""","""" Iced Tea & Lemonade"""","""" Iced Tea""""]",https://voila.ca/products/531405EA,https://voila.ca/images-v3/2d92d19c-0354-49c0-8a91-5260ed0bf531/48503588-df98-4d2a-82e5-bce6e987ffce/500x500.jpg,0.99,,Peace Tea,Still RTD Tea,"Volume: 100; Naturally derived: natural flavours; Water Type: filtered; Carbonization: still; Sweetener: cane sugar, sucralose, fructose; Flavour: peach, tea; Juice Content: 0-2%"
841465992,Voilà,Canada,Naya Waters Inc Natural Spring Water 4 L,Shop Canada,"["""" Beverages"""","""" Water"""","""" Bottled Water""""]",https://voila.ca/products/949302EA,https://voila.ca/images-v3/2d92d19c-0354-49c0-8a91-5260ed0bf531/606f33f8-579d-444f-9930-d083efd9f0c4/500x500.jpg,2.99,,Naya,Still Bottled Water,Volume: 100; Carbonization: still; Pack Material Type: Plastic; Naturally derived: natural; Pack Type: Bottle; Water Type: spring; Juice Content: 0-2%
841531686,Voilà,Canada,Big 8 Diet Sparkling Lemonade 2 L (bottle),,"["""" Beverages"""","""" Soft Drinks"""","""" Diet Soft Drinks""""]",https://voila.ca/products/863660EA,https://voila.ca/images-v3/2d92d19c-0354-49c0-8a91-5260ed0bf531/f9d7151e-8742-4352-9a5b-9e109be9d51f/500x500.jpg,1.79,,Big 8,Other Non-Cola Carbonates,Juice Content: 0-2%; Volume: 2000; Pack Type: Bottle; Pack Material Type: Plastic; Carbonization: sparkling; Flavour: lemon
841639251,Voilà,Canada,A + Superfruit Mango Juice 500 ml,,"["""" Fresh Fruits & Vegetables"""","""" Refrigerated Juices, Smoothies & Kombucha""""]",https://voila.ca/products/694359EA,https://voila.ca/images-v3/2d92d19c-0354-49c0-8a91-5260ed0bf531/05455582-1f54-4815-b74b-0ce53767945d/500x500.jpg,6.99,,a+,Not from Concentrate 100% Juice,Volume: 500; Pack Material Type: Plastic; Made From: mango; Juice Features: smoothie; Flavour: mango; Health Claims: superfruit; Juice Content: 100%
841679227,Voilà,Canada,Big 8 Sparkling Water Lemon 2 L (bottle),,"["""" Beverages"""","""" Water"""","""" Sparkling Water""""]",https://voila.ca/products/445066EA,https://voila.ca/images-v3/2d92d19c-0354-49c0-8a91-5260ed0bf531/941196c7-a0dd-4141-b85a-c1b72f583739/500x500.jpg,1.79,,Big 8,Sparkling Flavoured Bottled Water,Volume: 2000; Pack Material Type: Plastic; Pack Type: Bottle; Carbonization: sparkling; Juice Content: 0-2%; Flavour: lemon
842033159,Trendyol,Turkey,ICED COCONUT latte 250 ml x 3 pcs,"undefined sales of the product you have examined the price is determined by the seller..,obsesso ICED COCONUT latte 250 ml x 3 pcs, more than this product 10 can be ordered. over 10 cancel orders tren","[""""supermarket"""",""""food"""","""" still drinks""""]",https://www.trendyol.com/obsesso/iced-coconut-latte-250-ml-x-3-adet-p-769715840,https://cdn.dsmcdn.com///ty1012/product/media/images/prod/SPM/PIM/20231011/16/3de096f7-28ca-3237-add6-220d101db496/1_org_zoom.jpg,146.32,,Obsesso,RTD Coffee,"Flavour: coconut, latte; Carbonization: still; Volume: 250; RTD Coffee Style: latte, coconut creamer; Juice Content: 0-2%, 100%"
842255008,Walmart,USA,"Alpine Spiced Cider Original Drink Mix, Apple Flavor ( Pack of 32)",With Alpine Spiced Apple Cider Original Instant Drink Mix anytime is cider time. Alpine is a delicious versatile cider mix that is the perfect addition to countless beveragesand dishes. Add a spoonful,"["""" Food"""","""" Beverages"""","""" Powdered Drink Mixes""""]",https://www.walmart.com/ip/Alpine-Spiced-Cider-Original-Drink-Mix-Apple-Flavor-Pack-of-32/5045018833,https://i5.walmartimages.com/asr/de29ad44-b1e8-4f60-b856-74824b4c4138.f54b1226098d99be382e9e88a29850ec.jpeg,120.87,,Alpine,Powder Concentrates,Flavour: apple; Concentrate Format: powder; Juice Content: 0-2%; Pack Material Type: Paper / Carton
84881175,amazon,France,Caramel - syrup gross organic 500ml,"bacanha is a label specialized in creation and manufacture syrups organic quality. pleasure and well-being
25% less sweet, more taste
pure sugar organic cane, aromas and infusions natural
To serve in ","["""" grocery"""","""" coffee, tea and drinks"""","""" concentrated syrups""""]",https://www.amazon.fr/Caramel-Sirop-Brut-Bio-500ml/dp/B07LG8X1K8/ref=sr_1_71?dchild=1&qid=1590907193&s=grocery&sr=1-71,https://m.media-amazon.com/images/I/31A21EZIM1L._AC_UL320_.jpg,9.9,,Bacanha,Liquid Concentrates,Pack Material Type: Glass; Flavour: caramel; Volume: 500; Sweetener: sugar; Geographic Origin: france; Naturally derived: natural; Sustainable Sourcing: organic; Juice Content: 0-2%; Pack Type: Bottle
849156154,Walmart,USA,"Zola Original Coconut Water, 17.5 Fluid Ounce -- 12 per Case.",""""" Zola Original Coconut Water, 17.5 Fluid Ounce -- 12 per Case."""" ; Food Form Dry Mixes ; Brand Zola","["""" Food"""","""" Beverages"""","""" Water"""","""" Coconut Water""""]",https://www.walmart.com/ip/Zola-Original-Coconut-Water-17-5-Fluid-Ounce-12-per-Case/1913795867?classType=REGULAR,https://i5.walmartimages.com/seo/Zola-Original-Coconut-Water-17-5-Fluid-Ounce-12-per-Case_a6a5e61b-492d-4dfb-944a-e94ab64668dc.91e2349580456ead78ee0d14f2c1e743.jpeg,53.17,,Zola,Coconut and Other Plant Waters,Juice Content: 0-2%; Volume: 518; Water Type: coconut; Carbonization: still; Flavour: coconut; Made From: coconut
849191420,Walmart,USA,Refreshing Badia Sour Orange Juice - 20 Fl Oz: A Burst of Citrus Delight for Your Taste Buds!,""""" Refreshing Badia Sour Orange Juice - 20 Fl Oz: A Burst of Citrus Delight for Your Taste Buds!"""" ; Brand Badia","["""" Food"""","""" Beverages"""","""" Juices"""","""" Orange Juice"""","""" All Orange Juice""""]",https://www.walmart.com/ip/Refreshing-Badia-Sour-Orange-Juice-20-Fl-Oz-A-Burst-of-Citrus-Delight-for-Your-Taste-Buds/5087606277?classType=REGULAR,https://i5.walmartimages.com/seo/Refreshing-Badia-Sour-Orange-Juice-20-Fl-Oz-A-Burst-of-Citrus-Delight-for-Your-Taste-Buds_0e41a0a2-96ee-4f47-bbd0-741fd1efb49c.57692c56d7f5e4b450d5352aa176298c.jpeg,13.25,,Badia,Nectars,"Made From: orange, citrus; Volume: 591; Pack Type: Bottle; Flavour: orange, citrus; Carbonization: still; Juice Content: 100%"
849326971,Walmart,USA,"FOUR BLUE, GRENADINE, 12.7 OZ, ( Pack of 6)","""""GRENADINE"""" ; Food Form Dry Mixes ; Brand Barsmith ; Assembled Product Dimensions (L x W x H) 2.38 x 2.38 x 9.00 Inches","["""" Food"""","""" Beverages"""","""" Cocktail Mixers"""","""" Grenadine""""]",https://www.walmart.com/ip/FOUR-BLUE-GRENADINE-12-7-OZ-Pack-of-6/47440335?classType=REGULAR,https://i5.walmartimages.com/seo/FOUR-BLUE-GRENADINE-12-7-OZ-Pack-of-6_a9de5f1f-6714-4cf3-9b74-d4c2629da908_1.3f4d5cfe90b48bb10b7ab4c494f63259.jpeg,39.13,,Barsmith,Liquid Concentrates,Juice Content: 0-2%; Volume: 376; Pack Type: Bottle
849553433,Walmart,USA,"Splenda Liquid Water Enhancer Drops, Sugar Free, Zero Calorie, Natural Flavor, Concentrated Drink Mix, 3.11 Fl Oz Each Bottle ( Sweet Tea, 1 Pack)",""""" 
* * 0 SUGAR, 0 CALORIES, 0 CARBS - Enjoy a great tasting drink without regretting the sugar, calories, or carbs 
* MADE WITH NATURAL FLAVORS - Classic sweet tea flavor made with real tea 
* 30 SERV","["""" Food"""","""" Beverages"""","""" Tea"""","""" Tea Concentrate""""]",https://www.walmart.com/ip/Splenda-Liquid-Water-Enhancer-Drops-Sugar-Free-Zero-Calorie-Natural-Flavor-Concentrated-Drink-Mix-3-11-Fl-Oz-Each-Bottle-Sweet-Tea-1-Pack/5070431525,https://i5.walmartimages.com/asr/b2d61b86-260d-477f-b45a-fc8738900a7e.99494983ab3edacfad08196f550ad5b5.jpeg,10.49,,Splenda,Liquid Concentrates,"Flavour: tea; Caffeine: 0-15 mg; Juice Content: 0-2%; Health Claims: no calories, no sugar; Volume: 48; Naturally derived: natural flavours; Pack Material Type: Metal; Pack Type: Bottle"
849558058,Walmart,USA,"Margaritaville Singles to Go Drink Mix, Pina Colada, 6 Count ( Pack - 3)",""""" None"""" ; Brand Margaritaville Foods","["""" Food"""","""" Alcohol"""","""" Pre- Mixed Cocktails"""","""" Pina Colada""""]",https://www.walmart.com/ip/Margaritaville-Singles-to-Go-Drink-Mix-Pina-Colada-6-Count-Pack-3/2541955999,https://i5.walmartimages.com/asr/a69b87ff-8d4c-4d17-a290-559d034bb44a.acce521acc8bd2bef7365a5b891aa93e.jpeg,27.19,,Margaritaville,Powder Concentrates,Pack Type: Carton/Box; Juice Content: 0-2%; Concentrate Format: powder
849715829,Walmart,USA,Eska Natural Spring Water Plastic-1.5 Lt X 12 Bottles,""""" Eska Natural Spring Water Plastic-1.5 Lt X 12 Bottles"""" ; Bottled Drinking Water Type Spring Waters ; Container Material Plastic ; Container Type Bottle ; Brand Eska","["""" Food"""","""" Beverages"""","""" Water"""","""" Spring Water"""","""" All Spring Water""""]",https://www.walmart.com/ip/ESKA-NATURAL-SPRING-WATER-PLASTIC-12x1-5-LT/1098065308?classType=REGULAR,https://i5.walmartimages.com/seo/Eska-Natural-Spring-Water-Plastic-1-5-Lt-X-12-Bottles_3b7cd278-330d-4e77-90fb-066a2ede06a4.9f3ad2f35af510f77676d5779680d004.jpeg,80.5,,Eska,Still Bottled Water,"Carbonization: still; Volume: 1500; Juice Content: 0-2%; Naturally derived: natural; Water Type: spring, drinking"
849750354,Walmart,USA,Evamor Artesan Spring Water - Evamor Natural - Case of 24 - 20 fl oz.,""""" Evamor Artesion Sparkling Water - Evamor Natural - Case of 24 - 20 fl oz."""" ; Brand evamor","["""" Food"""","""" Beverages"""","""" Water"""","""" Spring Water"""","""" All Spring Water""""]",https://www.walmart.com/ip/Evamor-Artesan-Spring-Water-Evamor-Natural-Case-of-24-20-fl-oz/1573254214?classType=REGULAR,https://i5.walmartimages.com/asr/b5564b49-2bdd-4e47-927b-0ee3f9554d9b.dbf783b6eaaaffa863b2348aeecb0dcf.jpeg,96.99,,Evamor,Carbonated Bottled Water,Water Type: spring; Naturally derived: natural; Volume: 591; Pack Type: Bottle; Pack Material Type: Plastic; Juice Content: 0-2%; Carbonization: sparkling
849872078,Walmart,USA,Xyience Energy Strawberry Lemonade 16ounce ( Pack of 12),""""" Xyience Energy Strawberry Lemonade 16ounce ( Pack of 12) Packaging may vary """" ; Brand Xyience","["""" Food"""","""" Beverages"""","""" Energy Drinks"""","""" Energy Drinks""""]",https://www.walmart.com/ip/Xyience-Energy-Strawberry-Lemonade-16ounce-Pack-of-12/3242650344,https://i5.walmartimages.com/asr/860ecb9a-3e67-49bc-a9b6-4044a1337fbb.f4e7253103b86ac0712b87789557e896.jpeg,36.99,,Xyience,Energy Drinks,"Pack Type: Can; Pack Material Type: Metal; Volume: 473; Juice Content: 0-2%; Flavour: strawberry, lemon; Carbonization: still; Health Claims: energy boosting"
85011264,K Ruoka,Finland,limmi lemon juice 0.25l organic,,"["""" beverages"""","""" juice and smoothies"""","""" juices from warm""""]",https://www.k-ruoka.fi/kauppa/tuote/limmi-sitruunataysmehu-025l-luomu-8020542116016,https://public.keskofiles.com/f/k-ruoka/product/8020542116016,3.85,8020542116016,Limmi,Not from Concentrate 100% Juice,Made From: lemon; Juice Features: smoothie; Pack Type: Bottle; Flavour: lemon; Volume: 250; Sustainable Sourcing: organic; Carbonization: still; Pack Material Type: Glass; Juice Content: 100%
850728223,Walmart,USA,"Thick & Easy Thickened Beverage 46 oz. Bottle Orange Juice Flavor Ready to Use Honey Consistency, 40123 - Sold by: Pack of One",""""" Thick & Easy Thickened Beverage 46 oz. Bottle Orange Juice Flavor Ready to Use Honey Consistency, 40123 - Sold by: Pack of One"""" ; Brand Shomzy 4 Store","["""" Food"""","""" Beverages"""","""" Soda Pop"""","""" Orange Soda""""]",https://www.walmart.com/ip/Thick-Easy-Thickened-Beverage-46-oz-Bottle-Orange-Juice-Flavor-Ready-to-Use-Honey-Consistency-40123-Sold-by-Pack-of-One/1439845503,https://i5.walmartimages.com/asr/fd50f809-995e-49e0-ad0f-80569597bace.9a8a0c0029190d4a42ac75916dfe5fac.jpeg,26.39,,Thick & Easy,Not from Concentrate 100% Juice,"Juice Content: 0-2%; Volume: 1360; Made From: orange; Pack Material Type: Plastic; Pack Type: Bottle; Flavour: honey, orange; Carbonization: still"
85121997,Carrefour,France,organic lemon juice SIRACUSE,"to keep in a dry and ventilated place. after opening, keep in the refrigerator and consume within 7 weeks. true consumer service : Jean- Claude of them - SIRACUSE france 159 alley Albert sylvan 73000 ","["""" salty grocery"""","""" oils, vinegars and dressings"""","""" salad dressings, Sauces salads and lemon juice""""]",https://www.carrefour.fr/p/jus-de-citron-bio-siracuse-8009490001667,https://www.carrefour.fr/media/1500x1500/Photosite/PGC/EPICERIE/8009490001667_PHOTOSITE_20191107_060004_0.jpg?placeholder=1,6.75,8009490001667,Siracuse,Not from Concentrate 100% Juice,Made From: lemon; Juice Content: 100%; Volume: 1000; Flavour: lemon; Pack Material Type: Glass; Nutri-Score: A; Sustainable Sourcing: organic; Carbonization: still; Pack Type: Bottle
85145124,ICA,Sweden,carbonated water Citrus 50cl frameless,ICA has the ambition that always give you the right information. minor changes in the content of the products can take place over time and we therefore asks you to always check before use the informat,"["""" drink"""","""" water"""","""" small water"""","""" flavored water""""]",https://www.ica.se/handla/kategori/dryck-id_306/produkt/vatten-kolsyrad-citrus-50cl-ramlosa-id_p_7310070001726/?s=ica-supermarket-sabbatsberg-id_13026,"https://assets.icanet.se/t_product_large_2x_v1,f_auto/7310070001726.jpg",15.9,7310070001726,Ramlösa,Sparkling Flavoured Bottled Water,"Juice Content: 0-2%; Caffeine: 0-15 mg; Carbonization: carbonated; Water Type: mineral; Flavour: citrus; Pack Type: Bottle; Volume: 500; Naturally derived: natural flavours, natural acids, natural; Pack Material Type: Plastic"
852791532,Walmart,USA,"Regular Extra Dry Ginger Ale Soda, 12 Oz (24 Cans)",""""" Regular Extra Dry Ginger Ale Soda, 12 Oz (24 Cans)"""" ; Brand IPD","["""" Food"""","""" Beverages"""","""" Soda Pop"""","""" Ginger ale""""]",https://www.walmart.com/ip/Regular-Extra-Dry-Ginger-Ale-Soda-12-Oz-24-Cans/3057145166?classType=undefined,https://i5.walmartimages.com/asr/2abd3585-100d-4980-ad0d-6fc7b4a479b3.a4bfa8025f8a30ae71f0063b90fc6dc0.jpeg,76.15,,Dr Brown's,Tonic Water/Mixers/Other Bitters,Pack Material Type: Metal; Volume: 355; Carbonization: carbonated; Flavour: ginger; Juice Content: 0-2%; Pack Type: Can
854021961,Asda,United Kingdom,Peach Zero Energy Drink,"Live your live # Without Limits
Relentless fuels you in the pursuit of greatness!
LIVE. DANCE. LOVE. FEEL. ENERGY.
Listen to what you want, dress how you want, dream big, work hard.","["""" Chilled Food"""","""" Sandwiches, Snacks & Drinks"""","""" Food To Go Meal Deal""""]",https://groceries.asda.com/product/1000357546926,https://ui.assets-asda.com:443/dm/5060608747757,1.2,5060608747757,Relentless,Energy Drinks,"Health Claims: energy boosting; Flavour: peach; Juice Content: 0-2%; Caffeine: 25-50 mg; Sweetener: aspartame, sucralose, acesulfame potassium; Volume: 500; Energy Source: b-vitamins; Pack Material Type: Metal; Carbonization: carbonated"
85579740,amazon,Spain,Tate & Lyle 750 ml syrup vanilla - pack of 4,"Tate & Lyle 750 ml syrup vanilla - pack of 4
Tate & Lyle
750ml (x4)
Quantity: 4","["""" alimentation and drinks"""","""" coffee, tea and drinks"""","""" coffee and espresso""""]",https://www.amazon.es/Tate-Lyle-750-Jarabe-Vainilla/dp/B01LYJY8MG/ref=sr_1_6535?qid=1570786775&s=grocery&sr=1-6535,https://m.media-amazon.com/images/I/31M8J88FrqL._AC_UL320_.jpg,57.61,,Tate & Lyle,Liquid Concentrates,Pack Material Type: Glass; Pack Type: Bottle; Flavour: vanilla; Juice Content: 0-2%; Volume: 750
856492149,Walmart,USA,"Phocus Creative Energy Drink - Pineapple (12 Drinks, 11.5 Fl Oz. Each)",""""" Phocus Creative Energy Drink - Pineapple (12 Drinks, 11.5 Fl Oz. Each)"""" ; Brand Clear Cut Phocus","["""" Food"""","""" Beverages"""","""" Energy Drinks"""","""" Energy Drinks""""]",https://www.walmart.com/ip/Phocus-Creative-Energy-Drink-Pineapple-12-Drinks-11-5-Fl-Oz-Each/3723698112,https://i5.walmartimages.com/asr/2415c42c-103d-4e9d-b50c-b1761ae86ad5.1996fb88109a12010633cf5657e10f3a.jpeg,19.99,,Phocus,Energy Drinks,Flavour: pineapple; Carbonization: still; Volume: 340; Juice Content: 0-2%; Pack Material Type: Metal; Health Claims: energy boosting
856666168,Walmart,USA,"HYYYYH DIET GINGER ALE """" Low Cal throat burner"""" beware; you'll cough!, 12- Ounce Glass Bottle ( Pack of 12)","HYYYYH DIET GINGER ALE """" Low Cal throat burner"""" beware; you'll cough!, 12- Ounce Glass Bottle ( Pack of 12)","["""" Food"""","""" Beverages"""","""" Soda Pop"""","""" Ginger ale""""]",https://www.walmart.com/ip/HYYYYH-DIET-GINGER-ALE-LowCal-throat-burner-beware-you-ll-cough-12-Ounce-Glass-Bottle-Pack-of-12/5134997779,https://i5.walmartimages.com/asr/c7d85533-2ab0-4ebb-92af-993174a50c68.7e371d4d5b235765c8f6e0486f620582.jpeg,57.62,,Blenheim,Tonic Water/Mixers/Other Bitters,Volume: 355; Pack Type: Bottle; Carbonization: carbonated; Flavour: ginger; Juice Content: 0-2%
857369736,Walmart,USA,NOS Sugar Free High Performance Energy Drink 16 oz Cans - Pack of 12,""""" Flavor: Sugar Free High Performance."""" ; Brand NOS","["""" Food"""","""" Beverages"""","""" Energy Drinks"""","""" Energy Drinks""""]",https://www.walmart.com/ip/NOS-Sugar-Free-High-Performance-Energy-Drink-16-oz-Cans-Pack-of-12/634540631?classType=REGULAR,https://i5.walmartimages.com/seo/NOS-Sugar-Free-High-Performance-Energy-Drink-16-oz-Cans-Pack-of-12_4af47817-5037-4437-9570-e2a77c14a867.d0022eb094d738e3bd2eddd10670da5c.jpeg,39.45,,NOS,Energy Drinks,"Volume: 473; Pack Type: Can; Juice Content: 0-2%; Carbonization: still; Health Claims: no sugar, energy boosting"
85818618,Binny's,USA,Stirrings Dirty Martini Mix,Stirrings Dirty Martini Mix.,"["""" Extras"""","""" Drinks""""]",https://www.binnys.com/extras/drinks/stirrings-dirty-martini-mix-85444/,https://www.binnys.com/globalassets/catalogs/binnys/85/8544/85444/85444.jpg,5.99,,Stirrings,Liquid Concentrates,Volume: 355; Juice Content: 0-2%; Pack Material Type: Glass; Pack Type: Bottle
858508947,Walmart,USA,"Splash Blast, Lemon Flavored Water, Zero Sugar, with Electrolytes, 8 Fl Oz, 12 Pack",""""" None"""" ; Brand Splash Blast","["""" Food"""","""" Beverages"""","""" Water"""","""" Sparkling Water""""]",https://www.walmart.com/ip/Splash-Blast-Lemon-Flavored-Water-Zero-Sugar-with-Electrolytes-8-Fl-Oz-12-Pack/5029085028,https://i5.walmartimages.com/asr/efd483aa-d06f-4be2-a962-0e26778cf0c6.942b8e7bb082a7a9e690259bf0f067bb.jpeg,6.47,,Splash Blast,Functional Bottled Water,Pack Material Type: Plastic; Pack Type: Bottle; Carbonization: sparkling; Juice Content: 0-2%; Volume: 237; Water Type: flavoured; Sports Ingredients: electrolytes; Flavour: lemon; Health Claims: no sugar
860525012,Giant Eagle,USA,"Lemon Perfect Lemon Water, Zero Sugar, Original Lemon, Hydrating",Enhanced water beverage. Original lemon flavored with other natural flavors. No artificial flavors or sweeteners. USDA Organic. Certified Organic by Quality Assurance International QAI. Certified vega,"["""" Beverages"""","""" Water"""","""" Flavored Water"""","""" Lemon Flavored Water""""]",https://shop.gianteagle.com/parkway-center/search/product/00850003748771,https://images.media.gianteagle.com/00850003748771-6ef21c3b-b05a-42ab-a6d4-df1fa030b16b.png?trim=auto&trim-md=0&fit=fill&fill=solid&w=512&h=512&pad=13,2.29,850003748771,Lemon Perfect,Functional Bottled Water,"Caffeine: 0-15 mg; Free From: no caffeine; Naturally derived: natural flavours; Carbonization: still; Health Claims: no sugar, low calories, good source of vitamins, hydrating; Juice Content: 0-2%; Volume: 450; Environmentally Friendly: plastic neutral, carbon neutral/reduced carbon; Sweetener: stevia; Flavour: lemon; Immune Support Ingredients: vitamin c; No Artificial Ingredients: no artificial sweeteners, no gmo; Sustainable Packaging: from recycled materials, recycled pet; Water Type: purified; Sustainable Sourcing: usda organic, organic"
86069185,ICA,Sweden,Juice Orange 1l good morning,"information from supplier 
of sun-ripened, hand-picked oranges have we pressed this tasty orange juice then end of the 60's. in the packaging available juice from 3.5 kg oranges. 100% pressed fruit wi","["""" dairy, cheese & eggs"""","""" juice & fruit drinks"""","""" orange juice""""]",https://www.ica.se/handla/kategori/dryck-id_306/produkt/juice-orange-1l-god-morgon-id_p_7310860007372/?s=ica-supermarket-sabbatsberg-id_13026,"https://assets.icanet.se/t_product_large_2x_v1,f_auto/7310860007372.jpg",22.9,7310860007372,God Morgon,Not from Concentrate 100% Juice,"Juice Features: from concentrate, pasteurized, with pulp; Pack Material Type: Paper / Carton; Caffeine: 15-25 mg; Volume: 1000; Flavour: orange; Juice Content: 100%; Pack Type: Liquid Carton; Made From: orange; Carbonization: still"
864077437,Trendyol,Turkey,cold coffee latte tin 250 ml (4),"[object Object],[object Object],[object Object],[object Object],[object Object],[object Object],[object Object]the product you have examined the seller determines the selling price., obsesso cold coff","[""""supermarket"""",""""food"""","""" still drinks""""]",https://www.trendyol.com/obsesso/soguk-kahve-latte-teneke-250-ml-4-lu-p-784057750,https://cdn.dsmcdn.com///ty1065/product/media/images/prod/SPM/PIM/20231127/19/58af8487-669f-3d7c-8394-1795c6e0b30c/1_org_zoom.jpg,139.91,,Obsesso,RTD Coffee,"RTD Coffee Style: latte; Carbonization: still; Flavour: latte, coffee; Volume: 250; Juice Content: 0-2%; Pack Material Type: Metal"
864132099,Walmart,USA,ORIGINAL Tart Cherry Juice - Pro Athlete Workout Recovery - Fight Inflammation and Support Muscle Recovery - Tart Cherry Juice Lightly Sweetened with Apple Juice - Post Workout Recovery Drinks for Ru,"""""CHERIBUNDI ORIGINAL: This is where the ritual began - the antioxidant-rich juice of the tart cherry sweetened with a little apple juice. Classic. 50 tart cherries per 8oz serving. Workout recovery fo","["""" Food"""","""" Beverages"""","""" Juices"""","""" Apple Juice""""]",https://www.walmart.com/ip/ORIGINAL-Tart-Cherry-Juice-Pro-Athlete-Workout-Recovery-Fight-Inflammation-Support-Muscle-Lightly-Sweetened-Apple-Post-Drinks-Ru/5240619790,https://i5.walmartimages.com/asr/46eb8df9-e204-4f4e-882b-46763b84e367.d9213a292b2bee75fc06b9aee7e9ffa3.jpeg,54.74,,Cheribundi,Not from Concentrate 100% Juice,"Caffeine: 50-100 mg; Pack Material Type: Plastic; Juice Features: not from concentrate; Pack Type: Bottle; Made From: cherry, apple; Health Claims: no added sugar, immune system health, antioxidant, aids sleep; Immune Support Ingredients: antioxidants; Juice Content: 100%; Volume: 300; Flavour: cherry, apple; Naturally derived: natural; Carbonization: still; No Artificial Ingredients: no gmo"
864236082,Trendyol,Turkey,cold coffee Mocha tin 250 ml. (24's),"[object Object],[object Object],[object Object],[object Object],[object Object],[object Object],[object Object]the product you have examined the seller determines the selling price., obsesso cold coff","[""""supermarket"""",""""food"""","""" still drinks""""]",https://www.trendyol.com/obsesso/soguk-kahve-mocha-teneke-250-ml-24-lu-p-784058257,https://cdn.dsmcdn.com///ty1093/product/media/images/prod/SPM/PIM/20231213/11/03107a70-d281-343e-99a7-8fdce3e5c358/1_org_zoom.jpg,712.66,,Obsesso,RTD Coffee,"Pack Type: Can; Volume: 250; Carbonization: still; Juice Content: 0-2%; Coffee Type: mocha; RTD Coffee Style: mocha; Flavour: mocha, coffee"
864248362,Trendyol,Turkey,cold coffee Black tin 250 ml (6),"[object Object],[object Object],[object Object],[object Object],[object Object],[object Object],[object Object]the product you have examined the seller determines the selling price., obsesso cold coff","[""""supermarket"""",""""food"""","""" still drinks""""]",https://www.trendyol.com/obsesso/soguk-kahve-black-teneke-250-ml-6-li-p-784093071,https://cdn.dsmcdn.com///ty1094/product/media/images/prod/SPM/PIM/20231213/13/04c2fcc7-a747-3d62-a06c-fb04a01052b7/1_org_zoom.jpg,200.44,,Obsesso,RTD Coffee,Pack Type: Can; Juice Content: 0-2%; Flavour: coffee; RTD Coffee Style: black; Carbonization: still; Volume: 250
86460811,K Ruoka,Finland,marli fruity smoothie + d & c -vitamins 0.75l,,"["""" beverages"""","""" juice"""","""" smoothies""""]",https://www.k-ruoka.fi/kauppa/tuote/marli-smoothie-075l-hedelmainen-6415135005020,https://public.keskofiles.com/f/k-ruoka/product/6415135005020,3.09,6415135005020,Marli,Not from Concentrate 100% Juice,"Volume: 750; Pack Type: Liquid Carton; Juice Features: smoothie; Carbonization: still; Immune Support Ingredients: vitamin c; Made From: banana, grape, pineapple, apple, pear, guava, mango; Pack Material Type: Paper / Carton; Juice Content: 100%"
865229161,H-E-B,USA,Lemon Perfect Strawberry Passion Fruit,"Description Lemon Perfect Strawberry Passion Fruit 15.2 oz, Highlights: Gluten free verified, Kosher, Low carb lifestyle, Vegan, SNAP EBT eligible, Non dairy, Organic, Plant based, Low sodium","["""" Beverages"""","""" Water""""]",https://www.heb.com/product-detail/lemon-perfect-organic-zero-sugar-lemon-water-strawberry-passion-fruit-15-2-oz/10739522,https://images.heb.com/is/image/HEBGrocery/010739522-1,3,850003748856,Lemon Perfect,Functional Bottled Water,"Volume: 450; Naturally derived: natural flavours; Health Claims: low salt; Sweetener: stevia, sugar; Carbonization: still; Water Type: purified; Diets: kosher, low carbs; Pack Material Type: Plastic; Caffeine: 0-15 mg; Sustainable Sourcing: organic; Free From: dairy free; Flavour: strawberry, lemon, passionfruit; Immune Support Ingredients: vitamin c"
866547280,Walmart,USA,"Community Coffee Caramel Pralines and Cream Iced Latte Ready To Drink, 13.7 Ounce Bottle ( Pack of 12)",""""" None"""" ; Brand Community Coffee","["""" Food"""","""" Coffee"""","""" Coffee Flavors"""","""" Caramel Coffee""""]",https://www.walmart.com/ip/Community-Coffee-Caramel-Pralines-and-Cream-Iced-Latte-Ready-To-Drink-13-7-Ounce-Bottle-Pack-of-12/8640807685?classType=REGULAR,https://i5.walmartimages.com/asr/0f794ddd-1d2f-4a81-b8fb-957d3138328a.42f95af17fb8aa796cf95edd0db22707.jpeg,44.12,,Community Coffee,RTD Coffee,"Carbonization: still; Flavour: latte, caramel, coffee; RTD Coffee Style: cream, latte; Juice Content: 0-2%"
866561688,Trendyol,Turkey,cold coffee Caramel macchiato tin 250 ml (2),"[object Object],[object Object],[object Object],[object Object],[object Object],[object Object],[object Object]the product you have examined the seller determines the selling price.,2 obsesso cold cof","[""""supermarket"""",""""food"""","""" still drinks""""]",https://www.trendyol.com/obsesso/soguk-kahve-caramel-macchiato-teneke-250-ml-2-li-p-786521249,https://cdn.dsmcdn.com///ty1082/product/media/images/prod/SPM/PIM/20231207/01/5d878bb3-c5c6-390b-a14e-780cd9402af6/1_org_zoom.jpg,83.97,,Obsesso,RTD Coffee,"Flavour: caramel, coffee; Volume: 250; Juice Content: 0-2%; Pack Material Type: Metal; Carbonization: still"
868335141,Walmart,USA,"Starry Lemon Lime Soda, Caffeine Free, Mini Cans, 7.5 Ounce ( Pack CILL Cof 10)","""""10 count of Starry 7.5oz mini cans - little can, burst of crisp taste | Caffeine-free | Crisp, clear burst of lemon lime flavor | A hit of refreshment to brighten your day"""" ; Brand Starry","["""" Food"""","""" Beverages"""","""" Soda Pop"""","""" Lemon & Lime""""]",https://www.walmart.com/ip/Starry-Lemon-Lime-Soda-Caffeine-Free-Mini-Cans-7-5-Ounce-Pack-CILLCof-10/5264573009,https://i5.walmartimages.com/asr/6123727c-307a-44af-904f-2bf5a8edb21f.b600366fd2ac136c5d27e17ae003de42.jpeg,10.4,,Starry,Lemonade/Lime,"Pack Type: Carton/Box; Free From: no caffeine; Juice Content: 0-2%; Volume: 222; Caffeine: 0-15 mg; Flavour: lime, lemon; Pack Material Type: Metal"
868389683,Walmart,USA,"Pure Coconut Water DU20with Pulp, Non-GMO, No Sugar Added, Refreshing and Hydrating Real Coconut Water, 17.5 Fl Oz ( Pack of 12)","""""NON-GMO - Non-GMO coconut water from young Thailand coconuts | EVERYTHING YOU NEED - Packed with potassium, magnesium, calcium, and essential electrolytes to power your day | NO FAT OR ADDED SUGAR - ","["""" Food"""","""" Beverages"""","""" Water"""","""" Coconut Water""""]",https://www.walmart.com/ip/Pure-Coconut-Water-DU20-nbsp-with-Pulp-Non-GMO-No-Sugar-Added-Refreshing-and-Hydrating-Real-Coconut-Water-17-5-Fl-Oz-Pack-of-12/5206176792,https://i5.walmartimages.com/asr/5831e1ba-83f1-4d6e-998d-9fec527ee81b.f85d24fb4155f32364b0320690012b4c.jpeg,83.12,,Amy & Brian,Coconut and Other Plant Waters,"Made From: coconut; Juice Content: 0-2%; Health Claims: good source of calcium, no added sugar, no sugar, good source of minerals, good source of potassium, hydrating; Contains Minerals: calcium, magnesium; Sports Positioning: pre-workout, post-workout; Carbonization: still; Sports Ingredients: electrolytes; Caffeine: 0-15 mg; Pack Material Type: Paper / Carton; Water Type: coconut, pure; Volume: 479; No Artificial Ingredients: no gmo; Juice Features: with pulp; Flavour: coconut"
868404796,Walmart,USA,"Black Rifle Coffee Company RTD ( Caramel Vanilla, 15 Fl Oz ( Pack CILL Cof 12))","""""NEW TO BLACK RIFLE COFFEE: Introducing 300, an all-new line of Ready to Drink. Made with 100% Colombian coffee, 300mg of caffeine per can, and an energizing blend of MCT Oil and amino acids, the new ","["""" Food"""","""" Coffee"""","""" Coffee Flavors"""","""" Caramel Coffee""""]",https://www.walmart.com/ip/Black-Rifle-Coffee-Company-RTD-Caramel-Vanilla-15-Fl-Oz-Pack-CILLCof-12/5264553729,https://i5.walmartimages.com/asr/7b1ac32a-b9d8-4663-8fcc-962faa19c1b3.ebb189fd90c5e263cacfc518b17801ee.jpeg,41.38,,Black Rifle,RTD Coffee,"Caffeine: 50-100 mg; Volume: 444; Coffee Type: mocha, java; RTD Coffee Style: black, mocha; Carbonization: still; Pack Material Type: Paper / Carton; Roast Type: light, dark; Flavour: caramel, vanilla, coffee; Juice Content: 0-2%"
868595738,Walmart,USA,"Radenska Water, Mineral, Plastic Btl, 50- Ounce ( Pack Of 6)","Thank you for your custom. Customer care is our top priority. Offer is subject to availability. We promise you won't regret buying it. Radenska Water, Mineral, Plastic Btl, 50- Ounce ( Pack Of 6)","["""" Food"""","""" Beverages"""","""" Water"""","""" Bottled Water""""]",https://www.walmart.com/ip/Radenska-Water-Mineral-Plastic-Btl-50-Ounce-Pack-Of-6/5065401565,https://i5.walmartimages.com/asr/57b38275-c693-4f7c-ba85-26c80bb35ff2.86d8e419701f44465e7355b0f8d82962.jpeg,,,Radenska,Still Bottled Water,Juice Content: 0-2%; Carbonization: still; Pack Material Type: Plastic; Water Type: mineral
868686995,Trendyol,Turkey,squeezing cherry juice (100% fruit) 1000 ml x 6 pcs,,"[""""supermarket"""",""""food"""","""" still drinks""""]",https://www.trendyol.com/ancora-life/sikma-visne-suyu-100-meyve-1000-ml-x-6-adet-p-787002190,https://cdn.dsmcdn.com///ty1081/product/media/images/prod/SPM/PIM/20231208/16/d210e36b-7a3d-389c-9ea6-baf87b395ccb/1_org_zoom.jpg,315,,Ancora,Not from Concentrate 100% Juice,Made From: cherry; Juice Content: 100%; Flavour: cherry; Volume: 1000; Carbonization: still; Pack Type: Bottle
868762612,Walmart,USA,"Wandering Bear Straight Black Organic Cold Brew Coffee, 32 fl oz, 1 pack - Extra Strong, Smooth, Organic, Unsweetened, Shelf- Stable, and Ready to Drink Iced Coffee, Cold Brewed Coffee, JBED Cold Coffee","""""DELICIOUS, SMOOTH COLD BREW COFFEE: Our original extra strong, surprisingly smooth cold brew, with 5 glasses per carton. Perfect for crowded fridges. We are pretty sure this is the best cold brew cof","["""" Food"""","""" Coffee"""","""" Strong & High Caffeine Coffee""""]",https://www.walmart.com/ip/Wandering-Bear-Straight-Black-Organic-Cold-Brew-Coffee-32-fl-oz-1-pack-Extra-Strong-Smooth-Organic-Unsweetened-Shelf-Stable-Ready-Drink-Iced-Brewed-J/5217087547,https://i5.walmartimages.com/asr/b006ce1e-0c8e-465d-8962-2197ded1b189.015ab11fd833fda1e6b25c84eb96ceae.jpeg,18.18,,Wandering Bear,RTD Coffee,"Pack Material Type: Flexible Pack; Free From: dairy free; Carbonization: still; Diets: paleo diet; Volume: 946; RTD Coffee Style: cold brew; Flavour: coffee; Caffeine: 15-25 mg; Sweetener: unsweetened; Water Type: filtered; Health Claims: no sugar; Roast Type: espresso, dark; Sustainable Sourcing: organic; Coffee Type: arabica; Juice Content: 0-2%; No Artificial Ingredients: no artificial sweeteners, no artificial additives"
870085836,Walmart,USA,"Pop & Bottle Super HP29 Concentrate Liquid- Cold Brew, Hot or Iced Coffee, No Refined Sugar, Dairy Free, Makes Up to 16 Cups, Great Versatility, USDA Organic - Vanilla Coffee, 8 Fl Oz (2 Pack)","CALLING ALL AT-HOME BARISTAS - Whether you take your coffee iced, hot, creamy, black, sweetened, or pure, enjoy coffee the way you want to - with our Super Concentrate, you're the barista now | COFFEE","["""" Food"""","""" Coffee"""","""" Bottled Coffee""""]",https://www.walmart.com/ip/Pop-Bottle-Super-HP29-Concentrate-Liquid-Cold-Brew-Hot-Iced-Coffee-No-Refined-Sugar-Dairy-Free-Makes-Up-16-Cups-Great-Versatility-USDA-Organic-Vanill/5267204475,https://i5.walmartimages.com/asr/8955eebe-7710-4fee-81b7-cb74c383c647.1cf424c43d7d3e955ee6ae4e050b8703.jpeg,55.78,,Pop & Bottle,RTD Coffee,"Volume: 237; Free From: dairy free; Flavour: vanilla, coffee; Sustainable Sourcing: usda organic, organic; Juice Content: 100%; Carbonization: still; Pack Material Type: Plastic; RTD Coffee Style: black, cold brew; Health Claims: no sugar"
873410104,amazon,USA,"Snow Cone Syrup Shaved Ice - Orange Flavor, Coffee, ICEE Slushie, soda, Flavored syrups for Drinks 1 Gallon Jug 15680- Orange-NEW-NF","Brand Fixture Displays 
Unit Count 128.0 Fl Oz 
Item Weight 15 Pounds 
Package Weight 15 Pounds 
* * *
# About this item 
* [( Fresh Made Syrup)] Great for snow cones, shaved ice at home or for busine","["""" Grocery & Gourmet Food"""","""" Beverages"""","""" Beverage Syrups & Concentrates"""","""" Syrups""""]",https://www.amazon.com/Snow-Cone-Syrup-Shaved-15680-Orange-NEW-NF/dp/B0CR474Z5J/ref=sr_1_2803?dib=eyJ2IjoiMSJ9.XZgQC7EVJqg_0Vt809J_-wBkx-mndI8QoAVfqbFWeY5EjOa-sVcuaZLc88om-OcGeoVEJx8S3TWGbrKUm75B6QhzoQuDCq-PTXEpxVRWlfFHD4b-1wfwulTnXQHx65iRYtyK4wAY44Fi1yNlDl0NbKhjBdAmQS8lofPaNuQbFqXKPIXVHjQ4UAPrj55rVi-mBTZmErKqpbnfTCBfaUEQGSta9clGgbb4_hlV3ZZGitY.MsfDeXr18tqOEeF_OebTvRkDWOjw-hqnM6yA1IwLFUA&dib_tag=se&qid=1705461302&s=grocery&sr=1-2803,https://m.media-amazon.com/images/I/61Hhf4KrgPL._AC_UL320_.jpg,8.49,,Icee,Liquid Concentrates,"Pack Type: Bottle; Geographic Origin: united states; Juice Content: 0-2%; Pack Material Type: Plastic; Volume: 3785; Flavour: orange, coffee; Sweetener: hfcs"
87581712,Simply,Spain,caffe latte express kaiku 230ml,,"[""""dairy and eggs"""","""" desserts""""]",https://www.simply.es/compra-online/063277-bebida-lactea-kaiku-caffe-latte-expresso-vaso-230ml.html,https://cdn11.hiberus.com/images/productos/063277/063277_1.jpg,1.15,,Kaiku,RTD Coffee,Pack Material Type: Metal; Flavour: latte; Volume: 230; Carbonization: still; RTD Coffee Style: latte; Juice Content: 0-2%
875826779,Bol.com,Netherlands,hit - fruit syrup - raspberries - Zero Sugar - 75 cl,,"["""" eat drink"""","""" soft drink, juice, coffee and tea"""","""" syrups""""]",https://www.bol.com/nl/nl/p/raak-vruchtensiroop-frambozen-zero-sugar-75-cl/9300000170256827/,https://media.s-bol.com/mgQ7Z5K3MorR/PRvRrW/350x1200.jpg,10.99,,Raak,Liquid Concentrates,Health Claims: no sugar; Flavour: raspberry; Volume: 750; Pack Type: Liquid Carton; Juice Content: 0-2%; Pack Material Type: Paper / Carton
876161440,Walmart,USA,Parrot Coconut Water NO PULP 16.4 FL Oz Can ( Pack of 32),""""" Parrot Coconut Water NO PULP 16.4 FL Oz Can ( Pack of 32)"""" ; Brand Parrot","["""" Food"""","""" Beverages"""","""" Water"""","""" Coconut Water""""]",https://www.walmart.com/ip/Parrot-Coconut-Water-NO-PULP-16-4-FL-Oz-Can-Pack-of-32/5258525766?classType=REGULAR,https://i5.walmartimages.com/seo/Parrot-Coconut-Water-NO-PULP-16-4-FL-Oz-Can-Pack-of-32_b660432a-0d08-4c9a-be58-c19bb099f10e.45ce78d9b008373daea87b522fd5bad6.jpeg,99.5,,Parrot,Coconut and Other Plant Waters,Juice Features: pulp free; Juice Content: 0-2%; Water Type: coconut; Carbonization: still; Flavour: coconut; Made From: coconut; Pack Type: Liquid Carton
877744142,Walmart,USA,Parrot Brand Coconut Water with Pulp 11.5 fl. oz. ( Pack of 24),""""" Parrot Brand Coconut Water with Pulp 11.5 fl. oz. ( Pack of 24)"""" ; Brand Parrot","["""" Food"""","""" Beverages"""","""" Water"""","""" Coconut Water""""]",https://www.walmart.com/ip/Parrot-Brand-Coconut-Water-with-Pulp-10-5-fl-oz-Pack-of-24/5327768642?classType=REGULAR,https://i5.walmartimages.com/seo/Parrot-Brand-Coconut-Water-with-Pulp-10-5-fl-oz-Pack-of-24_d8010f9d-09b1-4232-b92e-861d1538ea27.35a3ff27c7d5e5dbec3726f38e509b17.jpeg,64.45,,Parrot Brand,Coconut and Other Plant Waters,Carbonization: still; Water Type: coconut; Volume: 340; Pack Type: Can; Juice Features: with pulp; Juice Content: 0-2%; Made From: coconut; Flavour: coconut
880107624,Trendyol,Turkey,Fit Protein with coffee milk 500 ml. (12's),"undefined sales of the product you have examined the price is determined by the seller..,12's i̇cim fit Protein with coffee milk 500 ml., more than this product 10 can be ordered. over 10 cancel order","[""""supermarket"""",""""food"""","""" still drinks""""]",https://www.trendyol.com/icim/fit-protein-kahveli-sut-500-ml-12-li-p-796217093,https://cdn.dsmcdn.com///ty1129/product/media/images/prod/SPM/PIM/20240111/20/b48dcfc6-89fb-372a-a4db-a89f2cdb311f/1_org_zoom.jpg,435.41,,Içim,RTD Coffee,Pack Material Type: Metal; Juice Content: 0-2%; Volume: 500; Carbonization: still; Sports Ingredients: protein; Flavour: coffee
881053707,Binny's,USA,Tres Agaves Mango Chili Mix,Tres Agaves Mango Chili Mix.,"["""" Extras"""","""" Drinks""""]",https://www.binnys.com/extras/drinks/tres-agaves-mango-chili-mix-115323/,https://www.binnys.com/globalassets/catalogs/binnys/11/1153/115323/115323.jpg,9.99,,Tres Agaves,Liquid Concentrates,Pack Material Type: Glass; Juice Content: 0-2%; Pack Type: Bottle; Volume: 1000; Flavour: mango
881212683,Hemköp,Sweden,"fog energy drink, can",,"["""" all supplies"""","""" drink"""","""" sports & energy drinks"""","""" energy drink""""]",https://www.hemkop.se/produkt/D-101542861_ST,"https://assets.axfood.se/image/upload/f_auto,t_200/07350146811576_C1N1_s01",19.95,7350146811576,Latitude 65,Energy Drinks,Volume: 330; Energy Source: b-vitamins; Sweetener: sucralose; Caffeine: 50-100 mg; Pack Type: Can; Juice Content: 0-2%; Health Claims: energy boosting; Carbonization: still; Pack Material Type: Metal
885490613,Walmart,USA,Wandering Bear Straight Black RE32 Organic Cold Brew Coffee 32 fl oz 1 pack Extra Strong Smooth Organic Unsweetened Shelf Stable and Ready to Drink Iced Coffee Cold Brewed Coffee Cold Coffee,"DELICIOUS, SMOOTH COLD BREW COFFEE: Our original extra strong, surprisingly smooth cold brew, with 5 glasses per carton. Perfect for crowded fridges. We are pretty sure this is the best cold brew","["""" Food"""","""" Coffee"""","""" Bottled Coffee""""]",https://www.walmart.com/ip/Wandering-Bear-Straight-Black-RE32Organic-Cold-Brew-Coffee-32-fl-oz-1-pack-Extra-Strong-Smooth-Organic-Unsweetened-ShelfStable-Ready-Drink-Iced-Brewe/5232793955,https://i5.walmartimages.com/asr/b006ce1e-0c8e-465d-8962-2197ded1b189.015ab11fd833fda1e6b25c84eb96ceae.jpeg,18.18,,Wandering Bear,RTD Coffee,Volume: 946; Sustainable Sourcing: organic; Sweetener: unsweetened; Carbonization: still; Roast Type: dark; Juice Content: 0-2%; No Artificial Ingredients: no artificial sweeteners; Pack Material Type: Flexible Pack; Flavour: coffee; RTD Coffee Style: cold brew
888894116,Trendyol,Turkey,100% pomegranate juice glass 1 lt. (6's),"undefined sales of the product you have examined the price is determined by the seller.., sunpride %100 pomegranate juice glass 1 lt. (6's), more than this product 10 can be ordered. over 10 cancel or","[""""supermarket"""",""""food"""","""" still drinks""""]",https://www.trendyol.com/sunpride/100-nar-suyu-cam-1-lt-6-li-p-800343253,https://cdn.dsmcdn.com///ty1148/product/media/images/prod/SPM/PIM/20240125/23/a5c65a9e-0362-31dd-b5fb-11699680cabf/1_org_zoom.jpg,734.74,,Sunpride,Not from Concentrate 100% Juice,Made From: pomegranate; Carbonization: still; Pack Type: Bottle; Volume: 1000; Pack Material Type: Glass; Flavour: pomegranate; Juice Content: 100%
891191895,amazon,Spain,Rivella Original - 6 x 1 liter,"## product information 
# technical details 
##### product information 
product weight ‎6 kilograms 
product weight ‎6 kg 
# additional information 
asin B0CT4DHS5R 
product on amazon.it is from febru","["""" alimentation and drinks"""","""" coffee, tea and drinks"""","""" carbonated soft drinks""""]",https://www.amazon.es/dp/B0CT4DHS5R,https://m.media-amazon.com/images/I/61m2MwdBARL._AC_UL320_.jpg,15.49,,Rivella,Other Non-Cola Carbonates,Volume: 1000; Pack Type: Bottle; Carbonization: carbonated; Juice Content: 0-2%; Pack Material Type: Plastic
891278878,Hepsiburada,Turkey,to the foe rosehip flavored oral tea i beverage powder 250 g,"to the foe rosehip flavored hot oral 
brand to the foe 
Aroma rosehip 
type oral 
other warranty period ( moon) 24 
no overseas sales 
stock code HBCV00005OY9JY","["""" home page"""",""""supermarket"""",""""beverage products"""","""" still drink"""",""""beverage powders""""]",https://www.hepsiburada.com/mahbuba-kusburnu-aromali-oralet-cayi-icecek-tozu-250-gr-pm-HBC00005OY9JX,https://productimages.hepsiburada.net/s/540/500/110000600032056.jpg,119,,Mahbuba,Powder Concentrates,"Weight: 250; Concentrate Format: powder; Pack Material Type: Flexible Pack; Juice Content: 0-2%; Flavour: tea, rosehip"
894317114,amazon,USA,"Cock n Bull Tonic Water 16 Pack 10oz Soda Bottles - Ideal Mixer for Cocktails, Mock-tails, and Bartenders - Premium Quality for Perfect Mixed Drinks - Refreshing Flavor Profile- Made In USA","* * *
## Important information 
[ingredients_start]
Ingredients 
Carbonated Spring Water, Fructose, Acid: Citric Acid, Natural Flavour-ings including Natural Quinine 
[ingredients_end]

Legal Disclaim","["""" Any Department"""","""" Grocery & Gourmet Food"""","""" Beverages"""","""" Bottled Beverages, Water & Drink Mixes"""","""" Cocktail Mixers""""]",https://www.amazon.com/dp/B0CVMTV481,https://m.media-amazon.com/images/I/81L8uzPG7eL._AC_UL320_.jpg,53,810158580794,Cock N Bull,Tonic Water/Mixers/Other Bitters,"Health Claims: no sugar; Carbonization: carbonated; Caffeine: 15-25 mg; Pack Type: Bottle; Juice Content: 0-2%; Immune Support Ingredients: ginger; Sweetener: fructose; Geographic Origin: united states; Naturally derived: natural flavours, natural; Water Type: spring, tonic; Free From: no alcohol, no caffeine; Volume: 296"
895403985,Real Canadian Super Store,Canada,Pineapple Sunshine Soft Drink,,"["""" Drinks"""","""" Soft Drinks"""","""" Bottles""""]",https://www.realcanadiansuperstore.ca/pineapple-sunshine-soft-drink/p/20941724_EA,https://assets.shop.loblaws.ca/products/20941724/b2/en/front/20941724_front_a06_@2.png,0.69,,Chubby,Other Non-Cola Carbonates,Carbonization: still; Juice Content: 0-2%; Pack Type: Bottle; Pack Material Type: Glass; Volume: 250; Flavour: pineapple
895858666,Meny,Norway,zeroh! wild strawberries 0.8l,"refreshing juice without calories or sugar, with natural taste and color. ze Roh! makes it easy to drink a lot fresh water throughout the whole day, men with exciting and varied taste. ze Roh! juice m","["""" drink"""","""" juice""""]",https://meny.no/varer/drikke/saft/zeroh-7070841005772,https://bilder.ngdata.no/7070841005772/meny/large.jpg,39.9,7070841005772,ZERoh!,Juice Drinks (up to 24% Juice),"Juice Features: from concentrate; Sweetener: stevia, sucralose; Pack Material Type: Plastic; Carbonization: still; Made From: strawberry, coconut, carrot; No Artificial Ingredients: no artificial colours; Volume: 800; Naturally derived: natural fragrances, natural colourants; Flavour: strawberry; Health Claims: no sugar, no calories; Caffeine: 15-25 mg; Pack Type: Bottle; Juice Content: 2-5%"
89636858,amazon,Italy,sunita Lemon Juice 250ml,,"["""" coffee, tea and drinks"""","""" juices, smoothies and centrifuged"""","""" fruit juices""""]",https://www.amazon.it/Sunita-TRTAZ11A-Lemon-Juice-250ml/dp/B003UG68O8/ref=sr_1_1911?qid=1684860831&s=grocery&sr=1-1911,https://m.media-amazon.com/images/I/61Bkx661TZL._AC_UL320_.jpg,6.55,,Sunita,Not from Concentrate 100% Juice,Juice Features: smoothie; Carbonization: still; Pack Type: Bottle; Flavour: lemon; Juice Content: 100%; Pack Material Type: Glass; Made From: lemon; Volume: 250
896422461,amazon,USA,"Monster Ultra Energy Drink || Zero Sugar Cans || 8 Pack (16 Fl Oz, Ultra Fantasy Ruby Red)","* * *
## Important information 
[ingredients_start]
Ingredients 
Energy drink 
[ingredients_end]

Legal Disclaimer 
Statements regarding dietary supplements have not been evaluated by the FDA and are ","["""" Grocery & Gourmet Food"""","""" Beverages"""","""" Bottled Beverages, Water & Drink Mixes"""","""" Energy Drinks""""]",https://www.amazon.com/dp/B0CVN1F9ZG,https://m.media-amazon.com/images/I/81MhEzMnnAL._AC_UL320_.jpg,32.6,,Ultra Energy,Energy Drinks,"Volume: 473; Pack Material Type: Metal; Health Claims: no sugar, energy boosting; Pack Type: Can; Juice Content: 0-2%"
89712836,amazon,France,caribbean guava 6x75 cl - sold by piece - free delivery in france,"drinks
juice
other fruits
caribbean guava 6x75cl","["""" grocery"""","""" coffee, tea and drinks"""","""" syrups and concentrated juices""""]",https://www.amazon.fr/Caraibos-Goyave-6X75Cl-Livraison-Gratuit/dp/B07L7HHL23/ref=sr_1_420?s=grocery&ie=UTF8&qid=1545488305&sr=1-420,https://images-eu.ssl-images-amazon.com/images/I/41epjciRcAL._AC_US200_.jpg,51.99,,Caraibos,Liquid Concentrates,Pack Type: Bottle; Flavour: guava; Geographic Origin: france; Volume: 750; Pack Material Type: Metal; Juice Content: 100%
897247813,amazon,USA,DADS Orange Cream - 1 Unit(s)- Each Unit is 24 X(355ML),"Brand Dylmine 
Item Form Cream 
Flavor Orange 
Number of Items 24 
Package Information Jar 
## Important information 
#### Legal Disclaimer 
Statements regarding dietary supplements have not been eval","["""" Grocery & Gourmet Food"""","""" Beverages"""","""" Bottled Beverages, Water & Drink Mixes"""","""" Soda Soft Drinks""""]",https://www.amazon.com/dp/B089QDV7C2,https://m.media-amazon.com/images/I/31hCV5VnmbL._AC_UL320_.jpg,76.22,,Dad's,Orange Carbonates,Volume: 355; Carbonization: still; Flavour: orange; Pack Type: Bottle; Pack Material Type: Glass; Juice Content: 0-2%
89763215,E-fresh,Greece,orange juice olympus (1 lt),"description
the natural juice olympus orange produced from 100% juice selected oranges from peloponnese, the crete and etoloakarnania. the olympus trusts the greek nature γι' this and chooses the best","[""""home"""",""""cellar""""]",https://www.e-fresh.gr/en/xymos-portokali-olympos-1-lt,https://dj0m4io8o9yuz.cloudfront.net/storage/media/catalog/products/420/5/4200000165/5202178300004.jpg?id=1715693940,3.18,5202178300004,Olympos,Not from Concentrate 100% Juice,Made From: orange; Caffeine: 15-25 mg; Juice Features: from concentrate; Volume: 1000; Pack Type: Liquid Carton; Flavour: orange; Naturally derived: natural; Juice Content: 100%; Carbonization: still
89797465,AB Vassilopoulos,Greece,natural juice orange from home 1lt,"* the OLUMPOS trusts the greek nature γι' this chooses the best greek fruits and offers you the sweet pleasure of juice. 
* 100% natural squeezed juice OLUMPOS from greek selected, juicy oranges.","[""""dairy products,herbal drinks & items refrigerator"""",""""refrigerator juices""""]",https://www.ab.gr//el/eshop/Galaktokomika-Fytika-Rofimata-and-Eidi-Psygeioy/Chymoi-psygeioy/Fysikos-Chymos-Portokali-Apo-Spiti-1lt/p/7146349,https://static.ab.gr/medias/sys_master/hd0/h9a/9987317202974.jpg,3.9,,Olympos,Not from Concentrate 100% Juice,Juice Features: not from concentrate; Juice Content: 100%; Volume: 1000; Naturally derived: natural; Flavour: orange; Made From: orange; Carbonization: still
898109773,amazon,USA,"Cock n Bull Ginger Beer 12 Pack 10oz Soda Bottles - Ideal Mixer for Cocktails, Mocktails, and Bartenders - Premium Quality for Perfect Mixed Drinks - Refreshing Flavor Profile- Made In USA","* * *
## Important information 
[ingredients_start]
Ingredients 
Carbonated Spring Water, Sugar, Ginger Root, Natural Ginger Flavours, Acid: Tartaric Acid, Antioxidant: Ascorbic Acid 
[ingredients_end","["""" Any Department"""","""" Grocery & Gourmet Food"""","""" Beverages"""","""" Bottled Beverages, Water & Drink Mixes"""","""" Cocktail Mixers""""]",https://www.amazon.com/dp/B0CVNK3GXL,https://m.media-amazon.com/images/I/71LM3bFuizL._AC_UL320_.jpg,39.98,810158580930,Cock N Bull,Tonic Water/Mixers/Other Bitters,"Carbonization: carbonated; Water Type: spring; Immune Support Ingredients: vitamin c, ginger, antioxidants; Juice Content: 0-2%; Pack Type: Bottle; Naturally derived: natural flavours, natural; Caffeine: 15-25 mg; Geographic Origin: united states; Flavour: ginger; Volume: 296; Free From: no alcohol, no caffeine; Health Claims: no sugar"
89829080,amazon,France,courmayeur - mineral water pack of 6x1l - unity,"drinks
waters
still waters
courmayeur mineral water 6 x 1l","["""" grocery"""","""" coffee, tea and drinks"""","""" waters"""","""" still waters""""]",https://www.amazon.fr/dp/B07CL853B3,https://m.media-amazon.com/images/I/41GTu8+axxL._AC_UL320_.jpg,14.9,,Courmayeur,Still Bottled Water,Pack Material Type: Plastic; Juice Content: 0-2%; Water Type: mineral; Volume: 1000; Pack Type: Bottle; Carbonization: still
899475718,Voilà,Canada,Big 8 Cream Soda 2 L,Shop Canada,"["""" Beverages"""","""" Soft Drinks"""","""" Other Soft Drinks""""]",https://voila.ca/products/445085CS,https://voila.ca/images-v3/2d92d19c-0354-49c0-8a91-5260ed0bf531/37d2a7de-73b3-406a-98bf-9786563ed818/500x500.jpg,13.52,,Big 8,Other Non-Cola Carbonates,Juice Content: 0-2%; Pack Type: Liquid Carton; Volume: 2000; Pack Material Type: Glass; Carbonization: carbonated
902256110,safeway,USA,Turkey Hill Iced Tea Regular - 128 Fl. Oz.,,"["""" Beverages"""","""" Tea"""","""" Iced Tea""""]",https://www.safeway.com/shop/product-details.139300131.html,https://images.albertsons-media.com/is/image/ABS/139300131,2.99,20735092750,Turkey Hill,Still RTD Tea,Volume: 3785; Pack Type: Bottle; Carbonization: still; Flavour: tea; Juice Content: 0-2%
902685219,Albert Heijn,Netherlands,cool best Fruit drink orange,"characteristics: recyclable, paper and/or wood of certified origin, 
keep: keep it cooled (max. 7 °C).
best before:
see top pack. refrigerated after opening perishable., 
Highlights: yummy drinkable, ","["""" Fruit, fresh juices"""","""" fresh juices and smoothies"""","""" orange juice and orange juice (fresh)""""]",https://www.ah.nl/producten/product/wi569888/coolbest-fruit-drink-orange,https://static.ah.nl/dam/product/AHI_4354523130313537353538?revLabel=1&rendition=400x400_JPG_Q85&fileType=binary,2.39,8720157401261,Cool Best,Juice Drinks (up to 24% Juice),"Pack Type: Liquid Carton; Volume: 1000; Health Claims: no added sugar; Caffeine: 15-25 mg; Flavour: orange; Carbonization: still; Sweetener: stevia; Naturally derived: natural flavours; Juice Features: from concentrate; Made From: orange, apple, lemon"
904367409,Walmart,USA,"Mello Yello Soda Citrus, 20 Oz Bottles ( Pack Of 12, Total Of 240 Oz)","Classic Citrus Soda: Enjoy the timeless refreshing taste of Mello Yello Soda Citrus in every 20 oz bottle. Convenient 12-: This contains 12 individual 20 oz bottles of Mello Yello Soda Citrus, providi","["""" Food"""","""" Beverages"""","""" Soda Pop""""]",https://www.walmart.com/ip/Mello-Yello-Soda-Citrus-20Oz-Bottles-Pack-Of-12-Total-Of-240-Oz/5411856960,https://i5.walmartimages.com/asr/5da25108-56fc-4f22-ae48-971c293048fd.cc61255823ab18623cca1050f4f59098.jpeg,44.61,,Mello Yello,Other Non-Cola Carbonates,Volume: 591; Pack Material Type: Plastic; Flavour: citrus; Juice Content: 0-2%; Pack Type: Bottle
904685566,Dirk,Netherlands,cool best fruit drink strawberry,"drink based on fruit juice and dairy, sweetened with sweetener of natural origin. briefly heated.","["""" dairy & cheese"""","""" dairy drinks""""]",https://www.dirk.nl/boodschappen/zuivel-kaas/zuiveldranken/coolbest%20fruitdrink%20strawberry/103429,https://d3r3h30p75xj6a.cloudfront.net/artikelen%2F195134_1_462907_638568099693668008.png,2.09,8720157401247,Cool Best,Juice Drinks (up to 24% Juice),"Juice Features: from concentrate; Carbonization: still; Flavour: strawberry; Volume: 1000; Sweetener: stevia; Naturally derived: natural fragrances, natural sweeteners; Pack Type: Liquid Carton; Made From: strawberry, lemon, apple, orange, aronia berry"
904858475,amazon,USA,"Stewarts, Root Beer, 12 Ounce, 4 Pack","Brand Stewarts 
Item Form Liquid 
Flavor Root Beer 
Number of Items 1 
Item Volume 12 Fluid Ounces 
* * *
## Important information 
Legal Disclaimer 
Statements regarding dietary supplements have not ","["""" Grocery & Gourmet Food"""","""" Beverages"""","""" Bottled Beverages, Water & Drink Mixes"""","""" Soda Soft Drinks""""]",https://www.amazon.com/dp/B09NNT3XVR,https://m.media-amazon.com/images/I/51wRp13AwPL._AC_UL320_.jpg,19.99,,Stewart's,Other Non-Cola Carbonates,Carbonization: still; Juice Content: 0-2%; Volume: 355; Pack Type: Bottle
905598250,MatHem,Sweden,"pro viva fruit drink strawberry, Lime & mint with no added sugar & sweetener","### content 
description 
pro viva strawberry mint without added sugar and without sweetener contains only natural sweetness from fruit and berries. a classic swedish summer taste with a modern twist.","["""" dairy, cheese & juice"""","""" juice & fruit drinks""""]",https://www.mathem.se/se/products/9601-proviva-fruktdryck-jordgubb-lime-mynta-utan-tillsa/,https://bilder.kolonial.no/prod/local_products/7b8a89da-0287-4cb0-96f2-ac5d9ce99b8b.jpg?auto=format&fit=max&w=305&s=37954c8a7094b9e93a2d710f0e1f3e55,36.95,,Proviva,Juice Drinks (up to 24% Juice),"Volume: 1000; Juice Features: from concentrate; Pack Type: Liquid Carton; Health Claims: no added sugar, immune system health, probiotic, good source of vitamins; Juice Content: 25-50%; Naturally derived: natural fragrances, natural sweeteners; Made From: grape, banana, strawberry, lime, aronia berry, barbados cherry; Flavour: strawberry, lime, mint; Caffeine: 15-25 mg; Carbonization: still; Immune Support Ingredients: vitamin c; No Artificial Ingredients: no artificial sweeteners"
905694114,MatHem,Sweden,powerking energy drink,,"["""" drink"""","""" functional beverages""""]",https://www.mathem.se/se/products/4163-powerking-energidryck/,https://bilder.kolonial.no/prod/local_products/7bd04e48-536a-4699-b943-1ae7ad7bbbb1.jpg?auto=format&fit=max&w=382&s=2d5bc2fc5d21d8c1ee2ed8daa20b9113,10.95,,Powerking,Energy Drinks,"Energy Source: b-vitamins; Health Claims: energy boosting; Sweetener: hfcs, sugar; Juice Content: 0-2%; Caffeine: 25-50 mg; Carbonization: carbonated; Volume: 250; Pack Type: Can"
905721029,MatHem,Sweden,good morning Juice Mango & raspberry Selected Blend good morning,"### content 
description 
good morning Mango Raspberry has a base of apples and a tasty combination of mango and cute raspberry. together create they a perfect balanced juice. 100% noga selected fruit","["""" dairy, cheese & juice"""","""" juice & fruit drinks""""]",https://www.mathem.se/se/products/7310-god-morgon-r-juice-mango-hallon-selected-blend/,https://bilder.kolonial.no/prod/local_products/9d98a434-8d87-48ad-a08f-35212c24384a.jpg?auto=format&fit=max&w=152&s=80a9346a4d13c51ab7801020c5108d40,36.5,,God Morgon,Not from Concentrate 100% Juice,"Flavour: raspberry, mango; Juice Features: from concentrate, pasteurized; Juice Content: 100%; Caffeine: 15-25 mg; Volume: 1000; Made From: carrot, apple, raspberry, mango; Pack Type: Liquid Carton; Carbonization: still"
90727725,amazon,France,salvetat - natural mineral water - the 12 bottles of 500 ml - sold by piece - free delivery in france,"Eau
sparkling water
salvetat
natural mineral water
the 12 bottles of 500ml","["""" grocery"""","""" coffee, tea and drinks"""","""" syrups and concentrated juices""""]",https://www.amazon.fr/Salvetat-Min%C3%A9rale-Naturelle-Bouteilles-Livraison/dp/B07BLL9ZNG/ref=sr_1_1691?s=grocery&ie=UTF8&qid=1548424957&sr=1-1691,https://images-eu.ssl-images-amazon.com/images/I/41382GvB5gL._AC_US200_.jpg,48.99,,Salvetat,Carbonated Bottled Water,Pack Material Type: Flexible Pack; Water Type: mineral; Carbonization: sparkling; Geographic Origin: france; Juice Content: 0-2%; Pack Type: Bag/Packet; Volume: 500; Naturally derived: natural
907683998,Hepsiburada,Turkey,Green la viva mastic gum flavored cocktail syrup 70 cl,"Green la viva mastic gum flavored cocktail syrup 70 cl 
brand green laviva 
soft drink fruit juice 
other warranty period ( moon) 12 
no overseas sales 
stock code HBV0000112OPW","["""" home page"""",""""supermarket"""",""""beverage products"""","""" food syrup""""]",https://www.hepsiburada.com/green-la-viva-damla-sakizi-aromali-kokteyl-surubu-70-cl-pm-HB0000112OPV,https://productimages.hepsiburada.net/s/47/1500/10906197557298.jpg,250,,Green's,Liquid Concentrates,Volume: 700; Juice Content: 0-2%; Pack Type: Bottle
907813293,Hepsiburada,Turkey,plum water 0.5 lt,"plum water 0.5 lt 
brand plum 
warranty period ( moon) 1 
no overseas sales 
stock code HBCV000060D22Q","["""" home page"""",""""supermarket"""",""""beverage products"""","""" that""""]",https://www.hepsiburada.com/erikli-su-0-5-lt-pm-HBC000060D22P,https://productimages.hepsiburada.net/s/777/1500/110000640797669.jpg,15,,Erikli,Still Flavoured Bottled Water,Flavour: plum; Pack Type: Bottle; Volume: 500; Juice Content: 0-2%; Carbonization: still
908244119,Hepsiburada,Turkey,migros apricot nectar 1000ml,"migros apricot nectar 1000ml brand migros 
soft drink fruit juice 
other no overseas sales 
stock code HBCV00003K8JLG","["""" home page"""",""""supermarket"""",""""beverage products"""","""" still drink"""","""" juices""""]",https://www.hepsiburada.com/migros-kayisi-nektari-1000ml-pm-HBC00003K8JLF,https://productimages.hepsiburada.net/s/342/500/110000349417279.jpg,89,,Migros,Nectars,Volume: 1000; Flavour: apricot; Made From: apricot; Pack Type: Liquid Carton; Carbonization: still
90828207,amazon,USA,"Yerbae Water Enhanced Spark Strawberry, 12 fl oz",This product is delicious and healthy,"["""" Any Department"""","""" Grocery & Gourmet Food"""","""" Beverages"""","""" Bottled Beverages, Water & Drink Mixes"""","""" Water""""]",https://www.amazon.com/dp/B07895D491,https://m.media-amazon.com/images/I/816hWWFRTyL._AC_UL320_.jpg,6.93,853156007139,Yerbae,Sparkling Flavoured Bottled Water,Carbonization: still; Pack Material Type: Metal; Volume: 355; Caffeine: 0-15 mg; Juice Content: 0-2%; Pack Type: Can; Flavour: strawberry
908401849,Hepsiburada,Turkey,plum ( meat popcake present ) plum natural spring water 5 liter pet ( 1 pc ),"( meat popcake ) plum natural spring water 5 liter pet ( 1 pc ) brand plum 
no overseas sales 
stock code HBCV00005MEJBP","["""" home page"""",""""supermarket"""",""""beverage products"""","""" that""""]",https://www.hepsiburada.com/erikli-eti-popkek-hediye-erikli-dogal-kaynak-suyu-5-lt-pet-1-adet-pm-HBC00005MEJBO,https://productimages.hepsiburada.net/s/533/500/110000592205004.jpg,158.36,,Erikli,Still Flavoured Bottled Water,Volume: 5000; Pack Type: Bottle; Water Type: spring; Juice Content: 0-2%; Naturally derived: natural; Flavour: plum; Carbonization: still
908430333,Hepsiburada,Turkey,plum ( country charm present ) plum natural spring water mosque 330 ml ( 1 pc ),"( country charm ) plum natural spring water mosque 330 ml ( 1 pc ) brand plum 
no overseas sales 
stock code HBCV00005MEIBP","["""" home page"""",""""supermarket"""",""""beverage products"""","""" that""""]",https://www.hepsiburada.com/erikli-ulker-albeni-hediye-erikli-dogal-kaynak-suyu-cami-330-ml-1-adet-pm-HBC00005MEIBO,https://productimages.hepsiburada.net/s/533/500/110000592202969.jpg,129.01,,Erikli,Still Flavoured Bottled Water,Volume: 330; Caffeine: 25-50 mg; Naturally derived: natural; Juice Content: 0-2%; Water Type: spring; Flavour: plum; Carbonization: still
908573996,Hepsiburada,Turkey,by gunsmith kiwi syrup 750 ml,"by gunsmith kiwi syrup 750 ml 
your fruits natural from their essence preparing thanks to characteristic your tastes intensely containing in, with the smell the fruit of reminiscent of, multipurpose, ","["""" home page"""",""""supermarket"""",""""beverage products"""","""" food syrup""""]",https://www.hepsiburada.com/by-tufekci-kivi-surup-750-ml-pm-HB00000VDDX5,https://productimages.hepsiburada.net/s/538/1500/110000597103214.jpg,269.99,,Tufekci,Liquid Concentrates,Naturally derived: natural; Pack Type: Bottle; Flavour: kiwi; Volume: 750
908708287,Hepsiburada,Turkey,gulsah lemon flavored beverage powder 300 gr x 2,"lemon flavored beverage powder 300 gr x 2 brand gulsah 
type flavored powder 
Aroma lemon 
other warranty period ( moon) 1 
no overseas sales 
stock code HBCV0000190KJ2","["""" home page"""",""""supermarket"""",""""beverage products"""","""" still drink"""",""""beverage powders""""]",https://www.hepsiburada.com/gulsah-limon-aromali-icecek-tozu-300-gr-x-2-pm-HBC0000190KIZ,https://productimages.hepsiburada.net/s/163/500/110000121665703.jpg,149.9,,Gülşah,Powder Concentrates,Flavour: lemon; Weight: 300; Pack Type: Bag/Packet; Juice Content: 0-2%; Concentrate Format: powder
908896053,Hepsiburada,Turkey,lobas pomegranate syrup 1 lt,"lobas pomegranate syrup 1 lt 
lobas pomegranate syrup 1 lt 
brand lobas 
warranty period ( moon) 1 
no overseas sales 
stock code HBV0000138KHS","["""" home page"""",""""supermarket"""",""""food products"""","""" cooking sauce and syrup"""","""" pomegranate syrup""""]",https://www.hepsiburada.com/lobas-nar-eksisi-1-lt-pm-HB0000138KHQ,https://productimages.hepsiburada.net/s/76/1500/110000017563995.jpg,299,,Lobas,Liquid Concentrates,Flavour: pomegranate; Pack Type: Bottle; Juice Content: 100%; Volume: 1000
909130300,Hepsiburada,Turkey,doganay turnip juice 1lt pain x 12,"doganay turnip juice 1 liter pain x 12 pcs brand doğanay 
filter type ground - French Press 
quantity 1 lt 
other warranty period ( moon) 24 
no overseas sales 
stock code HBCV00000URIZR","["""" home page"""",""""supermarket"""",""""beverage products"""","""" that""""]",https://www.hepsiburada.com/doganay-salgam-suyu-1lt-aci-x-12-pm-HBC00000URIZQ,https://productimages.hepsiburada.net/s/132/500/110000083000983.jpg,499,,Doganay,Nectars,Carbonization: still; Made From: turnip; Pack Type: Bottle; Volume: 1000; Juice Content: 0-2%
909276206,Hepsiburada,Turkey,drop mineral mineral water pine Premium bottle 330 ml ( 5 pieces ),"drop mineral mineral water pine Premium bottle 330 ml ( 5 pieces ) brand drop 
no overseas sales 
stock code HBCV00004Y2MGN","["""" home page"""",""""supermarket"""",""""beverage products"""","""" carbonated drinks"""","""" mineral water""""]",https://www.hepsiburada.com/damla-minera-mineralli-su-cam-premium-sise-330-ml-5-adet-pm-HBC00004Y2MGM,https://productimages.hepsiburada.net/s/464/500/110000501313863.jpg,416.62,,Damla,Carbonated Bottled Water,Water Type: mineral; Pack Type: Bottle; Volume: 330; Juice Content: 0-2%; Carbonization: carbonated
909340791,Hepsiburada,Turkey,Exotic orange pomegranate juice 750cc ( 9 pieces ),"Exotic orange pomegranate juice 750cc ( 9 pieces ) brand exotic 
soft drink fruit juice 
other no overseas sales 
stock code HBCV00003K9OUQ","["""" home page"""",""""supermarket"""",""""beverage products"""","""" still drink"""","""" juices""""]",https://www.hepsiburada.com/exotic-portakal-nar-suyu-750-cc-9-adet-pm-HBC00003K9OUP,https://productimages.hepsiburada.net/s/342/500/110000349522040.jpg,2815.22,,Exotic,Nectars,"Flavour: orange, pomegranate; Pack Type: Bottle; Volume: 750; Carbonization: still; Juice Content: 100%; Made From: orange, pomegranate"
909475237,Walmart,USA,Manzanita Sol Apple Soda 12 Oz Cans (24 Pack),""""" 
* Brand: Pepsi 
* Flavor: Apple 
* Package Information: Can 
* Weight: 12 Ounces 
* Package Weight: 9.32 Kilograms 
"""" ; Flavor Apple ; Container Type Can ; Brand Manzanita Sol","["""" Food"""","""" Beverages"""","""" Latin Beverages"""","""" Latin Sodas"""","""" Shop all Latin Sodas""""]",https://www.walmart.com/ip/Manzanita-Sol-Apple-Soda-12Oz-Cans-24-Pack/1873907261?classType=VARIANT,https://i5.walmartimages.com/seo/Manzanita-Sol-Apple-Soda-12Oz-Cans-24-Pack_34711276-c364-45f7-bada-f7f8004372da.874ba82492aa89a3a72cb7f3c624c554.jpeg,27.49,,Manzanita Sol,Other Non-Cola Carbonates,Carbonization: carbonated; Volume: 355; Juice Content: 0-2%; Pack Type: Carton/Box; Flavour: apple
910797506,Hepsiburada,Turkey,city boringer Trix apple flavored powdered drink 300 gr,city boringer Trix apple flavored powder drink 300 gr*12 pieces. Trix powder drinks want hot whether ... or cold you can consume as. tea for those who love various with aromas different flavors offeri,"["""" home page"""",""""supermarket"""",""""beverage products"""","""" still drink"""",""""beverage powders""""]",https://www.hepsiburada.com/kent-boringer-trix-elma-aromali-toz-icecek-300-gr-pm-HBC00001PMYZ2,https://productimages.hepsiburada.net/s/184/500/110000148877940.jpg,62,,Kent Boringer,Powder Concentrates,"Caffeine: 15-25 mg; Flavour: apple; Weight: 300; Health Claims: good source of vitamins; Juice Content: 0-2%; Concentrate Format: powder, vitamins; Immune Support Ingredients: vitamin c"
911704875,Hepsiburada,Turkey,doganay turnip juice 1lt dessert x 12 pcs,"doganay turnip juice 1lt dessert x 12 pcs brand doğanay 
filter type herbal tea 
quantity standard 
other no overseas sales 
stock code HBCV000065CAHE","["""" home page"""",""""supermarket"""",""""beverage products"""","""" still drink"""",""""turnip juices""""]",https://www.hepsiburada.com/doganay-salgam-suyu-1lt-tatli-x-12-adet-pm-HBC000065CAHD,https://productimages.hepsiburada.net/s/777/1500/110000659115743.jpg,483.2,,Doganay,Nectars,Volume: 1000; Carbonization: still; Made From: turnip; Juice Content: 0-2%
91286572,amazon,Germany,wolfra fruchtig-feine Winter plum Tetra Pack 1l,,"["""" food and drink"""","""" beverages, coffee, tea"""","""" fruit juices""""]",https://www.amazon.de/Wolfra-fruchtig-feine-Winter-Pflaume-Tetra/dp/B00GJPGIUG/ref=sr_1_1896?s=grocery&ie=UTF8&qid=1544461463&sr=1-1896,https://images-eu.ssl-images-amazon.com/images/I/4154NmPAM-L._AC_US200_.jpg,2.49,,Wolfra,Juice Drinks (up to 24% Juice),Volume: 1000; Made From: plum; Carbonization: still; Pack Material Type: Paper / Carton; Pack Type: Liquid Carton; Flavour: plum
913056386,Hepsiburada,Turkey,seven days orange flavored soda box 4x250 ml ( 1 pc ),"seven days orange flavored soda box 4x250 ml ( 1 pc ) brand seven days 
no overseas sales 
stock code HBCV00004Y2H7V","["""" home page"""",""""supermarket"""",""""beverage products"""","""" carbonated drinks"""","""" Kola""""]",https://www.hepsiburada.com/yedigun-portakal-aromali-gazoz-kutu-4x250-ml-1-adet-pm-HBC00004Y2H7U,https://productimages.hepsiburada.net/s/464/500/110000501297392.jpg,237.59,,Yedigun,Orange Carbonates,Flavour: orange; Volume: 250; Pack Type: Carton/Box; Juice Content: 0-2%; Carbonization: carbonated
913657654,Coop,Netherlands,coolbest Mango drink,"> 
## store & use 
storage advice: keep refrigerated (max. 7°C).
best before: see top pack. refrigerated after opening perishable 
## extra information 
contains additives: natural sweeteners 
section","["""" groceries"""","""" soft drink, juices, and, Water"""","""" fresh, juices, and, Smoothies"""","""" fresh, juices""""]",https://www.coop.nl/product/8720157401223,https://cdn.syndy.com/media/products/80120000-3a2a-000d-f863-08dc3c785884/images/AW0HA3GItENDpZ-NPK0ohvI./AAAAdyP8JCrQvAjcj1PJrA.290x290.jpg,2.29,8720157401223,Cool Best,Juice Drinks (up to 24% Juice),"Sweetener: stevia; Volume: 1000; Flavour: mango; Juice Features: smoothie, from concentrate; Pack Type: Liquid Carton; Naturally derived: natural fragrances, natural sweeteners; Carbonization: still; Caffeine: 15-25 mg; Made From: apple, orange, mango"
91369032,amazon,France,Orgeat - syrup gross organic 500ml,"bacanha is a label specialized in creation and manufacture syrups organic quality. pleasure and well-being
25% less sweet, more taste
pure sugar organic cane, aromas and infusions natural
To serve in ","["""" grocery"""","""" coffee, tea and drinks"""","""" concentrated syrups""""]",https://www.amazon.fr/Orgeat-Sirop-Brut-Bio-500ml/dp/B07LGB74TV/ref=zg_bs_6357111031_100?_encoding=UTF8&psc=1&refRID=8NK27R5MYTSEAY5276G0,https://images-eu.ssl-images-amazon.com/images/I/31hig2jm1KL._AC_US200_.jpg,9.9,,Bacanha,Liquid Concentrates,Sustainable Sourcing: organic; Volume: 500; Geographic Origin: france; Juice Content: 0-2%; Sweetener: sugar; Naturally derived: natural; Pack Type: Bottle; Pack Material Type: Glass
914788053,amazon,France,bjorg - PREPERATION organic lemon juice 200ml - set of 5,"generic brand 
bottle packaging information 
Volume of article 200 milliliters 
number of units 200 milliliter 
* * *
# at about this article 
* salty grocery 
* dietetics and nutrition 
* organic 
* ","["""" grocery"""","""" coffee, tea and drinks"""","""" juice""""]",https://www.amazon.fr/dp/B0BPQZ9R69,https://m.media-amazon.com/images/I/519tdtwPJYL._AC_UL320_.jpg,22.99,,Bjorg,Not from Concentrate 100% Juice,Caffeine: 15-25 mg; Volume: 200; Flavour: lemon; Made From: lemon; Sustainable Sourcing: organic; Carbonization: still; Juice Content: 0-2%; Pack Type: Bottle
914834084,amazon,France,ethical pure apple juice organic 1l - ethical - set of 3 - special offer,"number of units 3000 millilitre 
generic brand 
bottle packaging information 
item volume 1 Litres 
* * *
# at about this article 
* salty grocery 
* dietetics and nutrition 
* organic 
* ethical pure","["""" grocery"""","""" coffee, tea and drinks"""","""" juice""""]",https://www.amazon.fr/dp/B0BPQY9M28,https://m.media-amazon.com/images/I/41Yy9ZJ2R3L._AC_UL320_.jpg,27.99,,Ethiquable,Not from Concentrate 100% Juice,Pack Material Type: Glass; Caffeine: 150-200 mg; Volume: 1000; Pack Type: Bottle; Sustainable Sourcing: organic; Flavour: apple; Carbonization: still; Juice Content: 0-2%; Made From: apple
915575392,safeway,USA,Jones Root Beer Soda - 4-12 Fl. Oz.,,"["""" Beverages"""","""" Soft Drinks"""","""" Specialty & Natural Soda""""]",https://www.safeway.com/shop/product-details.960256481.html,https://images.albertsons-media.com/is/image/ABS/960256481,8.99,620221240087,Jones,Other Non-Cola Carbonates,Pack Type: Bag in Box; Volume: 355; Juice Content: 0-2%
915594031,amazon,France,holy water heavy 500 ml - 80,"## product information 
# technical description 
##### product information 
units ‎500.00 milliliter 
mark ‎mapp 
native country ‎ france 
# further information 
ASIN B0B3NCZHC5 
update date online on","["""" grocery"""","""" coffee, tea and drinks"""","""" waters"""","""" still waters""""]",https://www.amazon.fr/dp/B0B3NCZHC5,https://m.media-amazon.com/images/I/41ct8tYXt+L._AC_UL320_.jpg,29,,Lourdes,Still Bottled Water,Caffeine: 15-25 mg; Volume: 500; Pack Type: Bottle; Carbonization: still; Juice Content: 0-2%
91708075,amazon,USA,Rip It Energy Tribute Cherry Lime 16 Oz Can - Case of 24,"Case of 24 - 16oz Cans
Excellent blend of cherry and lime","["""" Grocery & Gourmet Food"""","""" Beverages"""","""" Bottled Beverages, Water & Drink Mixes"""","""" Energy Drinks""""]",https://www.amazon.com/Rip-Energy-Tribute-Cherry-Lime/dp/B00BYPJ9DE/ref=sr_1_1476?c=ts&keywords=Energy+Drinks&qid=1685934335&s=grocery&sr=1-1476&ts_id=16318341,https://m.media-amazon.com/images/I/61CEgHRjU3L._AC_UL320_.jpg,64.9,,Rip It,Energy Drinks,"Caffeine: 50-100 mg; Pack Type: Can; Juice Content: 0-2%; Health Claims: energy boosting; Pack Material Type: Metal; Volume: 473; Flavour: lime, cherry"
91870285,ICA,Sweden,soda julmust 1.4l apotekarnes,"## product information 
information from supplier 
apotekarnes julmust is one carbonated soft drink as is a real one bestseller. christmas must has a dark color skimmar properly and has taste of hops ","["""" drink"""",""""soda"""","""" large soda"""",""""other flavors""""]",https://handlaprivatkund.ica.se/stores/1004134/products/läsk-julmust-1-4l-apotekarnes/1200242,"https://assets.icanet.se/t_product_large_2x_v1,f_auto/7310070151209.jpg",18.9,,Apotekarnes,Other Non-Cola Carbonates,"Pack Type: Bottle; Carbonization: carbonated, gently carbonated; Volume: 1400; Pack Material Type: Glass; Sweetener: sugar; Juice Content: 0-2%; Naturally derived: natural fragrances"
91899284,amazon,Germany,tri top Orange Mandarin Drink Syrup 600 ml - Low Calorie ( pack of 3),"by tri top become childhood memories awakened. the tasty ones syrups were earlier very gladly on hot days as cool refreshment drank
with tri top can also amazing Cocktails, Desserts and refined sweet ","["""" Grocery"""","""" Drinks"""","""" juice & smoothies""""]",https://www.amazon.de/dp/B07MGJTXM6,https://m.media-amazon.com/images/I/610hnAO2Z9L._AC_UL320_.jpg,15.68,,Tri Top,Liquid Concentrates,"Sweetener: sugar; Caffeine: 0-15 mg; Pack Material Type: Plastic; Juice Content: 0-2%; Health Claims: low sugar, low calories; Volume: 600; Flavour: mandarin, orange"
92239103,amazon,Spain,Tate & Lyle Chai spices syrup 750 ml - pack of 4,"Tate & Lyle Chai spices syrup 750 ml - pack of 4
Tate & Lyle
750ml (x4)
Quantity: 4","["""" alimentation and drinks"""","""" coffee, tea and drinks"""","""" coffee and espresso""""]",https://www.amazon.es/Tate-Lyle-Especias-Jarabe-750Ml/dp/B01LYJY5RD/ref=sr_1_6536?qid=1570786775&s=grocery&sr=1-6536,https://m.media-amazon.com/images/I/31OG+uT-syL._AC_UL320_.jpg,57.61,,Tate & Lyle,Liquid Concentrates,Juice Content: 0-2%; Pack Type: Bottle; Volume: 750; Pack Material Type: Glass
922774473,safeway,USA,Jones Cream Soda - 12 Fl. Oz.,,"["""" Beverages"""","""" Soft Drinks"""","""" Root Beer & Cream Soda""""]",https://www.safeway.com/shop/product-details.960256479.html,https://images.albertsons-media.com/is/image/ABS/960256479,1.99,620221200098,Jones,Other Non-Cola Carbonates,Volume: 355; Juice Content: 0-2%
922935291,Voilà,Canada,Cove Soda Root Beer 355 ml (can),,"["""" Beverages"""","""" Soft Drinks"""","""" Other Soft Drinks""""]",https://voila.ca/products/cove-soda-root-beer-355-ml-can/31200EA,https://voila.ca/images-v3/2d92d19c-0354-49c0-8a91-5260ed0bf531/2dcaca97-bfac-4187-b0ab-46af0c0a9ed5/500x500.jpg,2.99,,Cove,Other Non-Cola Carbonates,Volume: 355; Juice Content: 0-2%; Pack Type: Can
923418419,GNC,USA,Energy Drink - Strawberry Candy - 16oz. (12 Cans),"Gorilla Mind - Energy Drink - Strawberry Candy - 12 Cans
Unmatched Energy*
Amplified Focus*
Enhanced Memory*
Increased Productivity*
Elevated Mental Clarity*
1000mg N- Acetyl-L- Tyrosine
400mg Alpha-G","["""" Food Drink"""","""" Drinks""""]",https://www.gnc.com/energy-drinks/680317.html,https://www.gnc.com/dw/image/v2/BBLB_PRD/on/demandware.static/-/Sites-master-catalog-gnc/default/dw7f0eb699/hi-res/GNC-73934/680317_Gorilla_Mind_Energy_Drink_Strawberry_Candy_12pk_Front.jpg,34.99,,Gorilla Mind,Energy Drinks,"Sweetener: sucralose, acesulfame potassium; Energy Source: l-theanine; Volume: 473; Pack Type: Can; Caffeine: 25-50 mg; Juice Content: 0-2%; Carbonization: carbonated; No Artificial Ingredients: no artificial colours; Water Type: filtered; Health Claims: energy boosting, good source of vitamins; Naturally derived: natural flavours; Contains Minerals: calcium; Flavour: strawberry; Immune Support Ingredients: vitamin c"
924405376,Food Market Herkku,Finland,råsaft apple pineapple Lime ginger mint 700 ml,fresh fruit cold pressed juice,"["""" beverages"""","""" juice"""","""" other fruit juices""""]",https://www.s-kaupat.fi/tuote/7350068170577,https://cdn.s-cloud.fi/v1/w828_q75/product/ean/7350068170577_kuva1.jpg,4.65,7350068170577,Loviseberg Råsaft,Not from Concentrate 100% Juice,"Flavour: lime, ginger, pineapple, mint, apple; Juice Content: 100%; Juice Features: cold press; Immune Support Ingredients: vitamin c, ginger; Carbonization: still; Made From: lime, ginger, pineapple, apple; Volume: 700"
924618123,Hy-Vee,USA,Warheads Watermelon Soda,"Product Details 
UPC: 
0850035248040 
Manufacturers may alter their products and / or packaging and the packaging and products may be different from what is shown on www.hy-vee.com. 
Show More","["""" Beverages"""",""""soft drinks""""]",https://www.hy-vee.com/aisles-online/p/3590546/Warheads-Watermelon-Soda,https://0bb8856ba8259ec33e3d-a40599a114f3a4c6d0979c3ffe0b2bf5.ssl.cf2.rackcdn.com/65d52556-61c6-4d2c-afa1-03ca590253ad_thumb.jpeg,1.69,850035248041,Warheads,Other Non-Cola Carbonates,Volume: 355; Flavour: watermelon; Pack Type: Can; Juice Content: 0-2%; Carbonization: still
92525648,CareMarket,Greece,Zagoraki natural mineral water 6x330ml,"description the unique harmonious curves and embossed characteristics combined this time with yellow lid and tag where hosts adventures and games favorite hero of children. the hours to school, at ext","[""""drinks, juices, soft drinks"""",""""water""""]",https://www.caremarket.gr/pota-humoi-anapsuktika-50/nera-506/epitrapezia-metallika-570/zagoraki-fusiko-metalliko-nero-6h330ml-228311/,https://www.caremarket.gr/images/ProductDetail/Content/Files/ProductMedia/KABA/WATERS/5201627120026.jpg,1.2,5201627120026,Zagori,Still Bottled Water,Pack Material Type: Flexible Pack; Pack Type: Bag/Packet; Volume: 330; Naturally derived: natural; Carbonization: still; Juice Content: 0-2%; Water Type: mineral
92623276,K Ruoka,Finland,marli juissi 1l fruit juice drink,,"["""" beverages"""","""" juice"""","""" juices from warm""""]",https://www.k-ruoka.fi/kauppa/tuote/marli-juissi-1l-hedelmamehujuoma-6415130027942,https://public.keskofiles.com/f/k-ruoka/product/6415130027942,1.45,6415130027942,Marli,Juice Drinks (up to 24% Juice),"Made From: apple, pineapple, pear; Juice Content: 25-50%; Volume: 1000; Pack Type: Liquid Carton; Sweetener: sugar; Pack Material Type: Paper / Carton; Carbonization: still"
927776452,amazon,United Kingdom,"Boost Energy Drink, 250ml x 48 pack, (24 x Lemon Lime & 24 x Original Sugar Free) - Vegan Friendly Great Tasting Energy Boost, Only 50 kcals per can","## Product information 
# Technical Details 
##### General Information 
Units ‎12000.0 millilitre 
Brand ‎ Aammus 
Format ‎ Liquid 
Manufacturer ‎ Boost 
# Additional Information 
ASIN B0CZLP8975 
Dat","["""" Any Department"""","""" Grocery"""","""" Drinks"""","""" Energy Drinks""""]",https://www.amazon.co.uk/dp/B0CZLP8975,https://m.media-amazon.com/images/I/71Kb+qqiF9L._AC_UL320_.jpg,28.99,,Boost,Energy Drinks,"Volume: 250; Immune Support Ingredients: vitamin c, antioxidants; Carbonization: carbonated; Juice Content: 0-2%; Flavour: lemon, lime; Sweetener: hfcs, acesulfame potassium; Caffeine: 25-50 mg; Energy Source: b-vitamins; Health Claims: no sugar, energy boosting"
929128380,Trendyol,Turkey,cold coffee Caramel macchiato tin 250 ml (6's),"this product [page=""""merchant_info""""] enter-take gross[/ page] will be sent by. 2 ; about to be sold at the campaign price 10 more than stock available. 4 ; the product you have examined the seller dete","[""""supermarket"""",""""food and beverage"""","""" still drinks""""]",https://www.trendyol.com/obsesso/soguk-kahve-caramel-macchiato-teneke-250-ml-6-li-p-827948188,https://cdn.dsmcdn.com///ty1302/product/media/images/prod/SPM/PIM/20240509/20/3a86e62e-344a-35b0-b6c9-7aa46cb2c99c/1_org_zoom.jpg,422.39,,Obsesso,RTD Coffee,"Flavour: caramel, coffee; Volume: 250; Juice Content: 0-2%; Carbonization: still"
929526481,amazon,United Kingdom,"Boost Energy Drink, 250ml x 48 pack, (24 x Original Zero Sugar and 24 x Exotic Fruits) - Vegan Friendly Great Tasting Energy Boost, Only 50 kcals per can","## Product information 
# Technical Details 
##### General Information 
Units ‎12000.0 millilitre 
Brand ‎ Aammus 
Format ‎ Liquid 
Manufacturer ‎ Boost 
# Additional Information 
ASIN B0D14P34V8 
Dat","["""" Grocery"""","""" Drinks"""","""" Energy Drinks""""]",https://www.amazon.co.uk/dp/B0D14P34V8,https://m.media-amazon.com/images/I/71Yyi75pZiL._AC_UL320_.jpg,28.99,,Boost,Energy Drinks,"Volume: 250; Energy Source: b-vitamins; Caffeine: 25-50 mg; Sweetener: aspartame, acesulfame potassium; Health Claims: no sugar, energy boosting; Juice Content: 0-2%; Carbonization: carbonated"
929773096,amazon,United Kingdom,"Boost Energy Drink, 250ml x 48 pack, (24 x Cherry & 24 x Lemon Lime) - Vegan Friendly Great Tasting Energy Boost, Only 50 kcals per can","## Product information 
# Technical Details 
##### General Information 
Units ‎12000.0 millilitre 
Brand ‎ Aammus 
Format ‎ Liquid 
Age Range Description ‎ Adult 
Package Information ‎ Can 
Package In","["""" Any Department"""","""" Grocery"""","""" Drinks"""","""" Energy Drinks""""]",https://www.amazon.co.uk/dp/B0CZLDSLTG,https://m.media-amazon.com/images/I/71k4vaPn2KL._AC_UL320_.jpg,28.99,,Boost,Energy Drinks,"Volume: 250; Sweetener: aspartame, acesulfame potassium; Juice Content: 15-25%; Flavour: lemon, lime, cherry; Caffeine: 25-50 mg; Health Claims: energy boosting; Energy Source: b-vitamins; Carbonization: carbonated"
93083508,amazon,USA,"Hal's New York Seltzer Carbonated Blackberry Flavored Sparkling Water, Zero Sugar, Zero Calorie, Zero Carbs, 20 Fl Oz ( Pack of 24)","Blackberry Flavored
O-U- Kosher
0 Calories
0 Sugar
No Carbohydrates","["""" Any Department"""","""" Grocery & Gourmet Food"""","""" Beverages"""","""" Bottled Beverages, Water & Drink Mixes"""","""" Drinking Water""""]",https://www.amazon.com/dp/B07KY2RSB6,https://m.media-amazon.com/images/I/71zgY8L9MjS._AC_UL320_.jpg,35.99,855036005266,Hal New York,Sparkling Flavoured Bottled Water,"Flavour: blackberry; Juice Content: 0-2%; Volume: 591; Caffeine: 0-15 mg; Carbonization: carbonated, sparkling; Geographic Origin: united states; Diets: kosher, low carbs; Health Claims: no sugar, no calories; Water Type: flavoured, seltzer"
93107909,amazon,France,hepar - natural mineral water - the 6 bottles of 330 ml - sold by piece - free delivery in france,"Eau
still water
hepar
natural mineral water
the 6 bottles of 330ml","["""" grocery"""","""" coffee, tea and drinks""""]",https://www.amazon.fr/H%C3%A9par-Min%C3%A9rale-Naturelle-Bouteilles-Livraison/dp/B07BLK339S/ref=sr_1_7426?qid=1559743617&s=grocery&sr=1-7426,https://images-eu.ssl-images-amazon.com/images/I/41K6V8Cd0vL._AC_US200_.jpg,24.89,,Hépar,Still Bottled Water,Pack Type: Bottle; Geographic Origin: france; Volume: 330; Juice Content: 0-2%; Pack Material Type: Plastic; Water Type: mineral; Naturally derived: natural; Carbonization: still
933494574,Coop,Sweden,functional drink sunshine pineapple,"functional drink sunshine pineapple
storage 
stored for a maximum of 20 hours °C
country of manufacture 
sweden","["""" drink"""","""" energy drink & vitamins"""","""" energy drink""""]",https://www.coop.se/handla/varor/-7350146810395,http://res.cloudinary.com/coopsverige/image/upload/v1691585638/cloud/287372.tiff,19.95,7350146810395,Latitude 65,Energy Drinks,Carbonization: still; Volume: 330; Health Claims: energy boosting; Energy Source: b-vitamins; Caffeine: 50-100 mg; Juice Content: 0-2%; Sweetener: sucralose; Pack Type: Can; Flavour: pineapple
933829331,Auchan,France,mineral water sparkling with lemon,,"["""" waters, juice, soda, alcohol-free drinks"""","""" waters"""","""" flavored waters, fruity"""","""" flavored sparkling"""","""" carbonated waters lemon""""]",https://www.auchan.fr/saint-amand-eau-minerale-petillante-au-citron/pr-C1206481,https://cdn.auchan.fr/media/A0220090921000407267PRIMARY_2048x2048/B2CD/?format=rw&quality=75&width=1200&height=1200,,3162850141689,Saint-Amand,Sparkling Flavoured Bottled Water,"Volume: 1000; Carbonization: carbonated, sparkling; Water Type: mineral; Pack Type: Liquid Carton; Juice Content: 0-2%; Flavour: lemon"
934127526,Coop,Sweden,energy drink Clean raspberry,"energy drink Clean raspberry
storage 
stored at maximum 35 °C
country of manufacture 
sweden","["""" drink"""","""" energy drink & vitamins"""","""" energy drink""""]",https://www.coop.se/handla/varor/-7350089431206,http://res.cloudinary.com/coopsverige/image/upload/v1677832296/cloud/275922.tiff,19.95,7350089431206,Clean Drink,Energy Drinks,"Juice Content: 0-2%; Energy Source: b-vitamins; Sweetener: sucralose; Pack Type: Can; Volume: 330; Caffeine: 50-100 mg; Contains Minerals: magnesium; Health Claims: energy boosting; Flavour: raspberry; Immune Support Ingredients: vitamin c, zinc; Carbonization: carbonated"
934188209,amazon,United Kingdom,"Ice Coffee Latte with Natural Caffeine 250ml Delicious Tasty And Twisty Treat Gift Hamper, For Christmas, Birthday, Easter Gift For All Occasions (24)","## Product information 
# Technical Details 
##### General Information 
Units ‎250.0 millilitre 
Brand ‎ Dnaaz 
Format ‎ Liquid 
Package Information ‎ Bottle 
Manufacturer ‎ Dnaaz 
# Additional Inform","["""" Any Department"""","""" Grocery"""","""" Drinks"""","""" Coffee"""","""" Instant Coffee""""]",https://www.amazon.co.uk/dp/B0D47RGP5L,https://m.media-amazon.com/images/I/51r+YlMZiNL._AC_UL320_.jpg,27.49,,Ice Coffee,RTD Coffee,"Volume: 250; Carbonization: still; Health Claims: good source of minerals; Juice Content: 0-2%; Naturally derived: natural; RTD Coffee Style: latte; Flavour: latte, coffee; Pack Type: Can"
934188865,Auchan,France,syrup sin and apricot,"## characteristics 
##### lot 
Non 
##### Description marketing 
syrup pure sugar 
##### legal name of sale 
syrup ARTISAN peach apricot 1 Litre 
### useful information 
special storage conditions aft","["""" waters, juice, soda, iced teas"""","""" teas, fruit drinks, syrups"""","""" syrups, concentrates"""",""""peaches and other perfumes""""]",https://www.auchan.fr/eyguebelle-sirop-de-peche-et-abricot/pr-C1208246,https://cdn.auchan.fr/media/A0220140630000476247PRIMARY_2048x2048/B2CD/?format=rw&quality=75&width=1200&height=1200,,3242611000216,Eyguebelle,Liquid Concentrates,Sweetener: sugar; Volume: 1000; Pack Type: Bottle; Caffeine: 15-25 mg; Naturally derived: natural fragrances; Flavour: apricot
93447077,ICA,Sweden,Juice freshly pressed orange 850ml brämhults,ICA has the ambition that always give you the right information. minor changes in the content of the products can take place over time and we therefore asks you to always check before use the informat,"["""" dairy, cheese & eggs"""","""" Juice, fruit drink & smoothie"""","""" orange juice""""]",https://www.ica.se/handla/produkt/juice-nypressad-apelsin-850ml-bramhults-id_p_7313619000020,"https://assets.icanet.se/t_product_large_2x_v1,f_auto/7313619000020.jpg",40.9,7313619000020,Brämhults,Not from Concentrate 100% Juice,Volume: 850; Flavour: orange; Juice Features: smoothie; Pack Type: Bottle; Made From: orange; Juice Content: 100%; Pack Material Type: Plastic; Carbonization: still
934880295,Auchan,France,sparkling water d' alsace flavored mint-flavoured,,"["""" waters, juice, soda, alcohol-free drinks"""","""" waters"""","""" flavored waters, fruity"""","""" flavored sparkling"""","""" carbonated waters mint""""]",https://www.auchan.fr/carola-eau-petillante-d-alsace-aromatisee-a-la-menthe/pr-C1208752,https://cdn.auchan.fr/media/A0220150226000267229PRIMARY_2048x2048/B2CD/?format=rw&quality=75&width=150&height=150,,3268651520002,Carola,Sparkling Flavoured Bottled Water,"Volume: 1250; Flavour: mint; Geographic Origin: france; Carbonization: carbonated, sparkling; Juice Content: 0-2%; Water Type: flavoured"
934968892,Knuspr,Germany,vilsa BIO lightly pearled box 12x0.70 l glass (MULTI-WAY),"vilsa is a natural mineral water. it is from a deep one source, the since thousands of years of thick Tonschichten in front the outside world and harmful environmental influences is preserved. not for","["""" beverages """","""" Mineral- & medicinal water """","""" mineral water medium""""]",https://www.knuspr.de/30442-vilsa-bio-leichtperlig-kiste-12x0-70-l-glas-mehrweg,https://cdn.knuspr.de/images/grocery/products/30442/30442-1679068570090.jpg,8.39,,Vilsa,Still Bottled Water,Water Type: pure; Volume: 700; Count per Unit: 12; Carbonization: still; Health Claims: low salt; Pack Type: Blister; Naturally derived: natural; Sustainable Sourcing: organic; Environmentally Friendly: environmentally friendly; Juice Content: 0-2%
935139503,Knuspr,Germany,true fruits Smoothie triple orange,"our Hautattraktion in the cooling shelf: our Smoothie orange with pureed orange peel. the new Smoothie recipe orange peel, goji, Acerola, Mango & apple make him fruity fresh.
at + 2 up to + 7 store de","["""" beverages """","""" juices, Smoothies & syrups """","""" Smoothies, Shots & fresh juices """","""" Smoothies""""]",https://www.knuspr.de/826-true-fruits-smoothie-triple-orange,https://cdn.knuspr.de/images/grocery/products/826/826-1615196132052.jpg,4.89,,True Fruits,Not from Concentrate 100% Juice,"Flavour: orange; Carbonization: still; Volume: 750; Juice Content: 100%; Juice Features: smoothie; Pack Type: Can; Made From: barbados cherry, orange, apple, mango"
935273005,Knuspr,Germany,bad love werda natural Individual 6x1l glass (MULTI-WAY),"natural mineral water 
please cool, store dry and protected from light.","["""" beverages """","""" Mineral- & medicinal water """","""" mineral water still""""]",https://www.knuspr.de/79183-bad-liebenwerda-naturell-individual-6x1l-glas-mehrweg,https://cdn.knuspr.de/images/grocery/products/79183/79183-1711112183941.jpg,5.79,,Bad Liebenwerda,Carbonated Bottled Water,Volume: 1000; Juice Content: 0-2%; Pack Type: Blister; Naturally derived: natural; Carbonization: still; Water Type: mineral
93551199,Carrefour,France,drink with green tea jasmine scent may tea,Keep safe from the sun and heat. true consumer service : orangina schweppes france - consumer service cs 80491 - 13593 aix-en- Provence cedex 3 - france . operator service : marketed by orangina schwe,"["""" drinks"""","""" colas, iced teas and soft drinks"""","""" iced teas and infusions""""]",https://www.carrefour.fr/p/boisson-au-the-vert-parfum-jasmin-may-tea-3124480189073?t=27070,https://www.carrefour.fr/media/1500x1500/Photosite/PGC/BOISSONS/3124480189073_PHOTOSITE_20191114_170411_0.jpg?placeholder=1,1.68,3124480189073,May Tea,Still RTD Tea,"Sweetener: sugar; Volume: 1000; Immune Support Ingredients: vitamin c, antioxidants; Health Claims: low calories; Flavour: jasmine, tea; Juice Content: 0-2%; Naturally derived: natural flavours, natural fragrances; Tea Type: green, jasmine; Pack Material Type: Plastic; Pack Type: Bottle; Carbonization: still; Caffeine: 15-25 mg; Sustainable Sourcing: rainforest alliance; No Artificial Ingredients: no artificial sweeteners"
935900948,amazon,USA,LIQUID ICE Energy Drink (24 Pack) 8.4oz Per High Performance B3 B5 B6 B12 250ml Per 0g Total Fat ( Includes 24 Individual LIQUID ICE 8.4oz Cans),"* * *
## Important information 
[ingredients_start]
Ingredients 
Sodium 
[ingredients_end]

Legal Disclaimer 
Statements regarding dietary supplements have not been evaluated by the FDA and are not in","["""" Grocery & Gourmet Food"""","""" Beverages"""","""" Bottled Beverages, Water & Drink Mixes"""","""" Energy Drinks""""]",https://www.amazon.com/dp/B0D3CDWMYB,https://m.media-amazon.com/images/I/51vHWB5wvGL._AC_UL320_.jpg,78.99,,Liquid Ice,Energy Drinks,"Juice Content: 0-2%; Volume: 250; Carbonization: still; Health Claims: energy boosting, good source of vitamins; Pack Type: Can"
935988793,Knuspr,Germany,elephant bay Ice Tea Peach (MULTI-WAY),"peach sorry! of the classic in the range from elephant bay. 
manufacturer: 
elephant bay gmbh Birkenwaldstr. 214, 70191 stuttgart","["""" beverages """","""" Soft & Energy Drinks """","""" icetea & tea-based drinks""""]",https://www.knuspr.de/12597-elephant-bay-ice-tea-peach-mehrweg,https://cdn.knuspr.de/images/grocery/products/12597/12597-1631538595722.jpg,1.69,,Elephant Bay,Still RTD Tea,"Volume: 330; Flavour: tea, peach; Pack Type: Bottle; Carbonization: still; Juice Content: 0-2%"
937867958,Wegmans,USA,"Jocko Fuel Go Energy Drink, Blue Raspberry Flavored","null null Warning: Consult your physician if you are pregnant, nursing, have a medical condition, or are taking any medication. Keep out of reach of children.","["""" More Departments"""","""" Health and Wellness"""","""" Active & Sport Nutrition"""","""" Energy Boosters""""]",https://shop.wegmans.com/shop/categories/785?page=2,"https://d2d8wwwkmhfcva.cloudfront.net/1200x/filters:fill(FFF,true):format(jpg)/d2lnr5mha7bycj.cloudfront.net/product-image/file/large_1f25931a-cdcf-46a2-a573-fabed25c571b.jpeg",2.99,,Jocko,Energy Drinks,"Water Type: filtered; Volume: 355; Sweetener: monk fruit, cane sugar; Caffeine: 25-50 mg; Carbonization: carbonated; Juice Content: 0-2%; Naturally derived: natural flavours; Flavour: raspberry; Pack Type: Can; Health Claims: energy boosting"
938259772,Eroski,Spain,"soda of orange KAS, bottle 50 cl",nutritional information quantity 100 grams energy 21 kilocalorie it (international table) energy 88 kilojoules fat 0 grams acids saturated fat 0 grams carbohydrates 4.9 grams sugars 4.7 grams protein,"["""" Drinks"""","""" Soft drinks"""","""" Fizzy orange""""]",https://supermercado.eroski.es/en/productdetail/26222588-refresco-de-naranja-kas-botellin-50-cl,https://supermercado.eroski.es/images/26222588_x.jpg,1.25,,Kas,Orange Carbonates,Volume: 500; Pack Type: Bottle; Juice Content: 5-10%; Caffeine: 15-25 mg; Flavour: orange; Carbonization: carbonated; Sweetener: sugar; Naturally derived: natural fragrances; Immune Support Ingredients: antioxidants
939754243,Walmart,USA,"Jose Cuervo Strawberry Lime Margarita Mix, 33.8 fl oz",""""" None"""" ; Cocktail Mixer Type Margarita Cocktail Mixer ; Food Form Liquids ; Container Type Bottle ; Brand Jose Cuervo","["""" Food"""","""" Beverages"""","""" Cocktail Mixers"""","""" Margarita Mix""""]",https://www.walmart.com/ip/Jose-Cuervo-Strawberry-Lime-Margarita-Mix-33-8-fl-oz/5777607595?classType=REGULAR,https://i5.walmartimages.com/seo/Jose-Cuervo-Strawberry-Lime-Margarita-Mix-33-8-fl-oz_09db2cfb-c4a4-4ec7-991c-dd4cb8b595ae.281ee00b4fecd6db6b8b3c77660de5e8.jpeg,13.8,,José Cuervo,Liquid Concentrates,"Pack Type: Bottle; Volume: 1000; Flavour: strawberry, lime; Juice Content: 0-2%"
940254316,Hepsiburada,Turkey,Jacobs icepresso latte & classic cold coffee 250 ml x 24,"JACOBS icepresso latte & CLASSIC cold coffee 250 ml x 24 
* ready to drink, Jacobs cold coffee varieties your day the most delicious to the moment to accompany with you. milk and your coffee perfect b","["""" home page"""",""""supermarket"""",""""beverage products"""","""" coffees"""","""" instant coffees""""]",https://www.hepsiburada.com/jacobs-icepresso-latte-classic-soguk-kahve-250-ml-x-24-pm-HBC00004RG4OJ,https://productimages.hepsiburada.net/s/446/1500/110000480282004.jpg,759.9,,Jacobs,RTD Coffee,"Flavour: latte, coffee; Volume: 250; Juice Content: 0-2%; RTD Coffee Style: latte; Carbonization: still; Pack Type: Can"
942308050,safeway,USA,Nixie Black Cherry Lime 8-12fz - 8-12 Fl. Oz.,,"["""" Beverages"""","""" Water & Sparkling Water"""","""" Sparkling & Seltzer""""]",https://www.safeway.com/shop/product-details.970515591.html,https://images.albertsons-media.com/is/image/ABS/970515591,6.99,810013080315,Nixie,Sparkling Flavoured Bottled Water,"Juice Content: 0-2%; Flavour: lime, cherry; Volume: 355; Pack Type: Carton/Box; Carbonization: carbonated, sparkling"
942644782,Hepsiburada,Turkey,avşar C Plus lemon flavored mineral water 6x200 ml. (6's),"avşar C Plus lemon flavored mineral water 6x200 ml. (6's) brand avşar 
no overseas sales 
stock code HBCV00006EUX2Q","["""" home page"""",""""supermarket"""",""""beverage products"""","""" carbonated drinks"""","""" mineral water""""]",https://www.hepsiburada.com/avsar-c-plus-limon-aromali-maden-suyu-6x200-ml-6-li-pm-HBC00006EUX2P,https://productimages.hepsiburada.net/s/777/500/110000700570955.jpg,617.74,,Avsar,Sparkling Flavoured Bottled Water,"Juice Content: 0-2%; Volume: 200; Carbonization: carbonated; Flavour: lemon; Pack Type: Bag/Packet; Caffeine: 25-50 mg; Water Type: flavoured, mineral"
943192642,Hepsiburada,Turkey,flow mandarin mineral water 1 lt. ( fruity Soda) (4),"flow mandarin mineral water 1 lt. (fruity soda) (4) brand flow 
warranty period ( moon) 1 
no overseas sales 
stock code HBCV00006FDLKH","["""" home page"""",""""supermarket"""",""""beverage products"""","""" carbonated drinks"""","""" mineral water""""]",https://www.hepsiburada.com/akmina-mandalina-maden-suyu-1-lt-meyveli-soda-4-lu-pm-HBC00006FDLKG,https://productimages.hepsiburada.net/s/777/500/110000696721682.jpg,200.65,,Akmina,Sparkling Flavoured Bottled Water,"Volume: 1000; Water Type: mineral, soda; Juice Content: 0-2%; Pack Type: Bottle; Flavour: mandarin; Carbonization: carbonated"
943698575,DocMorris,Germany,ESN Ultra Vitamin Syrup peach Ice Tea,"## product information 
ESN Ultra Vitamin Syrup 65ml - the ultra Vitamin Syrup is a highly concentrated one beverage syrup, who makes it possible, in a few seconds out normal water a refreshing one Dr","["""" vitamins, sports & nutrition"""","""" nutrition"""",""""juices""""]",https://www.docmorris.de/esn-ultra-vitamin-syrup-peach-ice-tea/W7YRGZ9V,https://statics.docmorris.de/static/produkte/W7YRGZ9V/docmorris/ps420r/esn-ultra-vitamin-syrup-peach-ice-tea-W7YRGZ9V-default-1717765261568141.jpeg,10.68,4250519662565,ESN,Liquid Concentrates,"Volume: 65; Sports Positioning: muscle growth; Juice Content: 0-2%; Flavour: peach, tea; Sweetener: sugar; Health Claims: no sugar, no calories"
946288035,amazon,United Kingdom,Mixxd Punch Energy Drink 500 Ml Delicious Tasty And Twisty Treat With Your Family And Friends For All Occasions (12),"## Product information 
# Technical Details 
##### General Information 
Units ‎1 count 
Brand ‎ Dnaaz 
Format ‎ Liquid 
Manufacturer ‎ Dnaaz 
# Additional Information 
ASIN B0D5YWSDDY 
Date First Avai","["""" Any Department"""","""" Grocery"""","""" Drinks"""","""" Energy Drinks""""]",https://www.amazon.co.uk/dp/B0D5YWSDDY,https://m.media-amazon.com/images/I/41zBMK1Gq8L._AC_UL320_.jpg,21.01,,MIXXD,Energy Drinks,Carbonization: still; Volume: 500; Caffeine: 150-200 mg; Health Claims: energy boosting; Juice Content: 0-2%; Pack Type: Can
948433467,Auchan,France,Gold juice sparkling apple and peach from concentrate,,"["""" promos"""","""" waters, juice, soda, iced teas"""","""" colas, soft drinks, energizing"""","""" soft drinks fruit"""","""" sparkling beverage apple, pear""""]",https://www.auchan.fr/champomy-gold-jus-petillant-de-pomme-et-de-peche-a-base-de-concentre/pr-C1221024,https://cdn.auchan.fr/media/A0220030626000759356PRIMARY_2048x2048/B2CD/?format=rw&quality=75&width=150&height=150,,3124480150820,Champomy,Other Non-Cola Carbonates,"Carbonization: sparkling; Flavour: peach, apple; Volume: 750; Health Claims: energy boosting; Pack Type: Bottle"
948486405,amazon,United Kingdom,"Organic Health Detox Juice (250ml) - Detox Cleanse & Weight Loss Support, Cold Pressed Juice, No Added Sugar, Eliminate Toxins, Boosted Immunity (14 Day Detox, Watermelon Detox Blend)","## Product information 
# Technical Details 
##### General Information 
Units ‎250.0 millilitre 
Brand ‎ Organic Health 
Format ‎ Liquid 
Speciality ‎ No Artificial Flavors, No Added Sugar, No Artific","["""" Drinks"""","""" Juice & Smoothies"""","""" Vegetable Juice""""]",https://www.amazon.co.uk/OrganicHealth-Detox-Juice-250ml-Watermelon/dp/B0D71TVSVW,https://m.media-amazon.com/images/I/51MAnxNAPGL._AC_UL320_.jpg,49.99,,Organic Health,Not from Concentrate 100% Juice,"Juice Features: cold press, smoothie; Sports Positioning: pre-workout; Volume: 250; No Artificial Ingredients: no artificial colours, no artificial flavours; Naturally derived: natural; Contains Minerals: iron; Flavour: watermelon; Juice Content: 100%; Diets: detox; Carbonization: still; Made From: cucumber, pineapple, apple, strawberry, lemon, orange, lime, blackberry, ginger, grapefruit, beet, carrot, spinach, blueberry, watermelon, raspberry; Pack Type: Blister; Health Claims: weight loss, energy boosting, no added sugar, digestive health, stress relief, mood-enhancing, immune system health, antioxidant, fatigue relief, liver health, good source of vitamins; Sustainable Sourcing: organic; Immune Support Ingredients: vitamin c, ginger, antioxidants"
948859879,amazon,United Kingdom,"Organic Health Detox Juice (250ml) - Detox Cleanse & Weight Loss Support, Cold Pressed Juice, No Added Sugar, Eliminate Toxins, Boosted Immunity (7 Day Detox, Pineapple Mint Detoxs Blend)",,"["""" Grocery"""","""" Drinks"""","""" Juice & Smoothies"""","""" Vegetable Juice""""]",https://www.amazon.co.uk/dp/B0D71DH9NR,https://m.media-amazon.com/images/I/51Q6GPd5fHL._AC_UL320_.jpg,39.99,,Organic Health,Not from Concentrate 100% Juice,"Juice Features: cold press, smoothie; Sustainable Sourcing: organic; Made From: pineapple; Flavour: pineapple, mint; Carbonization: still; Juice Content: 100%; Volume: 250; Health Claims: no added sugar, immune system health, weight loss; Diets: detox"
948958419,Walmart,USA,"Jocko GO Energy Drink, Sugar- Free, Mango Passionfruit Flavor, 12 fl oz (12 Pack)",""""" 
* HEALTHY ENERGY DRINKS: Zero Sugar Energy Drinks for when you need a pickup without the crash. 
* SCIENTIFICALLY FORMULATED: JOCKO GO was born through many hours of research, development, and test","["""" Food"""","""" Beverages"""","""" Energy Drinks"""","""" Energy Drinks""""]",https://www.walmart.com/ip/Jocko-GO-Energy-Drink-KETO-Vitamin-B12-Vitamin-B6-Electrolytes-12-Pack-Mango-Passionfruit/5430271153?classType=VARIANT,https://i5.walmartimages.com/seo/Jocko-GO-RTD-Mango-Passionfruit-Energy-Type-Drink-12pk_996e58b4-4dbf-4f8c-bf23-183ebde87cd3.d4cd2bdc4f3529472593dd7af415b2e2.jpeg,37,,Jocko,Energy Drinks,"Volume: 355; Flavour: passionfruit, mango; Sweetener: monk fruit; Carbonization: still; Health Claims: energy boosting, no sugar, good source of minerals, nootropic/enhanced mental performance; Juice Content: 0-2%; Caffeine: 25-50 mg; No Artificial Ingredients: no artificial sweeteners; Naturally derived: natural; Pack Type: Can"
949580007,amazon,United Kingdom,"Organic Health Detox Juice (250ml) - Detox Cleanse & Weight Loss Support, Cold Pressed Juice, No Added Sugar, Eliminate Toxins, Boosted Immunity (28 Day Detox, Ginger Detox Blend)",,"["""" Grocery"""","""" Drinks"""","""" Juice & Smoothies"""","""" Vegetable Juice""""]",https://www.amazon.co.uk/dp/B0D71H8NDD,https://m.media-amazon.com/images/I/519yZS5lfeL._AC_UL320_.jpg,79.99,,Organic Health,Not from Concentrate 100% Juice,"Juice Content: 100%; Carbonization: still; Flavour: ginger; Immune Support Ingredients: ginger; Health Claims: weight loss, no added sugar, immune system health; Volume: 250; Diets: detox; Juice Features: cold press, smoothie; Made From: ginger; Sustainable Sourcing: organic"
949766364,Coop,Netherlands,tax syrup tropical fruits,"> 
## store & use 
instructions for use Meng 25 ml syrup with 175 ml water for your perfect tax drink! 
storage advice at least tenable until: see top pack. 
keep refrigerated after opening (max.7°C) ","["""" groceries"""","""" soft drink, juices, and, Water"""","""" lemonade syrup"""","""" strawberries, syrup""""]",https://www.coop.nl/product/8720157402466,https://cdn.syndy.com/media/products/40190000-3a25-000d-b0e1-08dc62d63d0a/images/AW0HA3GItENDpZ-NPK0ohvI./AAAAd4eCzlpQ7wjcdJwJ3A.290x290.jpg,3.14,8720157402466,Taksi,Liquid Concentrates,Volume: 750; Immune Support Ingredients: vitamin c; Pack Type: Liquid Carton; Caffeine: 15-25 mg; Health Claims: good source of vitamins; Sweetener: sucralose
94995951,Giant Eagle,USA,Kombucha Up Beat,(12 oz),"["""" Beverages"""","""" Nutritional""""]",https://curbsideexpress.gianteagle.com/store/7EBA1124#/product/sku/00817992020028,https://cnt.gianteagle.com/api/Images/v7/products/1591436/dimensions/large/jpg,3.79,817992020028,Revive,Carbonated RTD Tea and Kombucha,Juice Content: 0-2%; Pack Material Type: Glass; Volume: 355; Pack Type: Bottle
951638292,amazon,Spain,Pack Kas orange 24 cans 330ml + Ruffles ham 3 x 275gr,"* orange flavor 
* 24 cans of 33 cl 
* sugarfree 
* functional design 
* with taste of ham salty 
* of crunchy texture and nice 
* product that does not contain gluten 
* apt to share with friend or f","["""" alimentation and drinks"""","""" coffee, tea and drinks"""","""" carbonated soft drinks""""]",https://www.amazon.es/dp/B0D7QQHGPG,https://m.media-amazon.com/images/I/518u1xFLQYL._AC_UL320_.jpg,24.39,,Kas,Orange Carbonates,Volume: 330; Pack Type: Carton/Box; Flavour: orange; Juice Content: 0-2%; Carbonization: carbonated
95165304,K Ruoka,Finland,marli karpalomehujuoma 1l,,"["""" beverages"""","""" juice"""","""" juices from warm""""]",https://www.k-ruoka.fi/kauppa/tuote/marli-karpalomehujuoma-1l-6415130043430,https://public.keskofiles.com/f/k-ruoka/product/6415130043430,2.75,6415130043430,Marli,Juice Drinks (up to 24% Juice),"Volume: 1000; Pack Material Type: Paper / Carton; Sweetener: sugar; Pack Type: Liquid Carton; Made From: grape, apple, cranberry; Carbonization: still"
95213901,K Ruoka,Finland,extreme strawberry mixed juice concentrates 0.95l,,"["""" beverages"""","""" juice"""","""" juice concentrates""""]",https://www.k-ruoka.fi/kauppa/tuote/ekstroms-sekamehu-095l-mansikka-7310470348254,https://public.keskofiles.com/f/k-ruoka/product/7310470348254,7.55,7310470348254,Ekström/Önos,Liquid Concentrates,Pack Material Type: Glass; Volume: 950; Pack Type: Bottle; Flavour: strawberry; Juice Content: 100%
952528824,Hepsiburada,Turkey,mbb E- trade cocoon single drink kiwi flavored powdered drink 50's,"cocoon single drink kiwi flavored powder drink, untouched even almost air even without touching, fully automatic very clean in machines, an immaculate in the environment we produced. therefore in iso ","["""" home page"""",""""supermarket"""",""""beverage products"""","""" still drink"""",""""beverage powders""""]",https://www.hepsiburada.com/mbb-e-ticaret-koza-tek-icimlik-kivi-aromali-toz-icecek-50-li-pm-HBC00006KGQH5,https://productimages.hepsiburada.net/s/777/500/110000715836444.jpg,189.9,,Koza,Powder Concentrates,Sweetener: sugar; Pack Type: Carton/Box; Diets: halal; Concentrate Format: powder; Flavour: kiwi; Juice Content: 0-2%
952618326,Hepsiburada,Turkey,"mg store Blue energy drink, without sugar, 250 ml (pack of 12, 12 pieces x 250 ml) modern one size","Blue energy drink, without sugar, 250 ml (pack of 12, 12 pieces x 250 ml) new 
brand mg store 
no overseas sales 
stock code HBCV00006KQSFY","["""" home page"""",""""supermarket"""",""""beverage products"""","""" carbonated drinks"""","""" energy drink""""]",https://www.hepsiburada.com/mg-store-blue-enerji-icecegi-sekersiz-250-ml-12-li-paket-12-adet-x-250-ml-modern-tek-ebat-pm-HBC00006KQSFX,https://productimages.hepsiburada.net/s/777/1500/110000716788530.jpg,736.8,,Blue Energy,Energy Drinks,"Health Claims: no sugar, energy boosting; Caffeine: 25-50 mg; Juice Content: 0-2%; Volume: 250; Pack Type: Can; Carbonization: carbonated"
952793336,Kroger,USA,Tang Drink Mix Orange ( Pack of 14),"Tang Drink Mix Orange, 1.62 Fl Oz (48ml). Artificial flavor. 0mg caffeine / serving.","["""" Grocery"""","""" Beverages"""","""" Drink Mixes & Beverage Enhancers"""","""" Powdered Drink Mixes""""]",https://www.kroger.com/p/tang-drink-mix-orange-pack-of-14-/0075279848723,https://www.kroger.com/product/images/xlarge/front/0075279848723,64.75,752798487234,Tang,Powder Concentrates,Concentrate Format: powder; Caffeine: 0-15 mg; Flavour: orange; Juice Content: 0-2%
953257480,Target,USA,"Cock n Bull Ginger Beer 12 Pack 12oz Soda Cans- Ideal Mixer for Cocktails, Mocktails, and Bartenders - Made In USA","
[ingredients_start]
 Does Not Contain Any of the 9 Major Allergens Alcohol content: Non- Alcoholic Product Name: Cock n Bull Ginger Beer 12oz Soda Cans - Ideal Mixer for Cocktails, Mocktails, and Bar","["""" Grocery"""","""" Beverages"""","""" Cocktail Mixers""""]",https://www.target.com/p/cock-n-bull-ginger-beer-12-pack-12oz-soda-cans-ideal-mixer-for-cocktails-mocktails-and-bartenders-made-in-usa/-/A-92574880,https://target.scene7.com/is/image/Target/GUEST_a4453603-9c2b-4e96-9c1c-03a229f97039,39.98,810158581098,Cock N Bull,Tonic Water/Mixers/Other Bitters,"Immune Support Ingredients: ginger; Volume: 355; Naturally derived: natural; Free From: no alcohol, no caffeine; Health Claims: no sugar; Juice Content: 0-2%; Flavour: ginger; Geographic Origin: united states"
95349876,CareMarket,Greece,olympus natural juice carrot orange apple 1lt,description produced from 100% greek natural juice. the OLUMPOS trusts the greek nature γι' this chooses the best greek fruits and offers you sweet pleasure of juice. live throughout the taste and fre,"[""""dairy & refrigerator items"""",""""refrigerator juices""""]",https://www.caremarket.gr/galaktokomika-eidi-psugeiou-30/humoi-psugeiou-309/anameiktoi-268/olumpos-fusikos-humos-karoto-mlo-portokali-1lt-224301/,https://www.caremarket.gr/images/ProductDetail/Content/Files/ProductMedia/KABA/XYMOI/5202178305078.jpg,2.28,5202178305078,Olympos,Not from Concentrate 100% Juice,"Juice Features: from concentrate; Made From: apple, orange, carrot; Juice Content: 100%; Volume: 1000; Naturally derived: natural; Flavour: orange, apple, carrot; Sweetener: sugar; Pack Material Type: Glass; Carbonization: still"
953516496,Target,USA,"Cock n Bull Ginger Beer 6 Pack 12oz Soda Bottles - Ideal Mixer for Cocktails, Mocktails, and Bartenders - Made In USA","
[ingredients_start]
 Does Not Contain Any of the 9 Major Allergens Alcohol content: Non- Alcoholic Product Name: Cock n Bull Ginger Beer 12oz Soda Bottles - Ideal Mixer for Cocktails, Mocktails, and ","["""" Grocery"""","""" Beverages"""","""" Cocktail Mixers""""]",https://www.target.com/p/cock-n-bull-ginger-beer-6-pack-12oz-soda-bottles-ideal-mixer-for-cocktails-mocktails-and-bartenders-made-in-usa/-/A-92572610,https://target.scene7.com/is/image/Target/GUEST_a709262f-ce96-4530-9e70-1596720ae521,21.98,810158580992,Cock N Bull,Tonic Water/Mixers/Other Bitters,"Flavour: ginger; Juice Content: 0-2%; Immune Support Ingredients: ginger; Volume: 355; Naturally derived: natural; Geographic Origin: united states; Pack Type: Bottle; Health Claims: no sugar; Free From: no alcohol, no caffeine"
954259405,amazon,Germany,thirst quencher Iced Tea Peach Zero Intense Flavour 500 ml,"## Product information 
# Technical Details 
##### General Information 
Allergen Information ‎ Contains: Barley Free 
Units ‎500.0 milliliters 
Brand ‎ thirst quencher 
Format ‎ liquid 
Speciality ‎ n","["""" Any Category"""","""" Grocery"""","""" Drinks"""","""" Tea"""","""" Iced Tea""""]",https://www.amazon.de/dp/B0D5HRV382,https://m.media-amazon.com/images/I/61-ifdXXHlL._AC_UL320_.jpg,,,Durstlöscher,Still RTD Tea,"Juice Content: 0-2%; Volume: 500; Carbonization: still; Tea Type: black, barley; Flavour: peach, tea; Sweetener: aspartame, acesulfame potassium; Caffeine: 15-25 mg; Immune Support Ingredients: vitamin c, antioxidants; Health Claims: no added sugar, no sugar, hydrating"
95444753,amazon,Italy,"VERY HIGH + PRO-POWER, with natural mineral water very easy and potassium 60cl","analcoholic drink added with potassium. taste blue raspberry. Zero Calorie, zero sugars.
very easy + pro-power (60cl) contains the 16% of the daily requirement potassium which contributes to normal mu","["""" food and care of home"""","""" coffee, tea and drinks"""","""" water""""]",https://www.amazon.it/LEVISSIMA-PRO-POWER-minerale-naturale-Levissima/dp/B07DWDW97M/ref=zg_bs_6377843031_99?_encoding=UTF8&psc=1&refRID=MC3CCGGKNWD6XTK1Q87K,https://images-eu.ssl-images-amazon.com/images/I/51jhdk6sONL._AC_US200_.jpg,1.09,,Levissima,Functional Bottled Water,"Pack Material Type: Plastic; Volume: 600; Juice Content: 0-2%; Caffeine: 0-15 mg; Water Type: mineral; Naturally derived: natural; Carbonization: still; Pack Type: Bottle; Health Claims: no sugar, good source of minerals, good source of potassium, no calories"
95487333,Carrefour,France,juice apple and raisin sparkling champomy PINK,"Keep safe from the sun and heat. after opening, keep in the refrigerator and consume within 5 days. true consumer service : orangina schweppes france - consumer service cs 80491 - 13593 aix-en- Proven","["""" drinks"""","""" colas, iced teas, syrups and sodas"""","""" soft drinks fruit""""]",https://www.carrefour.fr/p/jus-de-fruits-pomme-et-raisin-petillant-champomy-pink-3124480162649?t=27103,https://www.carrefour.fr/media/1500x1500/Photosite/PGC/BOISSONS/3124480162649_PHOTOSITE_20180111_162002_0.jpg?placeholder=1,3.25,3124480162649,Champomy,Other Non-Cola Carbonates,"Pack Material Type: Glass; Pack Type: Bottle; Flavour: raisin, apple; Volume: 750; Nutri-Score: C; Carbonization: carbonated, sparkling"
956091711,Walmart,USA,PXB476 - Thick- It Aqua Care Thickened Orange Juice Consistency 8 oz.,PXB476 - Thick- It Aqua Care Thickened Orange Juice Consistency 8 oz.,"["""" Food"""","""" Beverages"""","""" Juices"""","""" Orange Juice""""]",https://www.walmart.com/ip/PXB476-Thick-It-AquaCare-Thickened-Orange-Juice-Consistency-8-oz/7099873504,https://i5.walmartimages.com/asr/4a0b1c8b-babd-46df-9c2d-4a9dbcfb2537.33a8cbf9fde38448d3d6a2ee088cd514.jpeg,18.18,,Thick- It,Not from Concentrate 100% Juice,Carbonization: still; Volume: 237; Pack Type: Bottle; Made From: orange; Flavour: orange; Juice Content: 100%
95650189,amazon,France,organic frutti pure juice cranberry 3x70cl - unit price - delivery free in metropolitan france within 3 open days,"drinks
juice
organic juice
organic frutti pure juice cranberry 3x70cl","["""" grocery"""","""" coffee, tea and drinks"""","""" syrups and concentrated juices""""]",https://www.amazon.fr/Bio-Frutti-Cranberry-Livraison-M%C3%A9tropolitaine/dp/B07MKZMB2Y/ref=sr_1_3863?qid=1555253978&s=grocery&sr=1-3863,https://images-eu.ssl-images-amazon.com/images/I/31gDYPxNWxL._AC_US200_.jpg,57.99,,Bio Frutti,Liquid Concentrates,Flavour: cranberry; Volume: 700; Sustainable Sourcing: organic; Pack Material Type: Glass; Juice Content: 100%; Pack Type: Bottle
95726884,amazon,France,"bjorg - juice prunes, ab certified - the 3 bottles of 750 ml - sold by piece - free delivery in france","juice, syrup, Nectar
other fruits
bjorg
juice prunes, ab certified
the 3 bottles of 750ml","["""" grocery"""","""" coffee, tea and drinks""""]",https://www.amazon.fr/Bjorg-Pruneaux-Certifi%C3%A9-Bouteilles-Livraison/dp/B07BLM3DJY/ref=sr_1_8368?qid=1559830087&s=grocery&sr=1-8368,https://m.media-amazon.com/images/I/41Y4Ee4DeoL._AC_UL320_.jpg,38.35,,Bjorg,Liquid Concentrates,Volume: 750; Pack Material Type: Glass; Geographic Origin: france; Pack Type: Bottle; Juice Content: 0-2%
957830195,amazon,United Kingdom,Org Lime Juice (250ml) 10 Pack Bulk Savings,"Number of items 10 
Unit count 2500.00 millilitre 
Brand Sunita 
Flavour Lime 
Item form Liquid 
Package information Bottle 
Age range (description) Adult 
Item volume 250 Millilitres 
See more 
## Pr","["""" Grocery"""","""" Drinks"""","""" Juice & Smoothies""""]",https://www.amazon.co.uk/dp/B00JNUEM20,https://m.media-amazon.com/images/I/61e8K7KyHeL._AC_UL320_.jpg,31.44,,Sunita,Not from Concentrate 100% Juice,Made From: lime; Juice Features: smoothie; Flavour: lime; Pack Material Type: Glass; Juice Content: 0-2%; Volume: 250; Pack Type: Bottle; Carbonization: still
958138130,Monoprix,France,monoprix gourmet juice' pineapple melon & mango cold pressed 75cl,"## product description 
juice' pineapple melon & mango cold pressed","["""" drinks and milk"""","""" juice and syrup"""","""" juice fresh and smoothies""""]",https://courses.monoprix.fr/products/MPX_6677066/details,https://courses.monoprix.fr/images-v3/0c44253f-c4a3-4340-9d37-d41e42b9d14a/ccf6ae23-40f2-4fa4-85a8-cd7580fb7a08/300x300.jpg,3.95,,Monoprix,Not from Concentrate 100% Juice,"Juice Content: 100%; Volume: 750; Made From: melon, pineapple, mango; Pack Type: Bottle; Juice Features: cold press, smoothie; Flavour: melon, pineapple, mango; Carbonization: still"
959358962,Walmart,USA,Peach Fling Flavored Water 6 Pack 16.9oz Bottles,""""" Peach Fling Flavored Water 6 Pack 16.9oz Bottles"""" ; Container Type Bottle ; Flavor Fruit, Peach ; Brand Unbranded","["""" Food"""","""" Beverages"""","""" Water"""","""" Flavored Water"""","""" All Flavored Water""""]",https://www.walmart.com/ip/Peach-Fling-Flavored-Water-6-Pack-16-9oz-Bottles/15965972896?classType=VARIANT,https://i5.walmartimages.com/seo/Dana-Market-Clear-Fruit-Peach-Fling-Flavored-Water-6-Pack-16-9-oz-Bottles_4a93749d-e456-4d64-b973-f7437e9b2609.0e2471a0ba07137f402b8e089a95e9f5.jpeg,30.87,660777184596,Clear Fruit,Still Flavoured Bottled Water,Volume: 500; Flavour: peach; Pack Type: Bottle; Juice Content: 0-2%; Water Type: flavoured; Carbonization: still
960856456,amazon,United Kingdom,Monster Energy Drink Ultra Paradise Zero Sugar 12 X 500ml,"## Product information 
# Technical Details 
##### General Information 
Units ‎500.0 millilitre 
Brand ‎ Bhakti Trading Ltd 
Format ‎ Liquid 
Age Range Description ‎ Adult 
Speciality ‎ Ultra Paradise","["""" Any Department"""","""" Grocery"""","""" Drinks"""","""" Energy Drinks""""]",https://www.amazon.co.uk/dp/B0D9CWWYMR,https://m.media-amazon.com/images/I/71aJdWcZudL._AC_UL320_.jpg,22.99,,Bhakti,Energy Drinks,"Geographic Origin: united kingdom; Sweetener: stevia, sucralose, glucose, sucrose; Energy Source: b-vitamins; Pack Type: Can; Health Claims: energy boosting, no sugar; Volume: 500; Botanicals And Functional Ingredients: ginseng; Caffeine: 25-50 mg; Carbonization: carbonated; Juice Content: 10-15%"
961119203,amazon,United Kingdom,"Organic Health Cleanse Juice (250ml) - Detox & Weight Loss Support, Boosted Immunity, Eliminate Toxins (15 Day Detox(30 Bottles), Citrus Detox Juice)","## Product information 
# Technical Details 
##### General Information 
Units ‎250.0 millilitre 
Brand ‎ Organic Health 
Format ‎ Liquid 
Speciality ‎ No Artificial Flavours, No Added Sugar, No Preser","["""" Drinks"""","""" Juice & Smoothies"""","""" Fruit Juice""""]",https://www.amazon.co.uk/OrganicHealth-Cleanse-Juice-250ml-Eliminate/dp/B0D98NWD5H,https://m.media-amazon.com/images/I/514PmtdNf1L._AC_UL320_.jpg,79.99,,Organic Health,Not from Concentrate 100% Juice,"Flavour: citrus; Volume: 250; Sports Positioning: pre-workout; Health Claims: good source of vitamins, weight loss, no added sugar, stress relief, mood-enhancing, immune system health, antioxidant, fatigue relief, liver health; Juice Features: smoothie; Diets: detox; Naturally derived: natural; Contains Minerals: iron; No Artificial Ingredients: no artificial flavours, no artificial colours, no artificial preservatives; Made From: blueberry, ginger, cucumber, pineapple, strawberry, lemon, apple, orange, lime, blackberry, grapefruit, beet, carrot, spinach, citrus, watermelon, raspberry; Sustainable Sourcing: organic; Juice Content: 100%; Carbonization: still; Immune Support Ingredients: vitamin c, ginger, antioxidants"
961335205,amazon,United Kingdom,"Organic Health Detox Juice (250ml) - Detox Cleanse & Weight Loss Support, Boosted Immunity (6 Day Detox - 12 Bottles, Pineapple Mint Detox Juice)","## Product information 
# Technical Details 
##### General Information 
Units ‎250.0 millilitre 
Brand ‎ Organic Health 
Format ‎ Liquid 
Speciality ‎ Preservatives Free, No Artificial Flavors, No Add","["""" Grocery"""","""" Drinks"""","""" Juice & Smoothies""""]",https://www.amazon.co.uk/dp/B0D9HVSLNP,https://m.media-amazon.com/images/I/51U3XY+XuFL._AC_UL320_.jpg,69.99,,Organic Health,Not from Concentrate 100% Juice,"Volume: 250; Carbonization: still; No Artificial Ingredients: no artificial flavours, no artificial colours, no artificial preservatives; Flavour: pineapple, mint; Juice Features: smoothie; Juice Content: 100%; Immune Support Ingredients: ginger; Sustainable Sourcing: organic; Diets: detox; Health Claims: weight loss, no added sugar, immune system health; Made From: cucumber, pineapple, strawberry, lemon, lime, blackberry, ginger, grapefruit, orange, beet, carrot, apple, spinach, blueberry, citrus, watermelon, raspberry"
961826258,Bol.com,Netherlands,smarty - Lemon syrup - 3x 650ml,,"["""" eat drink"""","""" soft drink, juice, coffee and tea"""","""" syrups""""]",https://www.bol.com/nl/nl/p/slimpie-lemon-siroop-3x-650ml/9300000177664100/,https://media.s-bol.com/QrYBkM9PLXVY/rk7rrAE/168x179.jpg,19.67,,Slimpie,Liquid Concentrates,Pack Type: Bottle; Juice Content: 0-2%; Flavour: lemon; Volume: 650
963102914,safeway,USA,Turkey Hill Peach Tea - 128 FZ,,"["""" Beverages"""","""" Tea"""","""" Iced Tea""""]",https://www.safeway.com/shop/product-details.970039176.html,https://images.albertsons-media.com/is/image/ABS/970039176,2.5,20735096338,Turkey Hill,Still RTD Tea,"Juice Content: 0-2%; Pack Type: Bottle; Flavour: tea, peach; Carbonization: still"
963634364,amazon,USA,Red Rock Premium Peach Soda - 12 oz (24 Glass Bottles),"Brand Beverages Direct 
Unit Count 24.00 Fl Oz 
Shelf Life 365 Days 
Manufacturer Beverages Direct 
* * *
# About this item 
* Product shelf life: 365.0 days 
* * *
## Important information 
Legal Dis","["""" Grocery & Gourmet Food"""","""" Beverages"""","""" Bottled Beverages, Water & Drink Mixes"""","""" Soda Soft Drinks""""]",https://www.amazon.com/dp/B0D1PCPCVS,https://m.media-amazon.com/images/I/31LPKhR-auL._AC_UL320_.jpg,78.16,,Red Rock,Other Non-Cola Carbonates,Carbonization: still; Volume: 355; Flavour: peach; Juice Content: 0-2%; Pack Type: Bottle
963809178,amazon,USA,River City Root Beer - 12 oz (72 Glass Bottles),"Brand Beverages Direct 
Package Information Bottle 
Item Volume 12 Fluid Ounces 
Unit Count 72.00 Fl Oz 
Age Range ( Description) Adult 
* * *
# About this item 
* Product shelf life: 365.0 days 
* * ","["""" Any Department"""","""" Grocery & Gourmet Food"""","""" Beverages"""","""" Bottled Beverages, Water & Drink Mixes"""","""" Soft Drinks""""]",https://www.amazon.com/dp/B0D1VZK5YJ,https://m.media-amazon.com/images/I/51DY3g3mxSL._AC_UL320_.jpg,200.97,,Stewart's,Other Non-Cola Carbonates,Pack Type: Bottle; Caffeine: 0-15 mg; Volume: 355; Carbonization: still; Juice Content: 0-2%
964413991,Walmart,USA,Proud Source Water 16 fl oz Single Serve Spring Water,""""" Proud Source Water 16 fl oz Single Serve Spring Water"""" ; Manufacturer PROUD SOURCE WATER ; Brand Proud Source Water","["""" Food"""","""" Beverages"""","""" Water"""","""" Spring Water"""","""" All Spring Water""""]",https://www.walmart.com/ip/Proud-Source-Water-16-fl-oz-Single-Serve-Spring-Water/8539719285?classType=REGULAR&athbdg=L1700,https://i5.walmartimages.com/seo/Proud-Source-Water-16-fl-oz-Single-Serve-Spring-Water_03a4ee40-f7d5-47ae-a051-076983a19119.bbc82c7e2c924deb7990e926a99865b7.jpeg,62.04,,Proud Source,Still Bottled Water,Volume: 473; Water Type: spring; Juice Content: 0-2%; Carbonization: still
964448109,Kroger,USA,BUBBL'R Pomegranate Acai Refresh'r Antioxidant Sparkling Water Cans,"BUBBL'R is an antioxidant sparkling water with natural flavors & colors, 0g sugar, and natural caffeine! Sure, the sparkling personality will make you fall in love at first sip, but then the real magi","["""" Grocery"""","""" Pantry"""","""" Beverages"""","""" Water"""","""" Enhanced Water""""]",https://www.kroger.com/p/bubbl-r-pomegranate-acai-refresh-r-antioxidant-sparkling-water-cans/0002843560032?fulfillment=IN_STORE,https://www.kroger.com/product/images/xlarge/front/0002843560032,6.74,28435600329,Bubbl'r,Functional Bottled Water,"Volume: 355; Immune Support Ingredients: antioxidants; Energy Source: guarana; Health Claims: no sugar, mood-enhancing, immune system health, antioxidant, good source of vitamins; Carbonization: carbonated, sparkling; No Artificial Ingredients: no artificial sweeteners; Sweetener: sugar; Juice Content: 0-2%; Sustainable Sourcing: from sustainable sources (product); Pack Type: Carton/Box; Naturally derived: natural colourants, natural flavours, natural; Flavour: acai, pomegranate; Free From: no soy"
964742985,safeway,USA,3d Energy Drink Orange - 16 Oz,,"["""" Beverages"""","""" Energy Drinks & Shots"""","""" Energy Drinks & Shots""""]",https://www.safeway.com/shop/product-details.960546859.html,https://images.albertsons-media.com/is/image/ABS/960546859,2.49,868784000308,3D,Energy Drinks,Flavour: orange; Carbonization: still; Pack Type: Can; Health Claims: energy boosting; Juice Content: 0-2%; Volume: 473
966141054,Walmart,USA,Manzanita Sol Soda 12oz Cans (24 Pack) by Pepsi,""""" Manzanita Sol Soda 12oz Cans (24 Pack) by Pepsi""""undefined","["""" Food"""","""" Beverages"""","""" Soda Pop"""","""" Pepsi"""","""" Pepsi Shop All""""]",https://www.walmart.com/ip/Manzanita-Sol-Soda-12oz-Cans-24-Pack-by-Pepsi/7767861144?classType=VARIANT,https://i5.walmartimages.com/seo/Manzanita-Sol-Soda-12oz-Cans-24-Pack-by-Pepsi_75b95f5c-421c-4ff6-9c37-fbee36f0f1a5.2c5f2b6214cd75fac57710e3280d2282.jpeg,29.44,,Manzanita Sol,Other Non-Cola Carbonates,Pack Type: Carton/Box; Volume: 355; Carbonization: carbonated; Juice Content: 0-2%
966451985,Walmart,USA,2X- International Delight Caramel Macchiato Iced Coffee - 64 fl oz,"* Nutrition Facts 
* 5.0 servings per container 
* Serving size12 fl oz (360mL) 
* Amount per serving 
* Calories180 
* % Daily value* 
* * The % Daily Value (DV) tells","["""" Food"""","""" Coffee"""","""" Bottled Coffee""""]",https://www.walmart.com/ip/2X-International-Delight-Caramel-Macchiato-Iced-Coffee-64-fl-oz/8658415438,https://i5.walmartimages.com/asr/c8bfd22a-52bc-4e98-a512-435838eda6c2.937d28985b3ffe154dad37b6c37018d3.jpeg,16.14,,International Delight,RTD Coffee,"Carbonization: still; Flavour: caramel, coffee; Juice Content: 0-2%; Pack Type: Liquid Carton"
96647181,amazon,France,organic garden - pure organic lemon juice btle 500 ml - unit price - delivery free in metropolitan france within 3 open days,"salty grocery
dietetic
organic
garden pure organic organic lemon juice btle 50cl","["""" grocery"""",""""pasta and noodles""""]",https://www.amazon.fr/Jardin-Bio-Unitaire-Livraison-M%C3%A9tropolitaine/dp/B07MDSJDSQ/ref=sr_1_1154?qid=1555255531&s=grocery&sr=1-1154,https://images-eu.ssl-images-amazon.com/images/I/31lF-pJaLZL._AC_US200_.jpg,23.99,,Jardin Bio,Not from Concentrate 100% Juice,Pack Material Type: Glass; Volume: 500; Made From: lemon; Carbonization: still; Sustainable Sourcing: organic; Juice Content: 100%; Pack Type: Bottle; Flavour: lemon
966779505,Walmart,USA,International Delight Vanilla Iced Coffee - 64 fl oz,"* Perfect Balance of Coffee & Cream 
* [[ Nutrition Facts]][[ servings per container]][[ Serving size1cup (240 ml)]][[ Amount per serving]][[ Calories120]][[% Daily value*]] ; [[* The","["""" Food"""","""" Coffee"""","""" Bottled Coffee""""]",https://www.walmart.com/ip/International-Delight-Vanilla-Iced-Coffee-64-fl-oz/8647201137,https://i5.walmartimages.com/asr/3bac11e3-eeba-4906-81f5-3d72f7745322.e399cc20df1e103ec9216cc3d1f9f21b.jpeg,9.5,,International Delight,RTD Coffee,"Flavour: vanilla, coffee; RTD Coffee Style: cream; Pack Type: Liquid Carton; Juice Content: 0-2%; Carbonization: still"
966822508,Walmart,USA,Private Selection Vanilla Cold Brew Coffee - 48 fl oz,""""" 
* * Nutrition Facts 
* 4.0 Exact servings per container 
* Serving size 
* Amount per serving 
* Calories 
* % Daily value* 
* * The % Daily Value (DV) tells you how much a nutrient in a serving of","["""" Food"""","""" Coffee"""","""" Bottled Coffee"""","""" Cold Brew Coffee""""]",https://www.walmart.com/ip/Private-Selection-Vanilla-Cold-Brew-Coffee-48-fl-oz/8647251799?classType=REGULAR,https://i5.walmartimages.com/seo/Private-Selection-Vanilla-Cold-Brew-Coffee-48-fl-oz_5897bac8-b865-4bff-ad4f-ed037f39a95d.2ba99db4188035339b37e23b5b995137.jpeg,9.91,,Private Selection,RTD Coffee,"RTD Coffee Style: cold brew; Pack Type: Bottle; Volume: 1420; Juice Content: 0-2%; Carbonization: still; Flavour: vanilla, coffee"
966974285,Walmart,USA,2X-KR Original 100% Orange Juice from Concentrate - 1 gal,""""" 
* * Nutrition Facts 
* 16.0 Exact servings per container 
* Serving size8 fl oz (240mL) 
* Amount per serving 
* Calories100 
* % Daily value* 
* * * The % Daily Value (DV) tells you how much a nut","["""" Food"""","""" Beverages"""","""" Juices"""","""" Orange Juice"""","""" All Orange Juice""""]",https://www.walmart.com/ip/2X-KR-Original-100-Orange-Juice-from-Concentrate-1-gal/8638658153?classType=REGULAR,https://i5.walmartimages.com/asr/9065f345-076d-42f5-9c8b-9170a1836d94.14241c96ea2c89c3fc3bc5225949d65d.jpeg,23.01,,Strike Force,Not from Concentrate 100% Juice,Made From: orange; Volume: 3785; Juice Features: from concentrate; Flavour: orange; Pack Type: Bottle; Juice Content: 100%; Carbonization: still; Immune Support Ingredients: vitamin c
968023383,safeway,USA,WTRMLN WTR Cherry Cold Pressed Juice - 12 Fl. Oz.,,"["""" Beverages"""","""" Juice & Smoothies"""","""" Berry & Blends""""]",https://www.safeway.com/shop/product-details.970489429.html,https://images.albertsons-media.com/is/image/ABS/970489429,5.99,852921005219,Wtrmln Wtr,Not from Concentrate 100% Juice,"Pack Type: Liquid Carton; Flavour: cherry; Volume: 355; Made From: cherry; Juice Features: cold press, smoothie; Carbonization: still; Juice Content: 100%"
969441957,Walmart,USA,"Bucked Up Big Game Energy Drink, Cotton Candy, 16 fl oz, 150 mg Caffeine",""""" 
Bucked Up Big Game Energy Drink, Cotton Candy, 16 fl oz, 300 mg Caffeine: 
* Dynamine & Tea Crine to provide longer-lasting, time-released energy 
* Nootropics Alpha GPC & Huperzine-A to boost your","["""" Health and Medicine"""","""" Protein"""","""" Shop by brand"""","""" Bucked Up"""","""" Bucked Up Energy Drinks""""]",https://www.walmart.com/ip/Bucked-Up-Big-Game-Energy-Drink-Cotton-Candy-16-fl-oz-150-mg-Caffeine/618296012,https://i5.walmartimages.com/asr/02a34904-b298-4bd2-b45a-c03c4df460b5.090d63f7eee569d48771e19a212a4040.png,7.65,,Bucked Up,Energy Drinks,"Caffeine: 50-100 mg; Volume: 473; Juice Content: 0-2%; Carbonization: still; Health Claims: energy boosting, nootropic/enhanced mental performance; Pack Type: Can"
969710797,Kroger,USA,Pompeii Lime Juice - 13 fl oz,,"["""" Fresh"""","""" Fresh Fruits & Vegetables"""","""" Fresh Juice & Smoothies"""","""" Juice""""]",https://www.kroger.com/p/pompeii-lime-juice/0007587900151#:#zipcode=46204&storeid=02100339,https://www.kroger.com/product/images/xlarge/back/0007587900151,2.5,75879001519,Pompeii,Not from Concentrate 100% Juice,Juice Features: smoothie; Juice Content: 100%; Volume: 1745; Flavour: lime; Carbonization: still; Made From: lime
9698426,jet.com,USA,"Alkalife 10 Spring Water, 16.9 Fl Oz ( Pack of 24)",,"[""""grocery"""",""""beverages"""",""""water""""]",https://jet.com/product/product/2f4cff562c23490281354b8fa96be24f,https://images.jet.com/md5/c00e966e95c950968ed4844232bf40ae,46.65,,Alkalife,Still Bottled Water,Water Type: spring; Pack Type: Bottle; Pack Material Type: Plastic; Juice Content: 0-2%; Volume: 500; Carbonization: still
970709438,safeway,USA,Gus Dry Soda Meyer Lemon - 12 FZ,,"["""" Beverages"""","""" Soft Drinks"""","""" Specialty & Natural Soda""""]",https://www.safeway.com/shop/product-details.970361150.html,https://images.albertsons-media.com/is/image/ABS/970361150,2.49,890763000016,Gus,Other Non-Cola Carbonates,Volume: 355; Juice Content: 0-2%; Pack Type: Bottle; Flavour: lemon
971968922,Kroger,USA,RYSE Fuel Zero Sugar Berry Blast Ring Pop Energy Drink Can - 16 fl oz,,"["""" Grocery"""","""" Beverages"""","""" Energy Drinks"""","""" Zero Sugar & Sugar Free Caffeinated Energy Dr""""]",https://www.kroger.com/p/ryse-fuel-zero-sugar-berry-blast-ring-pop-energy-drink-can/0085405000886#:#zipcode=46204&storeid=02100339,https://www.kroger.com/product/images/xlarge/front/0085405000886,2.42,854050008864,RYSE,Energy Drinks,"Volume: 473; Flavour: berry; Pack Type: Can; Health Claims: no sugar, energy boosting; Juice Content: 0-2%; Carbonization: still"
974133094,Auchan,France,syrup apricot rosemary glass bottle,"## characteristics 
##### lot 
Non 
### Marketing 
product advantages find the real taste fruit thanks to the exceptional quality syrups mill of valdonne. Description marketing thanks to simple recipe","["""" waters, juice, soda, alcohol-free drinks"""","""" teas, fruit drinks, syrups"""","""" syrups, concentrates"""",""""peaches and other perfumes""""]",https://www.auchan.fr/moulin-de-valdonne-sirop-abricot-romarin-bouteille-verre/pr-C1782286,https://cdn.auchan.fr/media/S01000000040KBCPRIMARY_2048x2048/B2CD/?format=rw&quality=75&width=1200&height=1200,,3272036008825,Moulin de Valdonne,Liquid Concentrates,"Sweetener: hfcs, sugar; Volume: 700; Pack Type: Bottle; Flavour: apricot, rosemary; Juice Content: 10-15%; Naturally derived: natural fragrances; Caffeine: 15-25 mg"
974277050,Walmart,USA,"Pibb Xtra Fridge Pack Soda, 12 Ounce (24 Cans)",""""" Pibb Xtra Fridge Pack Soda, 12 Ounce (24 Cans)"""" ; Container Type Can ; Brand FULNKYE","["""" Food"""","""" Beverages"""","""" Soda Pop"""","""" All Soda Pop""""]",https://www.walmart.com/ip/Pibb-Xtra-Fridge-Pack-Soda-12-Ounce-24-Cans/2595351644?classType=REGULAR,https://i5.walmartimages.com/seo/Pibb-Xtra-Fridge-Pack-Soda-12-Ounce-24-Cans_23a6169a-09bb-4c3e-94ef-194b1409b719.bb6219513730f6e1372c92314acda346.jpeg,32.15,,Pibb,Other Non-Cola Carbonates,Volume: 355; Juice Content: 0-2%
974534292,amazon,USA,Accelerator ISLAND GUAVA (12 Pack of 12oz Cans) Zero Sugar Energy Drink 12oz Cans Natural Active Energy Delicious,"* * *
## Important information 
[ingredients_start]
Ingredients 
Sodium 
[ingredients_end]

Legal Disclaimer 
Statements regarding dietary supplements have not been evaluated by the FDA and are not in","["""" Grocery & Gourmet Food"""","""" Beverages"""","""" Bottled Beverages, Water & Drink Mixes"""","""" Energy Drinks""""]",https://www.amazon.com/dp/B0DDZSM8DM,https://m.media-amazon.com/images/I/71IvtYBrTyL._AC_UL320_.jpg,49.99,,Accelerator,Energy Drinks,"Volume: 355; Naturally derived: natural; Flavour: guava; Pack Type: Can; Health Claims: energy boosting, no sugar; Juice Content: 0-2%"
976016441,Walmart,USA,"Clear American Sparkling Water, Mandarin Orange, 33.8 fl oz- Pack Of 4",""""" 
* Mandarin orange sparkling water beverage with other natural flavors 
* Zero calories, sugar and sodium 
* Crisp and refreshing drink 
"""" ; Container Type Bag ; Container Material Plastic ; Food Co","["""" Food"""","""" Beverages"""","""" Water"""","""" Sparkling Water""""]",https://www.walmart.com/ip/Clear-American-Sparkling-Water-Mandarin-Orange-33-8-fl-oz-Pack-Of-4/10242960369?classType=REGULAR,https://i5.walmartimages.com/asr/d3b466dd-c0c8-401f-a04b-5d54a2cb6752.86ba34e5f3893be8969b5abb79601427.jpeg,11,,Clear American,Sparkling Flavoured Bottled Water,"Volume: 1000; Sweetener: sugar; Carbonization: sparkling; Naturally derived: natural flavours; Health Claims: no sugar; Flavour: orange, mandarin; Juice Content: 0-2%"
977507896,Kroger,USA,Uptime White Peach Lemonade Energy Drink Can - 12 fl oz,,"["""" Grocery"""","""" Beverages"""","""" Energy Drinks"""","""" Caffeinated Energy Drinks""""]",https://www.kroger.com/p/uptime-white-peach-lemonade-energy-drink-can/0002571392120#:#zipcode=46204&storeid=02100339,https://www.kroger.com/product/images/xlarge/front/0002571392120,2,25713921206,Uptime,Energy Drinks,"Volume: 355; Juice Content: 0-2%; Flavour: peach, lemon; Carbonization: still; Health Claims: energy boosting"
979292842,Shop Apotheke,Germany,body attack Low Carb Sports Drink Strawberry,beverage concentrate to make a low calorie drink,"["""" sport & amp; Fitness"""","""" stamina & amp; energy """","""" sports drinks & amp; concentrates""""]",https://www.shop-apotheke.com/arzneimittel/7678337/body-attack-low-carb-sports-drink-strawberry.htm,https://cdn.shop-apotheke.com/images/D07/678/337/D07678337-p1.jpg,,4250350519240,Body Attack,Sports Drinks,Volume: 1000; Flavour: strawberry; Juice Content: 0-2%; Health Claims: low calories; Caffeine: 0-15 mg; Diets: low carbs; Sports Positioning: fitness
980796986,Walmart,USA,"Aqua Care : Pre- Thickened Cranberry Juice, -thick liquid, (1 Case: 24 x 8 oz. Bottles)",""""" Aqua Care : Pre- Thickened Cranberry Juice, -thick liquid, (1 Case: 24 x 8 oz. Bottles)"""" ; Juice Type Fruit Juice ; Fruit Type Cranberry ; Container Type Bottle ; Brand Aqua Care","["""" Food"""","""" Beverages"""","""" Juices"""","""" Cranberry Juice""""]",https://www.walmart.com/ip/AquaCare-Pre-Thickened-Cranberry-Juice-thick-liquid-1-Case-24-x-8-oz-Bottles/8345619197?classType=VARIANT,https://i5.walmartimages.com/asr/e12ede3b-a85b-4b54-84e0-3611c017c643.1dfaf307ef1e7a94cfb4e9fe2dea31b1.jpeg,81.65,,Thick- It,Juice Drinks (up to 24% Juice),Carbonization: still; Made From: cranberry; Juice Content: 100%; Volume: 237; Pack Type: Bottle; Flavour: cranberry
980826560,Walmart,USA,"Victor Allen's Coffee Mocha Iced Canned Coffee Latte, 11oz Cans (12 Pack)",""""" 
* Contains 12 cans of 11oz Victor Allen's Mocha Latte Ready to Drink Coffee Beverage 
* Flavor Profile: Sweet like chocolate, brewed with the roast qualities of a cup of coffee 
* Experience: A swe","["""" Food"""","""" Coffee"""","""" Coffee & Coffee Pods""""]",https://www.walmart.com/ip/Victor-Allen-s-Coffee-Mocha-Iced-Canned-Coffee-Latte-11oz-Cans-12-Pack/5838686055?classType=REGULAR,https://i5.walmartimages.com/seo/Victor-Allen-s-Coffee-Mocha-Iced-Canned-Coffee-Latte-11oz-Cans-12-Pack_eeb1ce44-fbf4-453b-8bfd-e52c3f42a9a1.9c7219dc7ec63ab79ef97aab69a5f370.jpeg,18.99,,Victor Allen's,RTD Coffee,"RTD Coffee Style: latte, mocha; Volume: 325; Coffee Type: mocha; Pack Type: Can; Flavour: latte, mocha, coffee; Juice Content: 0-2%; Carbonization: still"
981772422,ICA,Sweden,Juice apple lemon mint 700ml raw juice,"## product information 
information from supplier 
raw juice is one cold pressed juice which is not pasteurized. raw juice pressas in sweden of fresh fruits and vegetables. it is rich on fibers and vi","["""" drink"""","""" juice & fruit drinks"""","""" juice other flavors""""]",https://handlaprivatkund.ica.se/stores/1004134/products/juice-äpple-citron-mynta-700ml-råsaft/2141595,https://handlaprivatkund.ica.se/images-v3/bf7a00ca-390e-4769-865f-dc369586872e/fe5ff234-b7de-4469-af31-97bde8322ec4/500x500.jpg,63,,Loviseberg Råsaft,Not from Concentrate 100% Juice,"Health Claims: high/source of fibre, good source of vitamins; Juice Features: cold press, raw; Flavour: lemon, apple, mint; Made From: lemon, apple; Volume: 700; Juice Content: 100%; Carbonization: still; Immune Support Ingredients: vitamin c, antioxidants"
986404661,K Ruoka,Finland,Repp Rainbow Zero energy drink 0.473l,,"["""" beverages"""","""" energy- and sports drinks"""","""" energy drinks""""]",https://www.k-ruoka.fi/kauppa/tuote/repp-rainbow-zero-0473l-tlk-6430057697108,https://public.keskofiles.com/f/k-ruoka/product/6430057697108,3.99,6430057697108,Repp,Energy Drinks,Volume: 473; Health Claims: energy boosting; Pack Type: Can; Juice Content: 0-2%; Carbonization: still
988826374,Walmart,USA,O Organics Orange Juice 52 oz,"""""O Organics Orange Juice 52 oz"""" ; Brand O Organics","["""" Food"""","""" Beverages"""","""" Juices"""","""" Orange Juice"""","""" All Orange Juice""""]",https://www.walmart.com/ip/O-Organics-Orange-Juice-52-oz/12108805422?classType=REGULAR,https://i5.walmartimages.com/seo/O-Organics-Orange-Juice-52-oz_96ab1525-4249-47a6-af0e-8efbf19b2cb5.6dec75fcd6fe94579400eb0a22453d0e.jpeg,13.39,,O Organics,Not from Concentrate 100% Juice,Pack Type: Bottle; Sustainable Sourcing: organic; Volume: 1538; Made From: orange; Carbonization: still; Juice Content: 100%; Flavour: orange
993304243,Voila,Canada,Pulp & Press Juice Co Juice Beta Blaster 355 ml,,"["""" Fresh Fruits & Vegetables"""","""" Refrigerated Juices, Smoothies & Kombucha""""]",https://voila.ca/products/670234EA,https://voila.ca/images-v3/2d92d19c-0354-49c0-8a91-5260ed0bf531/639bf878-83cd-4fbd-879e-57249226d4b7/500x500.jpg,7.99,,Pulp & Press,Not from Concentrate 100% Juice,Volume: 355; Pack Material Type: Plastic; Juice Features: smoothie; Juice Content: 100%
993428567,Voila,Canada,Bucha Guava Mango Tea 473 ml,,"["""" Beverages"""","""" Iced Tea & Lemonade"""","""" Iced Tea""""]",https://voila.ca/products/695628EA,https://voila.ca/images-v3/2d92d19c-0354-49c0-8a91-5260ed0bf531/f424d7c4-9f95-4cda-b532-955b7635c483/500x500.jpg,3.99,,Bucha,Still RTD Tea,"Carbonization: still; Pack Type: Bottle; Flavour: tea, guava, mango; Volume: 473; Juice Content: 0-2%"
993516854,Voila,Canada,Flirt Lemonade Raspberry 1 L (bottle),,"["""" Beverages"""","""" Iced Tea & Lemonade"""","""" Lemonade""""]",https://voila.ca/products/15601EA,https://voila.ca/images-v3/2d92d19c-0354-49c0-8a91-5260ed0bf531/69b7da09-7c77-4c7b-a775-682b4a8b8790/500x500.jpg,6.99,,FLIRT,Lemonade/Lime,"Carbonization: still; Juice Content: 0-2%; Pack Type: Bottle; Flavour: lemon, raspberry; Volume: 1000"
993541190,Food Market Herkku,Finland,Battery Whirl energy drink can 0.5 l,"blue raspberry? Kuulit its from here first. Battery Whirl on energy drink, whose sihiseva blue raspberry taste give you booster and hivelee your taste buds. this surprising pyorremyrsky will not leave","["""" beverages"""","""" energy drinks and sports drinks"""","""" energy drinks""""]",https://www.s-kaupat.fi/tuote/6415600585156,https://cdn.s-cloud.fi/v1/w828_q75/product/ean/6415600585156_kuva1.jpg,3.15,6415600585156,Battery,Energy Drinks,Carbonization: carbonated; Energy Source: b-vitamins; Juice Content: 0-2%; Caffeine: 25-50 mg; Naturally derived: natural flavours; Sweetener: sugar; Pack Type: Can; Volume: 500; Health Claims: energy boosting
994509274,MatHem,Sweden,nygårda julmust Light 12x33cl nygårda,"### content 
description 
a classic swedish julmust, as gets his sweetness from sweetener instead of from sugar (sweetener aspartame and saccharin. contains a source of phenylalanine). 
delivery days ","["""" drink"""",""""soda""""]",https://www.mathem.se/se/products/9301-nygarda-julmust-light-12x33cl-nygarda/,https://bilder.kolonial.no/prod/local_products/57c7c616-f374-48b9-9c13-8ef3655cfaab.jpg?auto=format&fit=max&w=1000&s=56ab73a2e42d12eb2759f7eb354b2c38,56.95,,Nygårda,Other Non-Cola Carbonates,"Juice Content: 0-2%; Carbonization: carbonated, gently carbonated; Pack Type: Bag/Packet; Volume: 330; Sweetener: saccharin, aspartame, sugar"
995047564,Coop,Netherlands,PLUS fresh juice apple berry lime,"> 
## extra information 
Contact Fruity line B.v. 
## legal information 
operating instructions shake before use 
storage instructions keep refrigerated (max. 7°C). oud 
contact name plus retail b.v. ","["""" groceries"""","""" soft drink, juices, and, Water"""","""" fresh, juices, and, Smoothies"""","""" fresh, juices""""]",https://www.coop.nl/product/8718989928216,https://cdn.syndy.com/media/products/f80a0300-4883-0022-002e-08dcdbeb4cef/images/AW0HA3GItENDpZ-NPK0ohvI./AAAAXNEYL-J4GAjc4hE4gA.290x290.jpg,2.49,8718989928216,Vers Sap,Not from Concentrate 100% Juice,"Juice Features: smoothie; Juice Content: 100%; Volume: 500; Carbonization: still; Made From: apple, lime; Flavour: berry, apple, lime; Pack Type: Bottle"
995419483,Walmart,USA,Bloom Peach Mango Energy Drink - 12 fl oz Can,""""" 
* * My goal with Bloom is to give everyone the opportunity to bloom into their best self!"""" - @ Marillewellyn co-founder 
* The perfect blend of juicy peach and tropical mango 
* 0g of sugar and onl","["""" Food"""","""" Beverages"""","""" Energy Drinks"""","""" Energy Drinks""""]",https://www.walmart.com/ip/Bloom-Peach-Mango-Energy-Drink-12-fl-oz-Can/12672508539?classType=undefined,https://i5.walmartimages.com/asr/4ba29dd9-786a-4404-92fb-c77288eb2f52.21547b00067df12598bbd3bcb8f1e010.jpeg,5.96,,Bloom,Energy Drinks,"No Artificial Ingredients: no artificial colours, no artificial flavours, no aspartame; Volume: 355; Pack Type: Can; Caffeine: 50-100 mg; Juice Content: 0-2%; Health Claims: energy boosting, mood-enhancing; Naturally derived: natural; Carbonization: still; Flavour: peach, mango"
995788840,S-kaupat,Finland,Battery Burst energy drink can 0.33 l,"Battery Burst is fruity blend blood orange and perky energy, whom your mind miss horny on a summer day. ( or cold talviaamuna.)","["""" beverages"""","""" energy drinks and sports drinks"""","""" energy drinks""""]",https://www.s-kaupat.fi/tuote/battery-burst-energiajuoma-tolkki-0-33-l/6415600586900,https://cdn.s-cloud.fi/v1/w640_q75/product/ean/6415600586900_kuva1.jpg,2.69,6415600586900,Battery,Energy Drinks,Volume: 330; Energy Source: b-vitamins; Sweetener: sugar; Caffeine: 25-50 mg; Pack Type: Can; Health Claims: energy boosting; Juice Content: 0-2%; Naturally derived: natural flavours; Carbonization: carbonated
9964203,Wegmans,USA,"Root Beer, Diet","Naturally and artificially flavored. 0 calories per bottle. The Stewart's Story: In 1924, an Ohio schoolteacher named Frank Stewart set out to develop the world's best tasting root beer. With secret r","["""" Soda Pop""""]",https://www.wegmans.com/products/beverages/soda-pop/soda-pop-gourmet/root-beer-diet-107739.html,https://www.wegmans.com/content/dam/wegmans/products/739/107739.jpg,2.99,,Stewart's,Other Non-Cola Carbonates,"Sweetener: aspartame; Pack Type: Bottle; Juice Content: 0-2%; Volume: 355; Carbonization: carbonated; Caffeine: 0-15 mg; Pack Material Type: Glass; Free From: no caffeine; Naturally derived: natural flavours, natural"
996952032,Walmart,USA,Bing Energy Beverage Bing Cherry 12 fl oz ( Pack Of 12),""""" 
* Natural energy boost with a delicious cherry flavor. 
* Refreshingly unique beverage choice for any time of day. 
* Packed with vitamins to keep you energized and focused. 
"""" ; Food Condition She","["""" Food"""","""" Beverages"""","""" Energy Drinks"""","""" Energy Drinks""""]",https://www.walmart.com/ip/Bing-Energy-Beverage-Bing-Cherry-12-fl-oz-Pack-Of-12/9978305748?classType=VARIANT,https://i5.walmartimages.com/seo/Bing-Energy-Beverage-Bing-Cherry-12-fl-oz-Pack-Of-12_e701a6a1-af79-438c-a31b-855e320fada7.bd45a5956ab892202fd2392d2c45b629.jpeg,47.55,,Bing,Energy Drinks,"Flavour: cherry; Naturally derived: natural; Carbonization: still; Juice Content: 0-2%; Volume: 355; Pack Type: Can; Health Claims: good source of vitamins, energy boosting"
997026325,safeway,USA,Aura Bora Elderflower Grapefruit Sparkling Water - 12 Fl. Oz.,,"["""" Beverages"""","""" Water & Sparkling Water"""","""" Sparkling & Seltzer""""]",https://www.safeway.com/shop/product-details.970462790.html,https://images.albertsons-media.com/is/image/ABS/970462790,2.5,850026937077,Aura Bora,Sparkling Flavoured Bottled Water,"Volume: 355; Carbonization: carbonated, sparkling; Flavour: grapefruit, elderflower; Juice Content: 0-2%"
998144757,Kroger,USA,Shine Water Strawberry Lemon Enhanced Water Can - 16 fl oz,,"["""" Grocery"""","""" Pantry"""","""" Beverages"""","""" Water"""","""" Enhanced Water""""]",https://www.kroger.com/p/shinewater-strawberry-lemon-enhanced-water-can/0085003644412#:#zipcode=46204&storeid=02100339,https://www.kroger.com/product/images/xlarge/front/0085003644412,2.29,850036444121,Shine Water,Functional Bottled Water,"Carbonization: still; Volume: 473; Flavour: strawberry, lemon; Pack Type: Can; Juice Content: 0-2%"
