sku_id,rep_id
6916,16789
12782,5907
16627,6585
39336,6112
46853,3479
47377,2999
69409,13190
79033,26706
86506,14181
90732,15932
103202,24937
119335,23544
142226,20994
151294,666
155003,30048
167310,17236
186734,17512
190715,25408
201694,6503
216248,30173
261773,9782
278102,15913
311411,30094
322301,652
364808,3568
371839,4943
411793,31795
423104,17692
434519,10516
448669,946
449508,1904
449643,21843
451484,6857
475992,31280
487105,30214
487521,6511
487709,24852
510306,15278
514738,541
532884,4115
533524,13082
553806,4122
604362,10661
605636,13150
610825,17425
619513,12214
628537,30528
661793,1856
667040,7288
718577,21617
757245,13536
766035,24362
794634,23208
828033,16380
830559,20893
838034,21662
838476,22420
856449,4904
864307,4985
891196,6512
909063,16311
928227,10267
959779,8698
960357,10271
971229,13212
992052,30646
994858,18888
997502,13097
1007820,30380
1073438,14981
1113664,22591
1122316,22067
1126831,5635
1157929,30959
1163851,2599
1216971,18214
1219938,32514
1228143,18911
1291799,18359
1339217,2604
1341989,6542
1347901,3805
1360484,7450
1374615,4386
1391286,804
1397605,33197
1411970,20781
1414864,30150
1415579,18746
1425237,31823
1425466,4510
1473091,30253
1503299,13067
1554417,30659
1557595,31474
1578284,6509
1619724,8645
1651311,10277
1669518,23922
1682428,2994
1697758,20822
1699817,30130
1714639,21610
1729669,14870
1754284,6544
1762894,14562
1763244,19210
1772225,13132
1786864,19816
1800098,16909
1806798,17260
1837087,3134
1837550,2607
1846705,17438
1850388,6336
1858383,10687
1867936,2984
1875053,18797
1882854,14998
1891638,17243
1899851,31944
1907156,19268
1955248,31144
1961486,6498
1996647,4092
2018275,20762
2024312,31806
2032739,30915
2049169,31020
2059134,18955
2074633,31852
2090757,13195
2100612,2792
2101938,18281
2127373,20821
2173193,30039
2186442,21581
2197181,16784
2211526,15572
2230830,30926
2238709,6379
2256067,21009
2264242,10236
2286206,18945
2339116,4801
2342604,3974
2388722,799
2393791,20802
2407557,31281
2445132,824
2450668,25177
2453392,4770
2456963,31557
2464545,30988
2511742,4615
2514550,2881
2529649,18530
2533721,16265
2534587,32996
2572371,18226
2590186,23132
2600563,1215
2603919,21679
2642767,13211
2664075,7531
2691419,22612
2694012,27300
2705254,2507
2710206,31616
2728022,5002
2744937,22892
2778826,22489
2787420,13625
2796516,16414
2797552,15190
2852526,17518
2880687,10641
2901955,5022
2935062,18228
2936959,24303
2953280,13205
2990053,4103
3014024,5016
3019247,20820
3036133,4990
3055962,9246
3082692,31997
3099565,20755
3120713,5010
3132246,5012
3147667,22035
3152895,9783
3153233,17509
3225198,27727
3237459,14327
3242280,22556
3287126,18630
3310307,31954
3321451,6252
3340073,13135
3349005,2603
3367762,12871
3382381,7041
3407426,18918
3488333,20750
3520349,13578
3524257,20078
3539974,5906
3541395,22536
3544292,1891
3546497,13503
3598456,18644
3614728,17290
3656334,22987
3663448,31274
3667770,30539
3681021,18581
3683537,5790
3687382,7130
3712974,22814
3713097,16
3714941,2995
3729143,4113
3766436,31645
3778416,4378
3793595,6546
3797860,17130
3800846,21695
3826276,1615
3830409,19115
3847044,23797
3849936,16328
3851474,30034
3866379,31065
3928459,14869
3962219,848
3967952,22877
3970915,19815
3973397,13157
4002614,4129
4018837,16605
4030308,31615
4031090,2189
4036283,23478
4059047,31239
4066218,3014
4071372,18309
4083060,21618
4084559,30536
4124784,4022
4140726,1356
4143732,22774
4149394,13025
4173037,16826
4182214,17640
4193153,5024
4253606,23477
4261273,24372
4277522,23091
4328629,1297
4354689,15610
4435597,15404
4513261,13149
4527919,4114
4551739,15692
4581397,2600
4617778,13201
4646349,19083
4650997,4986
4654560,30513
4678454,21614
4689661,20763
4719430,27674
4726404,31340
4732573,17294
4786315,4392
4787398,30699
4793794,30151
4798042,24140
4830586,6582
4843372,13208
4845725,23951
4848005,31050
4853907,22337
4862052,16829
4875035,2856
4878766,32861
4895523,3976
4898657,19411
4919099,22598
4935813,13133
5003878,5003
5010151,22808
5026940,18678
5043035,13209
5045200,866
5052288,28417
5093055,24376
5099365,23308
5101731,15192
5105989,20453
5107344,2605
5119520,22888
5121838,16696
5153579,13175
5178834,11655
5183437,22125
5183922,5293
5230742,22879
5246486,307
5250453,24332
5280012,13557
5301802,4007
5319404,21666
5338443,19569
5341712,13522
5341843,3117
5371461,31160
5381079,6375
5401891,18534
5411980,17296
5413954,31923
5419905,1691
5435561,4992
5440704,16495
5492083,13131
5505732,20973
5555611,4700
5590609,22064
5605131,30068
5644949,31663
5656052,22620
5664513,31093
5678911,12622
5681963,6588
5687673,12987
5700178,31513
5700332,2781
5703548,31396
5722572,5900
5734450,4343
5816360,6469
5822225,16747
5839275,18737
5842084,16523
5850700,2578
5854178,7053
5899580,3181
5909013,6087
5918204,31519
5946640,22817
5957600,4991
5994220,5000
6007573,30353
6079145,30155
6098975,1488
6107211,4111
6141679,20780
6162433,24567
6178285,33145
6181689,18357
6225257,79
6236810,2068
6256540,16519
6291767,27672
6302816,1617
6337212,15209
6338610,20502
6360247,20560
6373607,6772
6382627,3268
6389681,31955
6414688,5249
6431736,1199
6444841,28050
6448407,13221
6452253,6829
6455956,21602
6465066,22495
6481830,22757
6486072,15921
6502343,1251
6516125,13189
6549615,13203
6554395,22236
6555670,30250
6558897,1911
6596614,1216
6637543,31856
6652397,23115
6660467,3001
6660477,3040
6715932,31947
6739755,20665
6838277,31210
6868048,20995
6897371,30069
6911706,9571
6931298,31532
6933676,31946
6948002,5991
6971275,18395
6983712,2905
7014683,13334
7035161,21676
7072540,21368
7092548,23486
7109583,13197
7135810,22542
7145745,22761
7153420,4599
7154840,2489
7172245,5268
7173465,4788
7202984,20874
7205165,18259
7263307,1934
7295327,22518
7303363,18978
7320409,30037
7331289,20151
7339597,6587
7398306,3594
7412121,5631
7462709,30067
7465155,13199
7498419,4368
7502141,22595
7506483,9532
7520390,12625
7525367,30850
7586278,18386
7590231,24461
7598277,813
7647862,31625
7652756,31925
7660271,4996
7692703,11838
7707294,26119
7722671,2998
7730874,5021
7732237,31753
7775989,30206
7862219,4622
7881382,14314
7894222,18572
7896102,21682
7922387,13262
7962739,12682
7984768,17511
7985556,14367
7985745,5005
7999329,12605
8019436,4137
8031774,31457
8090741,31905
8102523,32259
8110058,24597
8114125,31572
8128711,7058
8132310,4261
8149023,29384
8153526,30040
8154007,4995
8165858,30759
8178578,20751
8180969,5001
8188591,1644
8194887,3124
8196695,954
8236434,30760
8248414,15567
8252090,30511
8295661,160
8334865,30604
8359769,7461
8372155,24192
8387724,30279
8406127,31953
8410724,6528
8435328,4112
8448345,20815
8453841,2609
8465199,30816
8468261,12623
8475377,20394
8478948,21461
8479043,21695
8529059,4116
8533536,30989
8547447,13160
8574356,7560
8595669,13553
8603984,21846
8630433,3990
8642165,22585
8647801,30152
8655002,30764
8656767,2800
8657371,22815
8660874,20752
8689064,18412
8699131,18199
8728778,4992
8759388,17182
8795556,21703
8801796,4987
8806455,17259
8831385,20813
8851092,1879
8868710,16808
8868969,25750
8871264,5854
8883990,22810
8962396,21700
8963669,24333
8972262,32863
9014815,31824
9021024,22112
9029571,19204
9069515,6333
9083393,4066
9113377,22818
9127558,10052
9140703,9477
9177231,5007
9231949,24048
9246067,5482
9264459,30878
9269205,24143
9269558,8699
9290559,21369
9306520,14102
9330501,2689
9357566,22534
9378439,25751
9383179,10640
9407200,6082
9416845,12820
9444192,21704
9488780,20818
9498852,20801
9499143,15189
9522524,4987
9550019,4057
9614050,5013
9643743,14564
9645570,22543
9663304,12934
9666808,3030
9668296,4671
9678243,3838
9695609,7751
9698426,30198
9743012,16705
9779847,18527
9800054,18225
9815245,540
9863937,30475
9886351,5147
9903919,19399
9906228,16381
9974670,1294
10004871,20749
10010264,5257
10036646,17609
10050777,3401
10079464,30497
10095962,17921
10098180,31617
10102444,31780
10154600,17508
10172852,21111
10189483,15569
10192138,31542
10196590,5905
10216375,15718
10231192,6510
10235016,2993
10240220,19181
10255631,21629
10258851,13134
10282676,1306
10297562,13186
10307160,18573
10327736,18216
10339458,7202
10379952,21334
10381088,23433
10414481,18036
10440540,30761
10440636,20735
10449273,20089
10527307,30404
10540362,16822
10559752,23135
10561298,21671
10563641,31252
10569712,19654
10573089,23824
10574709,22901
10590457,19416
10615078,5007
10621714,19207
10632923,10282
10639023,13356
10658562,4994
10662422,30698
10683594,30772
10695116,16695
10701713,20811
10740089,31653
10759780,15429
10761565,644
10769104,31086
10791866,29581
10795884,4125
10796808,6061
10816327,5013
10856175,20825
10864368,4213
10893598,18531
10930508,30970
10930942,30051
10932058,17626
10933305,18353
10933522,9032
10940852,16778
10942232,26852
10945691,13118
10956556,5778
10962844,29336
10974837,31251
10984528,22132
11014859,23446
11029007,26869
11047895,18977
11052274,6477
11061094,31531
11076300,27377
11083155,30277
11118568,7452
11153395,2981
11188210,27730
11210793,13363
11211917,17614
11241749,5471
11250777,8644
11272489,6167
11274828,16421
11286833,9036
11287089,2987
11287422,21327
11334594,6478
11355737,31714
11359512,24115
11363982,30369
11408293,3395
11413691,2348
11432894,1886
11470202,31078
11473756,8634
11537332,6832
11570229,18229
11593680,12821
11600242,20415
11607290,19955
11633917,30737
11643283,25758
11697612,24562
11731271,13236
11733471,847
11774964,15191
11825926,31307
11836262,14906
11843823,13451
11850356,12924
11860538,7139
11873257,30352
11887472,20243
11894673,3184
11903963,28448
11916762,15657
11942045,16441
11977473,11926
11989777,4993
11997766,16057
12028167,30153
12084159,2862
12084908,6935
12090109,1979
12097604,16830
12104864,8895
12141744,31817
12142560,2467
12150578,16656
12165624,20807
12169708,6457
12225399,18507
12237670,3671
12245056,867
12245715,13225
12273532,27504
12273616,7201
12273762,5011
12293561,32567
12295918,16781
12302785,3125
12305700,4119
12330622,13194
12348034,6856
12391453,5273
12423022,803
12426469,4986
12436040,21828
12534984,7134
12567448,5008
12580374,5020
12590514,14543
12592441,3508
12639209,31387
12644984,4128
12648416,15562
12672140,17622
12678664,21609
12681663,23458
12697487,14857
12703251,25480
12709702,30373
12729675,30272
12743150,968
12773237,23139
12795613,5270
12809546,30400
12836428,15546
12868782,16515
12882171,2617
12908764,8172
12944954,15921
12949730,144
12961252,20180
13037295,23456
13037682,13187
13075887,6532
13090373,1907
13113662,24361
13124548,1889
13132135,30038
13147006,14996
13162277,349
13165537,2606
13203385,16820
13240231,31648
13272150,4999
13300727,30879
13304385,13556
13322402,21324
13322597,22262
13323286,15790
13389781,19527
13392532,22242
13406316,4990
13412530,4798
13422822,13204
13436799,7512
13494319,13202
13504064,22601
13531887,13530
13552431,1110
13554110,30066
13556742,10964
13557016,5258
13603033,6420
13618178,16386
13619396,20782
13641936,28204
13657870,31575
13666796,2990
13681201,23137
13686713,20193
13695642,18224
13728985,21964
13731635,21702
13734369,21605
13801695,6081
13817958,2277
13828223,7544
13829182,30800
13834864,17596
13847269,20993
13882237,18729
13895722,24938
13904581,8532
13923433,16420
13923823,17805
13924194,12640
13934032,20087
13957445,17926
13995946,12569
14007417,18344
14056082,20756
14074870,18764
14120364,19128
14128217,2790
14137838,4121
14156192,2663
14170641,22775
14179709,31673
14197926,23134
14243904,28215
14270374,18798
14276616,5022
14283939,17436
14287983,31623
14317092,20039
14319182,13161
14325160,31082
14342126,19154
14346743,30095
14409388,22117
14415322,12679
14417329,5016
14450141,10158
14478743,4888
14496350,1336
14539341,10235
14550584,30509
14554946,20795
14556253,7203
14567036,1283
14584121,5491
14591463,8222
14608921,21275
14714186,21646
14734669,7210
14747606,19529
14752403,14903
14756498,22540
14785207,19108
14786258,23067
14793552,23448
14801185,20190
14852750,31288
14859472,28426
14867360,16081
14868752,17658
14871744,24374
14875916,22588
14886632,16404
14888995,31929
14909123,19359
14911940,20779
14934788,23279
14962465,30765
14966250,2673
14966889,868
14982083,30292
14991165,22816
14991621,2657
14996332,4208
14999152,1925
15002018,22586
15012899,31096
15016144,18942
15046067,22480
15057047,13136
15060817,31226
15068949,21695
15096065,24064
15109764,5019
15156846,14214
15160387,31392
15180033,17655
15210545,30530
15216671,30876
15217117,5259
15217792,5020
15248241,6065
15266247,23057
15266591,30512
15278561,23111
15283086,22338
15287803,18311
15312433,31942
15356979,17080
15366842,31521
15408273,20824
15423184,4988
15446073,5023
15475092,5560
15483719,17907
15493334,6079
15508328,30382
15521465,5014
15541196,2953
15541814,22170
15545486,17133
15549200,16055
15570631,4143
15580282,20743
15589552,24262
15592693,5025
15610742,19530
15614862,33003
15616950,6521
15680544,4955
15702344,13152
15710547,432
15717082,30909
15744941,5565
15748915,18653
15792258,18734
15792490,13196
15826273,1427
15829168,30042
15834609,22891
15838012,17456
15840656,22336
15874310,6254
15886081,19746
15892008,20175
15894269,30614
15894455,30471
15895425,31092
15926959,18197
15943388,31999
15946381,21684
15974935,4048
16006682,13551
16018940,16375
16049536,13188
16054814,13069
16057536,6836
16085048,780
16092199,22889
16129617,5113
16138221,4109
16141751,4006
16157617,9245
16180040,31943
16189695,6459
16196000,32456
16239244,11805
16270307,30802
16281016,31444
16295812,21678
16304342,7161
16347798,30358
16356159,18608
16370612,821
16401632,31021
16440547,20167
16448685,2451
16550991,17625
16553196,21634
16564781,3268
16578540,22811
16599226,1823
16599906,3861
16602069,31423
16614806,4620
16653987,4715
16675307,30529
16688539,969
16709933,13554
16763775,13191
16793436,30960
16839735,1643
16842538,28074
16843673,19089
16844811,13070
16925444,22232
16925920,20591
16934902,12607
16957438,31653
16960370,5023
16969047,16809
16981128,15717
16991283,28718
17025348,19285
17035492,13210
17042204,30986
17046139,24150
17049410,20225
17109719,17624
17120315,30476
17127529,2598
17130441,21641
17133653,12062
17166270,22147
17193660,4110
17229867,22822
17231241,5017
17245926,5566
17302890,20176
17305890,12797
17307541,31146
17355806,4598
17443748,3673
17468553,23280
17488471,23245
17494661,30736
17507274,17925
17518689,4260
17538799,17140
17547479,4771
17554059,22328
17554403,6068
17558070,4269
17576597,27728
17585600,2906
17591826,20079
17592085,17016
17596297,2660
17599931,24569
17610383,30618
17615351,22502
17620055,17447
17637238,31152
17638896,4120
17646968,1922
17723002,32707
17735531,15746
17743092,21432
17748363,19286
17782556,31083
17787831,10981
17798209,21697
17811559,13193
17832375,25554
17839975,31640
17840026,3478
17866810,13192
17926058,3218
17930799,22760
17931216,15715
17978646,1337
18028559,22418
18036844,5256
18076780,22694
18079182,25449
18081691,1307
18090985,22813
18095632,21663
18148548,31209
18157238,23133
18206197,30357
18206844,2384
18224706,30474
18237175,5253
18248793,11848
18282992,5742
18309725,845
18343941,16395
18358274,30900
18360828,8173
18362960,27748
18422291,3435
18445529,1156
18456632,4089
18461869,12890
18480847,157
18496411,4989
18500068,4713
18512998,6102
18524508,31224
18546440,24155
18558372,12604
18603008,3068
18612958,6334
18613487,7752
18620605,4210
18630106,24331
18630469,6083
18635569,19092
18737688,956
18749986,10237
18768002,2861
18771181,14976
18775219,5009
18777677,18346
18847543,4107
18888377,5006
18923242,19949
18931869,2616
18946266,31728
18963534,30154
18978337,6376
19016641,21668
19021565,1880
19025018,21649
19038256,1308
19041481,31909
19045738,787
19045778,21274
19075765,2954
19081879,30995
19084879,32505
19114814,15571
19127809,13588
19133158,21616
19144079,31574
19154748,1208
19158859,22931
19168255,30503
19252474,4377
19260982,2704
19284461,23090
19309896,4096
19366747,20183
19374872,26117
19379020,25195
19382643,27459
19387612,21797
19389526,7451
19438495,18741
19451971,24329
19481234,20812
19485055,5015
19485799,1112
19488919,21622
19510433,23569
19511503,30627
19518765,19764
19532888,5272
19547137,10305
19560264,11658
19571585,31095
19577319,30043
19580440,2608
19622260,31393
19643531,25706
19647056,4385
19653246,31512
19692739,21609
19693946,23665
19697655,4795
19708092,1898
19722124,16814
19726534,2002
19760247,12683
19818953,24427
19841881,4997
19845695,14865
19892601,18509
19897192,13200
19913143,31044
19953516,32853
19971340,10514
19988507,7198
20007487,4988
20011706,2347
20019793,13333
20051770,7111
20056645,23967
20072209,30228
20074438,15210
20108372,11823
20120705,4231
20120968,13206
20146392,3507
20205454,18643
20205666,22809
20213639,20786
20235312,80
20236499,3205
20251301,30532
20289770,29740
20291084,18609
20292092,17516
20309134,23561
20314149,14627
20340132,4794
20381537,19211
20399611,31497
20404373,3113
20408209,5835
20409337,6331
20411934,21117
20422433,18045
20435492,16608
20442990,11850
20451951,21674
20467887,4130
20469119,21022
20496072,17
20507443,32036
20541227,21672
20557017,22807
20558721,4449
20560287,31264
20583146,23520
20588942,10544
20596180,19950
20597016,4158
20611657,17644
20622196,21812
20672227,22124
20690627,13555
20723585,18354
20728860,9570
20728944,23534
20732193,18862
20744999,4384
20764914,4209
20772452,22546
20800700,30701
20813156,21847
20820338,18865
20868412,31650
20881097,21799
20888430,6302
20896539,17656
20941811,18744
20942845,13137
20943395,30254
20949342,20800
20967213,5017
21011702,24456
21023442,15714
21047374,21844
21067735,22066
21080781,30130
21097692,15573
21120990,27660
21144165,10979
21155789,825
21158415,31994
21208927,27657
21219749,2982
21235882,13248
21276315,4617
21277448,7167
21287304,23576
21306287,30897
21339362,6170
21355169,32998
21361081,30895
21379379,4674
21387993,4809
21444548,18283
21452031,2669
21504037,23484
21515712,23633
21538406,31424
21540410,24236
21545162,6084
21546371,15920
21576562,31422
21579070,5908
21590815,16813
21595084,13009
21597051,20876
21598814,31995
21658957,30356
21693364,18976
21697693,12537
21714297,19845
21725737,4126
21747018,20152
21762509,20797
21767997,31627
21784339,21654
21865695,23634
21868563,12805
21880887,19818
21881942,7159
21916631,31711
21927368,16387
21942764,11651
21976295,30401
22005518,23327
22024364,4641
22030140,22234
22048597,4807
22056914,15789
22079729,1290
22083182,16051
22107470,1198
22130338,12892
22160259,1863
22247589,17341
22248503,1928
22266131,17073
22277994,6168
22291379,19332
22312390,16331
22336785,19817
22396436,19087
22420904,31778
22477672,865
22583872,22608
22584534,1658
22585652,2671
22592345,12789
22597795,17544
22626649,30803
22630045,2778
22635645,22812
22665510,4619
22672694,17514
22675671,13374
22678402,15401
22704913,15787
22705443,19412
22725448,31624
22757911,27729
22811789,16318
22866598,1900
22876557,31090
22879564,30398
22898612,24146
22917361,18348
22929346,5198
22934671,22532
22948130,18342
22956934,17922
22961144,31647
22977514,7412
22978370,19763
22991949,21690
23006158,12836
23077430,20897
23106281,6879
23112152,18991
23150237,31147
23181598,5834
23196394,18790
23203478,18680
23216738,15927
23234097,30903
23268377,31837
23310412,13198
23316161,30041
23317414,20498
23326243,29537
23326793,22519
23418880,30379
23423944,6080
23426321,20896
23430529,30044
23440221,19254
23447006,12726
23458200,5005
23478634,10297
23611892,20989
23653564,23752
23699883,18747
23715842,87
23715877,18424
23727493,21655
23736274,22068
23737448,19574
23760036,18198
23792290,999
23811647,18088
23818075,21607
23818751,7287
23848864,23453
23861626,12646
23867997,9478
23876627,21326
23882366,4200
23903274,20430
23903980,14563
23910906,5558
23919126,16037
23941599,13185
24010068,22157
24022874,22995
24076876,22126
24098659,30147
24122880,6157
24140793,30537
24146707,5552
24162714,30149
24170630,12428
24186165,17557
24211475,31129
24243730,17096
24245278,7109
24266068,6332
24268901,14561
24270351,22698
24281312,20874
24311468,27300
24319943,23641
24328909,30801
24339296,3802
24361652,869
24408351,16064
24411309,2466
24422816,2980
24437622,32020
24442692,18787
24445724,22133
24457674,4656
24465240,18215
24469236,18889
24482886,31454
24541273,21469
24549616,6545
24553012,30533
24564265,32039
24628370,10137
24644044,14329
24693438,31769
24718353,212
24725150,30617
24730222,5004
24760048,30251
24767193,15208
24786862,5271
24807649,5018
24808786,31395
24865176,1956
24865867,22111
24873073,19812
24873168,14308
24874692,15931
24906287,31606
24913214,20783
24915561,18256
24924137,30389
24925080,6938
24943589,6301
24946342,10268
24988339,1111
25016086,23961
25022382,2979
25073191,15906
25078825,31022
25089322,31993
25126422,671
25128222,16815
25140841,2988
25154350,31365
25167714,4124
25178161,31649
25182578,4272
25251218,4095
25255763,3037
25262502,13207
25286789,4118
25298298,25258
25308571,22687
25319091,2579
25337436,12951
25338864,23136
25361105,15194
25526446,22900
25560649,31732
25749544,1531
25789536,1401
25789812,30397
25862907,4093
25955860,30399
26054954,30930
26195884,4108
26264273,30354
26270821,31237
26279132,3824
26374054,31945
26496930,31421
26541185,4131
26563264,3831
26645548,1399
26654977,1400
26768501,29328
27001379,27388
27010737,27387
27110824,29254
27182001,17306
27239862,26916
27283955,28143
27289657,27220
27359178,32628
27462774,20758
27527548,26485
27539472,20320
27621781,28056
27798720,17917
27875805,28708
27980511,26121
28088374,28473
28091249,23252
28107770,25711
28430362,26712
28543955,25202
28587625,28137
29011709,26139
29057679,26129
29076235,25711
29128753,27109
29170770,24854
29196706,30621
29225581,27098
29239782,31793
29273357,20520
29417516,18213
29531044,28148
29655050,16323
29726639,29936
29979723,23248
30034429,8528
30354843,8527
30556450,31839
30814345,933
30974656,30064
31068751,931
31080668,932
31175224,13433
31493666,12530
31593319,295
31594762,13364
31623847,1894
31649325,13455
31737735,13574
31899949,13038
32018613,13240
32077725,27370
32100336,13614
32203969,17643
32268811,12740
32305537,4929
32383745,6878
32411314,21188
32481569,13392
32490469,453
32551979,12881
32674114,12972
32734758,20990
32743329,29124
32751666,4306
32843924,2865
32846917,12880
32894814,12798
33138218,33273
33239635,13241
33370890,13358
33388468,29345
33486691,27372
33524480,1209
33583211,25541
33671912,4308
33736195,3127
33779988,13393
33906681,13391
33938901,9396
33972095,28713
33990460,28435
34087999,29125
34113692,30168
34504126,5287
34622284,13357
34630218,26136
34641655,23598
34669821,13582
34709266,27369
34764609,28710
34814128,13398
34903230,32321
34937332,13525
35068412,28431
35484329,1896
35548317,16091
35881406,12582
35889096,6876
35910421,13059
36004406,13060
36133696,13359
36394898,3179
36398132,13094
36478038,27227
36504600,12447
36548500,13062
36579649,3109
36653955,15098
36707127,30260
36736100,27456
36926962,5180
36967182,380
36987624,5176
37027476,22997
37066908,1273
37152175,13243
37159152,3197
37164919,12822
37274471,5528
37345227,12833
37391704,32323
37479202,29391
37486808,27596
37512086,30894
37718941,22453
37801465,12873
37884995,13529
37969086,12834
38185117,13365
38222800,12467
38577110,9397
38582337,27775
38592104,17678
38627633,13435
39770713,30875
39830721,24589
39874911,4149
39954644,25412
40161716,32063
40242534,25413
40269795,30065
40314452,12925
40348326,30703
40368824,13162
40721946,13153
40902191,23953
41025821,31266
41115343,19913
41117970,22994
41160146,20799
41174795,17181
41197715,17183
41200099,21467
41219528,16635
41220377,20804
41231674,16106
41250462,18745
41254279,21780
41271954,20186
41272298,18112
41277914,22520
41283622,17178
41295491,22690
41298943,22958
41299259,22485
41338388,25411
41357041,22488
41364550,20255
42109012,31639
42201192,22171
42430480,6583
42650380,6762
42709062,2070
42899742,379
42930268,1820
42939399,2071
42939677,5254
43035327,6835
43126861,2073
43179186,5267
43186980,6441
43193875,1704
43265618,7408
43453283,6830
43531661,6765
43577209,1648
43632717,6586
43691610,17440
43692528,6631
43718976,1654
43860867,2670
43955103,5629
44034720,3648
44040231,5104
44223167,20435
44236894,5779
44284511,1653
44298621,3220
44313074,6255
44351925,1828
44397817,5561
44409291,6540
44602674,5840
44653222,4312
44706908,2672
44709675,3645
44803125,6253
44845268,3581
44859394,499
45036073,468
45047692,2791
45068869,1988
45094761,1582
45138313,6620
45174172,13431
45175206,19851
45273256,3647
45303445,18308
45315882,1485
45316348,7384
45355431,17044
45398845,5114
45433410,1652
45504877,3292
45522503,5833
45547986,7251
45549754,6440
45586532,3365
45588373,5836
45638712,3269
45695196,4839
45722171,1161
45745912,1580
45753473,6378
45891585,6924
45895427,3436
45895854,17437
45917031,6767
45963451,22876
46016056,22875
46051629,22587
46356154,11381
46364760,7609
46427103,30172
46494704,30063
46503574,11209
46538360,10836
46538710,4813
46545244,7731
46613337,12370
46660724,21480
46678871,30278
46708480,9251
46711681,10637
46714169,837
46810125,11851
46810615,11812
46833572,26851
46834331,20582
46843940,25169
46856881,27228
46860165,26783
46866280,84
46866864,26714
46873994,30565
46874199,24814
46892059,24832
46894722,22261
46900777,29784
46910490,26602
46925901,25016
46932105,15792
46945788,24749
46948813,82
46954589,28220
46955414,28197
46958615,28049
46972343,19840
46973388,21736
46990262,11479
46991866,13261
47015990,12609
47016658,13242
47020390,26837
47023034,13216
47029658,23944
47030352,4501
47032535,2365
47032718,13110
47038053,25271
47038486,12699
47038642,12961
47039776,12891
47041225,12917
47042959,13259
47046580,20958
47051160,26837
47052128,25271
47055583,13120
47057583,12468
47065034,26837
47068184,26838
47070907,12675
47071708,13080
47072500,13429
47072806,2866
47073702,13456
47078845,13066
47081903,12893
47082102,26837
47082279,25271
47083343,12676
47088236,12969
47091200,12630
47091315,20956
47091557,12935
47092322,28774
47093391,12803
47100680,12678
47105011,26837
47110385,12671
47111301,20956
47113694,13254
47117860,5897
47119318,26837
47119545,13238
47122655,12887
47124303,12446
47127067,16038
47131807,12889
47137746,3132
47140599,13286
47142821,489
47145162,13215
47148265,26837
47152695,16746
47162599,12688
47165109,18786
47184056,13237
47193382,13180
47232420,12687
47271456,13001
47439293,9599
47449211,23258
47460827,11780
47465725,9574
47497438,23262
47503029,23260
47508538,23257
47522653,23254
47902569,24671
47902640,26324
47905526,25848
47908499,27707
47908693,27297
47912422,25136
47913619,24759
47914338,26046
47915934,29256
47920067,17500
47922056,28839
47922353,25489
47924949,26879
47925978,28576
47927395,28759
47927730,29755
47928364,21722
47929064,18574
47929921,29680
47931517,24886
47932571,20096
47934084,18574
47934315,20412
47934514,21729
47934825,28760
47935683,29681
47935783,29651
47936174,24827
47936214,25328
47936553,24672
47938096,24673
47938131,28202
47938959,29682
47939563,29418
47940462,27473
47941222,24518
47942699,29683
47944759,28761
47945254,26920
47946317,27410
47948839,18692
47952340,28840
47954075,28496
47954387,26945
47954556,18574
47955557,29895
47956453,21728
47962413,28762
47964583,25490
47965326,15771
47966609,29245
47967848,27466
47968727,26314
47969044,27474
47973732,28365
47973853,15755
47974367,24519
47974601,27696
47975485,29245
47975915,29684
47976339,27466
47977143,29245
47978519,26877
47985647,19878
47987162,26880
47987980,24805
47989009,26001
47990771,29758
47991284,29760
47992527,28366
47997444,16732
47997741,16731
47999273,28367
48001589,29685
48001619,29686
48004607,24823
48005186,15805
48006464,24520
48008037,24879
48009196,16614
48010187,28052
48010701,15757
48011182,26435
48011905,28261
48012234,27497
48014228,29687
48014721,29688
48015340,27505
48017509,20034
48017834,24655
48017958,27495
48018014,28157
48018108,15806
48018933,13436
48019868,22154
48039065,24885
48058957,29425
48060782,25051
48062496,25052
48069836,24887
48070907,28019
48102230,18335
48113092,25047
48120854,20100
48125556,33273
48132421,27218
48137161,27675
48138929,18429
48143365,14899
48156052,17534
48159753,24848
48187056,25590
48263199,14971
48273770,12982
48390614,21365
48467635,22825
48680032,17876
48691308,2614
48698432,5260
48747046,17875
48776309,19288
48803922,28786
48804508,28787
48845060,24917
48861150,29689
48975872,18971
49001945,26049
49020324,26012
49031788,20072
49054713,15777
49063135,25175
49074368,6113
49089352,20071
49090078,27489
49092305,15774
49114064,27496
49119006,16715
49131621,20073
49135898,20070
49236453,13027
49268703,2719
49269589,13680
49269717,14282
49269782,14402
49271067,13597
49271989,2919
49273694,8092
49276960,14415
49278898,18343
49278981,13631
49281646,85
49286104,12129
49289041,14400
49291345,12120
49292142,10069
49293609,14186
49295675,12715
49304983,9296
49316281,13565
49319849,12716
49323272,7444
49327990,9436
49329487,4154
49329522,14268
49339157,12149
49341348,13626
49341535,11147
49345403,14416
49345700,10159
49346975,8995
49347509,12599
49351069,9297
49357135,9018
49359281,83
49363085,1213
49366990,11480
49367373,9762
49376318,13630
49376745,9019
49384290,2054
49385021,14274
49385647,13634
49393833,2418
49398940,8920
49420840,13632
49420995,7767
49422274,11215
49423646,8329
49423877,14398
49424232,11283
49426830,5564
49429963,14058
49432224,24773
49432575,17961
49432664,29204
49433326,21723
49436215,25045
49437528,15814
49437824,28377
49438474,24988
49438609,29185
49438941,30388
49439385,17371
49439555,28766
49440386,21876
49442063,29205
49442396,24813
49442495,28770
49442767,24758
49444681,17370
49445235,27416
49445939,29752
49446947,28523
49446970,28521
49448957,25049
49449937,24767
49450107,24216
49450198,28586
49450877,27421
49450918,29754
49450990,14696
49451503,21730
49451643,21724
49451888,25221
49452282,27146
49452597,24770
49453362,16333
49453703,29848
49455684,28584
49455919,20254
49456030,18701
49457708,26273
49458606,27271
49459017,26362
49459223,24778
49459828,27465
49461119,1659
49462552,21731
49462606,27708
49462943,25149
49463461,29819
49465847,25222
49466490,26581
49467000,30619
49467009,27422
49468045,28512
49468098,24779
49469453,21725
49469869,24768
49471323,29850
49471478,28860
49471714,26360
49473468,26274
49473534,27266
49474275,25224
49474579,30362
49475120,25496
49475275,27420
49476112,29769
49477626,24776
49480756,24812
49482311,24516
49482736,27419
49483042,29845
49483436,28852
49483651,18696
49485378,29771
49486668,28509
49486776,31383
49486806,24775
49487398,30620
49490353,28895
49490591,29753
49491067,15070
49491347,21727
49491720,29706
49492912,29833
49493645,28848
49494174,17964
49494641,29841
49494826,25811
49495600,26361
49500616,9830
49510835,11718
49512373,31236
49514168,11719
49521426,28710
49521964,7449
49526453,13913
49529189,12188
49547421,11282
49557130,8998
49572332,7638
49575712,11207
49582466,28712
49586321,27370
49587072,13914
49591223,8742
49617546,13911
49618693,13912
49621179,9287
49623305,9279
49624983,11196
49626122,12190
49631252,9288
49631780,14372
49633362,28711
49633924,9832
49640008,12203
49649644,11717
49651668,873
49654862,9831
49657394,11720
49659723,1238
49662249,31235
49676448,28799
49677989,28800
49684843,25217
49716457,13029
49730353,13028
49731539,28801
49797171,29888
49798034,25992
49799159,26582
49800872,24682
49801415,29184
49801686,25984
49803024,24661
49804409,24217
49804855,25809
49805437,25988
49805587,26329
49805824,25993
49807716,29187
49807968,26442
49809591,29842
49809625,25998
49813655,15074
49815764,26319
49816938,19555
49821890,28577
49822082,25044
49823070,26692
49823231,23785
49825822,25004
49830262,17464
49831731,29887
49832140,24808
49833422,24675
49835117,24769
49835878,29756
49837375,26694
49838729,29705
49838756,24218
49839111,29697
49841621,24219
49842816,25499
49843210,29853
49843459,27414
49843722,26700
49844851,25005
49848337,29192
49848436,24992
49848447,26558
49848884,24772
49850926,29842
49852651,29694
49858215,25990
49858831,25985
49859678,26560
49859920,26693
49861037,26703
49864947,26561
49865104,15073
49865254,24995
49867554,29574
49868748,24222
49869993,26007
49871942,28709
49872644,25775
49873068,26003
49873817,15768
49873846,26691
49874400,24990
49875807,29180
49877355,29206
49878136,15072
49878421,26441
49879802,29757
49880888,25819
49881051,24998
49881760,29704
49918733,4463
50232772,19279
50244216,20392
50248887,4086
50272862,1241
50279528,4087
50280155,1247
50280875,30381
50281129,18550
50461537,29998
50464314,28106
50467722,27564
50471156,30992
50472618,27565
50478423,28109
50488614,18410
50490622,10260
50492102,18414
50492851,28118
50493243,27581
50497002,33
50497501,11933
50498231,27578
50499625,2041
50502614,32
50503257,6571
50504219,30
50506169,31408
50509271,10534
50512669,27576
50513232,16812
50516638,7536
50519484,27555
50520869,27587
50524861,11692
50525317,27585
50525658,31407
50528971,31
50531541,11691
50556503,24656
50695212,12051
50699593,31466
50704115,838
50711158,832
50721057,30385
50724699,7549
50732398,11286
50749808,4005
50755797,840
50760399,30387
50766025,30386
50767552,10571
50774394,14381
50811148,24666
50826807,20223
51142067,27463
51160954,13093
51169269,4883
51222487,24722
51258602,24760
51263003,24761
51270156,24657
51297311,24762
51306178,24723
51308398,24751
51309809,24763
51324581,5628
51325199,29945
51326810,24724
51355125,24752
51357238,24725
51360478,24666
51383169,5904
51415244,20776
51417497,12461
51432075,29197
51455448,24753
51458363,15807
51519405,28368
51568087,1646
51601003,28262
51607094,24764
51614962,5083
51641540,12480
51663901,24511
51721512,26878
51730954,1647
51775079,16615
51783329,1649
51819536,25165
51848690,1651
51854018,27411
51890711,31418
51977358,25171
51992749,25741
52020161,25799
52049746,26325
52073554,25800
52078096,26315
52087076,30207
52117210,25801
52125780,25802
52139505,25491
52143028,30208
52167562,28576
52193601,24765
52205771,29838
52208339,18863
52213171,26326
52217110,16325
52258318,29828
52258539,29169
52284268,26316
52288761,25803
52330901,25492
52356770,17843
52361537,25742
52370311,17842
52524728,26707
52527280,29582
52534379,23251
52594618,17921
52632465,25751
52634897,29740
52662657,28074
52679400,10174
52688912,25758
52841976,29761
52904666,1201
52990130,30402
53011360,831
53047724,13505
53058101,1800
53114428,10248
53114922,26443
53128473,25848
53135236,8686
53139350,14089
53146572,22155
53162805,357
53165260,14695
53166356,26719
53187562,10352
53188557,14090
53206074,18825
53207798,28263
53212572,12949
53222499,26317
53228307,24766
53235636,19466
53252431,25546
53254889,25493
53257076,29245
53266966,16616
53269797,16431
53278346,19449
53279336,21070
53287636,15872
53288350,19637
53288971,25553
53294525,16131
53298837,29829
53299555,16132
53309070,25550
53310948,23749
53310957,21925
53312158,19448
53329933,20956
53400391,7440
53412656,1421
53419663,7289
53431389,16592
53438482,26256
53443518,11258
53450077,11263
53454434,2080
53455853,9177
53469503,11264
53470766,1212
53478875,11259
53480847,23215
53484892,16129
53491479,23745
53505155,23047
53523055,23048
53525622,19468
53535633,14917
53539559,21226
53544173,20390
53546779,15428
53548747,20963
53552947,19451
53556781,18084
53559917,29946
53565931,23214
53567264,20753
53573663,11252
53582605,23740
53583421,23177
53584166,21228
53611273,11269
53654890,23788
53666618,8198
53668429,8867
53670157,8868
53674640,8199
53675195,12559
53677979,8217
53680048,8204
53680683,6987
53688666,11349
53690147,29802
53692485,18979
53692719,29429
53693414,18827
53693571,29032
53697039,25065
53703476,28728
53704934,12237
53705292,7694
53706410,8206
53706895,9337
53708701,8205
53709961,8197
53710082,6984
53710323,8207
53711072,9881
53711580,8210
53715967,8320
53716646,8202
53719047,28257
53720697,28256
53722016,10404
53723497,6985
53730931,22436
53731214,8212
53732786,8200
53734187,2624
53738373,8322
53738445,8213
53738955,29803
53740597,11501
53742585,6988
53748188,18826
53748294,12228
53748702,6991
53749489,3664
53752027,8218
53752186,3809
53753304,12168
53759384,10405
53766483,4865
53766700,11972
53766866,13600
53767127,8657
53768458,10165
53771130,13974
53773510,26780
53774975,582
53780749,11355
53782740,4871
53785658,13598
53787149,3624
53788623,7348
53791494,3638
53791726,9672
53792801,19304
53795640,3962
53797637,11362
53798614,29500
53799834,11714
53801726,26030
53802294,12043
53802312,5333
53804558,12047
53805124,9664
53805389,26031
53805455,29257
53806598,7366
53807036,3407
53807037,10857
53809870,7359
53811094,573
53811568,26032
53811633,7728
53813184,12756
53817647,13977
53817997,12011
53820098,9662
53820817,7605
53821445,4896
53822494,8884
53825545,12184
53826858,29503
53831175,12045
53833115,5735
53833759,19302
53834738,3960
53836300,5337
53837368,2260
53840017,15519
53843233,11991
53843418,7892
53843767,10167
53844176,13821
53844548,12758
53846484,8882
53846906,3047
53851677,7362
53854230,29508
53854761,12816
53855949,5734
53856070,3669
53856343,13602
53856539,12504
53856604,4296
53857991,15505
53859431,19303
53860054,5712
53861183,8655
53861217,4300
53861395,9669
53862588,19305
53864802,3412
53865376,26036
53868090,4294
53868402,3409
53869234,12025
53870808,2262
53872555,4863
53872781,7346
53873800,11964
53874577,29498
53876292,5766
53876962,13817
53877648,12507
53879862,15506
53883162,25505
53886467,3628
53886630,3156
53887537,11993
53888467,11364
53889303,12035
53891054,5710
53891197,9132
53893207,9346
53896009,8152
53899471,11608
53901283,9676
53901962,19381
53907087,12041
53911814,13894
53913740,13823
53914426,2258
53914549,11997
53915132,11985
53915773,14146
53915922,7357
53918628,10169
53918812,574
53919369,29510
53921748,9678
53921817,5335
53923536,13815
53923659,12186
53924373,3632
53927976,3634
53929387,1012
53930223,12037
53935072,29502
53935269,9739
53935899,12049
53939290,3620
53940220,11987
53940885,13819
53941487,572
53943931,12000
53944145,13604
53944379,7355
53946088,11359
53946291,3636
53947901,2964
53948515,3405
53949975,7885
53950922,9674
53951584,27247
53980966,31691
53987009,31926
54224088,28888
54225726,25663
54230473,19262
54230822,28225
54231596,29058
54231723,29258
54237661,26444
54237788,18600
54237913,16925
54238743,30515
54242325,22626
54243433,25862
54247268,30919
54249104,29020
54249567,16922
54249827,25302
54251946,18040
54255752,18598
54257711,23400
54257849,25460
54258922,23397
54258967,29441
54262233,29430
54263621,23395
54264547,25461
54265873,28653
54266083,30920
54267471,29978
54268841,28223
54271152,16933
54273846,25655
54274946,29440
54279970,29085
54280237,26214
54280240,28672
54280647,26211
54280892,18589
54281017,29098
54281931,33052
54284280,28663
54286414,23393
54287344,28652
54290452,19261
54290579,25648
54291230,16926
54291330,19772
54292794,22627
54293802,16923
54294583,26445
54296772,16917
54297018,26733
54297459,25667
54300352,29051
54303645,30019
54305676,28599
54308503,20833
54308621,25659
54309394,23396
54309682,25870
54311403,11300
54312326,25674
54316060,28608
54317575,25662
54317844,29015
54320300,29024
54322719,19258
54325241,28230
54326423,30993
54326996,25477
54327385,25881
54336470,10283
54375812,31754
54454974,13244
54465106,11251
54472040,31034
54474806,11873
54478702,29883
54484959,11505
54486630,9907
54494080,13159
54497973,12165
54507158,12247
54512176,29217
54516341,29801
54555144,3815
54568747,10408
54571180,1207
54582999,32705
54584119,31289
54584918,31687
54588848,32411
54592943,32042
54600001,33014
54606134,32905
54606948,32407
54609192,31428
54623397,12558
54625667,32409
54637709,30792
54644640,32408
54652097,31427
54654820,32120
54654945,32572
54658683,32577
54664332,30794
54670866,32410
54670939,32564
54676931,32042
54677467,30793
54678657,32565
54791566,31840
54807732,31689
54811548,30361
54956674,10346
55030718,7692
55185141,6989
55213500,7690
55222815,24141
55228552,28850
55236927,28381
55239083,18732
55259352,7445
55260236,1214
55273235,22030
55284295,11285
55287746,7015
55291556,23777
55302931,22029
55310780,28583
55313676,29767
55321024,27267
55332068,20200
55339072,8498
55351626,20840
55354035,9377
55375586,28380
55376573,14399
55379606,25046
55379830,30517
55416453,29766
55418862,18726
55420712,7021
55424781,7441
55425588,28379
55442032,7078
55448682,7079
55453343,28772
55466311,25223
55467584,12192
55471865,10067
55474218,17812
55490600,11481
55494217,12204
55496738,9280
55499505,4189
55507836,8343
55522115,7755
55525109,11477
55525668,11472
55526778,17458
55527461,9282
55530055,30355
55530168,2411
55533298,4187
55533824,2412
55540572,12215
55545151,26144
55552937,2413
55557009,30519
55557767,9281
55558440,24771
55560784,29660
55561870,32711
55565356,26148
55584582,3795
55586173,11864
55586467,3223
55586608,10706
55587293,4037
55587361,11125
55587745,10631
55587946,14361
55588327,11569
55588452,9772
55588644,11087
55589123,13213
55589423,6032
55589492,13792
55589523,9191
55589579,11055
55589611,7925
55589780,10767
55589828,7674
55589833,10750
55589856,7640
55590043,10584
55590245,6001
55590256,11202
55590344,5027
55590474,10736
55590722,13988
55591173,904
55591193,13865
55591233,11079
55591444,11736
55591453,9695
55591525,10061
55591824,11065
55591832,1552
55592151,7493
55592286,11054
55592306,11723
55592313,1350
55592445,13860
55592576,7494
55592648,11083
55592721,10485
55592869,11112
55592911,9775
55592997,7771
55593216,10546
55593255,7582
55593475,13862
55593487,8903
55593573,8979
55593645,10501
55593704,6046
55593763,3726
55594347,4667
55594559,4043
55594570,898
55594619,24883
55594647,9697
55594909,12119
55594986,7806
55595223,10241
55595262,8668
55596049,25263
55596073,8299
55596105,7224
55596189,11108
55597140,11725
55597302,4013
55597712,3796
55597759,861
55597760,3221
55597873,10620
55598115,10488
55598165,1554
55598306,7556
55598542,10498
55598860,1345
55599235,445
55599237,11750
55599305,13989
55599439,14175
55599440,9039
55599930,4673
55599932,11203
55599989,28504
55600042,2685
55600063,6054
55600076,9186
55600103,13857
55600107,9023
55600852,11728
55600894,3724
55601084,1549
55601111,12109
55601491,7495
55601559,11733
55601717,11706
55601756,8302
55601789,10847
55601875,7496
55601916,10314
55601962,4817
55602242,13639
55602359,1351
55602408,8556
55602441,10502
55602593,28003
55602692,446
55602726,10315
55602891,1539
55602959,10242
55603073,3862
55603128,7170
55603185,20091
55603537,6352
55603564,2686
55603703,10831
55603996,11064
55604431,7585
55604513,11741
55604698,10583
55604771,8309
55604861,10833
55604896,11048
55604939,762
55605156,7473
55605242,9025
55605398,10768
55605432,27860
55605644,1346
55605796,11724
55606224,4679
55606302,10476
55606375,7497
55606722,7792
55606978,7557
55607283,11200
55607795,11721
55607809,444
55607835,7491
55607907,7223
55608205,1349
55608277,9162
55608294,8196
55608335,7498
55608478,8711
55608550,5873
55608607,12283
55608952,10719
55609045,6341
55609100,10744
55609122,3222
55609165,10758
55609196,8666
55609215,10835
55609288,6351
55609611,8682
55609652,8307
55609743,6091
55609823,13863
55610128,8553
55610555,2525
55610731,10243
55610855,5867
55611006,13247
55611332,4677
55611646,3728
55611672,10717
55611837,452
55611931,8195
55612263,10718
55612306,4045
55612494,10691
55612504,14087
55612587,7685
55612588,10316
55612668,10143
55612893,10478
55613066,10503
55613245,1541
55613315,10574
55613410,7675
55613526,8926
55613607,7480
55613674,10770
55613919,2112
55614186,10144
55614476,9776
55614587,1550
55614660,3054
55614668,7682
55614896,10577
55615696,10633
55615775,2357
55615837,7561
55615952,4494
55616271,10751
55616509,2709
55616617,28208
55616919,13852
55617066,4818
55617255,8525
55617338,9386
55617385,11670
55617471,10721
55617647,13005
55617744,7688
55617890,10832
55617934,4038
55618094,7804
55618097,11052
55625072,23972
55632024,18601
55635651,28659
55635791,14938
55635945,32627
55637325,25306
55640092,28656
55640717,28227
55644457,32619
55644641,25470
55645082,29090
55646691,7453
55648262,26309
55649591,28892
55650122,29059
55650131,25469
55650672,29964
55650879,29434
55651993,7411
55655456,25130
55660300,25899
55662064,30584
55663434,15067
55664794,25891
55665104,29010
55666652,18276
55666947,29696
55666985,9300
55668006,16929
55673161,28802
55674618,29100
55674819,25129
55675364,32059
55675763,30577
55677309,28668
55678738,25673
55678919,29063
55679248,27510
55682160,25019
55682287,29057
55682305,28228
55682395,25672
55682462,25650
55682518,28229
55683472,18599
55687475,25901
55688407,25853
55689871,25658
55690920,29031
55693370,9305
55693969,22628
55697156,31056
55698905,29968
55700032,26737
55700086,29011
55701959,25475
55705817,28669
55707929,9304
55708857,28891
55709038,20646
55709206,25307
55709401,22634
55710325,25020
55712470,11288
55713732,29699
55714725,22630
55716200,33104
55717662,22629
55718102,26342
55720132,29031
55722697,25869
55723833,18271
55725274,28595
55725860,9312
55728032,28890
55728384,25472
55729838,29701
55729880,10375
55730061,32195
55730538,17803
55732201,25852
55732238,29091
55732611,28226
55732633,533
55733525,28953
55734054,29010
55736200,8472
55736826,28943
55740572,16928
55742533,29050
55743150,28226
55744237,23787
55744458,26343
55745446,32620
55745500,32870
55749836,18267
55749848,10375
55752004,30585
55752930,32194
55753187,29438
55757392,25471
55763642,26861
55763880,32060
55768879,25889
55773423,28661
55778215,29974
55778866,28660
55780662,29433
55782008,33106
55785088,32061
55788649,8490
55789653,25888
55790602,33103
55792858,20658
55793584,11483
55794536,15058
55798202,197
55799442,11240
55800620,28224
55800926,25883
55801358,29088
55802959,21225
55806972,33127
55807294,28662
55809663,29066
55810070,29442
55812548,17804
55818330,31009
55818631,25146
55819632,26341
55821330,33105
55821629,33102
55837248,1490
55842765,19999
55844114,24898
55844338,20014
55850850,24891
55852690,11237
55859931,7601
55862723,20016
55865195,19997
55867167,20003
55873990,4399
55875292,27698
55875437,29675
55878494,26181
55881045,20015
55882640,24894
55886534,28740
55887420,16327
55887766,15754
55888331,24733
55890145,24790
55891499,20005
55894598,7602
55900598,26182
55902011,15752
55904618,24895
55905299,8327
55905572,26808
55906191,19998
55908215,20017
55908592,27417
55912591,25231
55917219,3954
55920793,6776
55923644,7604
55925640,2613
55931052,24892
55931667,24732
55933079,854
55933119,28516
55934956,28741
55935513,7603
55937431,24901
55938575,20001
55948418,26271
55950155,13655
55951206,19248
55959572,9192
55961564,9700
55962310,3320
55962562,28502
55963365,3342
55967782,26389
55969906,8317
55971544,3356
55975523,3319
55976930,32656
55977679,6055
55977727,29663
55980125,9578
55980463,9062
55983072,9717
55986381,26265
55986424,29666
55987432,3328
55988292,9045
55989054,16883
55995006,8909
56001775,10474
56013236,19251
56013428,32431
56013973,32420
56017795,11708
56021527,27259
56022215,13900
56027741,28923
56028022,9800
56031427,9017
56034999,9044
56037666,11382
56038099,24247
56040537,9070
56042801,9087
56051608,27470
56057807,22353
56058258,11594
56067832,20313
56071392,22352
56072752,24825
56074421,29664
56075909,11571
56080238,5881
56081416,9068
56089381,26424
56090287,6056
56093967,28501
56095407,2683
56097237,12087
56104759,2684
56107985,8898
56109075,1537
56111330,26269
56117353,12189
56119132,30016
56122467,10846
56125201,7702
56126112,3345
56128111,8300
56130349,19225
56131513,5880
56133981,10073
56134412,17645
56134936,12191
56135874,28498
56140031,19541
56140961,26353
56147143,6012
56147148,9083
56147328,19240
56151306,26392
56153048,26270
56155238,26267
56159036,3346
56162323,3314
56165208,11742
56166392,6002
56170009,16042
56173609,12063
56201918,3349
56203373,9092
56203663,9464
56209093,27229
56209749,8999
56209900,27147
56232176,11142
56238424,7456
56240337,10896
56240444,12151
56245654,26806
56245712,12999
56249470,26149
56249771,12722
56249937,3742
56250655,10504
56252521,12128
56255028,10495
56255256,10489
56255748,7457
56256010,12295
56256699,10244
56259132,7455
56259505,2107
56259531,12126
56259839,3863
56260377,8159
56261172,2095
56263134,9768
56263544,4815
56266197,4032
56266685,10572
56267890,2096
56268017,7766
56270190,29661
56274037,2102
56275835,11217
56277274,10787
56278594,12123
56280712,24829
56285218,11145
56286297,12153
56287548,4214
56287597,11070
56294872,1542
56295338,11239
56298635,2108
56298650,11731
56299004,5556
56300048,2103
56303103,7499
56303856,3843
56304497,12517
56304738,12271
56305169,12096
56305646,11352
56308885,28490
56312212,12091
56314209,12124
56314279,10752
56314775,12102
56320171,31903
56323172,11057
56327363,14354
56327767,11703
56329814,12111
56330329,10754
56331202,27961
56333586,2918
56339283,3633
56346930,21864
56347106,10166
56349501,17970
56350011,12585
56353637,12001
56353962,5767
56354845,11992
56355700,12026
56356044,26028
56358027,7349
56358297,12817
56358504,29504
56358825,2263
56361677,7347
56363084,7352
56364819,8883
56369750,3621
56370891,583
56372344,575
56372422,12046
56376239,11360
56377219,7888
56377392,3629
56381502,7363
56384001,12505
56387161,11363
56387485,9345
56390516,13601
56390722,11973
56397120,4897
56399450,11998
56400157,12187
56402339,13976
56402998,3414
56405874,13599
56406787,13816
56408009,12509
56409987,8662
56411409,4295
56416289,26033
56416313,12044
56418939,21860
56421327,8661
56423248,7022
56424747,12960
56427772,10858
56428024,13975
56429113,570
56429388,13320
56436425,26034
56436643,12759
56439583,12965
56440921,9673
56441264,7358
56441649,3411
56441681,8663
56443844,4866
56443855,9679
56446992,3408
56447608,22454
56450209,13978
56454302,3639
56455961,13603
56458654,32058
56460559,7356
56461313,12757
56462237,8660
56464025,11609
56464989,3670
56465104,4293
56465978,3635
56466983,2261
56470201,14147
56473488,3961
56477580,7889
56477837,11996
56480407,13818
56481166,7893
56485524,8656
56486428,3406
56487286,11715
56488655,7727
56489091,7606
56491023,24550
56493017,12486
56493200,12508
56494615,12048
56498581,9665
56499633,29509
56500054,7367
56501728,8153
56502126,9670
56502189,13822
56503262,2259
56504289,5336
56505248,11965
56505560,12506
56506896,12586
56507568,20447
56509180,11603
56511182,12050
56513103,7886
56513323,10170
56515394,26037
56516225,7012
56520479,7729
56521369,29499
56522684,7360
56523086,11995
56523727,9347
56525482,3413
56525853,12036
56527560,13824
56527955,584
56532455,9677
56532857,21141
56537107,5713
56538741,3048
56539323,9675
56541125,12042
56545800,4297
56547802,10168
56550894,12027
56552597,11988
56552619,13605
56555158,3637
56556138,11994
56562831,5711
56567425,11365
56567946,30257
56568424,3963
56569284,5338
56569450,12185
56569667,9348
56569857,13327
56570668,8885
56571406,12038
56573760,3625
56574530,8658
56582220,5334
56586873,3410
56590814,11604
56591408,4864
56595059,12510
56596639,9663
56657458,5807
56669741,13016
56848942,1868
56871158,31558
56876646,12213
56929292,13015
57082809,12681
57093658,26308
57137953,12952
57242610,25497
57276286,27506
57316148,13154
57323736,9084
57338970,16330
57342468,13446
57361759,29852
57370263,9338
57382197,29564
57390313,8323
57416707,20736
57428349,25054
57436376,15057
57444282,8927
57448874,15580
57462036,15059
57468694,33191
57471458,33152
57491844,2996
57504938,31260
57507307,33189
57528440,33183
57532718,33196
57549915,32292
57554167,33192
57556141,32858
57564430,32862
57573406,33188
57574303,31680
57575652,8344
57579245,33193
57579357,32799
57594823,33195
57604772,5266
57612199,5688
57612528,5687
57642878,4443
57651488,297
57672012,7620
57677741,26643
57678679,24670
57686677,26650
57703547,26653
57703995,24949
57705211,29480
57711390,27903
57711867,25442
57724108,28249
57731249,25433
57732884,7619
57733717,26646
57738036,24911
57743142,26645
57749572,24913
57760970,24633
57774565,7620
57776348,25846
57777022,19031
57787501,26659
57798821,26647
57799016,25434
57805728,26649
57812723,7620
57842297,25441
57845184,7619
57848753,25438
57857712,7620
57861265,27904
57876765,7619
57879834,26450
57882330,28525
57883246,24912
57885060,1870
57892372,24641
57902181,27043
57908650,26657
57912441,26636
57917402,29837
57924124,27317
57924394,27742
57933412,24952
57935816,26640
57939974,26652
57947332,25440
57950717,27733
57952851,7619
57956594,25830
57965922,29120
57966934,24195
57974110,8746
57975645,20438
57982540,29211
57983260,27828
57983487,8220
57988937,24194
57990508,9793
57992944,20877
57995314,27776
57996310,29448
57997368,25080
57998832,8554
58000728,25752
58002263,28427
58023024,29116
58026243,25922
58026851,9410
58032538,29117
58035635,6104
58040396,22151
58044469,29126
58049429,25081
58050869,10261
58054705,10287
58056204,11639
58056229,27975
58061718,26997
58064616,6099
58064633,29447
58066943,26941
58067980,9409
58068945,20785
58068975,11855
58070481,20778
58071695,8356
58071914,7803
58073664,27009
58073983,26612
58075736,8747
58077147,25710
58077512,27849
58077707,8211
58081941,7529
58081947,27673
58081980,20945
58082046,28393
58082706,29445
58084848,6088
58094212,23517
58095741,20869
58102924,22427
58103773,7719
58104218,11788
58109029,26931
58110582,20777
58111953,27777
58118632,20944
58123000,10262
58126703,10990
58134011,29127
58135565,11640
58137794,25093
58142989,28315
58145362,28009
58148104,20349
58153179,25757
58154282,13761
58154573,8745
58155196,15679
58155743,26987
58170134,10987
58174778,17358
58175338,27008
58175472,20953
58177726,27778
58181081,11789
58183163,26927
58185513,23518
58192860,26981
58194374,29118
58194576,7720
58195874,9258
58196837,22419
58198349,28437
58199183,25087
58200022,28446
58201681,25753
58203376,28988
58204135,27779
58207259,24019
58207743,26938
58209004,20416
58261005,32859
58268277,3839
58276164,17331
58299702,32349
58299923,3182
58309155,23979
58330521,11475
58383764,18445
58399624,4513
58493143,4416
58608278,23113
58640238,11247
58647405,23109
58656696,29580
58680554,3995
58689169,5557
58717749,10288
58768145,12912
58770132,16717
58770614,12474
58772023,10477
58774496,2687
58778849,26768
58780414,28503
58781907,4495
58783462,13676
58787274,28205
58787297,16455
58788033,13381
58788206,27843
58791540,8904
58792096,9086
58792415,24396
58792720,8913
58796101,24830
58798514,2104
58800170,3323
58801952,12941
58806297,14294
58807438,11863
58808578,8708
58810370,11732
58811515,2105
58812082,9064
58814334,7704
58814967,6013
58816485,11071
58822494,7808
58823443,9777
58823941,10562
58828794,1158
58829571,3352
58834207,17662
58834212,4039
58835024,3844
58839951,3311
58841102,29466
58842699,7639
58843324,13501
58844166,2109
58846249,14176
58847483,7772
58849558,32462
58849740,7486
58851918,1871
58854959,27962
58857852,9054
58858236,3792
58860285,16718
58860714,9698
58861153,10722
58863711,25021
58865275,7171
58866522,353
58867158,7500
58867187,6004
58867227,5874
58871557,8303
58878748,3729
58881518,11707
58882334,24400
58884608,5725
58887363,8856
58887744,10487
58887803,8308
58890089,5868
58892092,12784
58894941,3725
58895039,27324
58897768,11058
58907027,29472
58908442,12103
58909516,10755
58909937,3743
58910470,8915
58911672,25264
58915780,905
58916721,10634
58917133,10720
58918583,10834
58921814,8557
58921852,27434
58923829,2351
58924438,9189
58926134,11751
58927257,4816
58929389,28209
58932440,7225
58933604,10145
58936334,13679
58937243,26331
58937484,7928
58939938,11109
58943403,3327
58943986,3339
58944501,24415
58944722,4678
58947104,24409
58950540,12940
58951675,26454
58952314,3338
58953113,4668
58960383,8177
58962685,10830
58962740,9519
58966438,3313
58977616,11745
58978016,10769
58987045,13840
58988062,7481
58988663,1347
58990162,3353
58991377,28816
58995838,10505
58996601,12097
58997643,10245
58998277,13768
58998801,13075
58998875,7926
58999311,8925
59001708,9066
59002083,1348
59002131,4675
59002863,13838
59008601,7805
59011459,11204
59012340,11084
59014213,3324
59014532,11739
59015007,9085
59015542,32741
59016016,10506
59017147,10745
59019460,9163
59020331,7541
59021564,11053
59022304,33032
59023121,11056
59028258,763
59028496,3333
59028770,11113
59029855,13864
59030371,24405
59031581,11199
59033007,28815
59035184,11722
59042016,10753
59042280,11543
59043966,10496
59047768,7501
59051632,24406
59053156,13858
59054043,7946
59055881,6043
59055950,13890
59056885,27337
59057072,24414
59059495,14355
59060433,11693
59062463,29463
59066195,8171
59066505,12112
59067142,7562
59067865,10573
59068039,11088
59068988,24399
59071755,14421
59072448,9696
59072451,4044
59072606,10579
59072992,4267
59074885,11510
59076058,10317
59078749,9069
59079593,13859
59083436,5193
59084269,7683
59085248,12570
59089143,1869
59089520,14088
59091507,13990
59091954,2097
59092860,10632
59094001,11726
59096760,11126
59099433,11737
59099726,13620
59100708,13386
59101809,24397
59102961,28505
59107815,8667
59108058,7586
59111939,7684
59112495,25847
59112661,17661
59112807,10490
59113541,7482
59114737,10655
59115483,3864
59119142,1553
59120451,8928
59131422,3056
59133323,7703
59141514,12092
59144547,9026
59148450,5870
59149953,11051
59151315,29301
59153107,9093
59155477,11201
59155942,10525
59159794,9773
59160931,10771
59163093,13078
59163840,3355
59172663,12902
59175751,10246
59177306,22718
59177493,7558
59179347,6353
59180952,2110
59182171,14177
59182420,27911
59182799,7502
59182825,26455
59184988,27749
59188016,10318
59189265,4676
59190664,13284
59191075,9387
59192932,13741
59193306,26258
59196550,24403
59197234,3310
59198835,15197
59199587,7939
59200126,11066
59200257,2111
59204643,13853
59204711,8707
59206232,10247
59206727,1543
59209003,13672
59212557,862
59216969,32708
59217909,3727
59218268,24404
59224401,1555
59225362,4672
59225875,6779
59226562,14362
59227758,1192
59230178,1540
59230245,9193
59231286,10575
59233585,1352
59236702,10547
59236772,7793
59236931,9790
59237915,27439
59240050,13076
59250668,23920
59335420,6460
59344182,21411
59475625,29649
59587262,3348
59624320,9164
59681676,16332
59698424,3340
59737606,3350
59838032,7673
59901244,447
59903929,23919
59904410,23918
59908244,330
59921520,9094
59921969,12782
59939362,12596
59948527,4268
61132808,33144
61271707,33190
61383125,27603
61789405,20787
62428301,29342
63123927,7226
63518226,27780
64102743,16427
65053086,4244
65685672,2415
66075198,24951
66289119,17679
66740760,30225
66741428,31493
66744084,31085
66750851,8646
66769571,21572
66784547,31257
66787416,2343
66790394,18035
66794456,8208
66801460,4453
66804283,18277
66808904,3060
66811596,8816
66813529,7900
66819516,31069
66819741,2700
66824941,9595
66831706,17336
66842413,28524
66851455,20709
66860706,18067
66863885,589
66868310,9631
66876106,4454
66877125,18263
66881171,12866
66888324,21536
66900229,8813
66905585,10257
66908154,30328
66908182,32137
66909019,12618
66914072,31332
66914493,209
66916582,21532
66918851,1353
66923496,26186
66927329,633
66931835,17337
66941468,29916
66943056,4657
66946574,20504
66948440,18068
66951860,18066
66951953,27159
66952244,21153
66956877,13500
66958529,26523
66959019,5156
66965188,17453
66988071,28481
66991767,31741
66996877,7897
66997216,9194
67002848,21520
67012715,21546
67015282,32137
67025555,15763
67030862,30564
67036717,771
67051798,14616
67053421,25900
67057672,7503
67062807,2345
67072069,23506
67074702,9825
67079222,23388
67082963,8814
67088522,19457
67098738,7773
67102535,31071
67109817,15535
67110293,12267
67112969,20361
67120531,4953
67128584,4156
67138832,27608
67139017,7626
67141905,9350
67144006,8497
67149352,31492
67149448,4655
67159589,8647
67167488,11044
67177498,30218
67177800,20397
67182225,7492
67187129,26480
67187335,31563
67187851,13641
67188373,21531
67190281,31417
67191571,31743
67194471,20703
67195126,10258
67196328,2529
67204517,31381
67207519,22278
67209340,27751
67214263,19440
67225633,9349
67227414,16869
67238523,6488
67242336,31154
67248874,16729
67259049,14579
67260743,21523
67265380,1654
67268299,32139
67270092,30563
67278501,9597
67279095,8980
67290575,30508
67291924,19811
67295207,32139
67298880,18177
67301776,25524
67311431,3437
67314207,15538
67314929,7504
67315593,13520
67318655,8735
67322444,18264
67323384,31564
67324276,31385
67325790,20705
67328508,18
67335394,4618
67336506,20701
67338729,8736
67341304,5158
67347710,10927
67348771,27014
67361466,13887
67374655,21525
67376068,5165
67377898,16315
67379009,2809
67382483,30782
67386231,7505
67387690,5619
67390692,21537
67394139,11188
67411928,29153
67416538,31712
67418395,27013
67418457,30756
67430357,32463
67436050,9594
67436370,4878
67437051,3845
67437684,20697
67440042,24419
67444781,18261
67450625,27512
67454239,31331
67456122,23739
67458678,5168
67459053,5163
67463700,15170
67470223,490
67475314,4203
67476178,31695
67479832,31311
67482363,22728
67484585,13671
67493985,6342
67494476,15323
67494646,7796
67494852,11074
67496748,25537
67497914,3576
67508734,22053
67511530,12865
67511738,32821
67523822,15169
67528698,1377
67530519,15425
67539303,27700
67550808,31074
67551946,20074
67552774,28900
67563848,30224
67567276,28650
67585002,30778
67588407,30705
67589846,4961
67592312,27122
67595429,10148
67597841,15424
67601221,22274
67602622,30458
67608622,30516
67610480,18265
67611601,9646
67612248,17851
67613174,21528
67613392,4455
67615116,27121
67618532,18082
67626735,20205
67627263,15534
67629720,26304
67634958,20246
67643956,30777
67644719,7798
67651921,26188
67670326,20698
67685552,10507
67694297,4319
67699111,31193
67702454,32139
67704428,30269
67705080,31296
67706795,5155
67710214,29804
67711062,23387
67718629,28495
67719342,30704
67720917,14300
67722792,22219
67722806,3061
67725295,7102
67737388,31509
67737591,12847
67738159,12848
67745024,12849
67747040,6154
67764328,28606
67765302,32443
67766110,9596
67766246,27015
67768468,25465
67772945,4879
67776970,31747
67785187,2148
67788578,7559
67789418,10131
67795081,7794
67798926,1147
67799104,32049
67803698,5162
67807134,8737
67810160,8567
67819040,16708
67825757,4941
67829961,18176
67839692,18032
67841268,27062
67848271,31565
67849251,10132
67850474,63
67858339,31304
67861893,31406
67862855,21152
67871782,14072
67875094,18517
67878005,22052
67888858,30857
67891059,6717
67893717,26432
67901664,14918
67901854,27699
67902661,21549
67903495,7765
67908090,20707
67911665,31205
67912311,9593
67925032,8649
67929367,9592
67930697,31240
67934273,31241
67935465,22269
67937842,21530
67945020,27906
67945515,9598
67946582,16493
67951556,6244
67951593,21548
67957272,22113
67960681,30779
67960887,32067
67972436,15179
67978651,21151
67980376,4881
67984790,3734
67985296,28598
67986918,7799
67990654,27513
67994820,30927
67995834,3794
67998612,16011
68012925,4235
68014582,9649
68025991,24993
68028580,2694
68028813,9589
68029241,15748
68046704,31568
68048459,30219
68051783,15320
68054264,31325
68058782,21542
68061279,29156
68065467,5153
68069670,637
68072890,588
68075491,6218
68075702,21529
68077479,30459
68083312,25466
68089985,31744
68097689,7506
68098859,5161
68099059,2527
68103117,8648
68104887,871
68107629,8674
68108125,5159
68112870,1133
68115385,10122
68115788,6340
68132253,5221
68132637,797
68133604,18262
68134661,4157
68141238,14422
68142645,31328
68144981,16314
68155826,31242
68156947,24334
68166870,31243
68169612,31507
68173672,9824
68175997,1998
68180519,19456
68183698,1635
68195612,12135
68207462,21050
68213772,24861
68217903,28901
68227027,31249
68228204,31244
68228328,17150
68236789,32140
68241302,25690
68241814,28649
68248930,30148
68270534,5157
68274426,16293
68276418,30360
68276484,24857
68279206,6719
68282940,28485
68283585,21543
68284696,19912
68306216,28543
68338116,31630
68341525,5166
68341537,19300
68346153,5841
68362593,6976
68372358,5842
68373985,22547
68390250,12898
68395112,5220
68395426,21818
68403795,31631
68405275,14470
68405480,23536
68410342,30181
68414437,31809
68416015,9590
68417044,31811
68419572,6977
68424178,23542
68446222,23110
68448984,23538
68475858,8744
68479244,21817
68484251,5255
68485542,16451
68487838,15658
68490035,32137
68494758,31662
68501260,31629
68504635,31736
68511520,31622
68518113,23310
68520955,32681
68525589,22167
68569934,21748
68575507,2989
68599090,12352
68635270,23311
68637916,31787
68646292,23537
68646346,23300
68649971,31666
68652557,12896
68653035,23314
68654916,21821
68655176,31701
68663331,31633
68677347,31632
68687244,12846
68698380,5843
68706022,17870
68706643,88
68722468,21006
68730343,19575
68740117,21518
68742069,19084
68744467,11399
68745598,33267
68763850,31738
68767142,32630
68777697,22603
68783159,11223
68788649,30035
68796230,9869
68796739,1433
68805776,3141
68813655,11273
68825712,25171
68842012,10320
68842477,20784
68852029,6603
68855721,1014
68857670,7913
68876709,18613
68889197,4857
68892556,3399
68893569,4004
68908554,30108
68915966,23466
68920777,14091
68922379,12918
68922429,1016
68922775,7279
68927178,592
68928772,15635
68950898,14676
68958582,12770
68976809,5243
68977047,7132
68977348,30902
68989350,3237
68994633,9314
68996345,17079
69000517,23352
69000608,3874
69009959,2099
69010097,5527
69012108,5760
69013648,1373
69021414,8294
69026044,5421
69029473,4616
69040497,358
69056768,397
69083827,4840
69086486,8026
69094399,22678
69095495,5798
69103390,20984
69104321,16834
69109656,6594
69114551,10817
69116352,3492
69116747,10219
69121286,13349
69128201,13348
69136353,15270
69139254,9543
69144834,3496
69150625,30433
69160416,19397
69166038,924
69167140,20043
69174258,14377
69184148,32196
69196266,7388
69200668,2425
69215870,2299
69231163,3997
69241759,20168
69263111,5048
69274031,951
69282160,23988
69284429,8165
69290838,8455
69302104,711
69302441,4940
69310065,4311
69310756,18260
69320545,10217
69326917,339
69327203,26461
69331224,959
69334901,23094
69338294,12310
69345856,5846
69351674,5349
69352593,5377
69356671,3866
69362375,3662
69363558,30732
69377834,5375
69378705,13267
69387815,6902
69393672,3461
69400721,427
69405347,2625
69414158,17675
69422972,6482
69431698,5084
69436703,30435
69436946,31723
69438899,11614
69443172,14375
69443211,16392
69461585,5910
69470380,28302
69471199,31766
69479859,19526
69487508,2879
69494810,30271
69503548,24378
69506401,25102
69517278,8388
69519180,8066
69529486,1586
69534518,19265
69541494,1245
69548110,25043
69552676,3851
69557206,20576
69558357,6907
69568267,24323
69569062,25583
69570631,8390
69575734,4845
69584977,13119
69589248,6574
69595177,22512
69619155,5926
69619652,24200
69623381,4877
69633927,11747
69636652,5837
69642417,18903
69643956,18612
69644116,23541
69644249,3532
69655919,24249
69660283,3588
69666075,9644
69666291,33323
69684857,19483
69702930,8363
69705525,7976
69707990,23558
69713736,935
69715218,11613
69733039,3169
69755437,2229
69764348,7990
69766483,4451
69770954,23720
69787317,11424
69788681,1947
69789302,2300
69806223,20771
69808881,9871
69820861,22725
69825944,287
69829979,14374
69841798,16121
69861049,843
69861066,4302
69870695,4352
69876389,17365
69880701,1600
69884064,5770
69888784,1949
69898984,23253
69900690,5799
69903850,22492
69923546,22545
69936533,5800
69937669,4462
69938370,11885
69947116,32399
69949112,29903
69954694,32048
69963936,13581
69970753,5693
69993031,31465
69993792,24046
69997363,19510
70006183,30637
70008698,8073
70011675,22552
70011722,29300
70024186,23261
70025087,3231
70032727,5413
70040006,965
70044997,5112
70046201,1814
70050896,31751
70051040,21789
70062638,1589
70066021,16382
70073240,22899
70073922,31151
70075148,5082
70080058,17378
70081425,2480
70086746,19000
70103049,4830
70111216,14280
70115831,3569
70116838,23531
70118083,30101
70136143,4314
70158778,7057
70168676,29918
70176590,3267
70179560,13587
70183582,23482
70185588,15279
70185810,6156
70185846,8399
70203834,4099
70204925,5
70205675,18423
70206964,20040
70207706,12771
70219835,2710
70230160,5433
70231942,3145
70233889,1903
70234120,1634
70238009,9983
70238440,30035
70241393,14916
70256065,18759
70258821,8486
70304355,7227
70318262,30841
70319953,1502
70321864,15541
70324342,23798
70324616,1882
70325219,1547
70327683,22723
70329608,10225
70335760,4614
70348553,13265
70348916,3491
70355992,2879
70360172,5405
70364169,18417
70365385,3817
70373983,9559
70376163,22
70378022,24250
70379309,16366
70381223,14833
70387308,1086
70390214,1844
70403805,6899
70405140,1948
70410918,2584
70419426,23317
70420503,13870
70428463,10033
70429092,1341
70429388,8272
70445190,16652
70460907,14705
70462873,13330
70468960,7273
70477065,4139
70484311,250
70497555,1235
70508196,11253
70511126,3825
70512120,9120
70515449,16109
70524387,3369
70525769,32636
70536219,17222
70537726,6875
70545115,3841
70551327,30472
70558306,21855
70558668,32125
70565198,1088
70569668,20133
70592940,16399
70602846,25724
70603935,19406
70605089,3914
70605306,35
70610716,26291
70636995,1117
70638276,8063
70640350,17862
70643084,4205
70645515,2597
70648160,9491
70648281,6595
70651960,4202
70652567,26467
70657668,6534
70664077,16565
70678070,1612
70684336,33219
70718667,5650
70733231,11626
70740934,2822
70742607,19626
70745719,3904
70746576,12781
70754746,13347
70761253,13826
70781893,91
70786284,21924
70786329,20432
70789601,20933
70794255,2821
70799499,31964
70800135,923
70804449,21115
70807900,3566
70810355,3511
70825894,2526
70828798,14
70829658,10491
70835575,12631
70841911,23542
70851937,31043
70863034,7183
70867221,14376
70875429,5894
70880517,14468
70884885,7118
70906960,14380
70909146,2816
70911643,5150
70914678,3660
70918444,13089
70925451,8469
70931181,9966
70937368,20672
70950215,23431
70953939,18919
70963153,20204
70975782,24341
70986847,18394
71003942,7268
71006574,9850
71013151,24045
71020966,6354
71025867,14121
71026624,425
71034436,2567
71034954,2130
71035795,9630
71038044,4611
71052093,31451
71060396,1269
71064884,31194
71071946,22376
71073642,22094
71099217,957
71118555,5611
71121897,30486
71128541,25166
71137998,11238
71149197,17507
71166226,8071
71186907,21722
71196865,7992
71205424,384
71207199,25333
71209078,3044
71229197,5423
71240706,662
71241199,10585
71243645,2559
71249310,8976
71250047,20414
71250714,28313
71261281,6900
71267861,7133
71269400,10321
71269748,2705
71276876,12637
71280979,1302
71295244,1717
71296147,3657
71301131,15923
71311382,8989
71312351,5379
71313308,31776
71344157,4860
71344177,1007
71349752,5787
71356408,24201
71360837,3547
71362042,17070
71370398,16463
71387058,8977
71389308,28984
71402904,7216
71426591,11497
71432867,2554
71437774,11878
71437931,19629
71444227,12694
71446484,15430
71448097,28950
71461214,643
71462281,4446
71477792,7419
71500410,5803
71502994,11884
71505126,5443
71525802,2434
71527906,4846
71539565,2798
71549848,11431
71560311,6700
71561688,5758
71580443,8969
71588398,31218
71597766,16774
71603137,12996
71605204,1714
71608966,31426
71613311,30205
71614071,6496
71625398,5372
71625917,1836
71633596,33153
71635492,7051
71639231,11404
71639291,2521
71640624,13091
71642545,28989
71647019,17877
71655985,441
71661073,1394
71668056,6533
71676506,23543
71678952,31211
71699566,7414
71713660,11443
71725611,11397
71725647,6897
71726547,13454
71728041,19098
71729870,4523
71731850,9301
71734003,32055
71737939,11432
71743306,10818
71745326,32662
71758112,4097
71758727,1927
71768895,22333
71788827,3918
71790680,3650
71792017,18422
71812365,9835
71812577,14469
71815399,4876
71816708,21118
71823565,1220
71830699,9950
71841474,3911
71844509,19976
71844604,3036
71865960,3074
71866108,4834
71868255,4282
71870542,25105
71875756,12357
71887713,4357
71906491,6826
71906618,10433
71912365,5802
71919465,1608
71921146,21770
71924305,636
71943200,11293
71949680,11893
71979647,8409
71987175,6891
71994792,20898
71997953,25334
71999726,30697
72003647,6010
72005855,14509
72017044,5535
72017264,3236
72017308,1311
72019648,18578
72023317,31729
72026339,3466
72030539,22551
72047184,17865
72054200,10926
72064102,29912
72065222,11410
72073664,8292
72084496,24382
72107613,12663
72119003,8822
72136757,5772
72138875,22772
72142697,17595
72157986,7409
72158254,10353
72160729,14829
72164892,6711
72168623,6825
72172599,7867
72176432,8384
72205986,7410
72207516,6822
72208625,5406
72213962,4853
72219076,9110
72223052,18051
72225499,7182
72229757,6483
72231040,291
72248044,375
72254981,1293
72255819,8393
72259682,15185
72260005,8270
72265660,22549
72271850,24851
72278640,14832
72292495,7248
72298039,18821
72301075,5264
72301190,1301
72303522,2043
72305212,4624
72311787,18647
72314191,19722
72328967,7301
72335956,31841
72345761,6286
72349249,470
72353820,16425
72354286,23719
72355006,9985
72359232,12976
72366508,7277
72372790,7418
72382908,9568
72384408,16338
72385971,18656
72413944,17224
72430510,11433
72431161,3071
72431974,2187
72432714,1631
72444735,6560
72447439,21517
72451485,32776
72453121,22641
72459992,16606
72471759,18999
72472112,24250
72475593,29773
72484090,3373
72496915,18050
72499020,8986
72503451,2388
72510284,29
72510400,22582
72518492,9757
72527274,9634
72532705,11895
72544353,1603
72545693,31273
72548824,9116
72549294,6497
72557320,2056
72560576,4069
72566808,591
72576812,4910
72577313,17200
72602038,966
72613199,32355
72617738,11245
72624926,32638
72626297,11216
72629710,4332
72645354,30432
72658410,31346
72665840,12645
72669952,1249
72676262,10911
72677137,23540
72679095,3371
72681029,21281
72684909,32398
72686228,5397
72695387,635
72700307,8078
72706976,1957
72708921,25576
72709967,6313
72710310,38
72713190,9829
72715577,562
72739113,3996
72747257,13101
72748053,1483
72751566,5289
72753164,5173
72755137,27597
72776443,65
72779392,4661
72779500,2539
72786560,5351
72794498,7980
72799927,2131
72803115,12363
72803801,25942
72821512,15587
72824320,2876
72824365,36
72825852,5440
72828814,14830
72830999,1858
72839807,7215
72844043,2801
72849114,16644
72854034,22541
72856534,1498
72861176,17132
72881245,9566
72883569,2186
72886216,7910
72894756,10863
72895387,1246
72905416,8914
72915386,14352
72915810,2359
72920757,9620
72929616,32464
72933294,10146
72934983,23519
72946181,13054
72946796,2748
72962461,12823
72974499,31218
72977356,5381
72979633,1013
72984483,3546
72984489,5238
72998119,30367
72999786,25335
73005838,22085
73008661,22544
73028464,2220
73039395,12989
73050802,10003
73060498,12442
73060624,23501
73061400,31163
73062780,22092
73075238,11427
73082856,24389
73086321,14826
73107046,20667
73107133,23066
73108754,3530
73123077,2841
73130034,10363
73132378,30901
73157850,20136
73173089,9321
73182055,5769
73189902,10020
73197442,4687
73200613,9650
73202046,31843
73208916,30236
73210337,9209
73212002,28980
73217620,13723
73224503,17242
73233215,32396
73233567,4972
73245024,7059
73246492,8237
73254984,32402
73260513,13618
73268714,10820
73277348,29902
73295184,11560
73295831,15225
73297174,31049
73312429,12922
73318879,22871
73319366,72
73328764,3897
73332808,7724
73347216,14017
73350607,21104
73360843,2883
73368900,18241
73369944,14901
73373864,34
73382398,6632
73392812,9563
73411629,12705
73414351,7265
73414366,8382
73433173,16779
73435923,6417
73439909,1585
73443172,6067
73453349,8008
73456706,32632
73458481,801
73462477,147
73467090,6890
73486967,11409
73488239,6427
73495453,7069
73499678,2187
73507549,5983
73520260,9755
73521338,17349
73524431,13987
73541942,23727
73543943,23159
73558500,11407
73562973,7299
73571020,20044
73577342,22095
73586150,3195
73597702,31002
73605373,3092
73608384,28314
73616004,927
73617068,8293
73638106,4851
73639950,3488
73644603,20565
73645141,32400
73658828,2560
73664309,7110
73676239,6552
73681828,30662
73683063,3438
73683538,19576
73687399,10497
73690936,3971
73704667,2780
73717769,4004
73718488,3932
73725691,32749
73731238,1601
73734992,6889
73741296,30215
73764273,361
73766969,736
73773284,1628
73774927,3969
73774989,30675
73794730,2423
73799436,8366
73800788,3932
73801348,6225
73803895,14881
73815828,7054
73821439,11882
73828600,19467
73829288,8693
73840558,14831
73842626,2541
73849342,7086
73870357,22400
73877163,9558
73877497,1975
73877695,16904
73877737,7124
73881940,551
73883389,6259
73888001,12704
73892951,15
73893605,963
73900182,1391
73904985,4525
73905601,10909
73905746,9108
73927499,11444
73933146,764
73935994,1583
73942224,14453
73942650,7148
73942880,17866
73942910,7416
73945391,8406
73949018,2132
73951648,10414
73954389,5047
73961176,2044
73964549,60
73968774,16004
73969137,7298
73977523,29239
73981985,24237
73985625,13108
74004696,1857
74005371,4447
74009186,7597
74013599,6251
74016210,28990
74018402,391
74022696,2870
74022729,23685
74034391,1938
74036326,5838
74037661,6554
74041616,32394
74044128,32982
74056640,13748
74061994,2877
74066867,30576
74082708,3092
74086316,8262
74086408,24373
74090192,19046
74095533,21124
74103039,20189
74116639,8183
74117395,19553
74123483,663
74129803,16750
74132058,1718
74135302,2838
74141056,19097
74168820,12693
74173098,32397
74177250,3043
74177863,4320
74181195,2880
74183968,1618
74185024,28955
74185738,23495
74187384,8005
74197024,1227
74197093,1636
74201759,9544
74203062,7150
74204765,498
74222676,5791
74223547,6327
74224068,32104
74225664,4445
74229641,12368
74234871,10660
74252561,8041
74256529,4852
74282045,11441
74287889,2565
74298700,20121
74302261,20931
74323487,3487
74326824,27900
74329686,32637
74334677,5488
74348586,4018
74378799,20536
74387671,697
74389111,11234
74392623,5956
74393618,208
74396586,158
74405185,12792
74405951,6898
74414647,22880
74415170,396
74416107,7106
74418487,13417
74421369,5411
74435951,5441
74439154,7668
74445168,4178
74453247,18493
74457077,3235
74459939,10815
74462234,7395
74465402,2408
74467750,9960
74480934,10555
74490668,542
74492237,2294
74496334,22084
74508214,7422
74523000,1614
74527056,18740
74532392,5953
74537657,9131
74546995,23487
74551387,19386
74553961,4303
74561978,431
74562312,2850
74565587,639
74575303,20998
74585258,15479
74586338,6593
74586387,7249
74587155,1613
74587339,25104
74589240,3189
74592557,9489
74604275,15498
74608366,3940
74632984,4597
74644836,1686
74655370,12080
74670112,7108
74694002,12644
74698569,14828
74698723,17846
74700279,33118
74701938,12591
74704335,7310
74706211,7071
74717460,13827
74721471,1845
74724288,20139
74727199,660
74729237,15974
74747172,23535
74774829,2187
74786678,22088
74787635,25584
74791497,25164
74807395,3675
74813073,10221
74823056,17343
74829557,30273
74830298,20067
74831944,16837
74833298,442
74839322,17506
74845616,4858
74853638,14459
74860629,2042
74862392,6576
74873003,17305
74873906,12862
74884462,5988
74886578,642
74886815,5151
74889331,7228
74890013,26864
74899539,12768
74909522,15889
74910245,7918
74937808,9105
74942803,31308
74946317,16651
74957202,7052
74960688,11462
74971954,4822
74972578,2810
74985810,30668
75004501,3695
75008955,1929
75015212,6486
75020790,22087
75021210,7271
75025885,32445
75029903,13704
75031137,20771
75042143,32401
75045184,13985
75050459,21481
75064831,31352
75065342,1492
75070634,22642
75071805,16385
75072610,3643
75082981,4831
75085179,543
75094118,18518
75095427,30654
75102001,8478
75103744,28322
75106492,10430
75107844,3200
75121614,563
75126533,12920
75127470,759
75131419,12501
75134562,18940
75138851,9964
75139349,6538
75143442,4998
75153925,5993
75155760,7876
75156510,23219
75157690,23
75167026,9202
75178572,5385
75184579,3919
75187376,33275
75191824,5350
75195983,2308
75201232,19094
75201577,17786
75202951,24047
75203568,12561
75205171,11072
75205961,9660
75216966,17160
75221124,31353
75227267,7865
75238537,13670
75241784,22691
75255025,13738
75257303,13257
75257871,1650
75258681,3644
75264749,12632
75273621,5383
75275703,6573
75277939,22924
75281113,3649
75281741,18919
75289071,12669
75295201,23685
75296050,13033
75296730,2138
75300471,3370
75307717,5890
75312134,3183
75314000,23542
75317993,33111
75324088,23539
75329163,896
75330497,944
75339033,24249
75344425,32047
75348263,6060
75349412,1860
75355886,21742
75356671,13090
75363013,555
75367564,11442
75374130,293
75375724,27854
75376661,22089
75381548,30939
75385343,17072
75390705,20431
75390778,22455
75394247,30473
75395122,10826
75398910,21005
75398929,4995
75409070,5403
75418094,1913
75422452,17350
75444977,22583
75448963,8056
75484948,26928
75513491,13737
75513526,9113
75514396,11428
75516934,3512
75518560,462
75531693,12706
75534334,3942
75556140,7415
75556921,31157
75575609,8024
75582586,7875
75586302,4435
75597926,6877
75605167,1685
75606089,9119
75608819,23384
75627579,374
75629069,7345
75645532,22086
75655492,18415
75682195,33154
75686057,25581
75688624,30763
75690900,8022
75691116,11434
75696410,16685
75714245,12473
75723552,9988
75726244,30499
75727069,1616
75727201,7319
75729466,22778
75733158,2566
75733475,8418
75744702,1953
75751302,22500
75769628,6570
75770315,21741
75770695,16912
75780131,11246
75782839,9299
75785159,9109
75786393,5439
75803673,17762
75806925,7627
75810318,4956
75813658,8970
75818828,1919
75826672,3233
75830002,10816
75834041,31798
75835766,7291
75842649,9754
75845077,14773
75851401,4159
75860703,156
75866149,1663
75870476,22169
75872459,16233
75875890,2298
75877545,4201
75890437,90
75891733,29238
75892291,1638
75896295,12483
75904147,13425
75923053,4135
75923104,7060
75924558,7312
75931129,815
75946337,13610
75954395,6455
75977245,6355
75977327,11928
75978862,1379
75987577,4856
75997475,3607
76000843,7112
76010930,32975
76011478,24835
76011755,23687
76014433,22711
76020771,6828
76023003,71
76027324,27941
76037099,1121
76058605,19385
76062330,25310
76064068,6317
76068321,11419
76069892,20088
76079889,5389
76080125,31358
76085466,3038
76093419,23353
76108460,5773
76109517,21749
76117074,549
76118049,5899
76128375,20131
76131879,11425
76133435,20454
76133772,5739
76154167,23724
76166403,626
76178859,7424
76194899,3567
76199200,30946
76201600,1931
76213622,8047
76215078,5419
76217088,31265
76217298,31950
76228027,18611
76241338,4348
76243904,14460
76258101,6292
76265266,22320
76268423,14882
76269629,5415
76279225,13754
76288036,20671
76295451,21750
76305466,6893
76311582,13368
76316471,31217
76331535,2863
76336358,28991
76341888,1802
76349251,17861
76369744,17867
76376299,7024
76386780,11299
76386784,2297
76405311,17070
76412930,1376
76413367,1509
76424766,16647
76438125,621
76450835,33058
76453600,3538
76453827,16234
76460825,10017
76475547,6701
76480698,294
76483984,4155
76488737,3372
76488768,9968
76508723,31143
76509830,3953
76513942,7998
76514449,11627
76523279,6548
76543021,1924
76551443,4054
76553651,13375
76554605,12801
76581966,23243
76587247,1009
76592445,7297
76595574,14654
76600491,12482
76624878,12078
76634549,22493
76634574,21272
76636224,9310
76636468,6584
76640039,27940
76641810,3486
76656082,8035
76659352,5992
76666843,24365
76667500,681
76668210,32697
76669780,14448
76671771,31928
76673690,10796
76675560,2558
76683961,13331
76684277,21119
76685614,10223
76685638,4861
76688122,3939
76712933,31799
76720525,2828
76731607,7387
76748155,15224
76756427,31607
76758499,4098
76760772,9536
76772641,17863
76790629,14880
76801186,26948
76801507,4292
76803862,32037
76805857,10659
76813389,18657
76819487,8020
76827233,12079
76829940,23869
76831065,20666
76837819,31023
76855428,24269
76859272,2747
76862177,9130
76867647,500
76873169,366
76879352,33220
76884982,11405
76889184,12913
76891781,10686
76902039,11435
76902303,19724
76909807,187
76915904,31579
76915924,16546
76928731,5829
76943262,4612
76950698,20524
76952848,22898
76959713,3566
76959949,16572
76982174,3230
76983234,3095
76985907,8410
76991464,24384
76992484,2561
76994757,11898
77007164,25103
77009894,16613
77010957,22640
77011011,31796
77015730,30538
77019800,22712
77028104,3592
77034073,12351
77034133,0
77035975,8215
77038217,9490
77040590,3849
77045397,4338
77046189,3270
77046319,1497
77046379,4147
77049226,8365
77058159,8319
77076127,8762
77080467,3952
77083120,6293
77086710,10412
77088349,11413
77097556,3464
77106307,14192
77113036,1661
77118790,32609
77127576,10821
77127875,18894
77130240,3118
77130726,7978
77133736,28983
77134407,24193
77138207,1655
77139575,20999
77147125,12856
77154116,19509
77156960,22091
77167274,10877
77167948,1935
77168788,8464
77180814,19972
77186744,11440
77189528,15883
77192629,21066
77196357,8258
77199802,18563
77199923,275
77216447,855
77223366,5846
77224644,25957
77271443,30639
77272360,6415
77274715,8572
77278937,14198
77290403,12796
77293842,10698
77312964,26142
77314079,3440
77316449,1920
77318516,30667
77335725,30755
77343111,5524
77347657,5574
77349253,18416
77350847,13412
77360849,2394
77369792,8761
77373230,16241
77387028,9315
77391054,24695
77391197,10692
77399858,8842
77401902,4884
77404855,16175
77411986,7239
77412071,2296
77415657,7423
77418759,11254
77427227,8851
77429218,5955
77431453,18606
77437897,31088
77450687,5409
77451422,1930
77452564,12686
77474705,6187
77483164,20983
77488458,4204
77489845,587
77490413,21801
77503203,30213
77509929,20150
77513962,5262
77515790,14469
77518822,7107
77522787,1122
77526638,25897
77527582,2547
77532367,31032
77540007,30431
77540375,30733
77541266,23209
77547046,2715
77556776,6447
77557885,6633
77569694,9117
77573423,4333
77574673,4098
77580595,19579
77582835,850
77594587,18611
77603490,9969
77613600,4248
77621690,7909
77635492,29898
77635968,26039
77638405,1384
77640172,31580
77642951,5771
77666215,12319
77671022,23548
77688565,1861
77697554,30376
77699439,11439
77705780,7915
77707248,11408
77709786,30626
77709909,3928
77711755,22319
77712943,27025
77715825,5648
77733657,8966
77741981,3708
77751995,13828
77776706,13660
77779075,2875
77782177,23509
77811783,6290
77824267,11398
77825210,1369
77830548,11396
77832777,13868
77834297,7974
77842483,6711
77842490,17860
77845676,1921
77846578,31518
77847244,5544
77848792,21555
77849145,21353
77850557,20770
77854234,6628
77856427,6416
77862206,7269
77867111,9962
77870407,10440
77875743,11411
77891125,6569
77894309,11469
77905058,7655
77916553,3033
77922465,1255
77923570,11618
77926739,3420
77927687,6895
77927801,23460
77928686,7320
77941336,5920
77941798,4568
77959416,22614
77962120,8268
77977856,5832
77981018,23319
77991835,2363
77995621,1440
77998166,25715
77998451,30638
78007931,22090
78014607,6066
78021998,5212
78029206,32631
78031011,1087
78032790,19096
78033175,3956
78045492,5345
78049952,10435
78059884,10227
78062895,18302
78063524,19829
78066674,1305
78068428,335
78071105,30349
78072995,4310
78074381,2465
78087785,11401
78093562,20491
78093904,8364
78103418,9951
78104602,3265
78116018,29609
78116481,11279
78129190,5801
78135717,30744
78137488,20538
78140181,3498
78140819,3143
78147536,24594
78168240,29240
78175863,943
78183567,21466
78192202,3171
78212624,6539
78220112,3031
78223851,3826
78231039,13628
78237127,7049
78238555,8260
78240221,4084
78248060,2948
78249842,22679
78256442,9685
78264213,17333
78272048,30994
78277129,28979
78281325,18673
78283978,2185
78287673,1893
78289448,4136
78290673,1185
78290955,4340
78292408,30933
78294561,1816
78295172,9658
78296982,2237
78297542,12478
78301203,4198
78304215,3032
78314308,5087
78317393,1222
78318141,1223
78321104,1881
78321567,29817
78325104,1985
78325192,4195
78332762,4196
78333156,3076
78335870,11169
78336658,796
78337721,4049
78338450,4002
78341561,6231
78343780,31641
78346424,30871
78348314,2901
78348691,3252
78350583,2983
78356395,1692
78357340,3240
78359772,2487
78359965,1885
78366255,2488
78366375,2362
78367123,5280
78368133,7145
78368935,2777
78373414,808
78375544,4800
78378061,4970
78379117,12479
78379885,5927
78391286,4342
78392216,2356
78394283,1693
78397956,31792
78406482,33075
78406856,17806
78420313,29737
78434015,17999
78443937,29291
78451285,5228
78456730,25236
78458556,14624
78466978,26760
78485616,5501
78498638,29856
78536029,14739
78546149,32733
78551066,28097
78554679,25219
78559393,14849
78578616,28105
78593636,18031
78598963,18003
78600131,26887
78603920,25771
78616703,17935
78617471,25788
78618976,15855
78631119,24800
78633131,18633
78636558,24258
78638065,2717
78643939,32480
78646390,30463
78658503,2917
78665979,790
78678271,28906
78680238,11767
78685134,26589
78695677,30014
78700490,28841
78703800,14700
78706408,14610
78711961,25792
78730553,29891
78737578,28406
78753308,28829
78755747,27307
78767180,791
78767246,19747
78768491,1160
78780654,20304
78787589,12906
78791724,30140
78808123,29690
78809536,3038
78810357,29043
78813603,8111
78822425,32041
78834327,27154
78836142,17541
78836521,26726
78839797,8583
78843853,17932
78852584,26897
78855689,25821
78862456,15579
78863865,27065
78877896,28798
78886812,17963
78900195,26725
78914132,14601
78925209,15314
78927488,8144
78942523,25733
78948527,26762
78954876,14729
78967196,21328
78967669,14836
78970423,28580
78977044,8125
78980528,14732
78996773,26165
79022417,32110
79024879,33043
79036705,15563
79039224,27547
79042227,32325
79056813,15681
79059010,28457
79060201,28383
79073795,12910
79079079,29189
79085639,16068
79112055,18624
79128584,17428
79139290,28907
79142954,25784
79151217,2383
79172513,31473
79174779,14888
79176216,25194
79178941,8119
79188245,29047
79197676,28843
79199603,8120
79229080,952
79229291,33177
79238698,21556
79242230,28707
79243218,17318
79244646,28579
79246680,26538
79247867,32441
79252095,25110
79252198,28705
79270225,28259
79278045,24491
79282027,24748
79291565,20472
79301785,25793
79307845,28260
79311240,30131
79324842,21171
79336378,28721
79337301,6750
79354814,15062
79375373,5237
79381523,29847
79389563,25111
79391433,18230
79399741,29294
79401719,25013
79404623,25511
79423993,24385
79424050,25234
79428129,29546
79436512,27174
79454856,3619
79456135,24731
79465212,29044
79467362,27299
79473636,30444
79474988,33041
79475584,29772
79476925,5500
79479983,14850
79486218,395
79493988,22990
79494795,33001
79495911,14891
79497151,8132
79504480,17431
79504499,26888
79515227,17161
79518119,11770
79518580,26580
79522362,12137
79526383,15457
79527955,14868
79534895,28838
79535302,31263
79538534,27640
79577893,29718
79585102,28832
79593325,29524
79596911,5234
79597707,28078
79599245,26463
79599592,26166
79605328,27365
79610261,28581
79618599,27379
79622323,14746
79633891,8584
79635437,28842
79654886,21335
79655458,8115
79672034,26763
79683224,8136
79692702,27367
79693647,14744
79695264,26540
79699730,2912
79702510,20470
79719882,29543
79720509,28185
79743829,28853
79764069,29261
79765081,29641
79774858,22780
79775584,25191
79800465,25409
79802591,16444
79804658,29774
79808149,25184
79837131,30488
79843146,6744
79848542,25747
79849445,21825
79851332,25450
79855076,2456
79858605,26169
79871253,32582
79875103,30099
79881556,17962
79891498,26672
79892154,21276
79895317,28992
79915734,29577
79921526,25796
79925120,28492
79925977,30145
79927455,21781
79945811,15917
79947659,6743
79947791,31137
79955139,16611
79961329,24224
79980283,30144
79980821,25037
79998314,2718
80016585,21103
80017281,18008
80032055,33002
80039673,28146
80047209,8593
80052960,18001
80065557,24693
80067285,20515
80068309,25078
80075243,29525
80086418,33314
80100812,26661
80108699,29831
80114720,29579
80115794,33308
80118181,30097
80124396,32451
80126591,2771
80133227,18029
80139476,8587
80140461,25038
80142533,14889
80149729,26068
80153613,22683
80165118,14884
80180387,25500
80182234,30109
80183806,32309
80191474,30096
80197547,25786
80204171,17344
80204949,19208
80210610,27239
80215454,4648
80218019,23983
80218831,32281
80230996,22153
80236585,32393
80240314,21832
80248209,807
80261318,12289
80264074,25766
80268782,30100
80276764,928
80287823,23146
80292427,16861
80293949,30249
80294277,6733
80301996,10125
80303460,12914
80306666,25147
80316565,27366
80327665,30941
80329181,22928
80332498,22165
80335079,14680
80337389,14842
80358905,18443
80362083,31164
80387451,28104
80388528,18588
80390062,6726
80396063,32991
80396302,28777
80397500,19922
80404520,26160
80408357,30142
80418429,25199
80425290,18012
80431528,2764
80452481,27173
80454506,31138
80462239,30098
80467302,25297
80470091,18616
80483282,32507
80499191,29861
80502466,19762
80505568,21406
80507768,5226
80512256,28408
80518999,5371
80531176,1043
80533321,32544
80556956,25785
80566453,18615
80568202,16942
80594871,28054
80595218,31652
80601048,29953
80610563,25787
80616555,25010
80631315,24000
80632937,31957
80637249,21726
80642994,25030
80645524,27363
80653862,22162
80660547,29138
80668313,19580
80680545,28861
80688122,14845
80692308,14703
80695720,6736
80700072,11180
80706320,31897
80715888,24339
80717813,18750
80719663,7743
80721904,28405
80724248,30027
80738724,14741
80740539,14743
80743932,28455
80771561,14840
80777602,8579
80802777,26358
80817726,16103
80817969,29262
80820960,14678
80829287,26465
80833390,27425
80833851,29578
80838417,26433
80839310,8590
80840540,5233
80848984,2562
80855214,26446
80858965,30093
80860633,29579
80860791,14895
80861259,18004
80867143,30138
80871978,23780
80892126,33062
80894462,14848
80905704,32467
80913522,32743
80918767,14736
80922357,15765
80929530,10313
80929893,20472
80934293,29263
80941461,29736
80942086,622
80953556,12629
80954191,798
80957144,25794
80959109,26881
80964988,21781
80965049,10824
80966454,12560
80968851,30015
80974287,32500
80990668,19846
80992351,32021
81004726,32732
81011671,26803
81013878,6755
81021885,20879
81024050,32508
81030649,17345
81032358,26260
81037085,2716
81041846,30139
81055176,28776
81063192,6753
81066513,23981
81069784,18010
81071959,24915
81077194,25790
81083507,8116
81087908,14893
81090124,24677
81098259,20469
81115325,27599
81116255,26242
81137137,547
81163235,6729
81176016,30137
81184661,25011
81191758,25780
81192256,24750
81192980,30135
81199569,14728
81223081,28060
81226662,25797
81230479,24438
81250143,28844
81251562,23349
81254723,30648
81256820,26893
81265382,27160
81268144,17319
81278428,14851
81296543,28407
81300909,11772
81307793,2960
81308627,9635
81310856,14754
81310922,17913
81327224,28896
81344153,29846
81346188,29954
81364679,26547
81390396,6572
81394811,26484
81394962,6757
81396095,16648
81397921,14887
81400349,26123
81401562,29045
81402755,29765
81404901,11962
81408367,8148
81408503,28736
81423778,17965
81424079,2769
81438917,25366
81444815,21776
81453539,334
81460610,2915
81469344,27335
81480080,31709
81480520,1035
81483924,28404
81503653,25789
81506143,27682
81510187,24490
81515867,30976
81517601,25237
81520862,18427
81528522,30898
81531002,33281
81536037,31704
81542466,9651
81548613,12137
81555771,22988
81557861,14734
81581554,28560
81586670,9009
81586835,19711
81599692,21265
81605425,32481
81627410,14838
81635301,21409
81640098,28474
81643719,26501
81643969,8242
81644029,25009
81647109,25795
81648303,14733
81655389,6740
81657485,28833
81659520,24756
81663659,32328
81669480,23173
81680731,19025
81682634,8145
81685071,21778
81689360,26241
81690037,25042
81691125,25972
81695741,18023
81695844,26761
81697719,14837
81698047,25009
81709213,30136
81711684,28706
81736944,9659
81738066,16070
81750658,27594
81753301,32855
81760668,32346
81776313,28568
81778598,18163
81783938,8580
81797188,14740
81798040,6730
81799962,28456
81805218,23244
81822378,32231
81825042,25763
81836821,14843
81838626,27073
81838769,18025
81852375,29284
81857170,19581
81862143,26240
81877695,24918
81879329,24726
81881259,32430
81895341,3490
81895888,33042
81896054,18639
81898769,22658
81934160,25970
81938494,26802
81954157,25774
81958492,14864
81965565,33040
81972381,8149
81978149,29330
81982334,11961
82031621,15250
82037315,9760
82038036,2455
82055707,30467
82067880,29046
82085527,27306
82088570,8133
82093818,2770
82100507,3605
82106641,33143
82107949,31503
82113636,29893
82123297,32215
82128872,24737
82153370,18579
82155689,14834
82160804,23753
82163785,23117
82165260,8137
82165935,12290
82172068,23385
82183344,21994
82184520,15066
82196697,21330
82210408,27695
82215184,23172
82227849,25401
82232799,14730
82238089,31464
82239168,11773
82252971,33178
82254047,11963
82263247,5740
82278831,18736
82281091,22531
82282684,29329
82311313,24379
82316909,30141
82320843,12911
82321424,25703
82324982,21184
82325664,21389
82326332,14745
82333908,27694
82335154,25783
82341439,19852
82341852,32731
82341932,14738
82351027,27270
82371036,29517
82373620,14742
82377547,14484
82379869,30133
82391663,32804
82393960,25971
82396314,26590
82397179,33283
82405765,30143
82413425,30132
82420217,25782
82426088,29577
82445750,6747
82446187,5826
82452177,25196
82466538,28403
82496461,6777
82497712,15060
82506776,14731
82507663,25031
82518697,27654
82521615,27161
82522528,24106
82523327,8588
82535282,17162
82557849,14841
82570289,26551
82579421,32550
82588270,24369
82590228,17416
82593269,25245
82598582,30290
82605313,26894
82608425,2962
82613373,18001
82614094,28847
82630130,14839
82631211,26011
82631226,14890
82642808,8591
82661634,30331
82672436,32915
82680920,28755
82684607,12291
82686085,32805
82689240,24914
82709144,25198
82720825,32257
82721177,30856
82744104,15071
82746488,16448
82757603,23837
82766061,25973
82766497,14897
82772272,32957
82781394,25746
82782897,8112
82787066,28059
82803837,17802
82804249,32022
82806923,28700
82807087,25761
82808833,15052
82817977,26464
82820485,25495
82830726,18030
82840659,32730
82846852,24070
82850394,14894
82851837,25055
82860063,2913
82878811,25109
82890445,5498
82893521,15649
82900323,28834
82903117,25910
82904437,18497
82915500,25132
82918803,29830
82923981,25969
82930020,29768
82938307,29738
82945962,2914
82967419,2610
82970221,29099
82979435,13143
82984726,28908
82994979,25124
82997013,30623
83010330,8140
83011212,1295
83016472,5236
83030472,5330
83047828,27652
83053730,32742
83068076,15005
83073938,12907
83074838,33044
83078303,14735
83093538,23905
83098928,18634
83101185,5503
83101533,14737
83107093,27381
83117426,8141
83125253,14885
83130795,3137
83141655,11768
83151811,26168
83156106,17353
83156688,8129
83167860,28116
83177204,21811
83179144,26841
83185641,18426
83190006,528
83190591,22339
83197532,20519
83198302,32920
83199819,2540
83200403,29285
83207513,33282
83219283,30523
83223543,24375
83224823,28756
83237787,31141
83238997,28374
83241699,24729
83249718,8126
83252763,20678
83259297,13036
83260905,32692
83263038,18735
83300500,14697
83305860,14793
83306425,16176
83309203,521
83315633,33093
83322370,16862
83326036,19577
83329866,17047
83392386,30171
83398086,8031
83405344,28356
83429473,2763
83434322,33095
83443492,30917
83449692,996
83458987,5295
83475813,17801
83476050,8760
83485547,28716
83491916,28986
83492375,12959
83492818,14083
83499186,5225
83531181,29742
83556163,3604
83565889,32599
83567827,21068
83580745,4417
83582488,26413
83583396,6734
83591386,19971
83613210,4498
83618165,9796
83624080,8123
83641638,8138
83656126,27753
83665873,6058
83684941,28679
83699308,24608
83725071,10933
83730331,15268
83739304,20434
83748857,27328
83754881,12525
83769731,14163
83775963,10256
83779239,13591
83782701,9089
83783463,28945
83791022,18016
83796550,22708
83801805,401
83801963,14139
83818680,13794
83827967,17919
83832027,26382
83832679,27278
83841131,415
83842921,16284
83847528,10939
83855040,18027
83858988,29296
83890319,5281
83897826,9845
83924444,9480
83934392,18019
83934408,13690
83946463,26230
83992299,5475
83992568,14663
83995400,20368
83996429,7405
84025389,8127
84029716,8146
84051164,12545
84058937,9528
84060482,12292
84061395,32264
84100265,29426
84109843,6359
84131451,10639
84164769,26406
84202213,26300
84216837,9652
84224876,5227
84231598,22653
84234353,12723
84240241,5232
84254027,29959
84259256,8130
84260916,9079
84305869,13949
84314269,18201
84320757,1084
84321029,25504
84328948,9510
84347783,20467
84375269,8505
84382408,31573
84384826,12382
84388584,26293
84389921,18015
84417542,31293
84436482,2210
84468670,26896
84475149,6741
84515641,11657
84533801,10807
84540798,3293
84549630,25609
84563967,5175
84575725,14688
84580144,26163
84626914,29827
84632268,8581
84632904,32250
84635971,12137
84639143,13938
84647321,17148
84663887,6069
84698992,26379
84711173,28835
84758663,32233
84799600,18024
84809674,10270
84887856,14135
84888578,632
84895371,9078
84901169,28985
84902952,14034
84904432,28127
84915009,10298
84920201,19475
84926809,9081
84929441,7477
84934332,8877
84941267,26466
84942166,6748
84943231,11553
84952700,27691
84984887,2150
84984967,29317
84989337,13678
84991411,10252
85011264,14018
85014689,25577
85014856,11140
85017982,416
85022289,18439
85032232,8880
85032615,14028
85039823,2045
85045313,24342
85056699,13969
85080355,11817
85083649,29309
85090929,15205
85115754,8585
85121997,10667
85128395,17789
85131170,8043
85133993,10552
85138856,26952
85145124,7930
85153203,14032
85154740,1982
85163905,28694
85174729,23118
85178602,5134
85183703,31351
85221199,28015
85226548,13685
85254149,26949
85269319,8780
85283408,10462
85316583,25829
85320103,14144
85343529,32913
85346721,11859
85355564,29864
85355634,29282
85376819,10253
85377904,14537
85383742,18004
85387929,5499
85412575,18010
85417838,13937
85470066,32585
85474863,25509
85497446,2601
85508192,12908
85508383,6044
85515012,18014
85536129,10299
85546106,13681
85550443,2662
85551962,9051
85557747,31930
85567064,23982
85577041,26425
85590337,9088
85600181,2458
85623334,29312
85634257,2440
85660295,24343
85672301,27168
85672700,2714
85694331,945
85696842,27475
85696952,2533
85712016,24091
85715397,29839
85715735,8033
85717027,15938
85726020,27279
85734814,31767
85755506,18006
85764910,6739
85767083,11806
85770286,3093
85774675,25241
85789669,25937
85792894,8568
85796938,5223
85835614,11956
85850421,6773
85914004,18013
85914598,14200
85916630,10300
85919790,26351
85923966,7575
85927171,23266
85937481,6745
85949374,6735
85953028,800
85954443,13689
85996955,29741
86000101,11743
86013048,22652
86031146,26807
86049665,13971
86053605,32075
86062285,13569
86069185,3301
86082689,2022
86093031,11006
86103855,1253
86104898,26972
86128536,14286
86138554,13776
86178147,17414
86206725,4424
86207817,6041
86212210,26421
86239486,863
86241749,25133
86247875,11874
86257478,23530
86326894,8134
86330380,6071
86339661,3626
86354713,33176
86355954,8029
86380910,22555
86385805,32113
86389098,17881
86449682,25406
86474116,26381
86479385,29346
86489293,29286
86489909,9372
86504879,32001
86521402,6111
86522579,27325
86523080,13963
86532196,15212
86532458,6834
86549598,12385
86559858,2459
86562884,24570
86597259,554
86632092,14153
86649235,11849
86653076,26849
86655009,26303
86666931,3531
86669324,14047
86679472,28028
86679602,26468
86687121,3627
86717431,422
86739752,11777
86748376,18018
86751956,19849
86756946,27685
86765696,25332
86787520,16183
86792616,4425
86801039,7902
86801066,17362
86809805,18011
86822250,32777
86830892,6771
86832332,2775
86836944,12802
86842822,25106
86843398,29956
86849346,8147
86870319,13964
86960408,28559
86969322,31651
86975614,8743
86980454,28035
86987709,7229
86988985,32589
86992576,32774
86999727,10309
87007888,2773
87043891,28824
87065329,5279
87070273,9354
87088526,13967
87092445,26892
87096538,5224
87101204,29460
87103068,23212
87117916,14158
87135527,13668
87143797,7940
87148118,14041
87155590,30912
87167531,21114
87173298,25510
87179968,8142
87182043,10428
87185461,9173
87186726,11766
87187878,6751
87201775,10699
87207991,13256
87212162,12230
87213772,8113
87215590,24255
87251149,19500
87265992,1864
87287221,9681
87289134,13848
87295766,11509
87308935,11337
87309781,385
87318404,26425
87347078,13701
87352250,10644
87358976,8500
87385078,18026
87399788,13042
87409865,28142
87413759,15450
87413763,8150
87421141,29295
87428021,29213
87429180,13498
87431545,8135
87439922,17510
87447055,10935
87467790,28359
87477713,3877
87494565,25282
87495253,9784
87515695,28053
87529828,3300
87535734,32623
87537076,29809
87540477,16978
87540524,24561
87540544,18000
87542394,11776
87546853,27606
87561475,11774
87565388,11782
87591814,3129
87612567,10944
87620598,25183
87631731,24021
87632318,27818
87649828,13962
87651513,10006
87670249,25067
87687083,10431
87687955,27791
87708414,14040
87725465,10272
87754937,16344
87760892,6219
87763351,11548
87764952,32610
87766157,10728
87768461,27800
87774742,21719
87790177,10451
87796126,25197
87800416,9097
87836661,29006
87857085,735
87866793,21937
87869834,7934
87877698,2772
87892391,8577
87894050,8124
87924934,12061
87933912,28037
87935793,28864
87938846,26616
87944755,14145
87945875,5283
87983382,9953
88004729,24791
88014646,6100
88054272,6941
88061094,27802
88090322,8522
88091349,8589
88093962,14160
88115821,14285
88132112,10876
88163722,8037
88173077,14014
88185899,7205
88188679,18003
88196876,33114
88197679,26040
88203599,10808
88208448,18007
88220097,10519
88233373,11735
88240598,12293
88241349,7984
88250426,28158
88259420,8770
88285973,10255
88290061,10941
88318373,23532
88321493,7933
88345184,7144
88352308,26386
88396241,14030
88402347,28057
88406083,26390
88408543,27391
88409173,1837
88413766,7467
88414570,7616
88423676,10806
88424353,13772
88444279,9809
88498739,30047
88500023,9722
88505784,7959
88541468,32788
88556094,4497
88580073,26533
88594553,6356
88607498,29316
88613245,4088
88613707,19501
88625722,8917
88643348,13695
88644336,10946
88645487,28242
88647673,6727
88659754,13951
88664408,24078
88692890,29855
88697098,14157
88705953,26885
88706549,3138
88712182,13692
88716743,18007
88719407,22716
88758868,9863
88787603,1510
88799014,1355
88822155,18017
88831056,24584
88869941,18020
88922174,26895
88923421,31397
88938443,32117
88940621,27338
88946916,25731
88947506,13700
88953595,4430
88974822,9737
88976921,28681
88990159,523
88996113,6581
89004853,29314
89013866,2765
89042820,9065
89051343,32232
89074006,2496
89076493,30045
89081839,5230
89087089,13958
89096104,11659
89109350,792
89130971,27600
89151768,1431
89155616,11957
89172556,20975
89172654,3247
89178096,6944
89185699,10862
89229948,28987
89230264,11043
89250667,32069
89274243,8729
89279176,14150
89295184,30762
89306605,2782
89314093,1143
89315561,24028
89318455,32602
89324455,28324
89330948,1259
89342654,13296
89349161,32600
89354894,29719
89358653,26295
89362330,11771
89371225,550
89374493,11818
89380635,1983
89381223,11847
89382656,17497
89383774,8540
89402473,27486
89408297,25107
89409602,10545
89412028,12578
89427866,15507
89440480,14255
89510911,12672
89550079,27767
89591060,16445
89626636,18028
89630992,17667
89635598,31618
89636858,33175
89642130,10453
89652763,17488
89657193,2766
89668556,14143
89677221,6059
89679037,350
89679560,10515
89681779,25997
89690172,14132
89691459,32903
89693758,18498
89694273,16563
89697839,24088
89703427,405
89712836,25410
89726340,17871
89746035,5296
89761481,10285
89801275,17069
89809536,14029
89813664,27312
89834795,13698
89849367,27304
89849734,13684
89863283,18023
89864389,24996
89864709,25920
89872389,29388
89893459,11877
89893464,14138
89896245,31924
89901356,13950
89901455,8007
89914133,1630
89917063,28693
89929807,28724
89935483,8341
89940542,6737
89943320,6738
89945673,418
89956779,7313
89962018,11652
89990809,9038
90012868,27770
90014130,28795
90022812,17858
90029512,2602
90031315,23547
90042260,25894
90051654,30950
90052755,24090
90059772,14219
90064821,2900
90064865,30025
90074237,30603
90087305,20429
90092387,6754
90100151,6752
90126275,14133
90133519,32608
90136673,14512
90145219,8034
90150889,411
90152304,8881
90157245,8114
90167798,21934
90203838,6731
90234627,24792
90237499,10567
90243928,8010
90264664,11880
90268500,26922
90270671,2767
90272841,9050
90292059,30170
90297295,10842
90311369,4197
90343535,9355
90351181,11816
90359016,30388
90361174,7955
90369969,8131
90375847,14027
90379878,13786
90389275,33161
90443723,13677
90444409,3463
90447456,29630
90471157,29332
90480415,24086
90489763,16719
90532024,13635
90554205,30807
90558864,26583
90588707,17859
90595911,4273
90596043,3302
90596058,1892
90632216,14211
90634203,8128
90639611,7960
90640662,27837
90646424,24340
90646798,13691
90658099,22579
90658867,10130
90666606,2457
90676234,25975
90683989,14137
90693299,8143
90717442,11876
90730992,11769
90731660,31091
90735374,2958
90751694,18922
90756655,20555
90757760,8582
90765581,10432
90770160,28725
90776191,26805
90806465,10438
90828207,7298
90836535,8117
90858064,26723
90874033,8059
90876522,14511
90879837,9591
90888095,18008
90904603,696
90910506,10147
90929493,19916
90930878,20894
90980556,25415
91026958,2395
91031314,1835
91031702,9065
91047811,25592
91048367,10269
91057419,33115
91071695,32625
91081980,16849
91090639,350
91127040,1261
91136646,32607
91139936,32003
91147309,22733
91148730,26225
91179472,11875
91180899,25813
91181183,13986
91188633,2493
91201942,12857
91205184,8139
91234636,9037
91243513,8764
91243883,8121
91244626,5229
91273316,28710
91282402,9058
91286572,33313
91304130,27392
91304279,17864
91315950,9167
91326219,27803
91342512,13056
91352976,14690
91356188,23546
91367386,29042
91369032,21078
91373250,12894
91374049,10413
91384832,17583
91395029,30374
91401384,3329
91450071,11190
91465066,2904
91476700,25730
91496491,8937
91556392,10699
91558050,14262
91569918,32108
91576073,5928
91577350,26167
91599318,6742
91624874,19635
91637508,26296
91647869,4789
91650724,4186
91658483,30606
91661451,32601
91662470,28065
91663427,1688
91666294,370
91679521,23878
91695163,19868
91708075,22200
91744757,12052
91746417,29662
91746801,11595
91761087,3879
91761884,14082
91762467,8592
91792203,5995
91798080,25781
91804702,8057
91823893,18005
91870285,28929
91876681,11660
91891007,12874
91901065,26462
91907217,28917
91921608,15764
91924822,25647
91933086,28730
91944895,28081
91950408,7448
91950691,13891
91954301,9846
91958324,8953
91968888,8122
91985234,25779
92042486,8347
92044964,3059
92051074,2219
92053714,14086
92080454,1265
92094241,31415
92099345,13675
92118635,27130
92128610,27542
92161210,10429
92163237,28297
92163769,14691
92168692,29226
92179530,2214
92191030,1254
92202068,7795
92217499,26913
92234170,9470
92234725,15206
92255636,25687
92264590,27710
92291448,27051
92329039,20580
92341744,25161
92344024,12383
92349512,13847
92359886,20733
92364241,29854
92396264,13952
92427017,12294
92445020,14908
92450877,14215
92469641,1129
92476777,17918
92492874,1626
92518610,20889
92522958,30026
92526875,22383
92528268,19387
92531467,16871
92539703,13944
92548353,1662
92554748,26989
92583043,19391
92589413,14012
92601249,27901
92602956,13884
92603027,22083
92619411,24087
92620946,26164
92627265,5925
92636735,28785
92644588,28307
92711410,29932
92713456,12519
92725534,23281
92733135,29227
92740915,32617
92759744,15394
92764739,11644
92768459,21938
92777265,18002
92781469,5863
92811446,4017
92913500,4409
92915861,26992
92943924,1912
92944752,18001
92963731,13961
92973003,4772
92990403,10936
93018112,8310
93024107,25275
93025324,3553
93026634,10699
93039914,9837
93062167,11860
93063796,10945
93065676,3358
93069723,14535
93076971,32987
93084717,11835
93087462,25494
93122436,25391
93124405,25530
93127120,17706
93134932,2768
93136177,114
93163686,32344
93167413,7954
93168684,26226
93186748,6369
93191840,7994
93200657,28515
93242409,15211
93242788,4426
93244250,29287
93258817,10912
93286216,19499
93289854,27250
93293233,27980
93319771,21796
93322223,24089
93341296,13570
93366339,29003
93377703,29859
93391553,26416
93391712,22651
93397447,31343
93405292,13782
93405589,10427
93407214,12380
93410230,26957
93414262,26759
93420817,27011
93421479,25446
93423647,33116
93442555,11858
93444467,28034
93445351,12858
93447077,3334
93452537,10278
93455051,14038
93464854,11631
93470696,18413
93487354,28916
93490125,31416
93500670,392
93502871,28726
93505038,17587
93511406,28294
93520472,13948
93534804,27528
93534941,29347
93537898,13774
93538315,13656
93539080,28823
93551199,8564
93554105,3347
93563221,4765
93574041,5768
93591442,7136
93635883,24793
93640019,23887
93649341,11545
93652353,8118
93653660,28033
93653666,9822
93682246,19970
93687687,10366
93689541,18026
93690554,12909
93703226,3640
93710551,367
93713600,18021
93725038,29168
93725632,4117
93727964,14683
93735829,12222
93747073,32358
93781764,25967
93783669,13696
93789235,26522
93798674,10837
93800388,27655
93821672,4623
93839625,24571
93858402,20895
93859084,9877
93874073,28484
93883684,27767
93927834,25079
93934577,2749
93938320,29541
93946776,30649
93948620,22983
93955751,7443
93957969,8011
93960232,6357
93964723,10275
93984212,27001
93985210,7968
93992820,402
93994178,29313
93996683,7972
94008145,29867
94031063,25395
94034237,28018
94058964,18025
94103382,13801
94109140,7983
94133342,10410
94136463,25098
94181461,14513
94183353,25153
94186568,25709
94202211,28558
94211598,5235
94238571,27460
94239519,6445
94246039,1260
94247581,10250
94258349,6222
94269978,6758
94271815,29040
94272417,23883
94279363,3469
94322432,24849
94326476,8586
94335131,23559
94343775,29643
94361264,359
94361899,1233
94363643,28301
94372060,12384
94374147,18024
94374976,19367
94397999,18027
94413394,10443
94463446,28794
94502973,26372
94503245,26294
94505301,13908
94510119,20946
94543207,7292
94551623,19582
94568009,27756
94582059,10803
94592458,12503
94592828,28300
94608302,2762
94611043,4050
94627203,27863
94627733,9080
94635530,6756
94636201,407
94671060,29858
94677081,28993
94733185,11862
94733828,25708
94742900,9079
94762393,29520
94787992,10461
94791421,28699
94797751,7307
94838054,7989
94848334,29464
94849229,5966
94857568,11690
94889146,7957
94899222,14997
94900164,16566
94901236,805
94907884,26369
94909914,15450
94914650,1276
94915528,26456
94917383,19390
94917799,11810
94939004,6728
94941495,6723
94941988,10212
94942198,9763
94943651,27764
94946405,9724
94949153,28775
94968654,10805
94977128,18739
94983812,29857
94998535,27830
95000752,30421
95004699,25128
95008826,17103
95015019,25974
95018562,8030
95023248,9067
95028714,20318
95057946,29859
95092110,13942
95103086,10276
95122343,22108
95133201,27280
95165304,14035
95169514,1258
95195169,14151
95204973,28928
95212986,21392
95213901,13799
95224943,14363
95277270,28358
95284717,21121
95284854,10368
95301849,28930
95304901,25603
95311044,18332
95311106,2641
95317477,10409
95337437,8151
95349876,10458
95365159,33312
95365439,2358
95370092,13943
95383563,27334
95414781,29000
95415956,28188
95423453,28680
95429433,7944
95434380,29310
95442391,15634
95444753,24079
95464512,9804
95465986,13844
95487333,9473
95490761,23886
95518936,28159
95522230,14152
95539386,3149
95543334,28821
95550456,32792
95554713,16372
95557363,12897
95561815,28622
95566625,20501
95579078,2416
95582905,19026
95594246,21795
95594674,4500
95596897,30883
95612271,9040
95646246,13659
95650189,28055
95657689,11637
95662413,18015
95666177,13849
95719639,26398
95726884,25179
95736781,1085
95766687,27321
95785055,25012
95790312,29318
95805083,26831
95811997,6360
95823761,30092
95825968,29788
95831336,6724
95839403,18022
95848093,15449
95850191,30252
95864817,18004
95879382,806
95882666,26911
95884580,26804
95897690,5329
95910007,29401
95912293,9726
95914786,19388
95938303,18025
95938593,32423
95943523,4704
95958270,8032
95972173,29585
95977551,25736
95979279,24708
95984429,14369
95989721,18001
96003412,32340
96037007,3148
96055763,18016
96062729,8876
96064908,28695
96084770,8060
96123503,14189
96130682,1819
96132655,7207
96135787,9365
96135874,362
96141912,20170
96149559,6854
96153523,14687
96159410,421
96169011,9453
96191941,26912
96220854,3305
96222962,26393
96223386,13744
96231179,3582
96236927,28051
96245996,28691
96265195,21935
96270504,28264
96288240,26401
96290094,23805
96297872,32175
96316821,8049
96348610,7757
96384310,23204
96402911,25721
96431670,6732
96455051,28904
96473900,24936
96486027,6749
96507140,25762
96525751,14051
96537827,5537
96552820,11775
96553490,25966
96555234,14025
96561233,29315
96581705,23489
96618973,23545
96627615,13043
96647181,28067
96650785,13430
96667923,6014
96670479,13694
96709479,18009
96741716,14217
96742264,625
96742860,14053
96743321,3321
96743354,29311
96754091,28126
96758599,18738
96772138,24083
96774881,29522
96792039,28948
96793504,19634
96795508,6746
96797139,9063
96810572,10284
96818940,629
96824151,29229
96832000,19514
96833664,8065
96838814,4408
96842053,27226
96877438,8578
96882273,4579
96885835,9847
96897686,10082
96903223,7986
96905666,19644
96939975,28911
96943595,25168
96964625,7308
96970051,25068
96975980,5231
96993492,4075
96995548,14162
97027096,13793
97035606,12137
97045454,16371
97076792,14164
97084495,21939
97097223,26404
97101950,33320
97108969,32002
97113842,14628
97121101,1221
97129758,10804
97156750,28820
97159363,29553
97167339,26955
97655291,4257
97802074,25017
98403409,10812
98627369,30122
98738650,6365
98817887,2226
99034140,11151
99400920,24530
99513664,15542
99691790,15477
99810314,12876
99864006,10811
99882522,369
100099289,24531
100362630,31272
100662683,21110
100862775,12946
100915408,14912
101066450,10813
101331153,28092
101389802,11184
101453704,3658
101497784,25230
101591536,14386
101653684,14385
101940608,14387
101978767,12975
102200003,31797
102447561,23732
103288718,3552
103454834,10795
103484108,29193
103614442,30057
104335794,11213
104910765,27711
105351250,7611
105908387,25000
105956661,13311
106344415,5553
106390053,26301
106658152,10319
106707385,25230
106755556,24523
106972789,20952
107297455,18238
107428497,28387
107635907,31309
107829018,31804
108494493,439
108545701,20216
108559231,29202
108567306,29122
108588222,29353
108595450,29354
108598116,28043
108604494,29198
108684547,17665
108714169,27792
108718077,27491
108725475,29377
108727628,18289
108741856,29396
108765458,30484
108773408,22804
108800282,29140
108811044,29361
108828205,31674
108828448,11925
108829182,14835
108834597,29373
108842844,29203
108867353,5808
108890603,20557
108894979,11921
108916218,3876
108927754,29119
108928907,27793
108938937,28729
108959345,33179
108967848,19911
108973178,30184
109000113,11831
109023725,29355
109041031,30330
109067789,28425
109071683,25548
109123552,16390
109138876,3801
109148187,9259
109157175,27471
109157730,12806
109160620,8873
109170832,9799
109182946,3867
109206192,341
109212443,9624
109212478,2304
109241944,29360
109252085,10699
109255728,29363
109276670,6107
109278651,27252
109303430,29356
109329704,30625
109390402,20645
109477650,849
109505395,29652
109518724,9215
109551970,5239
109568374,22805
109671821,27796
109688727,1489
109724285,26966
109725297,32074
109733151,16456
109779570,29444
109795842,11513
109816685,26787
109862060,20239
109866522,29357
109868676,30460
109881063,9794
109882955,6108
109928432,6109
109992377,17064
110025558,29358
110049268,30710
110103138,9774
110109246,9260
110115302,18337
110125443,25917
110134684,11800
110142954,29333
110253792,30370
110263061,11792
110292270,28430
110348951,11559
110357401,31693
110389477,16298
110484517,27799
110521475,11598
110550987,30711
110553321,5896
110568898,17896
110620457,3868
110639920,26272
110649204,3869
110659623,23121
110669827,9582
110697827,12436
110701528,12698
110784567,30916
110790215,28440
110813863,14131
110825461,13037
110853305,26953
110889558,6881
110910631,13272
110970670,30485
110975963,11834
110976442,7381
110980143,6152
111003145,14898
111066476,11842
111123873,3661
111234640,26245
111251012,11920
111299364,29374
111328393,10810
111363326,27816
111413051,3829
111433707,29334
111437698,16212
111464342,14844
111529819,1303
111602501,6097
111603422,19924
111697993,20967
111701857,3655
111710672,6630
111785795,14886
111809019,31948
111823318,26613
111850845,6725
111863697,27797
111922455,11755
111922468,10207
111969653,29800
112020483,9795
112042496,11837
112058396,26794
112070228,27781
112100259,18405
112114559,21878
112227345,19507
112283742,22806
112296566,20551
112445556,18408
112454592,6110
112480830,29359
112486149,29121
112556922,3998
112560458,13057
112566011,3654
112571833,2750
112584131,4836
112590343,9811
112590874,2959
112592617,5495
112614603,17693
112635900,28429
112659408,11923
112669597,23810
112762266,6101
112851847,6103
112922931,11010
113026429,11339
113030762,13459
113044731,28443
113054469,13892
113057829,25941
113063309,20817
113094975,28149
113117818,19958
113140827,3580
113281712,27230
113291935,28044
113305418,11799
113306467,29362
113378731,8563
113443908,28445
113465954,1558
113469966,11931
113597044,20471
113625380,15933
113631794,11919
113660772,7019
113858885,3918
113868271,27684
113908969,12502
113930518,3914
113931059,10251
113980713,1309
114021127,20468
114080215,3943
114127295,31290
114127860,27683
114184554,27687
114246297,3919
114248524,7020
114289351,135
114350455,5085
114352334,26460
114354796,6022
114407412,32497
114462381,28089
114526951,23226
114588508,2679
114659548,2680
114733961,6153
114795420,3909
114808006,3906
114823401,14855
114875581,13647
114880062,8760
114899928,2503
115048384,5298
115054388,26197
115179119,5110
115199898,22034
115293893,3004
115317873,21287
115338659,1519
115343107,5029
115355939,342
115406676,5348
115482863,5347
115552092,12154
115556798,9291
115559404,21637
115565045,18500
115566942,7754
115593279,14281
115593637,2417
115594505,7630
115595447,13915
115596456,12205
115608999,2414
115609045,9289
115626249,24713
115637857,29865
115644746,9375
115645343,11212
115657179,9278
115664475,12437
115705480,9376
115720484,28382
115746516,4191
115751394,22310
115768312,3933
115787988,12212
115814743,14264
115815316,567
115832409,6155
115833406,30169
115850666,9290
115850970,12148
115886550,11306
115888091,25041
115906139,12216
115962643,19129
115985403,24944
115996834,12680
115999213,561
116001314,30781
116022775,2382
116039855,4899
116052007,958
116053216,13065
116075190,13239
116092209,15537
116107694,15536
116120180,13290
116122424,13273
116133052,5136
116151985,4264
116161723,19130
116162453,7753
116168605,1657
116181903,18049
116196355,27162
116207760,1432
116234547,27902
116280538,28010
116283568,11195
116302458,27157
116310125,4033
116323372,26764
116353738,15812
116423867,3880
116453546,10051
116462027,1109
116463217,8996
116465846,10788
116485325,14202
116508149,3518
116524718,760
116561920,33291
116570731,29969
116579218,2864
116598889,27732
116666401,10839
116676303,14193
116692021,15195
116708383,1890
116709356,24691
116719306,10281
116750708,13854
116832553,27158
116911165,4040
116917974,30849
116926199,32241
117045088,2539
117051686,5624
117058606,10563
117066684,12634
117106165,25187
117182802,25180
117227594,4442
117334656,29734
117372632,14257
117449705,14261
117538896,10565
117615212,14269
117663689,1632
117698551,5594
117717710,31812
117763298,929
117780061,28373
117786688,3254
117865428,930
117939955,18571
117949161,3147
117985666,18350
117999343,31698
118013676,19760
118020295,25729
118055534,32422
118059953,30050
118080352,18571
118092965,32184
118138583,29878
118153762,12882
118154188,28636
118155675,761
118171601,28634
118173746,16211
118178683,24716
118185248,17332
118187953,26854
118188078,24707
118188782,22435
118197104,22359
118207275,26847
118211775,26942
118213603,28517
118236752,28639
118255160,29428
118255329,24084
118259265,22444
118295329,29881
118301139,14755
118315497,10160
118316220,25015
118316550,12884
118322685,33290
118329866,24082
118333935,30624
118356151,29216
118357241,19494
118359835,22434
118370736,14995
118373527,32130
118381747,28511
118430664,9906
118438969,28510
118442377,28977
118448484,29191
118451718,26604
118453764,25817
118455249,5929
118475896,28514
118488541,18555
118489522,10564
118495085,24290
118530027,20251
118539029,32866
118594823,11218
118605646,29913
118619279,6472
118624097,25341
118627945,32605
118631890,26994
118639350,8331
118655318,28951
118679281,26923
118684628,33297
118691342,18554
118703799,32103
118708364,28897
118729074,26924
118730557,26995
118736934,29905
118741040,30070
118752892,33298
118757199,25340
118775646,6474
118795055,26925
118798909,6473
118811457,32606
118811755,12415
118821226,26813
118842473,6475
118847540,6476
118858855,27948
118867782,5045
118891082,28952
118893995,28038
118906786,20146
118913890,13813
118920304,19496
118931804,22457
118959676,29608
119039150,14353
119056266,19497
119056858,4952
119080614,4968
119082994,11473
119110145,270
119194108,19533
119196737,16617
119242024,12696
119287562,14024
119347054,18642
119371715,11930
119420269,12155
119431730,12574
119437043,30615
119469749,1083
119605750,9170
119628268,13825
120727295,7154
120866511,5652
121109363,13888
121995379,32138
122019798,8637
122025051,8644
122042327,16172
122092063,27539
122140333,25660
122146913,8637
122157314,25663
122182192,25656
122308193,9934
122469215,25664
122543235,8641
122545846,11927
122586899,25655
122626651,12146
122653479,8640
122747277,25659
122790693,31686
122808751,8641
122881325,25649
122936596,6410
122947549,23790
122962103,31195
122975558,322
123020346,325
123022811,3505
123088327,11146
123136653,5637
123165317,2668
123214734,4438
123264187,4237
123293914,164
123298934,6411
123305669,29381
123307520,12058
123326038,29370
123398516,1002
123404418,4252
123429924,4243
123463270,4396
123471260,19455
123493637,13575
123509354,26614
123551656,4958
123622766,28330
123627466,6536
123637764,27524
123658630,4236
123665927,1671
123682768,29416
123688215,3499
123697365,22275
123698668,326
123787678,2340
123822568,321
123830078,23207
123846329,2341
123977194,8643
124049046,27523
124137087,6722
124168500,11143
124194316,23060
124232069,166
124332321,4565
124364261,22176
124381526,3500
124448189,3503
124468167,324
124479222,12057
124482603,2667
124508319,2674
124510445,8642
124535420,29379
124564840,13576
124642764,6414
124665018,2339
124683401,29372
124684571,6406
124703523,5636
124721498,33146
124733378,25791
124735191,26015
124736171,24638
124738359,32178
124755037,14638
124757038,28811
124758986,32099
124766534,28624
124767119,32546
124771461,14867
124771647,21415
124783922,24650
124790617,33057
124800186,27039
124802509,15662
124804556,29278
124807672,30072
124821966,30209
124828371,26016
124829665,24640
124836957,29274
124837210,25844
124840594,33231
124851217,21418
124875458,25831
124878154,32405
124883121,32179
124885686,28719
124899979,11241
124902651,32177
124909336,14646
124910029,33057
124924451,28809
124933167,18236
124951085,32227
124951363,14749
124959380,21419
124967864,21425
124967895,27276
124972975,32820
124975226,26648
124976222,27046
124979916,29269
124983636,27400
124993496,26016
124995218,21423
124997520,27041
125004881,21427
125009472,24628
125012845,32820
125018785,27039
125023629,32506
125023886,24637
125024391,21414
125026454,26503
125034051,27862
125037618,27045
125044883,21420
125046471,28623
125047717,27048
125055481,18234
125059774,21426
125065453,9842
125077799,32647
125077895,28233
125092204,2779
125094010,29465
125105046,7919
125127685,24631
125133583,26651
125133660,32539
125133946,7618
125136340,13979
125137450,32294
125145212,26631
125147559,32300
125149321,26630
125150976,24630
125154610,32531
125158605,29279
125161593,26637
125166679,15662
125167853,28233
125184066,32489
125185683,21421
125187100,28818
125192894,21426
125199371,25070
125199561,32227
125201048,24638
125201319,19307
125204056,33235
125205101,26629
125206508,26644
125207158,16262
125223539,28812
125226518,15666
125233104,15665
125238958,21413
125239194,14751
125239985,33315
125243161,26655
125249055,26638
125256306,26642
125257333,27048
125261972,32889
125262874,27400
125267583,33315
125272407,17663
125276958,27276
125285576,9756
125291815,32506
125294301,25358
125297589,15729
125297659,12206
125302294,13725
125308576,26639
125310768,26658
125313199,30128
125327653,1001
125328338,21424
125330265,13980
125331540,16262
125332566,21417
125334575,15276
125338979,21410
125339038,32278
125342983,32546
125345346,9930
125349310,25359
125351050,25421
125351693,15668
125354023,29275
125357763,12207
125371629,15663
125373229,26194
125396865,33234
125401836,30345
125409794,18234
125410948,32524
125416070,15669
125420052,24637
125421665,15667
125425176,24644
125450822,28233
125456428,17663
125457175,12206
125460122,15664
125467362,3881
125467661,7966
125468945,16262
125471907,32977
125474068,28625
125474118,26633
125476472,28048
125476813,18236
125477429,26634
125483743,32704
125494227,2568
125508007,16262
125509776,27192
125514183,21416
125647071,25558
125695295,26275
125711956,23894
126101492,16170
126372285,28233
127052123,7038
127349815,18661
127466525,26641
127783276,28160
128164366,4600
128289406,16716
128305309,279
128672223,1548
128831667,19755
128938975,29280
129330450,26632
130232392,21422
130658993,475
130754415,15678
130791199,33274
130813947,7270
130816715,32252
130827821,26014
130835771,26368
130849123,27282
130852714,12828
130875249,29271
130909100,5327
130968211,29780
130974635,31613
131009828,27038
131074372,29237
131139321,3264
131208285,19306
131234829,154
131249905,29645
131272845,6636
131344807,26354
131358450,18811
131408451,27046
131409710,27048
131456193,26352
131468850,24486
131500435,9262
131545134,21282
131584883,27046
131699161,16537
131711326,25675
131739300,13099
131755140,12966
131759362,13674
131789988,25274
131800111,27598
131801065,15053
131835557,16246
131921809,32547
131946302,29807
132019772,26162
132042445,2244
132076681,32361
132077459,32362
132189632,26161
132287246,26471
132304719,10400
132490166,25008
132541860,10041
132640292,28804
132752100,11955
132790773,16068
132838288,1804
132873538,27345
132914222,11946
132954283,9325
132962370,27653
132990485,8921
133000768,18501
133001448,10008
133011477,28289
133045484,1120
133048047,1805
133070839,20826
133162458,29487
133222617,18720
133339149,9307
133351251,31077
133386164,25416
133414171,29170
133416036,25144
133421881,13814
133449934,23672
133464183,14645
133473653,31124
133518939,27272
133563340,33038
133567258,5978
133587001,15773
133598543,25977
133603309,24664
133618564,29188
133637152,26559
133643782,15061
133675210,25989
133746921,32502
133847593,26556
133894555,24719
133905089,1587
133910293,20480
133910326,25991
133929792,5731
133929992,17298
133935953,5979
133955397,29851
133977239,25986
133985501,12059
133989141,25814
134003211,32174
134028084,29843
134036112,13047
134093804,5729
134133934,32372
134146782,25804
134218590,7447
134225429,11474
134254074,26320
134271162,8621
134334626,29201
134335289,750
134360050,8597
134373080,8608
134374056,32363
134413876,4688
134458328,7742
134499933,925
134531166,5300
134537344,9366
134539741,8315
134562450,1810
134571292,16361
134580484,26195
134602622,10645
134603271,1811
134624988,10642
134636879,8314
134710411,9524
134748735,1808
134769811,1807
134816737,20169
134832405,25473
134889106,1809
134894496,29967
134947743,29970
134953649,30084
134989706,19407
134999678,1806
135069847,30179
135099404,20572
135101589,19280
135114779,26623
135165239,23572
135177447,12137
135180886,31099
135198932,2390
135237126,32769
135322170,31097
135370004,33296
135425684,21918
135495274,33295
135507779,16334
135585668,30914
135665992,30178
135706733,8611
135721904,30913
135735314,13866
135900578,19045
135902794,23682
135964453,8626
135972589,12146
135992756,2472
136003224,8600
136041956,8612
136048594,19957
136080226,29399
136089262,31634
136095982,1976
136096820,8627
136099997,17063
136110245,8613
136113164,26779
136133780,1958
136150459,8614
136177910,12753
136187388,2818
136195784,20459
136205740,454
136279660,2820
136299933,24843
136325228,21600
136458725,1824
136489134,1825
136513867,28982
136525004,2819
136581831,13183
136644167,20499
136708055,19956
136768191,2471
136771303,3571
136918490,548
136953995,16364
136966225,21429
137088061,30977
137161509,846
137179833,21430
137343881,24330
137447469,13466
137478963,20957
137621579,26497
137661599,7127
137676588,29064
137738897,12500
137753664,3263
137766440,4917
137841529,4916
137851790,8601
137867719,32282
138046622,7185
138060177,30647
138096134,26495
138168327,24953
138205166,32703
138276468,17546
138326906,25358
138370960,28811
138372190,28812
138410544,33077
138442614,11892
138544246,32253
138550932,1923
138555449,9438
138556109,30521
138637690,11436
138647154,3439
138701548,32737
138751095,710
138797560,4621
138827473,33033
138846917,28017
138872300,10010
138892799,2631
138894305,23296
138956078,28233
139011685,32702
139218596,3896
139231868,27946
139467404,24637
139532899,3850
139585512,20345
139629724,26015
139641015,5352
139666197,2088
139668023,5346
139680275,2091
139682949,27039
139727951,28345
139730965,3419
139733231,24628
139750216,28180
139757156,31329
139776554,22693
139777674,1020
139788823,29266
139811245,7152
139889838,32247
139901036,27740
139914588,7184
139932627,4331
139989867,17255
140009664,5353
140028646,27039
140054649,24809
140100983,332
140101223,28703
140111961,29735
140113853,30740
140131016,25178
140136679,28704
140208760,29273
140261187,25283
140277775,24645
140289035,24650
140291898,10650
140309065,24636
140340399,24642
140341447,26195
140360611,24646
140365887,24644
140365991,32102
140418235,24642
140431560,24631
140504442,24636
140584540,24644
140590781,25283
140617194,4769
140721239,15625
140726960,15627
140730722,29481
140738576,15628
140809084,15629
140850519,15245
140857116,15626
140880643,7827
140910061,29482
140976594,19596
141021111,6974
141155625,712
141157263,31665
141207667,32024
141243786,19595
141246666,14008
141273393,13968
141282476,31535
141304251,24085
141307879,27371
141319312,29427
141324942,27928
141365406,30351
141420889,17441
141444901,16446
141474638,7039
141516648,1530
141521223,3064
141603755,13547
141698532,28233
141722846,30944
141736493,20559
141751264,26016
141754900,28233
141757418,15022
141776039,28432
141780784,30854
141787598,26016
141833182,19867
141840798,27249
141863285,30049
141884479,16171
141916071,31807
142133689,22407
142161077,18266
142228962,20032
142265416,19408
142338675,11793
142346336,28321
142414619,25670
142447287,29629
142466764,16739
142492241,32826
142506947,12033
142553421,12034
142616084,33148
142667997,26195
142678883,7539
142710007,15904
142713825,2242
142716308,28438
142722580,26491
142761160,8603
142815806,14184
142846048,15007
142868957,25586
142882690,8615
142957636,6453
143060049,17176
143070993,10306
143076453,286
143166760,18280
143186669,13654
143187058,27485
143192677,11415
143236841,10652
143237357,11468
143239125,11466
143257260,11465
143275488,31398
143282392,4387
143303325,19866
143363416,12707
143382574,11524
143441192,7827
143464843,9990
143477106,127
143494370,6531
143513794,9931
143565378,20384
143570345,10469
143602796,9523
143619212,28386
143628387,14196
143636456,24942
143644700,21270
143646134,4420
143670527,28063
143699604,21269
143702471,30127
143717332,5584
143744944,23250
143758423,12616
143832515,11656
143839764,3947
143842697,18194
143855392,12584
143887981,2594
143895136,12754
143899328,12755
143911877,28233
143916256,12930
143961835,2592
143966570,16807
143976951,6592
143979983,6590
144003820,14332
144003970,1316
144046570,12060
144116786,926
144135079,1315
144156234,27726
144169641,31998
144233309,28731
144273250,2233
144279936,26504
144292671,26509
144329495,26601
144394052,30245
144443861,8624
144445389,31126
144462029,28233
144467399,8602
144484939,5313
144509277,11191
144513025,17690
144531134,15456
144557870,20842
144574435,11192
144590384,26195
144750547,29406
144757500,29449
144966792,21251
144988228,14455
145043422,27128
145127391,19983
145130674,33201
145209229,32188
145215432,27737
145288435,6020
145302757,8609
145316749,25075
145318251,32558
145341573,24638
145346419,14077
145387298,2078
145398693,29477
145413026,29475
145413913,24638
145433681,22715
145442266,12209
145483335,27997
145512365,14221
145533823,26234
145554878,26906
145555090,24610
145587574,2052
145606399,28283
145621838,21236
145629095,28280
145634976,26229
145639560,24611
145646535,26233
145670134,25962
145681614,28282
145688550,26235
145723333,3656
145745109,28278
145746095,2266
145748211,28279
145754202,28277
145762925,26231
145775939,26122
145778438,26901
145810378,6223
145814372,10822
145833152,12598
145850411,17927
145887335,9816
145923030,26418
145946634,30462
145975212,13960
145985719,30461
145988315,11959
146009766,30774
146048749,19985
146056867,30291
146062050,6220
146102220,10011
146176008,19263
146231208,29538
146240489,404
146278301,31400
146344928,4431
146424679,31124
146468476,12718
146487916,2387
146569918,31401
146596407,1292
146599411,26195
146612944,10096
146638899,25270
146650616,8616
146736465,12617
146757339,14447
146784240,31643
146790902,19410
146809146,32479
146833844,24027
146839579,20803
146860681,14197
146873810,31940
146890227,17660
146901070,31245
147158214,386
147222796,11727
147284824,24943
147343943,26428
147350658,28233
147364275,28809
147413445,31399
147427189,27276
147449665,24324
147464637,25832
147493432,27276
147503884,11596
147517261,872
147546114,28623
147546443,29744
147574834,25832
147579610,26195
147593894,21958
147628141,28626
147649508,27405
147716224,27402
147730374,30918
147734960,12931
147780061,28627
147889643,5294
147901501,13526
147947181,5732
147949222,8893
148179754,10740
148191362,2986
148193506,19989
148197709,18146
148213845,3968
148219061,2543
148253919,3950
148272663,18147
148285281,29476
148295360,11684
148295506,2542
148320751,29478
148358287,25791
148433191,33204
148461451,10741
148522693,23750
148590655,29196
148625620,29900
148656904,29836
148664186,26695
148708050,23748
148781192,2831
148854659,21484
148876601,13278
148925347,14378
148972191,12883
148992929,27276
149001522,27276
149016735,16501
149066828,26195
149143914,5468
149315012,11673
149322281,27370
149325957,16419
149334407,32604
149346802,16502
149367285,29462
149369583,23863
149377831,16634
149389938,16639
149391887,22055
149395051,27372
149398494,32744
149420271,19977
149431084,25825
149438543,33112
149438950,27371
149479180,16638
149479729,25582
149481949,16402
149487081,25585
149488660,2699
149513062,3967
149544351,32285
149544761,27288
149567334,28529
149662403,9573
149685421,510
149710627,7931
149772661,31094
149830868,8714
149863315,19093
149869026,19830
149871169,17559
149878007,19830
149881183,17074
149898636,18577
149898651,17074
149907509,21371
149914214,16052
149916376,21373
149917929,22584
149922526,17560
149923015,19093
149924001,22613
149928237,17553
149939446,20235
149947722,21737
149954998,17555
149956444,21373
149959644,18575
149960719,21738
149975190,17555
149975662,24428
149981217,17159
149985748,213
149986096,18577
149990135,21394
149994998,17075
150001031,21398
150003797,17554
150004479,23622
150007077,19090
150009237,23623
150010434,21403
150012638,18575
150015492,17561
150019445,21399
150020214,21400
150021925,21373
150023577,22613
150023689,16052
150026305,19090
150027174,13441
150033746,23623
150038992,22334
150052752,12197
150055268,30110
150060132,22584
150062175,26503
150063250,22615
150069223,21739
150074586,17553
150077829,19090
150083251,21395
150084844,21373
150087361,21401
150087470,27424
150087825,19090
150089308,21402
150094752,22611
150098058,22886
150100179,21396
150104986,22584
150106939,22070
150109061,21372
150112099,21373
150112177,17159
150112949,21397
150113373,27798
150113693,19723
150114200,18577
150114793,22069
150121346,19093
150122275,17074
150122551,12602
150171442,6993
150186525,11248
150199692,10280
150217478,12978
150225837,6995
150247183,25453
150280020,2303
150285401,12162
150288768,12229
150293627,7001
150302935,8753
150331806,7693
150366948,28287
150398600,30904
150450501,4398
150603346,746
150619263,1859
150633798,7600
150649589,19131
150714346,10734
150802922,28291
150834546,9666
150869815,9741
150880279,9667
150944640,32523
151001741,24744
151043354,26656
151065330,32142
151071237,32163
151091422,26908
151120097,25561
151153833,19093
151197991,22613
151216178,21398
151225261,17159
151259097,32204
151286189,21403
151323667,21403
151328801,17562
151330663,25369
151346257,19282
151361452,32894
151384103,19294
151406123,22576
151406531,16052
151409936,20235
151445675,27790
151452961,4491
151470733,19282
151498083,17104
151499046,21740
151507555,2276
151518234,17553
151523630,27832
151523645,19090
151533718,7907
151575934,19858
151581705,26289
151614964,12587
151619194,12589
151631128,26288
151633077,28291
151634485,11786
151650070,21571
151665227,377
151746737,12590
151750249,12588
151775857,26196
151783349,13006
151913786,27602
151916331,27794
151926672,2784
151941875,27976
151945382,2632
151947972,19452
152008422,12484
152008826,24170
152045764,24169
152049702,3017
152127034,2783
152139931,13307
152167822,2776
152170426,438
152180861,13308
152211073,7577
152231264,27047
152234374,27049
152234499,14079
152258335,16076
152266196,14220
152268934,12021
152324609,934
152333162,27047
152361737,31949
152364410,12511
152398295,6005
152418609,2803
152443566,7122
152481492,8203
152526392,2827
152561765,7676
152612690,22406
152640741,6456
152648899,18727
152652900,1656
152653792,7811
152654584,31038
152655464,638
152658579,28623
152658592,24634
152685511,31033
152698259,12581
152727624,10508
152815114,11171
152838906,2338
152842873,546
152852743,32210
152859014,8084
152913491,24634
152915413,26422
152922703,5756
152994534,24517
152996558,32989
153066584,3744
153079824,4490
153092512,24919
153100158,7812
153149808,6003
153176296,30949
153248402,28210
153253865,9046
153293726,3359
153295413,23551
153309819,6042
153361063,28702
153387762,24621
153405554,32739
153429386,16835
153504185,3797
153516554,7801
153551939,5328
153554887,13379
153556962,13388
153608731,20143
153647586,17221
153648682,3332
153649034,26578
153656632,1721
153657523,2231
153695825,2232
153703080,9047
153717421,23811
153735843,10509
153741884,1715
153775138,8683
153806029,2236
153841186,10851
153844301,6028
153846279,13649
153846689,7802
153863292,27263
153883552,7813
153886059,8690
153890121,2235
153894288,3331
153898876,9522
153903264,11746
153931811,2234
153941810,13384
153969840,10907
153976005,7807
154004364,32189
154018481,5240
154036234,19988
154043957,13390
154047050,3798
154064656,7671
154124438,10785
154138930,2925
154165451,25915
154179972,2381
154195806,10899
154235917,12053
154256020,2923
154260227,20843
154277199,10626
154301808,2380
154339645,1123
154370050,27656
154370563,8684
154375529,29037
154381796,13664
154385053,10786
154405206,33005
154406326,12813
154418473,14216
154473418,12814
154543180,9682
154623352,13592
154625452,23562
154636429,7553
154666179,28046
154676453,7274
154681601,24953
154685379,3908
154688796,10045
154705524,13633
154718320,3907
154726229,23560
154727095,2392
154750321,11685
154755953,7276
154758419,7278
154768106,32583
154790773,3910
154833054,28442
154836337,9417
154864507,9091
154897941,25725
154904357,26839
154937538,16728
154983661,16185
155011443,6448
155017844,24623
155057066,10510
155207272,30570
155207660,26195
155214349,16918
155219574,5308
155223397,16915
155242756,29061
155259899,30571
155261106,29071
155279470,5309
155284510,22776
155292159,5310
155310705,8741
155314640,1243
155326591,5304
155339157,26195
155341699,5306
155377021,30572
155382919,5307
155385118,3793
155389095,8162
155398956,25462
155400312,5305
155400630,8330
155470317,13380
155498475,22375
155634688,11152
155656121,1033
155670930,8681
155722550,10470
155744955,11570
155754817,23800
155773554,13991
155818905,17764
155871360,3790
155911481,17765
155931895,2106
155941522,26171
155944751,11734
155985490,5086
155992771,18628
155997401,12110
156004452,28233
156090066,2278
156096974,17763
156137601,26656
156160031,7173
156165672,26172
156213529,8160
156221157,28233
156224310,18626
156241442,30196
156247411,30195
156247960,30298
156289363,27401
156315470,22123
156318180,20157
156320252,15561
156343079,30197
156344553,26904
156347110,11525
156358209,31145
156385592,5930
156392011,20892
156397227,11686
156435623,1943
156448829,7599
156456115,24976
156572104,12845
156591220,2884
156591517,26978
156596541,2149
156606775,28439
156705329,24981
156706451,12670
156761022,23461
156773164,6027
156787231,12748
156984595,13442
157016196,29461
157020954,26654
157034321,9885
157055514,29468
157190974,18812
157218952,15924
157220690,21488
157319176,5901
157327608,13489
157330444,7174
157332516,21600
157334946,32530
157383132,15259
157409671,26312
157514676,11944
157547093,25952
157572578,27041
157651677,24983
157661888,26195
157710631,24986
157719847,15518
157736412,25128
157789815,25128
157803344,26195
157839944,26195
157872054,15355
157874782,26195
157882449,22363
157922402,18169
157937274,7895
157997575,26986
158006697,27774
158009099,10406
158010904,12304
158016596,7691
158033770,12238
158035140,4683
158037175,7000
158038316,3583
158050794,31130
158063103,12441
158087794,24637
158088352,14370
158131703,26015
158134806,11700
158139628,7898
158147324,26549
158155602,11351
158164913,11699
158167626,10664
158170496,10693
158172003,8324
158173922,11872
158182730,24635
158187910,11870
158196210,3813
158202663,10703
158231636,6978
158234732,6996
158239422,26724
158246715,6904
158279700,8321
158297902,21961
158318923,14015
158322626,9034
158330358,4805
158367069,12088
158368881,31128
158374228,11250
158444022,26817
158485725,32890
158509811,61
158514097,5683
158534900,13957
158616273,2677
158727029,4957
158775976,5680
158795829,12303
158828252,4505
158867450,23989
158893141,9293
158926630,4492
158997872,14514
159010358,9339
159028493,24691
159029653,12571
159068614,6980
159106142,12572
159117892,5686
159138947,6721
159140551,2379
159149654,12573
159186295,4493
159218985,23624
159220193,18677
159222481,22752
159230643,14461
159231941,14489
159233151,20932
159237771,14651
159239724,23241
159239874,19283
159240450,17581
159243209,23255
159243817,23263
159244382,16204
159245559,19834
159245984,21989
159247588,21434
159253138,31920
159253708,19088
159253763,16067
159254319,22616
159255547,20159
159257882,31001
159259393,16206
159260756,22550
159261860,23236
159262235,21835
159263247,14974
159263258,21819
159265058,6303
159266339,15568
159266525,22749
159274047,16824
159275358,22537
159277619,18679
159281793,20207
159284974,16665
159290205,21316
159290890,2252
159297962,21169
159300548,23925
159304139,32030
159311133,23114
159311772,24629
159312141,16066
159314867,23376
159317779,17352
159319185,21978
159322245,31761
159322381,24525
159324241,246
159328990,19832
159329968,2279
159330661,19287
159330663,18682
159334533,18603
159337165,32026
159338383,21815
159339176,17899
159339631,1959
159340496,23112
159341114,19863
159342273,15659
159343141,15105
159343160,7197
159343337,17415
159345139,16207
159353750,29863
159357099,14465
159360234,23163
159361796,19859
159362525,19833
159370572,4391
159375480,3945
159376415,17076
159377658,14471
159378376,19299
159380847,22751
159381577,22452
159386711,23768
159388641,23374
159389472,22535
159396444,16065
159402677,19298
159402882,14466
159408006,16609
159412309,19832
159412596,18730
159413897,19086
159414079,16911
159417919,23381
159417927,23233
159420056,18731
159425915,21816
159427691,22748
159429026,19296
159429941,23762
159435343,16208
159435409,22148
159435603,18607
159436583,17160
159437707,16077
159438147,16059
159441487,23563
159441500,23235
159441562,17342
159445461,23223
159446369,22152
159449556,16668
159454713,15413
159461158,16452
159461890,32027
159462677,21576
159463722,30810
159464173,16287
159466142,18683
159468199,17078
159468782,14862
159469006,17898
159469794,31202
159470861,19085
159473226,30030
159473330,6426
159474419,18676
159474648,25437
159475624,16078
159476377,32028
159477132,16450
159477835,20578
159479963,21826
159481723,7192
159486230,15653
159488255,17556
159488605,18612
159495303,20651
159496757,15577
159497659,19024
159502013,21168
159502076,16661
159502359,20343
159504063,7191
159504372,19836
159504629,14463
159504928,19291
159507909,31436
159507920,15778
159508943,31845
159512273,31000
159512369,16447
159513479,31003
159513606,18313
159513815,19853
159515537,31760
159517411,20086
159522938,19857
159524355,14464
159527895,22548
159528787,2253
159530177,17426
159530820,23239
159532706,7189
159533084,16662
159539335,15577
159541811,15652
159544339,17901
159546618,14975
159549859,23234
159550954,15749
159552217,21798
159554165,7027
159555684,16657
159565307,18174
159566953,19323
159567177,30843
159567200,23379
159573451,30490
159574371,16205
159575075,23380
159575578,18425
159576824,15008
159577374,21170
159578177,24075
159578391,19292
159580366,15914
159582853,19819
159587063,5195
159588557,23169
159596349,30031
159597438,19599
159597954,23756
159599206,32029
159601653,7028
159606785,5197
159607833,32010
159610378,22134
159613160,21967
159615820,20086
159616923,23301
159622505,23240
159625094,15574
159625341,19289
159625667,23771
159626808,23231
159628257,18610
159628392,17071
159633665,3944
159635971,7026
159636271,24637
159650129,31762
159650909,21067
159651344,17889
159651855,24526
159652108,16203
159655330,20930
159657702,23318
159658180,24647
159659863,22756
159660916,7195
159661156,31501
159663581,22755
159663642,16825
159663849,17340
159664675,16058
159667486,20381
159668127,2952
159668413,20241
159672689,7025
159678344,18728
159680015,21133
159683510,7193
159683528,21325
159685537,22746
159687962,23232
159689962,23167
159690241,16338
159690916,24198
159692508,245
159692652,6843
159695680,18161
159696823,22747
159696829,17351
159697868,2280
159700355,16666
159700860,247
159705002,23256
159706437,22466
159706582,7196
159711245,31004
159713030,23220
159716502,17346
159717833,23160
159718081,23164
159719579,18576
159727269,23382
159732298,19505
159732732,15742
159733118,19091
159734553,22750
159735810,16209
159736419,16449
159736523,16054
159738751,5196
159740080,15575
159743212,244
159744552,21830
159755293,18819
159755420,22754
159758657,20195
159761569,22538
159762726,14780
159764193,23316
159766816,17545
159774491,23238
159775154,18733
159775749,16607
159777669,16660
159780555,19745
159782205,19213
159782452,18820
159783514,30815
159787880,16607
159793203,23373
159794136,23759
159795768,15455
159796290,7190
159796469,23378
159797549,5194
159798045,18310
159799078,21195
159799233,23247
159801136,23162
159813009,248
159815344,23375
159815812,16443
159819474,21965
159819682,19831
159821829,7029
159823946,21975
159824733,20242
159824895,18134
159826621,19295
159827667,23237
159830405,16667
159831990,21800
159833093,16663
159839038,21963
159841966,18820
159843580,23377
159844515,21823
159845521,22753
159849206,18713
159851393,18133
159854794,17062
159858894,19215
159863161,16664
159863736,22158
159865123,21002
159867598,19202
159897691,17347
159903195,16443
159911675,31825
159915052,24199
159957918,30288
159964530,22553
159971152,17893
159973551,17427
159985478,17348
159994252,31472
160006682,31514
160019436,16604
160032139,17891
160034904,22181
160044483,5839
160067373,16609
160118761,14473
160133906,6999
160136141,22254
160157811,31628
160177083,31956
160178081,7187
160203130,21025
160205138,27445
160257878,8373
160263719,31644
160378378,28180
160409062,597
160424360,27445
160455011,10127
160470937,20376
160474885,11584
160474966,17811
160476714,20841
160477471,20379
160496090,7350
160501561,11532
160509180,9487
160511785,10129
160514701,9495
160519080,10330
160523056,29797
160533881,10089
160554262,11581
160574673,27765
160580744,10279
160585891,27507
160598844,7361
160619708,10101
160621034,7351
160623274,11590
160634741,12276
160648952,20375
160651226,10126
160651480,9494
160655809,1690
160659737,11589
160663247,5136
160663690,6029
160668491,10558
160674432,10559
160681452,11536
160705204,7971
160706178,9488
160715629,27500
160715638,11583
160722770,11530
160729450,11582
160734475,10128
160737080,10102
160756353,9576
160780498,4411
160785927,7085
160789799,10103
160792012,1037
160799452,10135
160806708,27766
160811035,11533
160821643,11531
160822224,26195
160831382,11540
160839349,11335
160841480,10087
160843944,11565
160857109,11534
160875805,26195
160877596,10312
160898166,10111
160925641,8374
160945590,21472
160952924,28822
160970594,2391
161057507,2389
161067054,16063
161069363,21476
161089386,21473
161102709,28233
161158123,26072
161212337,21329
161225251,28389
161283112,26074
161291704,21479
161314167,1045
161330752,12198
161346286,13734
161392308,23924
161406223,6861
161409188,7364
161412814,24644
161427207,3168
161474483,24629
161499219,24630
161528301,25134
161566194,15441
161599005,32045
161622234,28233
161637586,17892
161638995,7365
161647444,24636
161719079,26478
161766382,7010
161889770,19028
161906645,12850
161951943,7011
161963075,10942
161965200,12210
162141530,1244
162179578,17597
162182511,8214
162300479,15909
162314151,11794
162321976,13263
162327064,29446
162427205,11853
162431937,28312
162445833,8359
162482353,337
162496890,9791
162498160,10638
162516255,24380
162539198,28757
162608594,26195
162627248,11688
162634330,29862
162656498,28233
162709542,22082
162750181,852
162776297,24944
162813321,18711
162843648,16832
162864872,21477
162907234,32484
162922824,25882
162932472,32618
162961040,32892
163003006,6045
163073447,32611
163088442,11395
163242010,30514
163378335,30368
163412161,24921
163467416,15213
163528229,26576
163657106,9447
163802731,9746
163812308,24274
163814033,5088
163852205,24069
163855296,9745
163862313,6997
163862932,30524
163903441,25634
163923163,6990
163928186,25706
163955052,25636
163990358,20261
163999737,32824
164006705,28064
164049808,9748
164053893,20259
164071325,4880
164110782,8938
164128872,4882
164130581,25635
164193756,28156
164222297,6994
164240899,11214
164298535,12030
164380236,10950
164415537,29479
164419167,11205
164430266,2675
164454005,27736
164455497,24685
164504792,1940
164536337,26704
164545260,6530
164566468,6550
164599937,24638
164611568,30032
164664313,6555
164664921,2814
164671199,24381
164671562,15357
164673442,23505
164733343,24638
164754950,14749
164883078,26195
164912232,12031
164913380,18776
164955923,30403
165062995,8376
165073067,27458
165075295,7628
165102181,27437
165116314,27433
165123902,10663
165127706,19245
165139635,24941
165191493,10662
165239750,17900
165253402,10662
165331418,19905
165335901,2941
165342672,2929
165342943,4174
165347079,2940
165357510,20210
165373767,4173
165377628,17430
165378833,18617
165391746,20209
165396648,12944
165398928,2934
165402861,8453
165412708,19904
165414843,19907
165433587,4171
165436645,20212
165436936,19909
165444351,2936
165456191,2933
165473292,2930
165475621,4164
165504016,2932
165506011,20211
165515367,23206
165557547,19909
165562069,2055
165568615,4167
165573712,4175
165602320,2937
165605309,2931
165605513,19908
165627760,2939
165631433,15753
165631538,17429
165633910,19906
165642515,2935
165647232,31802
165647379,2188
165653235,4166
165656746,2938
165682651,6434
165716239,6428
165724961,15656
165728239,15743
165762602,4419
165783191,10446
165789065,6432
165812020,3837
165812724,32198
165854876,6241
165877150,10448
165898029,5105
165916902,11932
165920366,6430
165945527,25374
165947243,13756
165951546,19855
165975090,7552
165987431,7535
165988405,14827
166012979,29762
166024930,14006
166037965,10653
166041303,9841
166062374,12926
166088621,13833
166107508,13829
166107861,13830
166130269,25331
166132676,13831
166142782,10694
166152536,27260
166177799,28291
166185272,13832
166210742,28291
166213594,7910
166226570,29453
166227017,10377
166261398,11564
166279882,27276
166288990,14021
166318669,18751
166346984,28788
166438608,16858
166455087,29763
166559987,459
166564681,15349
166594923,1113
166597608,460
166620815,31291
166626177,457
166631127,21977
166635450,25832
166644259,27402
166654124,3791
166661133,15348
166675398,21980
166677484,21980
166686989,458
166690401,32962
166697003,2708
166715244,15347
166732969,28628
166737142,15350
166741786,461
166776456,14019
166819991,7849
166868323,13181
166897370,27782
166899678,12300
166909551,9721
166937980,2942
166952110,9904
166968474,10378
167035429,2065
167114753,10685
167129676,26195
167146928,27783
167181058,17102
167236787,3654
167241422,20004
167252888,30739
167258907,3485
167265373,15630
167343319,23372
167352771,18693
167375834,4163
167380289,7791
167404534,31062
167433618,14334
167436566,29950
167451870,16340
167468180,17552
167489740,4169
167501212,31306
167511026,30453
167514134,24489
167514497,4172
167515579,27180
167522746,4165
167537187,24954
167549336,27276
167562601,4170
167580419,24755
167586996,1038
167603910,14597
167613687,31064
167653952,4168
167656077,7432
167657077,25439
167863185,30942
167870191,15048
167871862,31664
167896300,30102
168107227,23978
168113772,32256
168118920,32751
168143775,18402
168155665,23970
168242251,1082
168308200,24524
168335439,18401
168341811,529
168357057,24377
168362989,28291
168388185,11681
168418004,23138
168451825,13427
168471690,18397
168483601,13895
168520611,2712
168581500,28961
168602049,2711
168633401,31292
168658881,28810
168820247,17567
168822802,27405
168847030,19521
168866686,27405
168990393,20160
169016276,12780
169020789,9588
169054832,3360
169157696,16468
169176093,26635
169230505,28810
169237118,25137
169250502,19293
169290572,27216
169297359,14786
169299083,28462
169393587,8221
169395208,6761
169408820,26493
169414146,30482
169455003,2676
169506854,20856
169513510,15266
169613786,8993
169653198,27750
169693353,8985
169700674,8988
169773253,3167
169842125,8984
169986496,32719
170105119,32345
170268537,27165
170273871,32764
170283349,28186
170288017,2385
170291709,7774
170294082,13323
170303915,19736
170324815,2378
170330818,13324
170374584,13321
170403396,467
170403986,13318
170407579,24692
170431723,10198
170434291,465
170442076,28291
170477731,32761
170488296,33227
170503805,15729
170510553,13319
170559835,13322
170659656,26014
170802751,27644
170818787,3915
170822366,3234
170842130,3870
170861058,27273
170892961,26195
170948382,30706
170983197,31384
171001870,26359
171045043,4742
171048947,11922
171068535,30645
171075824,29053
171109217,10724
171139523,8516
171192708,26357
171198602,24482
171204687,29957
171211194,10080
171217426,25464
171225918,33228
171227233,32756
171256620,3086
171300146,28623
171311145,14125
171356257,12743
171384674,32455
171393534,32454
171413137,12815
171413885,32453
171452666,19744
171488262,24066
171495186,12735
171528079,26330
171545103,11478
171625063,9884
171679994,31803
171694620,32315
171694963,8692
171707325,5494
171770887,24634
171826314,16223
171910658,24634
171981612,27645
172020860,3847
172058963,9401
172075332,9395
172188165,9403
172521283,1296
172522204,13820
172727148,28674
172728899,25131
172728946,29072
172734795,28609
172742298,25685
172745213,29106
172749082,26218
172762524,25904
172790508,17257
172804841,17258
172807684,25903
172808356,25906
172832309,29018
172832638,24440
172839165,17816
172850788,20835
172885911,29971
172889173,14647
172890771,14752
172908457,6936
172912431,25686
172921619,14648
172936589,20325
172997704,16216
173015609,2092
173041328,16341
173052586,4301
173081943,16218
173129084,28233
173145163,16217
173164341,30036
173227920,4427
173265237,4404
173293675,27322
173305777,28167
173306177,14449
173306804,16373
173317250,12603
173329252,27283
173347957,9402
173357731,28298
173357809,16202
173364521,8349
173388331,30434
173405062,20443
173410985,30430
173411638,30937
173417132,28173
173436000,30436
173437866,28171
173497587,27370
173522932,22491
173539419,176
173554293,13095
173560248,28233
173576748,27369
173587432,5065
173599261,29495
173608641,33269
173641963,19628
173642872,26195
173646094,7266
173663881,19627
173665495,29494
173667598,265
173671805,5064
173700728,177
173728092,31041
173730758,32745
173735989,29496
173764260,264
173769966,31042
173786921,32413
173930431,33270
173932212,33268
173933711,26635
173967517,31584
173970312,25272
173977287,21001
174045595,25272
174166209,25121
174272538,30518
174292186,4141
174301633,640
174368006,25726
174484398,18658
174519224,33074
174558925,31061
174811097,4613
174835825,24953
174975152,29469
174983980,25370
174998912,7123
175036566,18960
175243992,20377
175258798,17809
175268038,24355
175277029,2797
175303227,18832
175306538,18831
175364206,19029
175375410,12827
175410598,18993
175456915,18958
175495324,10118
175496818,11695
175507695,8878
175514889,9922
175523240,14349
175525743,8377
175529947,11871
175536072,11347
175545100,11701
175547637,10155
175557430,10084
175582579,24076
175604005,7695
175614667,3812
175616891,11697
175627743,24081
175629520,11139
175637231,10450
175637612,10156
175640238,33005
175651557,8375
175658564,12239
175662290,10117
175666869,4806
175669904,33222
175672706,7689
175675844,20727
175686757,33004
175720820,30481
175737191,28144
175746503,3659
175865948,25748
175922945,26195
175976649,9024
175977421,12354
175979912,9066
175980469,9043
175986989,5874
175987090,28168
175988010,9093
175989920,3333
176000743,5725
176000980,9085
176003836,3310
176005838,9790
176029936,3338
176033251,7703
176038927,26075
176041340,12081
176045468,9041
176047612,9458
176050111,353
176051606,12082
176056742,8177
176062776,3339
176063295,3350
176075287,12419
176089122,8913
176116886,9486
176117199,9020
176125049,7541
176127919,11103
176129100,3353
176140488,3294
176142746,7704
176142885,6043
176143952,3311
176150990,7946
176170363,11737
176184485,11111
176185569,9094
176188824,9519
176192814,3327
176205191,11527
176205899,10745
176206839,9054
176209358,3323
176215674,28170
176217263,11119
176223290,9086
176223302,12414
176235669,7683
176236886,3340
176241272,11510
176242070,3348
176244845,9053
176248436,3355
176256382,11543
176259455,8707
176263822,10212
176270051,3341
176272957,7928
176276997,3324
176283026,9463
176289170,7939
176296666,7772
176352331,28629
176410922,12253
176416657,27401
176423397,12250
176431740,7256
176433462,12252
176439373,12251
176459834,1855
176470616,22827
176538824,15596
176571743,12039
176665589,27401
176670613,28630
176727952,12040
176763512,13646
176804162,6979
176912458,9171
176914562,18721
176964216,28954
177125375,12089
177225114,25880
177297269,28165
177297291,10891
177335033,2116
177352944,32322
177361404,24650
177364803,12349
177438789,12234
177443717,32126
177515123,24640
177529636,12236
177564968,24635
177618696,32890
177782269,7254
177824856,31838
177881184,456
177906509,22782
177923085,5276
177988404,32967
178006167,455
178012604,21923
178016298,11187
178032331,26909
178073565,26769
178139626,26015
178181241,24643
178186990,24390
178373392,28233
178382135,20660
178396552,20661
178406970,5128
178419909,5604
178432479,8090
178448653,24640
178457705,24635
178467500,8089
178472669,24637
178481656,28233
178533742,20754
178534427,5502
178569614,25887
178612709,24650
178715930,25950
178730101,3007
178801986,9843
178808974,28272
178829435,28276
178837696,28285
178842547,7545
178923632,24598
178952050,20729
178964383,28286
178988870,6766
178993783,12488
178994228,3259
179038039,4090
179042866,5919
179065502,6617
179066631,10123
179078090,26072
179138835,26074
179142460,26074
179160644,28173
179177787,28287
179198026,26073
179206695,27697
179212949,24630
179214185,28172
179257535,28167
179259138,26072
179296657,27459
179319361,28177
179348924,27179
179411191,28174
179471586,26016
179479391,32229
179514841,25877
179582722,28291
179608700,28179
179615633,28175
179619352,28178
179658386,28180
179721204,19921
179725843,19438
179738913,28180
179743443,19431
179745885,19434
179756610,19435
179776520,19436
179785803,25370
179795007,26016
179803320,24642
179812941,23619
179834842,19433
179848949,24631
179871703,28384
179909653,19432
179937923,19437
180021671,755
180025797,20674
180040909,23969
180126449,10329
180128848,21222
180133638,9446
180139181,32251
180153094,27385
180167042,2842
180219952,28291
180308769,10189
180573140,5994
180628406,26453
180634466,28169
180660722,22403
180679320,27371
180726161,16352
180756628,28171
180777069,2399
180799428,6551
180832361,31057
180905351,32427
180954553,28167
180979501,31498
181008107,13573
181010242,28173
181040913,32701
181095662,16213
181208360,28233
181245780,32828
181266356,11707
181333059,8856
181339228,12864
181341986,16859
181368163,12863
181412061,8708
181447318,30118
181471822,33078
181489576,5074
181521359,29733
181559290,4819
181565491,7546
181576481,7852
181592175,21477
181640081,4316
181681896,26985
181721728,14081
181787093,13087
182000407,7850
182038076,30053
182054928,11970
182114029,13088
182228310,31162
182377171,10054
182378540,2404
182385203,28287
182406928,2464
182461618,20669
182479541,11971
182582044,19280
182620191,27462
182644886,15772
182683507,24999
182703835,27461
182709918,16187
182742960,13627
182744952,7634
182759729,19285
182769191,26875
182776552,19290
182853479,9753
182872739,9759
182941865,28287
182968071,17915
183012411,27964
183061592,14701
183105288,3363
183145249,26195
183163948,12988
183168678,3362
183245065,4003
183250875,28245
183275436,8894
183287985,12666
183328736,23789
183371959,26797
183372945,812
183385702,12664
183413795,24850
183431453,12667
183488818,12665
183511350,24638
183518181,15631
183570890,28346
183610570,28040
183669706,2681
183695087,8306
183797328,19932
183803452,24638
183812957,4150
183838158,13258
183843242,5442
183868557,29849
183896741,19261
184014595,4146
184098395,4148
184105845,5759
184123137,32121
184186109,9104
184195858,2713
184207473,30695
184231757,6040
184261348,25712
184268712,6006
184403939,16053
184707399,28020
184754802,11679
184759542,28153
184782637,4578
184790078,28960
184855244,27999
184889153,27861
184895120,3905
184898164,5400
184914500,3713
184927464,7258
184956107,7257
184966500,483
184989566,5431
185018571,5425
185051768,7262
185113447,5429
185120061,2069
185121919,7259
185168577,30062
185174814,32208
185318474,30953
185324264,25965
185354763,32207
185364280,23977
185375421,23976
185449074,12971
185658673,9709
185724330,16711
185730900,29615
185781114,30115
185781777,30036
185838840,30961
185848096,29614
185854454,29616
185960401,11124
185975878,363
186104014,20496
186201050,29407
186236159,11535
186238307,27476
186247718,6035
186253974,8169
186261059,12069
186264103,12067
186282616,12066
186293878,11538
186298845,10533
186299217,8180
186299466,28941
186303477,28007
186306627,12070
186310553,12071
186317660,11586
186329181,6037
186331042,10098
186331486,6038
186335168,8179
186344140,8361
186345107,9719
186356663,10531
186363051,11547
186372145,11566
186375196,10099
186377599,10091
186382528,10090
186391437,27493
186397803,11546
186406828,8182
186418433,14420
186419488,12065
186427463,10083
186431387,10530
186433461,27480
186437779,28957
186439964,10104
186441948,27731
186444559,14295
186452447,11552
186487875,10105
186515263,12064
186527301,10536
186536922,11588
186546096,12068
186566665,6039
186577693,27477
186580177,8190
186608695,11567
186637740,28291
186646636,9504
186666859,28940
186684585,11539
186709528,10532
186888052,3873
186903376,28956
187480887,27276
187795232,28233
187821352,11696
187834911,5149
187850674,32428
187885191,27274
187909989,30492
187984640,24688
188080768,30962
188164416,9286
188192576,6529
188325414,32752
188437025,6676
188475292,3924
188520385,17415
188589848,3174
188619869,6677
188624472,7431
188696156,32751
188789753,20938
188830730,27402
188838600,13534
188850227,7305
188975358,2443
189000409,26739
189033465,4278
189061265,27405
189066964,14129
189121255,10142
189123221,27402
189165042,518
189328101,29325
189332750,6299
189334132,20027
189663333,25426
189762751,7396
189770215,21478
189898456,31171
189908013,25427
189943974,28385
189949628,30346
190171795,25423
190199836,10273
190287801,1946
190309817,26069
190333418,29212
190382288,13360
190436079,31238
190442292,6541
190452272,28233
190473360,22798
190503907,16880
190602741,12302
190675031,28180
190761021,6316
190786401,720
190799444,11041
190840860,12527
190917367,27498
190938896,12528
191094779,24003
191202754,26071
191399235,6049
191400889,11866
191404262,740
191404897,30013
191411807,11185
191411838,29421
191413989,7523
191414463,10556
191414927,10897
191417755,8189
191418294,8808
191418524,12406
191423564,7507
191425032,9334
191427718,9382
191436320,7834
191437166,12104
191439658,8095
191446716,8192
191447027,9391
191447815,11939
191453182,10542
191460920,6009
191461193,7514
191464293,27834
191465469,10840
191483881,2510
191484077,8536
191490818,10538
191493137,10517
191494722,9388
191500369,12389
191504304,4908
191505126,679
191509543,8156
191510809,1499
191511219,8099
191513351,8534
191517456,27096
191518259,4015
191521174,8166
191523740,27995
191526003,9534
191532611,8810
191535566,5323
191537638,27996
191538610,1053
191539558,10540
191540976,8097
191542517,6413
191545225,9226
191546861,10569
191547283,10528
191554613,7521
191557642,9358
191558839,2406
191558903,8696
191560007,6967
191561864,10310
191563927,10765
191575654,6007
191587008,9378
191593155,9332
191597844,26175
191602323,2511
191606842,9733
191607136,9427
191611278,10798
191613717,10576
191619780,9242
191621749,8781
191622019,27234
191629266,7525
191631110,29422
191631559,8787
191637060,11916
191642170,9514
191650684,11577
191652401,27119
191654335,9228
191657165,9728
191659161,32392
191662847,9505
191668136,10900
191668783,10549
191671680,9730
191680592,27835
191682707,10526
191685180,25534
191696636,28001
191697467,8189
191700873,24839
191702094,8106
191702187,9380
191703991,9471
191709373,14187
191710491,9764
191711440,9351
191729868,8100
191730816,7857
191741132,12257
191746360,1493
191762615,27235
191763673,9780
191769284,9481
191771504,9732
191782964,10715
191793657,5996
191794130,9095
191799880,11542
191804028,10794
191809986,27097
191810858,1080
191813391,24699
191827601,2517
191831563,10656
191844854,11542
191846578,8312
191848034,26962
191853559,24628
191859010,8157
191861039,9243
191868311,11573
191900680,33046
191937406,10729
192137778,30676
192141355,24634
192186900,11451
192214995,14188
192248892,28361
192252585,29604
192279921,10301
192286271,9812
192337821,20142
192346084,9275
192363005,28291
192371034,11668
192388308,28291
192390082,11667
192395511,21879
192446910,33046
192459645,10380
192545971,31452
192601990,17686
192605246,21314
192692859,11643
192698385,22367
192722255,21313
192762286,16658
192764357,16659
192764723,30487
192786260,17874
192808439,2950
192876277,30622
192912150,1633
192925546,20348
192961615,844
193034666,32634
193049062,6235
193068645,12611
193087532,31587
193142994,1226
193375721,14951
193424991,30464
193425155,32653
193457693,29415
193471007,32654
193477208,10511
193501453,27110
193555659,20042
193601720,32827
193615932,32654
193714477,32819
193727183,31626
193735058,32829
193774326,30078
193795586,32249
194045601,10018
194094030,29392
194642719,20549
194697572,10026
195008715,31081
195228448,24642
195380274,16430
195426947,32248
195512848,29392
195599659,16429
195752579,10347
195781118,24884
195805478,30997
195838016,18663
195839589,25428
195862391,11974
195897724,19270
195904260,33214
195918317,6775
195929426,11975
195940235,5733
195958706,11977
196000332,28008
196003768,11978
196025308,30963
196051380,31253
196065100,30996
196554419,24933
196598767,13959
196801847,3375
197132332,14037
197154672,12438
197321398,3872
197495785,6368
197613948,24953
197623349,10782
197630119,4027
197639100,32890
197674262,471
197687245,22255
197715100,1180
197865022,25561
197871003,19377
197875317,22607
197907237,19380
197923611,472
197944006,19379
197949878,188
197955748,15377
197961357,473
198147674,11942
198235239,10445
198250855,29484
198253666,4230
198254394,3241
198261690,2951
198266195,17912
198266816,28070
198266904,30375
198267300,1298
198269615,3242
198276277,3245
198282099,6287
198289972,5532
198302794,27724
198316460,491
198317376,10690
198319640,2504
198322186,32214
198337722,211
198341942,20177
198347885,10343
198350770,11968
198382297,1021
198391959,2505
198393049,3028
198432107,18631
198434979,4344
198436206,10623
198444589,11969
198451818,28061
198466738,6578
198466886,1250
198474094,1256
198479735,1078
198480306,13007
198483451,11966
198486377,2963
198490237,5480
198495661,1830
198495897,1277
198503009,32918
198504693,28058
198515824,28251
198517520,1439
198518007,4532
198521405,3591
198530375,29486
198532344,1071
198539491,11967
198541287,29488
198541479,31089
198546602,3244
198552644,3246
198553897,3903
198558339,3034
198566485,6579
198566913,5916
198574277,3871
198583518,243
198601234,33222
198617756,30993
198629728,19259
198655413,7547
198669382,9197
198679658,29485
198680137,33004
198732639,5554
198736975,28250
198758626,2707
198766168,33005
198812132,12555
198842489,10512
198932816,7476
199093851,28011
199163856,13085
199270551,30221
199368034,9160
199427701,30220
199472658,33264
199485713,30842
199488355,17984
199489114,17986
199496341,10348
199499234,14770
199519392,2401
199521116,30494
199523972,4436
199525799,17987
199534511,17992
199542391,17981
199562093,17980
199572433,2441
199573737,17985
199574848,17982
199591524,17988
199593703,13100
199620058,17983
199639041,27444
199644443,31756
199650093,17979
199717487,29278
199722677,32228
199726338,32612
199737809,33168
199761422,33047
199761520,19837
199782858,16424
199805122,30938
199813155,13474
199830997,13475
199835405,27452
199846042,8982
199876547,33173
199937008,30106
199964542,28394
199967662,13479
199968646,33168
200001767,13480
200018433,13476
200037840,13477
200055705,13478
200092833,28394
200127180,31536
200142585,13869
200145676,11671
200184406,14207
200195142,17967
200196047,31156
200213288,14206
200215106,30071
200267837,5040
200276735,18540
200295579,25260
200307380,6930
200315743,31537
200327960,11672
200333426,2591
200333682,5393
200338817,14204
200358552,721
200364144,29275
200382882,6606
200393473,22707
200400733,26791
200417561,33174
200420935,32885
200427122,13970
200466904,10037
200533253,129
200544640,4345
200547524,11449
200566515,8955
200603493,713
200673532,3315
200674304,10187
200723008,13885
200766346,32616
200769196,11194
200869557,11193
200872746,22735
200875081,10123
200881498,13702
200897162,13886
200979966,30177
200985187,13350
201019578,33068
201022056,17853
201030967,14044
201038369,7914
201086798,31435
201212660,11059
201231700,1282
201265433,10746
201281815,10492
201329568,30287
201355431,33180
201372436,19588
201395348,4321
201395439,3613
201430427,25424
201457982,25425
201460392,9632
201466507,31755
201469432,3612
201524677,28336
201532212,12689
201549282,28337
201561591,28339
201584867,12299
201607796,22709
201617493,5070
201621598,13011
201632091,4277
201643737,8724
201646632,15094
201716747,11037
201729187,30873
201804308,12936
201935909,10904
202024586,11758
202072211,33174
202081201,29786
202160061,29279
202179389,28233
202204079,32274
202265098,30075
202303363,12690
202338293,781
202374727,26008
202401617,19267
202414366,31344
202427851,5727
202441375,27041
202497511,25437
202499895,26194
202521954,27039
202523524,9161
202532854,33272
202538941,22533
202588574,7317
202640949,29528
202660303,9159
202827789,20351
202874442,522
202891325,8672
202913810,27212
203085044,5684
203143017,11729
203184554,32942
203301951,28233
203614241,1390
203647868,19218
203689952,29271
203730177,29596
203767874,29591
203795230,13343
203803367,8765
203810364,1660
203811993,12350
203832706,12353
203843461,12619
203872108,7657
203881733,7131
203914285,10211
203916519,1645
203934375,13344
203957107,19583
203961516,3474
203967925,9148
203979312,13623
203985825,7426
204036930,17359
204037167,20378
204064196,1607
204131986,28284
204179272,3509
204180018,28275
204227832,32315
204243061,3946
204289883,1609
204292273,32316
204294392,22779
204311584,1610
204322437,26383
204345131,32519
204346591,383
204381377,27852
204397622,32552
204418914,28088
204432728,9199
204447712,29375
204473203,2744
204485727,8673
204527558,29165
204528964,21822
204540050,17517
204541432,30928
204548315,26939
204549585,10748
204670030,10730
204730636,9143
204751045,10022
204752977,9155
204790455,11414
204801279,11467
204807267,14049
204845616,8771
204889407,9146
204896519,10012
204936285,1831
204956216,8766
204986114,13122
205064838,8769
205097308,10015
205155547,10263
205174065,17449
205192312,9157
205218495,9149
205273845,2735
205351313,9154
205444715,14031
205462787,24631
205465712,24650
205472079,32752
205475239,26015
205495434,24635
205593495,24648
205629758,24643
205642188,26015
205644051,24637
205659380,24953
205695173,24640
205722500,27402
205807308,28233
205836320,16199
205851183,24635
205862133,2690
205877494,24640
205895329,24630
205945769,11198
205955178,6093
206107388,4298
206134876,28212
206166046,7465
206186761,30377
206188851,22644
206218001,8923
206266225,31721
206281676,4299
206335250,6789
206335315,16184
206374189,28273
206648589,12201
206854626,13624
206983909,1967
207043121,12200
207057556,13706
207185154,64
207202116,12208
207421090,32936
207425883,32938
207426491,32948
207440776,27298
207447314,32939
207474560,11061
207474739,32950
207486833,32933
207499314,20535
207499511,10499
207503276,32940
207504114,32275
207507271,32930
207510116,937
207524405,7250
207547553,8924
207565799,28175
207604238,32682
207626719,24674
207632075,32932
207657127,32939
207660282,32943
207681988,32951
207693559,25561
207733829,29292
207747334,32945
207751038,11698
207751765,32949
207797595,28175
207818472,25561
207821310,28174
207824206,29299
207835171,32944
207854719,32933
207857962,5909
207877043,32936
207882036,32942
207882918,32947
207908187,32927
207915758,8869
207933438,6992
207940887,9292
207960072,3646
208005930,30651
208084089,2595
208112310,13608
208179189,8981
208195977,32266
208254132,32660
208259056,33163
208261451,32933
208273474,32710
208276293,32661
208276300,32984
208277903,32929
208279344,32937
208281677,32258
208284845,33305
208293526,32935
208301466,32941
208309467,32936
208311859,32939
208314814,32928
208317307,32940
208323148,32754
208346080,32182
208348592,14250
208360632,10725
208364768,32927
208376338,33280
208377513,33303
208382182,32946
208385788,32932
208388830,32180
208390006,32226
208398353,32952
208398819,32713
208401833,33135
208432270,11350
208541249,31345
208577531,32270
208650858,12163
208659589,11249
208712317,1625
208756754,32930
208760654,15081
208761009,32929
208765522,32940
208786722,32943
208791203,32933
208795180,32955
208800012,32948
208802114,32934
208803853,32753
208807630,32941
208811307,28175
208815303,28175
208815425,32800
208815596,32936
208817553,32983
208820173,32937
208822364,28174
208826817,32927
208827066,32927
208846289,32943
208849853,16749
208862988,33279
208871035,32935
208871290,32931
208873676,33162
208883101,32181
208884147,32712
208884443,28178
208892085,32935
208908111,32944
208914032,32953
208919455,32932
208926014,21599
208935158,32928
208936715,33304
208938107,32949
208941153,33160
208958530,32955
208965897,32938
208969614,32107
208972794,32271
208988265,28071
208996560,22567
209015838,10085
209058606,25557
209105110,25542
209106664,30188
209111217,28420
209121538,30450
209145233,18411
209146368,30076
209189912,30187
209201423,10264
209208744,24612
209221100,32076
209345674,9076
209377257,29275
209380467,26946
209385066,5133
209444964,11529
209460889,6189
209474232,31345
209503525,32898
209537530,4194
209547428,2889
209548364,2896
209575971,22417
209644659,14208
209664534,9082
209670361,33173
209688910,14205
209696200,3312
209755157,4193
209830564,3886
209860783,1070
209925487,3663
209946055,5132
209988281,2422
210019535,5131
210038510,4008
210079850,1257
210094038,12433
210221495,833
210240569,29602
210271836,17228
210325005,2050
210373549,5583
210412600,30115
210500733,27274
210520349,10161
210618823,13086
210641075,14026
210702639,9572
210726302,11487
210751593,13645
210793815,32882
210880385,22709
210884428,13064
210885052,28771
210921084,14078
211013473,32763
211040962,32765
211051104,30899
211075190,32748
211110451,32747
211120298,30457
211152836,32746
211165064,32767
211175801,9090
211201572,382
211205778,33222
211221868,32766
211222495,32762
211224408,32768
211242460,3473
211252692,9142
211266278,10513
211293896,2370
211308342,7513
211310565,31494
211325557,27520
211334849,24826
211356025,2402
211407366,8311
211482843,31336
211543853,31483
211684517,18418
211712950,32165
211719305,32751
211765698,22618
211771351,27129
211781067,27405
211781566,18420
211813813,32751
211863542,24628
211865646,10666
211865760,19352
211871572,16214
212010430,30966
212042072,5913
212149222,22832
212164744,30612
212194202,32032
212233216,31819
212242889,30241
212274271,5912
212278007,30240
212288109,20482
212301108,31783
212308141,31786
212317254,32141
212333690,13929
212438195,32646
212493545,32646
212496206,6297
212506449,31781
212650214,2593
212667272,22688
212689023,32141
212771335,15591
212796639,13470
212809474,31992
212889694,25225
212896272,33017
212916701,33292
212979811,33028
212989844,33019
213011599,32948
213062473,32947
213068493,7698
213073267,7589
213080164,1267
213090922,6236
213095875,7099
213110153,6485
213111256,31259
213113669,11605
213117703,20509
213120721,33301
213136014,2724
213144283,30507
213151530,32939
213164733,32940
213173973,32930
213189912,2723
213190445,6190
213197423,32955
213199525,30426
213220440,12028
213254753,11484
213260693,32935
213284698,3009
213302344,32927
213309642,29477
213322887,32954
213356783,32943
213360622,28803
213388802,32217
213399383,27136
213408913,32931
213437433,32934
213455363,20126
213475786,27332
213581565,33046
213604215,22792
213609583,19051
213809055,15446
213836788,30447
213842508,14050
213892202,8499
214086597,13872
214092317,13797
214116541,13795
214152515,27276
214195027,9654
214223744,14406
214301891,13798
214311617,13796
214318457,20495
214446691,25934
214455232,12620
214459599,32734
214553081,26124
214646487,30694
214658566,32645
214687406,5728
214698206,33067
214722842,33173
214754364,1945
214790880,12831
214791346,5950
214808734,1202
214817454,16310
214820419,757
214824107,16748
214828148,30425
214836017,30427
214842360,12832
214851790,32750
214855788,12830
214872039,33271
214895350,33015
214901188,22820
214909973,14752
214916000,33027
214936839,14752
214960842,33019
214970595,33016
214979622,3224
214981461,33025
215042312,10050
215043847,2337
215046227,161
215047185,11372
215048561,507
215049516,22411
215050792,29230
215050996,327
215051012,5638
215051015,4964
215052727,3502
215053243,3682
215053483,3681
215055229,10042
215056215,11367
215057658,3680
215058867,4254
215059438,29231
215060869,4950
215064659,4966
215064922,2795
215066090,11298
215066366,29069
215067495,162
215071995,28670
215072672,3504
215072945,7316
215074940,2342
215078248,29909
215078712,4250
215079028,506
215089002,9302
215092628,6769
215099751,11602
215107401,28657
215118018,29111
215121222,11278
215121885,30079
215132822,12315
215134656,28651
215137273,26213
215152319,12306
215152685,10971
215163284,29960
215164800,12083
215174850,18591
215175924,12316
215190718,25309
215201702,25666
215207521,11369
215209514,24077
215209984,3501
215210842,3679
215211390,29232
215211963,11952
215212446,10040
215212580,26964
215213704,4566
215216531,29129
215216538,3476
215216909,5608
215217170,1623
215217706,163
215218300,32715
215220351,4944
215222693,11954
215222748,1672
215223107,4233
215223591,12929
215224473,6720
215225890,26934
215226185,2665
215226275,1673
215227479,4234
215228233,3472
215230015,32578
215231620,2664
215232728,2476
215233829,508
215236894,8357
215238618,28180
215239150,4249
215250959,2336
215255929,11394
215256852,6770
215270093,9311
215270938,22636
215278189,26311
215278354,25308
215285401,9303
215293894,5944
215300840,25859
215306566,8479
215314947,7508
215336610,29068
215342205,16916
215345384,32653
215346999,29070
215347307,28600
215351212,27039
215355242,2349
215355482,11305
215359874,11295
215379852,29911
215562577,16329
215646472,31785
215743171,32284
215851977,6799
215872949,13730
215884495,7262
215940863,11549
215951215,19876
216018408,20128
216019972,11568
216061452,3875
216079360,20130
216090308,1832
216112766,31155
216114306,11272
216180616,4063
216275521,6479
216276148,9623
216312331,31610
216320904,32750
216363576,16629
216369384,32395
216401746,13712
216501448,30998
216502152,32429
216504110,30999
216538203,11422
216622659,11421
216630374,32587
216658859,4083
216750047,9890
216768101,17950
216785074,17949
216793541,11578
216803411,2647
216823733,33004
216871292,3520
216906091,32723
216935432,25561
216946346,30428
216960190,25561
216981730,30428
217077600,33113
217110528,33048
217995897,5624
218358550,31739
218513592,33324
218589642,4702
218593367,6094
218735942,12122
218736166,26021
218745505,26022
218800841,11471
218814289,8757
218846474,1059
218872729,19923
219045702,12068
219063016,1023
219065164,19926
219073441,5370
219083433,1057
219096554,19153
219106597,24142
219108041,22168
219117884,14625
219118449,23620
219120892,19962
219124900,23921
219133990,21433
219136869,21962
219146730,1064
219148300,9620
219157755,19116
219163633,19860
219177211,20012
219192547,1559
219197331,8756
219224450,5364
219227664,16821
219239631,18319
219241061,1024
219244263,15243
219285705,26951
219295162,1060
219318040,2495
219326800,18442
219347595,5366
219364331,24424
219392004,16810
219400347,19861
219408957,11060
219469294,10322
219562222,9655
219608605,12577
219633560,33222
219653623,13875
219741794,8278
219824255,32284
219851772,33005
219861899,3584
219873768,21751
219889315,13874
219933300,30177
219937751,2270
219956322,33005
219959767,23791
220028692,2580
220033507,6922
220043554,6929
220085036,12760
220120101,1409
220150909,2785
220161188,32106
220210595,17034
220262131,5522
220271519,1343
220275650,7953
220326935,25981
220551369,1018
220603040,32297
220614373,4837
220776012,3477
220786525,1486
220819397,30439
220895409,31010
220899487,9273
220913990,30438
220938575,1056
220951929,30167
220953212,25227
220964200,10635
221009800,21772
221027477,31011
221085280,31585
221128253,13907
221147289,28233
221155172,13904
221167331,11945
221188603,18826
221193933,19636
221204052,14919
221221385,26843
221221505,30115
221226714,16712
221230582,30071
221237782,13905
221293589,29244
221317275,12633
221346678,1955
221387064,2366
221391310,3887
221411135,30211
221418289,32818
221422275,2893
221455132,1683
221494636,30670
221516273,7763
221544436,3173
221571125,7762
221580129,32142
221594901,3890
221620100,17548
221639485,3888
221696252,3888
221700159,2368
221719371,7045
221738644,376
221756160,1954
221766866,2367
221773696,2369
221795482,3889
221820965,29376
221847420,26837
221852965,7821
221870768,7428
221885697,7822
221889772,26837
221902617,26837
221920391,25127
221925991,11937
221932616,7823
221933800,30931
221958610,7825
221979499,1062
221979676,7820
221981177,19048
222001579,1063
222003911,26837
222006580,25128
222019444,7824
222032769,26837
222040153,26837
222045702,32751
222072364,27405
222088108,19309
222117985,3111
222133597,33046
222200752,27401
222212196,5703
222213420,874
222215152,3525
222216550,3522
222219791,6314
222227071,2361
222237699,3241
222263740,2392
222264473,3674
222313074,3596
222314089,29055
222317292,3523
222338189,3556
222372446,3529
222374858,5704
222438260,24056
222467996,22773
222470765,6085
222487045,5519
222509053,3524
222516592,786
222557610,18752
222592595,2868
222638526,21779
222647415,9583
222689830,3642
222705460,8712
222727956,31524
222864277,9460
223002703,10619
223010078,6637
223124305,16637
223151517,14752
223164741,9274
223207391,19001
223217631,15056
223240434,14752
223278139,32485
223292319,11756
223301549,27347
223308294,11935
223334253,32134
223392625,31102
223412369,828
223432902,137
223465779,8276
223502411,28778
223544207,30390
223557549,31927
223586391,30702
223618086,26531
223846331,7260
223957734,30248
224173716,18640
224238912,31192
224271351,14266
224341685,31989
224342492,31991
224345991,3720
224354625,31987
224362223,19524
224374485,31990
224386774,31988
224452151,17657
224454898,11677
224455733,24273
224459940,998
224464789,31986
224481133,31984
224482145,7261
224506868,31985
224535484,1687
224548371,32965
224550271,30286
224810894,22610
224832025,2051
224905955,10208
224909056,7104
224930409,15632
224946830,11682
224959036,28233
224963536,13936
224976334,8918
225001562,32277
225005715,12254
225029470,400
225034485,7442
225058251,4531
225066950,32167
225096018,10988
225177689,20550
225190856,25405
225203770,29732
225235554,9252
225253274,9253
225369492,7257
225390372,33276
225409408,10494
225463553,10838
225488133,4820
225521602,7264
225530547,27517
225537483,21753
225558272,11865
225585200,27963
225585350,28688
225597990,27521
225613448,12272
225641763,7263
225787451,5806
225809237,27211
225821871,25544
225867715,12273
225883375,24940
225911953,1551
225931016,7835
225969667,33026
226002191,5141
226017760,2115
226019902,33019
226036003,6343
226087419,2098
226115479,4680
226177443,1544
226183057,32305
226212067,27784
226391558,32404
226532151,13145
226590521,2386
226638115,22968
226638871,5170
226759599,2916
226822663,10493
226827998,19236
226853962,24172
226878334,242
226918618,5464
226920507,2720
226987013,31506
227030265,30073
227069168,28411
227077534,10747
227095593,6629
227164636,31587
227295133,32649
227329179,28899
227339684,3146
227347530,32297
227379429,7949
227453523,2295
227457857,8512
227463935,25404
227474335,17077
227478292,18341
227506081,25561
227528466,11680
227573505,29134
227642867,25561
227777917,6291
227798510,31168
227827108,1887
227990320,2774
228097427,7509
228152014,30469
228157190,24169
228182820,7629
228188251,4207
228206459,33046
228249253,33046
228292362,10617
228379283,33151
228412140,16266
228414483,30948
228450102,110
228451311,381
228474642,26429
228615858,107
228647760,31375
228679945,14190
228692742,13973
228710821,103
228824477,3890
228835789,5437
228863255,7764
228939123,1954
228963175,28062
228978275,18632
229081875,5026
229086869,25452
229088813,16840
229096388,28069
229115243,1065
229367829,17215
229391685,28414
229586152,16353
229622762,2265
229718266,5391
229737311,31855
229766477,28441
229773154,5435
229777821,27639
229786876,31931
229836962,31933
229845218,29181
229892304,30808
230006189,31932
230032265,6409
230080281,11989
230139562,11990
230182352,14048
230221693,26506
230245929,19091
230258459,30115
230275468,13688
230309174,24595
230355072,1034
230360471,32148
230461465,13219
230550088,13871
230595965,13881
230674444,13883
230677650,14161
230680987,13880
230684954,13882
230810877,32168
230812186,6709
230881757,32150
230901800,32165
230960874,32165
231004350,4855
231106752,9035
231183402,24940
231231718,32295
231232125,31907
231237980,32141
231255303,31906
231257546,32648
231324593,32157
231333357,30077
231359128,16306
231383262,4935
231396413,32299
231398140,30116
231440666,5624
231446906,18385
231455340,16363
231480625,32158
231497485,25414
231503236,32655
231569599,32653
231611636,32653
231630665,30080
231719881,30081
231734106,32654
231801109,24865
231824896,28362
231883919,30329
231996031,27725
232000907,28421
232009998,25759
232119687,24866
232230339,4341
232251338,11045
232293600,21122
232319604,17106
232402674,32646
232410821,20063
232412961,4659
232425740,1069
232434317,3251
232461747,12885
232482602,3913
232606129,6033
232623668,33223
232624386,30194
232740578,25006
232783309,8990
232783866,25029
232803546,33223
232828417,26193
232951127,32353
232960414,7788
233156661,32645
233238598,32734
233286048,32645
233365917,19613
233380232,620
233622919,10308
233652637,28233
233675755,28233
233729144,21553
233807828,24642
233843394,24686
233871611,32834
233908499,32917
233918738,11284
233930162,29477
233941148,33202
233946559,14750
234039761,33203
234087416,7631
234100780,28233
234135613,32832
234136410,7632
234136585,32837
234143459,24260
234201315,29476
234215429,10905
234242561,3622
234252662,29279
234275118,3623
234288236,33173
234292553,29885
234296304,1270
234304556,24689
234352003,32267
234370291,33164
234407166,33174
234456784,3884
234491737,27735
234521921,32211
234540487,29476
234551893,25073
234572990,29478
234575368,27736
234588352,33203
234602652,32838
234615787,32831
234796273,32245
234895430,28233
234950526,1205
234965027,10326
234966098,2453
234984734,5324
235026143,32142
235106773,4395
235114149,2454
235120407,8748
235185859,32142
235187247,8749
235285507,27296
235331272,31059
235488594,6925
235574340,3053
235576517,3683
235602329,25561
235727712,24609
235767685,32841
235823864,33046
236175449,27039
236256036,24687
236276360,28180
236289886,32163
236359068,1058
236477169,32149
236533922,32149
236576439,25809
236593094,31863
236827205,16913
236963507,20427
237295506,552
237377462,22166
237383540,188
237995574,21792
238692546,23751
239002863,19325
239158017,20428
239299781,21791
239331458,18323
239334172,18835
239382478,17433
239600258,18312
240177636,18322
240222357,22156
240323326,21820
240501723,26572
240668753,16811
240702398,23259
240711987,3432
240936733,24579
241022217,16841
241113288,23625
241813329,19326
242277125,22182
242301908,22177
242302191,26571
242606000,16816
242830115,21792
243111627,19327
243188972,16828
243586251,18602
243905832,18304
244248828,16823
244689082,3097
244715420,3827
244751658,20317
244809417,25968
244826875,15481
244855270,22105
244865665,15919
244917235,3098
244927994,5923
244934303,15301
244935356,22498
244954710,15922
244955354,2432
244965282,4685
244968021,18890
244976149,18923
244982198,3096
244991120,31394
245019424,18641
245302459,17361
245498831,3422
245595875,28545
245605250,30752
245675652,32598
245676275,32597
245681546,18664
245724387,33233
245741550,14130
245754257,23828
245755895,32716
245776963,32717
245794644,23827
245797215,32093
245799630,5320
245858255,32091
245861294,3094
245875911,5804
245883066,2751
245890981,28544
245959685,15214
245972298,16305
246001222,5805
246011156,25561
246016224,13802
246078126,22263
246097682,5806
246131824,25561
246160502,19320
246182337,32596
246199096,18725
246207929,19027
246211549,4924
246217425,4740
246245620,32595
246282064,4739
246285118,13836
246334669,7701
246343671,12115
246344472,17459
246345128,4798
246356123,13485
246387681,7680
246390075,32297
246429245,5097
246519455,344
246560529,12621
246583908,25594
246587233,32200
246614383,13837
246639096,30940
246652102,32202
246670844,25593
246679612,12791
246700652,20166
246756354,3202
246759792,14267
246764252,28233
246769986,5096
246770359,22953
246806644,32203
246813891,32199
246821852,255
246906757,23459
246907767,24700
246908317,15230
246912974,18252
246914485,8155
246915823,18157
246915910,19355
246917453,27604
246919405,31286
246924641,1500
246925042,22497
246927329,23959
246930732,18743
246937368,22496
246937828,22244
246939886,11940
246946892,18259
246947104,22335
246956028,18328
246958153,9729
246971996,9244
246974629,23955
246974889,23958
246976256,22112
246976626,23602
246976979,19462
246980735,18079
247000962,30985
247001720,20181
247005807,29785
247006726,15905
247019346,20399
247024568,9507
247030580,23956
247034133,10712
247035861,5284
247043769,20068
247050997,27233
247057138,18292
247059692,17208
247065489,30115
247071710,27010
247072876,11574
247073652,27116
247082759,17880
247087929,16405
247091050,23567
247091126,26969
247092622,6998
247095371,22379
247100947,10657
247103989,18908
247122590,22518
247124236,9731
247124315,19383
247126169,27291
247126331,10716
247126916,17210
247129904,31161
247130169,23957
247135148,9707
247138355,11537
247138411,30036
247139959,26983
247143221,15352
247168053,9472
247174483,30984
247175741,23427
247186423,25244
247197674,11556
247197944,317
247208126,19003
247215601,9535
247222956,32220
247224730,10713
247234584,8188
247241362,9515
247244151,19841
247250385,16408
247250553,11383
247252286,26929
247252773,8191
247253537,10570
247256379,5538
247258924,32219
247264523,19842
247277536,24190
247277575,11541
247299971,8170
247304661,1061
247313261,8535
247321755,27994
247325647,7858
247330836,8158
247332527,31335
247336657,8187
247349193,12258
247355777,20400
247364598,25533
247370519,26812
247373672,27833
247374268,11186
247374583,10311
247375417,10658
247376968,3931
247380187,9516
247393834,1081
247394781,6774
247398166,9389
247400925,10521
247426625,9482
247429527,1494
247438207,9390
247440448,4907
247456426,27003
247456868,4055
247457227,8719
247457509,7522
247464064,27117
247464096,24701
247464951,25547
247465019,25242
247470418,7519
247471440,9727
247567980,26007
247587566,28416
247588319,33182
247667743,4280
247685680,20436
247690216,13312
247690684,7633
247695343,20437
247723685,1942
247741146,4281
247749997,25987
247768686,19835
247776881,28513
247826990,7714
247860876,28233
247892403,29303
247911521,5694
247914645,12348
247934335,32171
247946386,23781
247962497,11151
247978952,354
247986046,12790
248088979,10079
248163410,10937
248258889,24940
248301276,9030
248303639,24227
248310631,6956
248339771,11183
248441395,14357
248457594,32450
248458237,11170
248462154,32448
248541842,32449
248574678,6906
248609300,32447
248674365,17466
248699158,13020
248726676,13019
248731956,13021
248752918,13878
248754880,15442
248756332,32513
248760168,5478
248772666,7081
248788125,20374
248797043,20373
248816051,31198
248885470,33046
248900793,1242
248910116,31039
248913569,9506
248925229,10205
248926864,8905
249049816,15480
249184929,12225
249188389,24743
249209982,24810
249214053,13778
249218042,29816
249228164,28856
249243600,10094
249249435,28570
249254887,26930
249258755,33037
249266093,28855
249266358,28562
249284640,28664
249308093,28573
249325186,17536
249334265,28566
249336579,6366
249341018,28569
249358197,32367
249360137,28572
249365578,24807
249368464,29949
249384900,28863
249385352,28567
249389714,29947
249390215,28571
249391976,28565
249402375,25077
249405845,28563
249431591,27104
249516474,32203
249555714,32289
249631968,32200
249844966,32200
249857945,32201
249891796,29815
249973467,1234
249993827,25315
250013269,19743
250048930,27488
250068791,13022
250138704,29123
250141606,26815
250172854,1248
250179886,27789
250221950,33286
250286030,31015
250331093,13877
250429252,19203
250462307,11555
250474686,19205
250628164,19277
250634351,21972
250646338,6855
250690605,4206
250715681,19715
250774884,22515
250786012,24630
250904522,22952
251081622,29917
251185245,9183
251250375,28849
251302755,15888
251309080,13876
251341443,30261
251473780,23764
251474762,4339
251478847,24007
251482628,23608
251482917,21374
251484285,2159
251485937,6431
251488566,21382
251491735,7194
251492882,2165
251499032,2166
251499512,30232
251500403,17543
251501382,32006
251504792,21380
251507045,19338
251513296,19346
251513371,3560
251514489,2173
251516026,23758
251516099,19343
251519324,3561
251521477,15366
251522129,15379
251522803,23763
251527827,15376
251529651,2172
251530939,22340
251531747,15378
251533616,21381
251535832,23767
251536876,2167
251540049,19349
251541597,15372
251551861,21578
251555839,2168
251556151,2153
251556826,20208
251557184,2163
251557257,23765
251567806,23611
251572648,23769
251577865,24014
251584787,6435
251589560,2161
251590020,15344
251590815,2160
251595069,24009
251599405,20214
251600416,19339
251601501,15375
251604472,21580
251605225,23755
251606014,2152
251607192,2169
251608325,15367
251610765,15345
251613061,24010
251613934,17885
251616934,23610
251619024,21375
251619814,24012
251620200,19340
251620577,21579
251621253,15371
251622456,19335
251623564,19347
251631676,21386
251631821,15346
251634823,15380
251641280,20483
251643429,2155
251646460,23766
251647836,24015
251649277,2157
251649596,17807
251650811,19095
251651807,3562
251654353,23607
251661216,2011
251661929,30233
251661948,19341
251664105,22341
251666250,21379
251670157,24213
251671233,16630
251672951,19337
251675450,21577
251677085,32005
251678821,19350
251679706,23760
251682397,20213
251683805,19336
251686047,2162
251688710,23613
251689195,2010
251690451,2158
251690974,23612
251694841,24016
251698977,24212
251699421,19345
251699831,31768
251701670,19334
251704210,7188
251704230,2164
251705030,21377
251706624,23609
251710346,2154
251710921,32007
251712160,15373
251716740,17886
251722217,21378
251723815,24005
251726767,19344
251726903,2171
251729126,23770
251729621,17887
251731569,30230
251734078,15436
251736308,19348
251738380,19333
251738535,6433
251738794,30231
251740123,30229
251742183,31167
251743778,17884
251743844,24011
251745120,24013
251746088,21384
251747613,30652
251747772,31166
251750334,21385
251754664,21383
251763530,15369
251763888,24006
251764568,19342
251765866,23761
251767756,15370
251768343,15343
251771931,2170
251772152,2156
251774294,31844
251774574,15374
251777015,24008
251783587,23757
251790760,24004
251791991,24017
251794059,15368
251794927,6429
251886580,8332
251897349,9172
251920955,4812
251921598,5219
251934111,4123
251970361,6169
252007239,15435
252016952,26009
252025488,11561
252035919,3400
252121994,19523
252178178,15954
252183724,11091
252184392,12549
252289989,14259
252330993,15953
252340233,33205
252344847,32205
252349598,15955
252378857,3172
252380722,8891
252426585,3517
252429298,5672
252450594,8888
252460537,11260
252475641,8340
252481636,7438
252525515,25772
252525929,30262
252540805,7314
252588009,15533
252617903,11256
252624691,11255
252627386,7433
252632378,11271
252635086,7315
252643402,10071
252647407,32406
252650552,25773
252650904,10053
252663622,11262
252669582,5671
252729400,13703
252736952,11267
252792363,33322
252815453,11257
252875132,9747
252881371,9749
252907635,33070
252979849,33245
252988204,33242
253001440,33241
253003330,28419
253003583,1239
253043249,33243
253047822,987
253049512,33259
253050481,33255
253079921,32159
253084038,32151
253097889,33238
253105371,15960
253122296,33251
253123767,28610
253140305,4906
253205326,28765
253221958,3510
253232294,28676
253254007,16195
253272131,9166
253285654,16195
253302210,5883
253318088,2478
253322333,28489
253328200,5878
253370054,29770
253379003,27454
253481076,23303
253494714,30884
253632934,18166
253640669,18167
253655390,29306
253790715,6339
253831104,18320
253867164,11523
253892960,23315
253918714,18324
253931164,27057
253948518,14007
253957918,8689
254003755,18321
254083170,11748
254090808,11069
254121032,28981
254128601,979
254186754,19284
254188138,19297
254227845,12443
254245124,7554
254250695,28246
254299362,33243
254311407,33205
254332914,2512
254342696,33245
254355104,18165
254392158,33238
254395232,29476
254402594,7574
254405661,33202
254416013,33201
254521408,8297
254529215,27036
254531046,25916
254577180,21582
254585652,16134
254600197,16135
254609784,28161
254648389,32265
254649710,7555
254653342,8298
254660074,12444
254693824,13351
254697734,25561
254700281,11958
254708557,6089
254739846,32297
254778722,20481
254817637,14254
254850943,25561
255095640,19801
255100483,33233
255102809,12394
255266616,7808
255295723,742
255306590,17481
255317872,9048
255336876,21224
255357780,8785
255361708,4487
255389175,23282
255411763,3317
255419732,22794
255443724,9026
255457951,6390
255459586,28139
255473948,3297
255503145,6018
255508275,6023
255511546,6019
255556444,22578
255631403,2638
255676553,16178
255795979,16060
255805523,5869
255822606,9021
255825175,267
255874498,26004
255881728,5884
255895561,20547
255905683,11676
255941625,27150
256034707,5879
256073988,23158
256108346,27151
256188163,22682
256198294,30056
256201584,11924
256240952,14614
256287248,5872
256310530,29914
256316887,5887
256320801,18461
256346333,6098
256359279,14611
256398465,27405
256454674,182
256524888,27402
256530625,33046
256587156,27402
256588717,15000
256664872,32160
256687222,32652
256691185,15310
256750659,32141
256757082,32483
256779165,2128
256783992,11585
256819000,983
256821324,32142
256822916,13779
256826630,32475
256833519,985
256852861,986
256896415,26002
256902468,32475
256911131,30082
256981826,23907
257036098,29931
257038317,25979
257045120,14623
257050791,27515
257128047,33086
257164589,25091
257170837,8194
257337168,22903
257409791,26014
257474660,26014
257475501,30753
257492131,22246
257505707,443
257537984,31455
257588332,12182
257609105,26232
257625388,14136
257639893,12183
257641588,32305
257654268,22246
257667945,32646
257670793,19802
257674621,22246
257680391,12217
257853808,20548
257913162,10044
257917693,26611
257968949,31123
258135318,26954
258165733,11470
258180626,26721
258212018,10777
258280297,21519
258352487,7713
258433126,29443
258487856,32131
258545293,14033
258556806,32594
258587030,25269
258598814,17810
258615225,33184
258663625,984
258684599,26014
258713623,16286
258770248,6393
259086773,28537
259103746,23230
259124196,29056
259132104,30483
259139540,28410
259163909,28409
259208474,32645
259258604,14497
259340378,18594
259366574,6446
259388668,26970
259431321,13606
259479461,13607
259487659,23286
259545748,26507
259584974,28497
259591502,7936
259625575,21833
259690918,14276
259760527,25826
259794601,8256
260033818,32807
260093880,12548
260094992,12547
260106327,14212
260114382,12453
260131241,13889
260160695,19656
260167962,788
260172967,27166
260187486,28233
260214108,8501
260226703,17235
260292353,15543
260347531,27167
260393526,19798
260422325,7105
260516237,5032
260522842,2832
260552902,20663
260555920,5649
260571135,30947
260678858,2725
260735681,5705
260793729,5706
260811793,17808
260818990,13800
260847808,2695
260908604,30424
260950548,27402
260973924,27402
260983449,7218
261062932,7217
261128757,14195
261156178,13488
261165300,31854
261196515,7530
261200185,8620
261218384,13552
261241185,13224
261270992,5466
261412059,8605
261413793,8606
261444337,27702
261561121,23363
261585814,18361
261610058,32734
261612071,21708
261629115,21638
261639928,30204
261653809,16368
261668226,10654
261671709,1026
261691875,18526
261692405,18399
261693611,21673
261694562,21619
261716054,29340
261721172,21615
261726681,29322
261745034,17017
261750987,22517
261774686,26
261843054,32724
261864077,21698
261868221,21687
261890196,32725
261920194,15143
261937022,21631
261938294,21650
261956146,31449
261966321,21641
261981034,8779
262048369,14277
262111113,17787
262125278,10442
262157576,305
262196216,14667
262251116,27133
262333020,27795
262410502,32752
262424473,17653
262436547,2400
262469563,8342
262479344,28128
262517112,12434
262524442,8894
262557849,12253
262570504,12626
262586450,11243
262621375,11241
262649848,12250
262660370,8634
262685363,18699
262694706,11143
262705512,8895
262735744,29889
262763062,79
262771997,12252
262776220,80
262840941,999
262846364,11474
262847981,8643
262857231,7439
262884194,7451
262890533,7452
262905673,7450
262932175,22342
262949139,8640
262958602,10158
262971610,22645
263040877,27137
263110221,581
263129955,364
263163063,8628
263168675,1511
263228592,6501
263230752,4644
263247584,18523
263278083,15926
263295076,3686
263306582,19331
263377477,2557
263473048,27947
263537129,11749
263612655,18522
263666701,1066
263748457,2403
263772809,20595
263776191,32297
263780000,16457
263810931,10953
263902290,23775
264049821,25561
264079101,29207
264092367,18706
264092550,1040
264095367,19565
264139543,25561
264181403,30520
264223685,29941
264294679,28905
264365661,28221
264370106,28909
264374264,30905
264407077,18749
264432564,22501
264433202,29260
264492391,13545
264501182,29302
264505241,23754
264547358,20038
264555445,22745
264575626,26940
264581767,13543
264604294,1280
264627153,527
264688449,744
264690045,3836
264702879,13249
264775885,526
264809363,18293
264865814,9937
264882471,525
264882871,19376
264955584,9927
264963200,1878
264989244,1876
265004787,749
265007724,16777
265021537,9932
265170042,19602
265254220,19721
265304092,13546
265307575,1584
265320253,32206
265386610,32540
265387914,25527
265403525,3516
265406116,32588
265456422,15220
265486694,13544
265506657,8161
265782410,14005
265848935,33307
265914725,28233
265990470,18196
265999301,8886
266001780,6090
266035440,32667
266037834,32327
266054125,13899
266071071,8887
266098690,11641
266114705,11822
266142963,10265
266150203,30466
266169105,32666
266183411,12298
266222740,32326
266250706,30465
266387131,29835
266654769,23492
266692116,23605
266714496,29635
266742906,21782
266888013,29634
267012997,10457
267083160,8353
267108993,14436
267160722,33265
267218569,31961
267222681,16136
267226964,24940
267257122,12132
267293312,25259
267346127,6396
267391179,13842
267426017,32092
267468526,24
267501843,32925
267545818,27514
267846727,24630
268076622,21691
268105375,3597
268122768,3608
268170967,394
268199773,29450
268232180,22691
268302030,14165
268302738,21912
268336488,691
268338624,26552
268365053,26984
268383703,5318
268549188,17773
268596954,32098
268604459,32096
268653847,31196
268676105,32100
268840803,32095
269281826,11653
269288197,23568
269359930,11418
269397226,32172
269440789,30972
269452887,1000
269536608,11081
269538402,1730
269563079,24033
269579823,8012
269584675,1733
269599545,8075
269609714,32173
269651294,30969
269665149,11049
269694568,32050
269781984,8859
269836294,33069
269857288,6348
269959894,27375
270128288,13873
270180082,24940
270250062,11611
270269553,9883
270302854,27907
270314111,8077
270322725,29288
270350322,28214
270434792,4276
270468712,14681
270584608,13843
270588428,16157
270642570,29233
270745715,31173
270747824,7426
270753526,32093
270780933,32780
270809944,32958
270828207,4636
270873592,25939
270889530,9492
270961733,9433
271060330,12456
271066830,32191
271071174,32654
271151270,32654
271152816,28675
271164974,30189
271167062,33229
271206722,30083
271212457,33229
271254257,6350
271286061,23065
271287602,6708
271336440,13651
271419655,11951
271452595,32738
271555985,23901
271581094,30423
271590370,26400
271591276,26399
271605376,16712
271653525,4241
271736508,31073
271738205,26531
271741605,22609
271746622,32305
271760443,27817
271762975,27826
271779670,24592
271787076,26403
271820250,27827
271893065,27820
271901120,13018
271994163,20827
271998870,22032
272036310,399
272066877,31818
272149493,6454
272182572,4962
272211596,6781
272245966,33070
272354757,10853
272393954,6650
272394394,32830
272399921,11446
272401866,21583
272429864,9150
272469343,11437
272472227,32839
272474510,6648
272501507,11460
272515482,30852
272515866,9761
272528107,32831
272543934,11450
272550366,21463
272568313,11463
272587250,32832
272600696,27736
272601016,7425
272609521,6640
272625956,32836
272766907,33325
272770223,31500
273361331,32176
273454292,30422
273611644,27301
273779349,11951
273860181,32419
273971643,30216
274034429,6602
274073568,4643
274116852,26041
274117382,23782
274329467,6638
274428488,6622
274538550,7730
274553664,15308
274667647,8864
274675055,24230
274694783,11761
274804159,25756
274813932,24030
274834438,32653
274863292,17897
274944857,31029
275003008,941
275144561,2312
275171609,25561
275180973,11593
275190270,2431
275276467,2320
275326826,26675
275454008,22058
275477268,29920
275500199,13909
275607864,24423
275633856,5571
275646566,32297
275661345,14222
275676355,8860
275751008,32297
275918668,5058
275940816,13896
275953019,5061
275969943,13897
275993273,5060
276296808,25481
276307558,7958
276544880,29727
276564197,29724
276596828,29724
276597057,4444
276609221,27969
276671276,32190
276768921,16179
276794405,31960
276796425,29727
277250298,27172
277343784,2815
277403405,7637
277428222,11208
277446576,13443
277453714,10849
277506086,13850
277508270,7636
277516178,10852
277581957,28233
277615717,7741
277710246,830
277722929,2321
277725136,6135
277735416,8101
277756967,8105
277841706,23927
277843970,11380
277848901,21919
277863966,2331
277875089,6015
277917849,3249
277977408,32305
278044485,16894
278136138,32190
278188070,32164
278269101,28541
278286965,32543
278413795,27178
278505097,32884
278544289,16935
278546009,5715
278576552,27755
278606190,31740
278621464,32850
278634452,28233
278752067,13032
278831194,32972
278867691,31782
278967463,767
278989628,15263
278998477,32426
279031786,9787
279066388,20742
279093748,32378
279149356,32971
279156793,11016
279158814,17454
279233207,3526
279267637,11833
279296875,28036
279341137,5174
279370850,32970
279436652,10116
279451945,9798
279480040,32995
279502409,32969
279504682,8186
279533187,6349
279597775,30185
279603197,10076
279611207,4827
279627875,33252
279688398,24706
279721546,8185
279724295,12852
279749290,10077
279765407,33224
279804785,12853
279850120,10076
279885863,7425
279918216,13713
279920212,10362
279951819,23570
279977962,32504
280006716,6780
280039980,4183
280054774,10163
280059322,9074
280070481,10164
280089000,29646
280101494,18591
280128897,13714
280153479,32680
280226470,26870
280256621,22734
280286226,8402
280303749,11426
280318038,2313
280324475,9031
280356944,8386
280442258,12113
280449422,9435
280450159,31486
280450543,7425
280498585,11430
280602546,11429
280628601,22758
280691502,24649
280702052,19389
280753484,1375
280776023,19910
280789240,389
280835019,32193
280918001,4251
280946205,699
281040152,25479
281046106,23899
281190394,25902
281193550,3685
281213988,3687
281247220,15566
281266975,1827
281477785,15570
281481378,19854
281546958,2615
281684082,5325
281699246,28233
281723989,21322
281758772,26687
281762743,12775
281901224,25956
281917431,26537
281973523,8352
281976281,28233
282089238,20156
282247748,4185
282271436,17565
282283207,8863
282291709,27508
282326966,15548
282377583,15548
282430786,12282
282440008,11507
282452962,22473
282510080,26680
282571303,11514
282618138,24806
282662754,78
282671833,26159
282677444,14011
282768005,26158
282832148,24923
282965800,33009
282978487,33009
282992589,26963
283036959,28902
283041144,33007
283046484,33008
283081079,33006
283092512,33006
283096433,33008
283104034,33009
283123057,33007
283132404,33009
283152485,14099
283155757,14180
283175920,14065
283179358,13940
283180445,14119
283181083,14309
283191994,13752
283193789,14100
283203813,14368
283205709,18932
283219042,14325
283244911,13947
283245675,15262
283257581,11675
283266072,14209
283277488,13722
283280231,13759
283294419,14103
283306511,14213
283355181,13941
283364449,13643
283399741,123
283417977,13726
283422707,14096
283460758,22727
283469873,13106
283487586,10479
283529626,13743
283534020,13687
283534824,14330
283535670,23165
283537103,14104
283543290,14092
283546648,14126
283568730,13669
283569781,14127
283570371,13742
283609214,14315
283648230,9075
283660525,13928
283672030,14317
283689670,6000
283710250,14182
283721458,14316
284012078,13483
284188896,28083
284463099,7756
284487582,9072
284522029,29940
284557666,7614
284559324,802
284655252,14428
284685421,27516
284695157,10704
284833187,11348
284844428,27320
285040740,14425
285078356,14689
285081557,9071
285094920,21873
285153295,27177
285211343,32659
285231502,4814
285252668,28375
285510334,7615
285526582,12223
285636703,30837
285686507,8910
285695078,8843
285697321,25679
285702815,32734
285716092,32734
285728786,8849
285746727,27336
285764843,15163
285810879,8820
285819028,8370
285853962,23358
285897229,18114
285930028,15219
285965500,1727
285984878,1724
286040007,25288
286076890,25291
286106095,8718
286108526,20036
286115181,11702
286138358,28331
286155023,25290
286167397,8517
286175939,1897
286187301,9887
286247296,25561
286271707,20595
286277431,7306
286343662,32297
286401278,32844
286419221,9810
286424064,12114
286426874,14084
286439414,32844
286481635,13564
286499785,25661
286501028,3684
286509260,8441
286514023,16882
286518084,8442
286519128,29882
286538289,8248
286573329,25453
286614828,12227
286657378,8338
286716899,29656
286725177,26208
286733734,29103
286748055,8339
286755858,16927
286761703,2837
286791190,12246
286809412,3810
287010556,8167
287144359,8697
287168015,29320
287170406,10124
287182756,13693
287185418,19008
287192345,30818
287222468,30818
287241939,33007
287244659,29215
287261580,5458
287281788,30819
287290489,33008
287314362,30822
287350598,30823
287374065,2053
287412345,32136
287473746,30817
287479125,30821
287522978,30823
287726883,27134
287763977,16891
287820995,16977
287936957,2532
288002270,4651
288034934,4914
288035709,8088
288088383,20844
288091287,28449
288211357,15362
288215411,30337
288266691,23367
288355354,30338
288355977,32223
288499220,32085
288517049,30074
288575378,8922
288591765,18866
288655342,33046
288789996,22904
288816169,3527
288874421,16976
288900293,5998
288930125,23116
288980791,13340
289007991,9013
289132921,16888
289153623,7077
289230612,17480
289235362,32224
289242792,32224
289246969,18868
289353691,10371
289428603,28836
289430728,28233
289566126,29128
289615177,33252
289616131,33252
289617747,12387
289644980,33259
289661311,33241
289673288,24874
289683649,33251
289699047,30018
289703605,33239
289705251,12244
289707198,27959
289721085,31131
289729669,29019
289755158,27714
289755998,33253
289768908,20165
289794252,22136
289798618,29012
289798881,33250
289808801,29596
289817049,33259
289817904,33239
289825337,9264
289825370,33253
289825611,25895
289839356,9061
289839997,33253
289847529,33238
289848394,27311
289860910,8424
289877401,18742
289879255,33236
289908003,22883
289923669,20610
289925780,33256
289929742,8713
289932340,7311
289936466,33236
289940963,33239
289958415,33241
289959321,33242
289962079,29023
289963449,12176
289967102,33258
289977104,33250
289987561,33244
290007960,33238
290016499,29008
290018830,22358
290020005,20962
290029768,8425
290113769,19915
290154841,8422
290192496,15488
290342756,18843
290357483,29976
290366758,28519
290392380,8428
290402454,20273
290422322,29618
290464277,13893
290501382,21288
290503577,3119
290548206,14046
290607625,4937
290675462,14016
290718731,5068
290757737,33241
290780600,30633
290785258,33252
290812761,30635
290821856,33253
290822645,16217
290831804,29583
290848511,29596
290887436,30634
290895666,8345
290926614,33251
290933338,30631
290972297,32403
290987661,30632
290991435,30796
291031536,12799
291043495,8834
291128144,13502
291135281,26204
291136691,12800
291163542,22008
291165094,8919
291490117,3630
291506662,14191
291509087,11502
291537623,3631
291589650,17385
291637179,26076
291663185,5744
291694094,50
291726689,27275
291732600,22684
291862243,17702
291870095,7425
291903802,7426
291957240,28183
291996304,967
292126358,8371
292187068,5639
292202409,3495
292222557,20668
292256369,32884
292281500,5642
292384222,25073
292384752,16975
292408091,303
292432572,33203
292440491,29475
292498760,33202
292505444,19281
292553890,6764
292574128,16210
292579110,6966
292589877,33201
292609328,6827
292622226,6763
292653385,10286
292658850,12320
292691055,5985
292710964,2644
292728346,29476
292766435,30907
292773678,32835
292880761,5606
292928965,33018
292994622,32071
293142440,21176
293259120,10823
293300505,5242
293476223,17700
293506140,9256
293646944,23386
293722358,4259
293725663,3912
293772006,23242
293794978,2499
293800269,2275
293822034,3651
293830053,18891
293880367,155
293891279,33278
293926647,18899
294008594,426
294044320,8778
294068379,3602
294111400,3599
294172065,5864
294232895,14757
294370581,19611
294467690,32726
294505136,8896
294508137,24989
294565425,29180
294864163,27428
294890653,8861
294945719,31788
294949313,28744
294956815,27329
294973643,27734
294987136,25032
295012258,2090
295036999,28813
295075360,27327
295141286,25365
295150412,4899
295228291,33082
295263714,1895
295311745,12130
295339013,12131
295425625,27686
295437924,21644
295554291,3840
295621379,8523
295624816,13650
295634282,22790
295704505,30470
295724627,14159
295750006,32305
295884008,32305
296039590,24393
296126338,32650
296221969,33080
296284142,33206
296398552,32313
296405960,32312
296464951,24522
296489267,13169
296506560,33082
296525623,16714
296557022,13170
296589880,33213
296592472,13171
296622538,33211
296624449,7294
296748687,1188
296813331,28136
296855383,5489
296884932,14577
296933885,20885
296989333,13339
297004525,26889
297042706,22446
297117203,27509
297143627,4642
297155634,13652
297178303,12008
297199320,13716
297206216,13717
297223867,12010
297235695,13718
297246505,21451
297370506,32305
297413048,28047
297437763,27224
297495686,20886
297557925,27402
297570698,32297
297589695,33046
297624402,24346
297646022,26950
297658219,33049
297660988,26486
297751176,10465
297817900,32536
297865165,7678
297978475,5135
298119660,33200
298125462,24862
298188910,17001
298237676,33199
298291917,17313
298352684,22369
298356262,27610
298373215,17000
298404105,17316
298436524,17314
298528970,33226
298546195,1291
298548282,29141
298569097,2922
298576197,33294
298600578,5651
298613876,18247
298682199,210
298691971,4849
298696468,3470
298713108,32070
298718738,22456
298760422,21695
298772313,7393
298778008,7386
298802211,4854
298820330,10710
298852752,2629
298867343,7392
298867707,11340
298894144,10711
298901464,1977
298919621,3471
299030567,32574
299103058,5765
299233156,32727
299238269,23161
299282712,19606
299432595,33029
299542659,15489
299542925,27772
299543382,29012
299545105,15488
299546929,19808
299551417,15486
299552563,27544
299552780,20163
299553016,29019
299553394,18623
299555208,15487
299555261,27390
299555872,20164
299556356,19810
299561086,22360
299570106,11575
299672866,1944
299759406,33081
299764729,30669
299822633,8837
299826549,31100
299837845,20884
299869821,18258
299897026,33081
300007148,12624
300218589,3970
300291587,17354
300621247,25329
300651281,8857
300720454,7103
300902649,33221
300933307,19614
301001872,13719
301009104,19212
301014900,8865
301030576,17841
301078514,27431
301100646,13720
301110663,27487
301150080,18604
301194378,14379
301276468,15968
301282234,2049
301311645,30754
301561227,32580
301574987,21214
301583185,29115
301588599,513
301619493,15970
301724735,23108
301741682,11206
301897576,29383
301931287,9431
302013090,17322
302034146,17325
302075959,17320
302120446,17326
302147372,17321
302165780,17327
302212342,19862
302213626,19776
302240258,17323
302289708,17324
302517506,26711
302658235,4711
302737741,27384
302741742,33026
302750406,30797
302777034,32965
302942263,10078
302957262,10359
302978215,33082
302988620,5142
302998993,33020
303012694,16881
303045402,24678
303117860,7083
303152611,33083
303197938,10968
303208700,16288
303250158,2271
303274609,28080
303293862,33083
303307972,6923
303313299,33083
303359686,9778
303363324,23128
303370480,28079
303377508,7082
303386223,8367
303387283,7084
303461025,25419
303496770,32968
303535548,6226
303569145,30806
303613044,19612
303680161,7425
303770177,10382
303783262,11730
303793017,25556
303851163,26710
303873897,13411
303959623,32261
304013941,25943
304015701,28470
304093837,29619
304173252,10381
304299631,11511
304333865,25940
304429646,20145
304500402,6678
304608021,32389
304636885,32469
304656831,17820
304730646,30441
304736373,31502
304836199,4977
304845904,27021
304851138,32979
304941311,32980
304978162,3714
305000696,33209
305049789,26747
305090940,3712
305180990,8916
305303543,32164
305318361,12007
305345260,18168
305351984,29506
305369831,20634
305432393,6718
305451898,32484
305452455,218
305544784,10629
305553193,3585
305589348,10153
305611009,18494
305754526,3816
305885035,32794
305965781,32371
306010584,33000
306013688,28338
306073775,31197
306105194,30749
306141119,29739
306187692,31864
306230672,31382
306237154,14783
306328770,16674
306364059,31499
306375542,28341
306501520,31784
306633217,21974
306675193,5609
306750243,8201
306841095,32501
306894478,32369
306986167,2586
307001918,32848
307003920,32844
307024377,22116
307035530,32847
307070626,32842
307072722,32366
307078650,18170
307097832,32848
307102046,32846
307140290,30817
307141329,8676
307146629,32845
307179312,24660
307210370,2702
307214813,32842
307229367,4225
307229471,30823
307295300,32845
307311700,30817
307313552,32849
307314037,30822
307370976,32522
307382304,32846
307515286,33081
307882119,20605
307882432,19821
307916820,8539
307922029,20604
307944791,20599
307980430,20613
307988938,33026
308001576,20608
308013093,16383
308020325,27152
308025236,20609
308039807,20615
308050382,8107
308058751,26727
308065087,26469
308067289,33023
308067440,29743
308067617,29112
308078914,1190
308129173,33021
308131333,20617
308164659,28248
308166891,33024
308185363,20600
308201665,20612
308285875,32161
308312532,20479
308338734,23980
308363656,7550
308368511,28617
308416189,14128
308462554,27804
308464276,5824
308487047,6702
308532767,18986
308608953,32152
308696678,6300
308711616,20035
308798553,8372
308947632,16173
308987330,33247
308991436,32883
309005501,30823
309047002,16755
309071841,32846
309103810,30820
309129454,32849
309145089,28150
309184449,28151
309201223,30817
309204405,32842
309205423,32848
309233561,20579
309236235,27595
309252276,22739
309257488,32845
309285624,32840
309295293,30822
309316007,17356
309327393,32843
309350130,32100
309365773,4960
309400396,32100
309452066,24425
309482910,20640
309552581,20623
309574549,66
309584698,20637
309940862,20641
309981072,20625
309988335,1019
310007202,20624
310043547,12226
310313883,1068
310336939,14596
310515487,31642
310552638,32721
310581048,12121
310597100,13572
310629604,26448
310633444,24395
310637888,7696
310646358,12179
310656500,18459
310668953,4811
310681470,4810
310710547,15740
310715926,3519
310716396,19615
310726889,27389
310749612,30217
310766720,30608
310825451,1211
310861377,32852
310883644,13657
310953928,10844
311049997,3291
311056144,6580
311119578,5788
311335326,20620
311425334,18244
311610915,23069
311671195,32375
311700704,31079
311706956,23064
311845508,19822
311897722,20155
311941927,29648
311953193,19969
311976145,23566
312014182,15957
312021631,32375
312036197,10665
312071674,16783
312102291,33260
312138594,15781
312147479,19968
312249834,15423
312257060,6030
312260131,23150
312267323,2924
312295094,16780
312315046,23452
312329986,21843
312383551,20748
312429805,12169
312430420,28233
312488073,12172
312505257,12240
312519114,30819
312525098,29028
312536338,12158
312540666,12171
312634036,25908
312718488,32921
312727644,12164
312786583,28233
313393683,15013
313424995,11343
313457635,3988
313521428,373
313557057,25555
313698889,32145
313700013,18695
313730681,15969
313771077,1032
313878043,1046
313891384,32146
314010286,32487
314041816,28340
314118882,30506
314159748,32525
314281077,23075
314316036,4423
314346511,9501
314522307,3304
314537550,11918
314544859,28233
314631750,9584
314635277,23844
314740206,16838
314744347,21062
314764604,32330
314831530,18232
314840515,32533
314868733,1330
314891148,32535
314967473,32331
314985978,32551
315048316,24457
315244639,31477
315330059,18566
315390167,31478
315410601,30270
315473616,7800
315511022,31476
315528411,31475
315570181,15014
315691830,10447
315795656,25523
315832628,29717
316280338,26059
316327334,26708
316363363,1124
316498798,28763
316821468,24638
316906383,24638
317091887,16188
317306555,26216
317324678,30107
317388413,20622
317397355,6328
317455512,10133
317542611,7769
317549390,4242
317785824,17469
317840694,28268
317953834,25728
318058409,28269
318183536,15010
318228577,25957
318242060,26748
318244197,25957
318255542,12413
318260251,25957
318262712,15011
318291887,10816
318322143,16177
318349988,3072
318359672,15012
318456745,12004
318456970,2243
318488900,1049
318489742,3776
318500793,4507
318512411,598
318513261,19919
318520493,2956
318530308,1700
318532296,4307
318532421,1826
318541027,6939
318551099,5203
318552539,1047
318553265,5576
318553769,5297
318554417,1980
318560237,24681
318562504,1052
318563360,18694
318564980,12942
318573046,1036
318576032,6874
318584665,10106
318587525,7382
318589034,7286
318592635,3465
318606348,6257
318616017,13366
318622220,19741
318624963,7285
318626319,5601
318627786,13252
318629606,5794
318631378,19735
318634546,13460
318636577,24757
318638391,6597
318644081,3652
318649801,6547
318650827,6901
318653363,1183
318656796,6064
318658792,599
318665740,3611
318665785,7406
318675098,5656
318675621,1918
318686588,15096
318690906,7385
318693963,1703
318693984,5202
318697552,6596
318702784,13452
318704937,3557
318716619,7295
318725045,336
318727100,12788
318728142,3751
318730520,4309
318732419,5793
318742446,5282
318746285,4699
318748711,18279
318753310,5177
318760014,13302
318768527,5658
318771277,5657
318775680,1178
318787169,1697
318795762,5178
318803019,12968
318810826,5200
318816834,1272
318820205,6872
318838764,5655
318849548,5179
318850624,7383
318853617,6940
318855406,2860
318857022,24680
318858735,5492
318859723,5986
318865335,4317
318873305,12953
318874181,4638
318875965,3758
318876217,2961
318886565,12970
318890471,10107
318894867,6896
318894890,12867
318896909,12795
318914788,1051
318919335,4133
318937996,6945
318946932,6296
318949299,7098
318950697,6499
318950805,12950
318959601,12455
318969363,1936
318982472,1151
318983268,3042
318985548,12608
318998040,13285
318999759,5181
319013719,13014
319013939,1044
319019463,980
319024099,2209
319030543,1187
319041217,26890
319043204,12932
319048046,6256
319048207,3749
319048253,3253
319056287,6344
319058608,981
319063480,3239
319063534,3027
319065031,20047
319073976,3257
319085346,1050
319103358,30129
319186348,12606
319261991,5582
319298298,30124
319339479,6937
319355835,25205
319389470,1821
319418940,1822
319425226,2213
319522016,18207
319558588,33215
319739266,30029
319796587,30033
319854339,3610
319857741,33247
319968151,16409
320000494,30028
320152447,32234
320163679,3203
320229457,32237
320310325,32235
320389212,32236
320468360,6913
320490717,11486
320522980,5618
320630536,6912
320703243,6370
320740550,4838
320769148,30632
320854879,6613
320858685,5541
320866699,32755
320880910,2273
320959775,32269
321070867,5620
321073477,32270
321073782,4051
321084750,6289
321102057,11197
321125099,2215
321138537,2211
321241229,2272
321297563,5617
321333129,1978
321344090,25681
321346300,29873
321347323,26367
321348063,25061
321351323,5902
321355419,19370
321371956,28233
321383733,20976
321387089,27468
321397417,15643
321404280,27478
321407493,17785
321422895,25597
321449839,29208
321484237,24652
321485222,18840
321525936,18368
321529940,23127
321531124,16439
321537568,9531
321555268,29650
321559514,28605
321566075,23123
321579316,16725
321605899,25602
321620546,32814
321640500,20094
321641768,27957
321666214,29096
321666290,25488
321689817,11482
321692663,29394
321698058,16856
321703008,29395
321706006,17530
321708739,27960
321753641,25543
321759764,13419
321760145,15065
321765983,20097
321776529,29390
321812080,28233
321829321,2033
321857848,29672
321927787,25678
321948451,26348
321961887,19749
321969790,16857
321975369,19374
322011382,19172
322013470,16723
322015842,18367
322078004,15750
322220804,520
322243410,509
322275165,16082
322279991,16020
322292300,19372
322296459,1380
322357702,28233
322387928,16021
322413652,7282
322436216,28376
322622142,6888
322643884,7095
322824071,745
322868586,748
322981923,18975
323023626,19373
323058302,26903
323058901,16150
323076306,23971
323083955,32071
323123450,27836
323123674,15952
323124952,15962
323159100,2023
323160827,27284
323179980,29473
323192660,32976
323197526,29896
323219948,24248
323233273,27281
323236800,24320
323302634,6963
323316002,13023
323323628,31934
323485861,6964
323521708,27138
323542309,14263
323605053,16191
323673150,31821
323718243,6549
323746392,32643
323792734,21099
323846246,1030
323849217,24642
323881669,13264
323885672,18675
323983541,12233
324011417,28293
324421042,12375
324429472,26409
324511575,7080
324543395,12211
324661513,601
324665818,19856
324676418,25189
324707733,19633
324759492,12024
324790716,12142
324822179,29894
324872598,9007
324880524,9000
324885639,23243
324906669,9006
324951565,9004
324992965,12199
325019068,9003
325040782,9001
325042256,9005
325044126,28325
325050217,7468
325072318,23246
325101303,7466
325104387,9002
325107790,7426
325127220,7429
325200016,28323
325215860,10784
325231844,28233
325249969,7430
325259319,14403
325288264,28655
325405534,26729
325432866,15958
325464411,3005
325513958,26243
325515746,23312
325606545,16180
325759640,23574
325790568,32520
325857748,11941
325981445,4898
326032706,4091
326038658,21177
326156820,18306
326179297,18299
326230134,4094
326253744,24630
326685449,17039
326705079,26515
326717413,15271
326719923,11485
326724662,14609
326762237,24238
326764203,20357
326777490,15918
326828557,22412
326831277,11802
326839108,31189
326893445,20355
326918626,16181
326931770,14591
326938876,32370
326942760,1281
326972096,28098
326975148,18087
326984649,19779
327054662,20099
327071645,15215
327105113,28129
327109420,10586
327111360,28333
327126137,9708
327144707,20759
327260868,4664
327269836,9701
327303903,9716
327337780,1906
327345497,12133
327432411,32141
327573506,4521
327608699,2635
327705787,10483
327714884,5888
327971809,27103
328071662,2636
328156859,9179
328249158,15393
328282376,23302
328282680,7218
328328598,12595
328352836,4079
328353826,5077
328378977,3057
328465769,789
328466908,32111
328470023,4102
328487555,4963
328499612,14405
328505167,3589
328509714,7221
328528359,7220
328568747,7217
328578191,20611
328591033,6535
328660058,31063
328674874,29572
328683759,28233
328690747,3878
328731073,4652
328737574,3469
328743325,26641
328775331,955
328852425,32185
328905575,16996
328919591,32101
328924691,21137
328945034,32283
329518413,1764
329647587,960
330123217,1769
330126027,4232
330145884,28616
330190358,13148
330210306,32896
330214274,1770
330221171,4601
330233110,26451
330242639,1236
330320458,10625
330358089,10057
330408089,20319
330410819,2740
330426727,6591
330442301,12286
330453915,8216
330457135,6887
330460869,16612
330471713,2742
330527020,3982
330550440,13769
330555282,32128
330619703,2743
330633901,15686
330637178,20603
330663169,6894
330719172,32488
330743724,32127
330792396,22429
330827028,29319
330849874,27113
330910885,32897
330925980,25953
330982867,33287
331059949,26452
331075646,19308
331092464,14427
331213982,23356
331222748,13770
331236998,22448
331360327,17993
331446973,26874
331489628,17991
331523764,17994
331532791,17989
331558533,9699
331591223,15478
331738803,19185
331766839,17990
331788748,20636
331818591,9539
331842113,10341
331848083,22701
331875195,9541
331922272,18939
331922422,11344
331951704,10331
331977799,9548
331983281,10002
332065163,10028
332135521,9537
332181296,16186
332277648,30823
332305877,30819
332309584,12017
332569479,32614
332599783,30822
332648096,31688
332678896,32133
332774867,31005
332776777,22729
332978657,20227
332996695,6095
333039635,4047
333081235,7047
333081518,14472
333128928,24684
333216813,15083
333320859,795
333322809,33266
333345298,23222
333425993,27607
333821994,6972
333858348,30855
334200741,9710
334241673,10843
334246186,9785
334255515,5871
334295214,8336
334320196,27857
334359451,10473
334467890,6504
334724569,6024
334742889,3343
334859964,12957
334912001,26412
334966195,9033
334982661,13771
335079762,8677
335110034,2081
335211959,13387
335301600,4665
335302899,31595
335326633,24628
335423357,7101
335555635,3575
335586543,31600
335600132,8570
335724926,17923
335745682,24747
335748240,17924
335812162,17920
335826863,24746
335870817,17914
335914425,8774
335987708,4948
336020772,3307
336033951,16998
336037344,20346
336064528,8335
336206730,25755
336244895,25457
336266304,7965
336305326,4151
336357759,20726
336424283,13227
336471116,20725
336480572,20724
336511043,19673
336524881,19676
336554389,11981
336573766,19680
336575811,19675
336578127,19681
336640898,19178
336655374,19674
336690308,11982
336726190,12005
336840102,32337
336920144,24073
336935312,18407
336936112,33210
336983315,19892
336991413,22149
336993415,3351
337041243,10743
337052906,27066
337053376,15158
337116052,10213
337140273,26220
337165619,7848
337178655,23835
337220862,33212
337231825,18109
337381578,7155
337447902,18406
337459823,13615
337482290,989
337511374,22142
337516604,9277
337516990,21341
337533134,17360
337563549,988
337686240,21827
337709857,21959
337797016,17939
337827150,18208
337888300,18204
337893825,782
337939007,31170
337976119,15482
337988002,17045
338006530,31757
338035676,30479
338064232,17705
338064386,783
338068820,24270
338071596,31213
338100660,30480
338108961,31722
338115436,11649
338129334,31169
338130104,31275
338137680,31214
338157366,31215
338166010,31142
338167082,20148
338171490,16087
338172463,19264
338178955,31715
338186749,32025
338298579,15483
338304681,31904
338311845,15484
338324811,18909
338334851,1815
338344914,9827
338415774,33173
338484603,21786
338502876,33168
338529864,20444
338541787,29659
338546230,14524
338698664,13383
338716543,28328
338869596,21793
338927793,28329
338996864,17688
339025506,10136
339058579,5299
339124820,10963
339130048,25717
339203414,4052
339214607,11839
339219903,27181
339222433,333
339226411,7540
339234885,7569
339236263,4428
339239833,12274
339257800,9261
339259723,31035
339259869,340
339267188,11841
339287379,14278
339288654,9474
339303559,27182
339304470,14811
339322789,10974
339322908,9449
339334884,10138
339349286,4400
339356773,26321
339363396,9529
339426000,2867
339447387,11840
339501214,9187
339554416,3180
339608056,29642
339808171,14240
339845084,964
339900077,23826
339904015,25693
339935673,758
340185648,33310
340210349,13053
340303374,17630
340347703,24703
340391988,20069
340445170,4397
340485871,28192
340536798,6117
340624174,20344
340796022,17244
340872467,18421
341083123,3357
341125261,22280
341220637,16654
341222332,22421
341260345,16872
341309828,29720
341329549,29824
341412522,28658
341422554,20196
341447205,12202
341470799,13841
341478203,25532
341583236,33110
341602255,28999
341607689,28958
341618365,28995
341632376,11683
341648156,3977
341651268,28936
341654365,29605
341655724,26198
341658808,28997
341671367,19450
341672070,29632
341699974,22252
341704638,19209
341740119,28944
341741863,4606
341745242,24551
341764377,24552
341773798,29606
341784219,4604
341785650,28934
341789378,32854
341791144,32857
341800743,32775
341802189,25336
341810249,25945
341814006,33109
341824470,2344
341829030,28996
341834234,32779
341851610,6070
341856728,32057
341861814,32781
341882275,29607
341883267,29922
341885645,27769
341888395,28998
341918455,28935
341942414,32218
341943486,1941
342124975,17588
342227195,32221
342303118,17046
342384500,331
342532678,26449
342559617,12016
342602183,10647
342607955,21199
342614900,28152
342640479,18270
342664498,10697
342688332,14335
342713416,7165
342809812,15188
342892660,28807
342906795,19677
342997974,25155
342998788,21428
343043213,16957
343089758,28233
343113096,32526
343124872,26709
343136192,13956
343142727,32083
343144318,15383
343178912,32080
343208689,24637
343212830,13955
343224143,21376
343238360,15388
343277842,15386
343312196,15384
343338149,15381
343364881,15390
343369279,21367
343379130,24631
343390819,13953
343406526,24635
343424289,15387
343435791,23774
343438922,23773
343452915,15389
343466385,21388
343509528,21387
343530862,14580
343534114,15382
343539132,24637
343539169,23772
343552296,21390
343563223,15391
343571139,15385
343587860,14944
343611535,29321
343619414,10484
343643743,6021
343661619,30820
343701831,22019
343744578,27762
343745179,26078
343756419,7128
343758747,18861
343781132,17600
343787604,27087
343809595,29320
343811105,22736
343832965,12284
343859604,20793
343867183,22017
343873123,29323
343878570,32734
343884496,30193
343909923,9958
343915954,5889
344017667,7995
344027782,5387
344047642,10005
344062372,8050
344071312,11412
344086180,11448
344110184,8296
344131300,28233
344152766,22998
344153907,7747
344185229,10024
344203745,14043
344217720,30566
344281700,32255
344305019,9123
344328452,21332
344345206,33294
344364756,9122
344430914,30671
344536023,7677
344536029,7048
344566134,13050
344575541,26834
344606029,21348
344621491,4046
344767110,19679
344786990,19678
344795396,16156
344820828,4909
344866803,4506
345025451,7460
345028079,8911
345122644,7985
345128674,20201
345174455,32187
345203133,32476
345489870,21454
345514213,19682
345569862,22539
345641340,19685
345674971,24544
345675775,3818
345697763,19686
345860536,13992
345881097,19684
345887454,3819
345888493,19687
345944457,6011
346149551,19683
346258861,15478
346282596,15154
346304789,10075
346350806,15018
346400725,16889
346446751,3431
346537544,2076
346590079,2585
346631576,29304
346767444,26886
346787195,7987
346843539,30193
346843695,26823
346997782,17099
347004581,10439
347049329,6371
347058622,29542
347071819,7997
347080645,6421
347107739,7300
347127443,1901
347205947,3820
347275642,1902
347343201,24231
347393479,13697
347399800,25238
347502480,32272
347530270,32655
347544247,8487
347658464,24205
347690582,32532
347708933,6363
347714838,21455
347728455,32529
347754728,32088
347759795,3941
347769964,33030
347822662,19460
347822794,32537
347836685,32538
347844085,32521
348006466,32089
348116085,13954
348165408,6362
348290022,28233
348373674,25643
348393303,26508
348452303,15478
348576882,3008
348624360,10365
348637706,13121
348675026,3920
348677938,12457
348737260,9127
348781063,9121
349013423,11687
349070241,4468
349172647,16194
349325893,10977
349390560,14052
349441371,51
349501497,4350
349512387,3142
349549183,7635
349595075,7151
349799290,6063
349960069,9184
350027767,5547
350056760,5546
350263389,10358
350271801,24226
350456021,1884
350457440,6062
350506311,27771
350523679,13855
350601118,8253
350604692,8252
350662849,23604
350680071,6675
350705318,8463
350725035,14042
350905239,6684
351024707,20721
351050502,15766
351060604,23306
351068883,25014
351079011,30952
351096287,3920
351129031,25727
351130170,30594
351220108,31790
351221894,31586
351227129,19643
351319158,30597
351383021,19692
351421114,14036
351455029,19688
351483706,19690
351486045,16892
351499434,19689
351505000,19691
351670505,19670
351712462,6177
351724671,15478
351744117,20618
351747976,6182
351763569,6179
351791963,20601
351792056,17940
351796831,32916
351837306,19669
351870649,19694
351872103,8093
351935347,19668
351943682,19693
351998625,24317
352014223,6173
352029842,19671
352045430,32924
352083957,28233
352085022,20616
352091817,32923
352116821,20619
352122134,15134
352123460,20631
352127103,17203
352197991,32273
352204281,16236
352224742,20630
352226814,20628
352229570,19663
352245596,20638
352278255,20621
352282525,20629
352314589,19665
352320467,30468
352324640,19666
352378532,19664
352382228,22122
352387826,20627
352399541,19667
352407157,20065
352424237,24067
352474017,21956
352571232,19662
352634480,20106
352652333,24138
352687392,29365
352691992,17523
352709929,32635
352816877,16347
352829525,28233
352833279,8968
352833952,22326
352868065,18278
352965430,6957
352997700,18822
353021775,17844
353039594,15285
353169828,17031
353368829,18042
353397286,5322
353423420,8209
353455053,13447
353598303,19525
353647239,19053
353800418,21336
353805166,15193
353875894,21435
353967574,10587
354055229,28550
354057460,21277
354059552,32684
354088908,16432
354108813,33149
354190716,16348
354247581,19566
354336552,10588
354349740,31414
354617410,15280
354711911,30819
354742178,27092
354773987,18907
354861100,20614
355032106,203
355039654,15261
355070749,18974
355254493,23717
355277703,28233
355327181,22104
355491400,28233
355606906,20598
355717557,28233
355758422,794
355759139,19695
355792394,19696
355927891,20926
355947784,27255
356005843,17641
356031292,6683
356041519,21932
356076883,20741
356179444,23485
356196214,28903
356279460,22163
356293768,26532
356340718,30105
356404983,28830
356413483,8687
356602494,2500
356739960,16885
356747290,6926
356754592,28091
356764783,30674
356828203,30672
356873319,30673
356874221,27368
356879118,23523
356928231,24137
356934655,17551
356938156,17550
356971956,28090
357020156,5171
357079833,16795
357153475,29776
357160183,16886
357165706,16671
357169989,13304
357244366,23524
357392960,6797
357483341,6798
357491674,25538
358312269,3672
358664602,630
359454337,10618
359571112,440
359815205,26374
359843426,28233
359955714,26373
359968325,9308
360118682,32186
360181538,26375
360198105,17890
360239946,24967
360244406,24962
360251097,24969
360266945,24959
360281213,24968
360291222,16670
360296842,24960
360307091,26130
360308177,24961
360309233,24970
360321742,24964
360331541,24965
360334991,24963
360344784,24971
360376894,24966
360382582,26128
360615605,9648
360636190,24972
360665520,26528
360693828,9633
360712989,9647
361177579,15478
361443698,2869
361525277,532
361708039,26529
361819590,14860
361897656,2688
361916547,32368
361965994,16459
362030262,15159
362089424,33230
362099984,5160
362105505,21143
362199656,21142
362227394,19914
362407715,32651
362417462,5148
362644205,12305
362711934,19697
362722530,26137
362729279,19314
362774198,19698
362818126,11960
362896938,16165
362916466,5898
362962886,19699
363031070,19417
363095157,4540
363154891,23522
363249045,5172
363418609,10714
363461945,5164
363558955,14039
363562740,19703
363603391,20632
363676397,19704
363709010,6920
363824089,2125
363826302,19702
363840741,15282
363873146,19701
363894906,15478
363917217,20607
363964502,9271
364125205,21239
364338800,28181
364362766,15551
364381045,14045
364411244,11503
364497137,3811
364514443,12235
364597303,28233
364681344,21191
364687279,22192
364750804,18994
364867569,17894
364895553,28184
364979739,26848
365009744,30525
365160455,9706
365195162,6072
365199128,2696
365212578,27768
365280342,4363
365282495,28233
365361174,22706
365434031,24471
365492844,9711
365545588,10915
365579224,27102
365579518,18921
365615420,10914
365716410,7290
365727429,31219
365817210,22686
365945954,3926
366812897,24668
367281387,26283
367770226,6986
368022127,15440
368359736,2134
368370942,12458
368373536,16818
368375293,16974
368400016,2133
368462182,2135
368581683,31596
368806038,13313
368818384,32816
368833509,18757
368837129,13314
368892323,17996
368975148,22471
368988037,18254
369063739,28400
369113448,22361
369198467,26502
369241191,15684
369284646,6839
369295993,18896
369377228,28233
369407706,22462
369579043,6358
369597489,13879
369632559,7023
369644998,14593
369744771,16126
369797309,22790
369926128,28712
370086730,2316
370320189,2325
370435953,32142
370444761,32143
370467484,4466
370469548,26638
370556155,32645
370561147,32772
370611538,26956
370664063,32162
370748938,18125
370772000,32156
370787683,32147
370838792,1737
370862620,32534
370944080,21471
370960565,26765
370983036,24945
370993926,15478
371043082,32771
371052494,10651
371058801,24948
371068302,25528
371108757,32833
371201676,8900
371221265,16189
371312669,16964
371364047,31604
371383224,31593
371599551,5154
371689192,33171
371719578,33169
371741092,30088
371800451,30103
371806442,30086
371808257,33166
371811007,33167
371821615,16127
371878187,33165
371947800,26579
372036518,16271
372235930,26577
372341200,22266
372377920,17589
372420574,11042
372424200,5882
372629811,29214
372637427,30477
372752444,20240
372847110,5607
372901895,14218
372917938,5605
373039075,28947
373184401,15644
373318253,20238
373337878,10679
373376806,30178
373377069,12084
373422966,18227
373448609,10671
373486125,18127
373509294,10678
373529556,7712
373550573,31413
373583216,10683
373600381,32528
373642997,7924
373689910,28233
373719161,10672
373752476,9882
373759344,32527
373769560,31414
373797776,14304
373798909,14302
373808054,22239
373809827,10157
373829367,26840
373836972,29512
373837207,8509
373851983,12824
373854107,14249
373859723,26840
373862338,10100
373880917,8508
373913134,14075
373933880,8754
373940260,11138
373956705,29507
373974083,3665
374007004,5269
374041224,11984
374088437,26840
374111871,26840
374124800,3668
374133321,14023
374135872,14303
374136383,3666
374136845,13432
374137841,14248
374144087,8507
374151860,26840
374495620,10680
374498414,15722
374504451,24032
374556743,15723
374557771,24034
374571536,32912
374781217,11296
374787564,16863
374795453,17256
374806664,24446
374811503,27909
374812492,24439
374819243,21255
374819690,24134
374820598,18659
374824949,24445
374834086,17388
374841084,24441
374842930,18956
374843553,22977
374855733,20505
374866861,24335
374868698,21363
374881039,21258
374889042,31013
374891591,21717
374904881,20247
374905348,21052
374914575,20972
374925486,20708
374938503,31898
374951415,17947
374952184,19959
374954107,26436
374954897,21100
374961962,32734
374964995,31246
374973250,22982
374974326,20699
374979142,14559
374979439,2727
374980117,32097
374984821,15336
374984907,18218
374985167,2853
374986584,23124
374986992,31805
375000440,21755
375001588,20911
375008570,17513
375010409,14566
375010505,22874
375010793,31745
375011977,20974
375021750,20997
375032036,16257
375034432,18339
375043890,21101
375044476,19875
375045737,18037
375046795,18113
375055297,23126
375070471,20836
375070591,18041
375081843,22027
375082361,24450
375082898,21215
375085546,20084
375091987,14560
375092175,21756
375126883,20702
375127478,22264
375128064,18987
375128491,17151
375138218,15150
375149998,17152
375151130,14575
375160836,16864
375163004,18033
375173328,21051
375184525,21261
375186352,16689
375188378,14462
375188411,21364
375195660,24950
375208824,18340
375211502,31692
375213031,14572
375220753,16313
375231823,22873
375232689,31694
375233349,16542
375233551,16790
375233798,17946
375236532,26926
375236715,21716
375249809,14589
375256971,16865
375260583,18330
375263212,5152
375267090,17146
375267178,22265
375281316,16884
375292291,20503
375293667,19216
375302968,31690
375305754,18714
375314850,22331
375316433,24135
375320509,20506
375327683,20507
375328744,30495
375336924,31012
375351670,21100
375364736,16866
375367647,30775
375371040,14588
375372893,20704
375373505,16738
375373731,16870
375373999,28233
375384685,14556
375429304,15734
375605619,29750
375641249,8513
375655541,7542
375883195,31054
375888548,793
375983872,15335
375985382,29352
376054776,16190
376069406,25463
376138707,29492
376145115,31055
376166177,29906
376255321,23631
376291331,11979
376320835,20098
376322991,22870
376356210,28233
376474252,26437
376713018,22362
376746008,20107
376749453,16232
376778002,23428
376808120,1966
376865664,22286
376920358,15231
376936395,23797
376947567,2878
376963860,2873
376970965,16845
377035297,2874
377055019,19927
377080935,24072
377110677,18046
377317615,7617
377659007,32499
377975227,2645
377993708,20861
378009003,20862
378065742,5464
378091120,27971
378122778,18111
378183244,30593
378213484,19864
378219378,1210
378284876,30592
378444632,30597
378553956,28317
378609099,25483
378636856,6927
378670546,30192
378748202,6921
378767609,22643
378806703,30024
378811655,28233
378919744,10669
378934876,10674
378943455,20046
378967798,3085
378971137,10681
379010261,3084
379071176,29378
379085300,32090
379232639,10682
379247884,19520
379287029,16193
379298986,33084
379403192,20633
379449290,23468
379653498,15813
379688461,13658
379725829,77
379728785,11646
379746719,14993
379773849,14988
379776004,2555
379793622,23420
379802069,17703
379816168,23383
379837907,24095
379855685,25522
379866815,24112
379875782,22633
379880123,23423
379892318,10934
379897532,206
379902010,20853
379913996,21163
379929754,14984
379938473,2246
379942657,23419
379958567,7325
380005365,7327
380027772,3959
380046210,32548
380061770,3144
380080473,13542
380081204,23424
380082207,7322
380084392,2248
380088711,7324
380090968,7009
380096659,2249
380100138,14989
380109245,20852
380125284,14986
380143664,7326
380154755,7007
380171985,14987
380175257,6710
380189169,14991
380192768,2247
380199250,28392
380209643,23422
380212272,23426
380212298,2274
380287274,7323
380295605,7328
380318466,11544
380321554,7006
380321688,20850
380343036,10940
380356717,22205
380388191,7030
380390994,28391
380399962,8350
380405767,20849
380416986,8354
380426159,14992
380436145,14990
380471962,11669
380479326,28233
380488874,26276
380503132,32964
380569229,13906
380623460,19616
380736601,30222
380747180,20533
381107164,20635
381359968,24001
381448684,8082
381587113,19528
381659619,16239
381683956,28191
382077214,20552
382321324,22866
382326010,15485
382554604,28233
382564314,10989
382759588,4405
383092905,12719
383100492,12429
383101764,13329
383102025,13996
383102423,14445
383103769,14185
383112734,12430
383120752,26998
383123499,13757
383124150,13102
383124153,14179
383125704,12708
383127116,14445
383133935,12430
383141017,14351
383150838,27000
383160245,14094
383167492,14097
383171141,12708
383171581,14112
383173315,12431
383174085,14097
383191862,13686
383207466,13751
383210806,12448
383213462,12708
383236396,14120
383245632,18433
383245814,14336
383250835,13102
383263870,14070
383266852,12933
383268465,14445
383269579,13107
383272967,13686
383275173,12429
383279573,13305
383286799,14223
383287126,13749
383290622,14337
383293777,13329
383294433,14230
383300929,13305
383307400,14446
383314441,14446
383315433,13305
383320003,13758
383324031,14446
383335480,15584
383343785,13129
383344664,12708
383346427,14446
383348363,14069
383353216,13789
383359580,14234
383360016,14179
383376059,14342
383379416,26999
383381438,14185
383384126,14445
383403977,10723
383420969,14185
383421112,19966
383434244,14093
383449188,14223
383459683,12431
383471680,14350
383477818,14185
383505454,17029
383509656,30583
383511314,15769
383525812,17021
383555066,20626
383571635,3917
383579350,30580
383602791,30578
383629969,17028
383659980,21024
383666591,17025
383668720,30579
383673616,17024
383678487,17020
383684334,17023
383689632,27030
383734403,17022
383748272,17019
383754018,11342
383781399,30581
383782132,19594
383782540,16174
383790923,27853
383805727,17030
383897404,17125
383938850,14487
384020428,15183
384109375,28532
384116210,20023
384231829,16955
384242012,10175
384247677,6520
384258467,9181
384259895,10171
384265478,11333
384269887,26472
384272916,8773
384290375,28076
384305922,10172
384334142,26862
384352904,28714
384361626,9828
384381129,5610
384398443,28141
384421250,27942
384433141,10772
384433238,25059
384435543,11307
384439674,6247
384446157,26489
384468272,9180
384468891,16324
384469426,21777
384865833,20300
384894286,27446
384922032,32082
384945071,28428
384958838,27448
384982082,29530
384986404,15152
384987696,32981
385087045,15461
385094455,20854
385126313,27449
385158883,32084
385178420,27551
385199600,27573
385206317,7008
385256364,27549
385278536,12009
385285311,28113
385290756,27580
385378582,27563
385396468,27579
385398136,9135
385422919,28110
385423322,28107
385503306,26513
385524686,27557
385554697,28112
385557459,28119
385572026,26370
385573052,27590
385602358,29511
385604914,9134
385625683,27558
385631226,29497
385636785,27561
385661432,32081
385694807,26138
385907899,8902
385942302,32222
385953679,32086
385954752,5761
385977431,10056
386060950,49
386066424,10059
386085663,16817
386146398,15273
386276287,32817
386295877,17478
386320791,10648
386320922,15274
386323751,16227
386412741,18384
386429956,32086
386454158,32087
386523912,10058
386535291,7963
386554914,4255
386555202,3050
386571873,21912
386627967,28115
386642869,32254
386748582,15327
386765390,14979
386775672,18326
386807130,30655
386811530,11341
386924900,3468
386930637,3083
386940348,30191
386950905,17393
387316026,17394
387354855,5481
387372665,16981
387678475,28233
387684979,32155
387721911,32974
387940474,7871
388035296,24109
388192953,26705
388203125,25754
388400727,16229
388491631,30126
388543431,3018
388588414,32867
388744126,14134
388865551,12127
388918739,16161
389178009,24328
389606423,25448
389642891,31409
389693636,21370
389747615,7759
389823229,24093
389823639,11050
389936675,345
389962370,30452
390009147,7037
390072737,32246
390155693,15803
390172734,13228
390229812,9919
390257277,13177
390281568,32244
390324536,13910
390366993,19965
390449278,19616
390509647,23985
390523749,32335
390531606,28472
390686957,23494
390689514,32699
390927943,32336
390951521,9919
391089529,15304
391214883,22474
391477191,11920
391491350,11921
391499861,6105
391512104,9774
391513437,9794
391525948,6101
391527763,11792
391576380,4218
391580180,9259
391584570,6097
391588958,11834
391596662,10646
391608448,11923
391615966,11598
391632726,28155
391670167,11842
391675150,9799
391696888,11755
391698032,6098
391711893,11829
391712879,11800
391716182,9260
391723798,9795
391727622,11799
391780074,11831
391790259,6110
391818582,8563
391845420,32156
391854605,11837
391887573,11924
391896867,4220
391898724,11917
391903294,11925
391924924,6103
392003007,1323
392026162,25935
392119271,3364
392200668,13246
392235693,15363
392355456,32978
392515395,32457
392543420,21983
392648763,26826
392671408,32459
392712424,32458
392851260,19777
392855683,26827
392875627,19780
392954171,19613
392999629,29999
393071063,14861
393157793,6962
393195714,16061
393212378,2113
393230606,476
393261825,15525
393317542,478
393438044,348
393465984,2114
393480310,5368
393547080,28867
393547656,5090
393550538,32091
393632635,24801
393689727,28692
393720046,28696
393724952,27393
393731513,19619
393751028,25749
393773905,33233
393784835,26536
393793981,32091
393855552,355
393862733,26534
393943365,26494
394004578,26290
394010498,16125
394074039,28233
394155582,14798
394160110,32089
394173856,10727
394212063,22324
394446869,17002
394465890,22325
394513283,15615
394542061,33218
394547589,32262
394587261,13400
394630693,11753
394640053,15616
394656894,32808
394713761,6852
394716499,15973
394718382,32696
394728446,32116
394746565,19616
394789165,27525
394797161,32318
394921951,33063
394926754,17193
394945467,31614
394964877,29475
394973194,20391
394982285,10742
395024313,17196
395027067,13766
395036598,32789
395088544,33079
395136852,23434
395178384,33187
395213521,13710
395347383,16895
395399053,25292
395430401,1429
395445446,18052
395474782,31414
395529032,31527
395560425,27101
395563974,31528
395580053,20302
395604337,31526
395647768,6705
395676649,18106
395727846,28949
395736891,26199
395781804,30002
395838408,22093
395912599,33260
395923318,31529
395991881,25402
396028171,19710
396047495,33248
396120220,33254
396137481,13767
396156015,343
396253631,11674
396332494,13401
396364320,10759
396377622,9752
396398446,13711
396435534,22150
396501063,11752
396597944,28546
396610395,28548
396610667,16228
396638613,32645
396682622,11438
396709774,6107
396721300,21957
396721314,17053
396743317,32494
396757419,12333
396781715,10207
396807345,10206
396844463,5089
396872662,1558
396875911,6108
396910371,11689
396968484,23274
396973654,30017
396978711,8873
396984849,8675
397018876,32646
397043569,12435
397066896,32645
397095399,1489
397206150,25926
397229800,26979
397234750,10475
397298694,26043
397311398,21512
397350549,5095
397402948,1132
397411580,4885
397416250,17542
397425930,26800
397624947,17895
397710346,26562
397782107,24587
397886814,24591
397904055,24875
398071564,13839
398113199,13301
398157061,15850
398162948,4585
398271097,18857
398274692,20564
398332813,22288
398407273,24420
398438161,14698
398470855,8518
398583988,1430
398635528,11082
398712723,13622
398974411,32135
399013471,6853
399021978,15552
399037881,23943
399049624,30591
399072623,20773
399546546,26961
399551669,33069
399615744,26960
399629730,32734
399655948,16096
399704961,28100
400066359,33261
400248636,19618
400293575,33249
400475254,16819
400615061,17882
400652989,22294
400660525,17268
400675323,24413
400776840,18105
400789619,2334
400790786,19600
400813594,24412
400826723,27805
400835847,18104
400903311,9901
400958593,22695
401030146,2528
401118817,19007
401174049,23366
401251760,24150
401296308,16956
401358925,14482
401376393,14483
401388009,18920
401404763,24411
401408257,28012
401410992,23295
401479509,4394
401501666,268
401502371,29417
401513015,21018
401518748,24206
401524948,22459
401533752,16771
401535099,16222
401540807,24203
401552932,24202
401558930,21911
401577525,16388
401639761,21093
401738436,21874
401891118,5862
402107434,32646
402146508,28973
402190295,12916
402259552,32734
402286749,2075
402309069,32153
402341030,28971
402357226,16336
402385424,32734
402480055,16337
402503186,27286
402596837,23595
402620308,22057
402663040,14485
402663526,19382
402713430,17285
402741058,31414
402744316,18175
402753143,31014
402764745,19975
402775439,16469
402779785,19951
402790272,11040
402815979,20120
402831505,26120
402840025,30805
402872647,18132
402881530,16264
402892545,17286
402935166,7426
402938566,20545
402940684,27617
402943079,28615
402945752,23321
402951222,29413
402960756,29414
402977913,24900
402990082,28743
402994230,15592
402995256,27315
403008639,20019
403017849,24798
403019851,28742
403026958,24796
403033661,16756
403037811,22590
403038555,16317
403039174,29410
403046743,28478
403051405,20546
403051929,22897
403052196,16757
403054861,24736
403064999,20010
403077451,24905
403089265,22895
403096020,18043
403117101,24904
403123314,20020
403143994,24734
403144724,20009
403170280,24804
403176570,15453
403191085,23571
403196601,18839
403203383,20011
403205516,15451
403210226,29411
403216211,31703
403221257,15324
403232013,23336
403234719,15593
403234977,24534
403243083,20008
403260847,20013
403276155,24533
403277881,20544
403290127,24803
403296681,29409
403297175,24735
403308103,16316
403312295,24903
403314858,24802
403316901,22896
403317438,24535
403322906,29412
403323667,24902
403323925,24799
403330268,20021
403340565,29408
403397356,30203
403414321,31764
403458609,30680
403487007,28648
403536481,30788
403561939,30783
403564625,31337
403576150,30347
403579048,23207
403582151,31800
403598915,30157
403616646,30607
403711504,27374
403723506,28959
403729104,30848
403731966,31287
403792368,4496
403816415,31801
403838622,31377
403852869,10183
403859373,23432
403906264,31489
403989817,31675
404021716,9686
404024960,988
404064472,18618
404071072,23479
404088191,18717
404092093,31491
404117003,22759
404123188,30440
404124764,23357
404164069,30443
404280948,31014
404306715,15611
404451218,32541
404494756,12635
404552306,21849
404675046,33277
404773274,21286
404794696,185
404821995,32530
404858666,19562
404887552,9817
404924180,16155
404983863,6545
404985791,20451
405228113,28114
405329144,32851
405339132,7758
405376326,13226
405385618,14486
405428914,20514
405473864,62
405641337,10472
405682706,20513
405720598,7700
405867009,11888
405887991,259
405915521,7859
405922506,18762
405940035,3806
405994127,15229
406028128,18761
406243516,2859
406383194,32734
406428616,31508
406468794,27808
406499009,18989
406507233,28475
406531824,27219
406550176,9690
406571732,27100
406739119,24824
406752030,20828
406790264,28238
406860787,29385
406977846,18516
407174852,16384
407180097,12958
407215153,7437
407218977,20380
407230142,22422
407333388,23131
407405207,12218
407452628,11123
407487903,3881
407491642,32425
407496833,9118
407498013,10816
407526995,33046
407538596,9904
407543244,7910
407558906,27217
407569793,1547
407587293,8365
407604367,8570
407627417,7849
407646741,8366
407658688,33050
407677872,9755
407683915,7913
407697618,26222
407712733,22796
407720208,22797
407721457,9903
407736750,8364
407740894,12399
407755584,7851
407766188,12108
407791763,8571
407792005,10817
407806122,9841
407812324,12138
407816783,9840
407826496,28415
407830860,9117
407836734,9920
407837279,12140
407861305,22800
407862455,9758
407886940,7918
407899483,9756
407913215,7724
407914958,32424
407934833,11402
407938441,9757
407953436,10819
407954673,12139
407962105,7848
407969668,9842
407978725,24461
407980004,32468
407986924,7909
407996835,10239
408002957,11398
408005634,5555
408006021,33046
408006314,10821
408041212,8493
408046920,10401
408050401,27944
408053079,7176
408061940,25273
408139049,32078
408142614,15234
408144018,11132
408151377,8468
408164552,32079
408202683,3309
408210929,32079
408228609,10209
408236859,11128
408243439,19890
408249220,20829
408252457,24632
408257430,11110
408260510,32373
408267831,11100
408274084,25273
408274857,7177
408301023,7178
408341021,19439
408342385,11116
408350658,16873
408352571,24632
408364754,14681
408381438,11120
408393656,11095
408432322,11096
408439951,11129
408459139,31040
408461134,11131
408496494,16988
408509051,11104
408510598,6484
408520935,11106
408526193,14541
408572244,11122
408598573,30443
408636849,11121
408636923,11130
408674752,11097
408700793,11117
408703854,11118
408714956,11105
408715970,6623
408724675,23516
408795127,5563
408819587,8295
408844700,15582
408896224,25467
408952093,29789
408986860,19004
408990681,25468
409047872,9689
409146195,28233
409236201,16396
409241143,28233
409249898,28233
409265970,32645
409277578,7435
409282283,185
409345244,9398
409400530,16464
409488999,9399
409582993,15608
409613248,7255
409672777,26836
409676522,32645
409705139,9400
409733540,12400
409744670,10210
409774683,27663
409828265,15277
409866446,18997
409880675,22499
409925596,7014
409928266,7076
409939232,10302
409948093,20107
409985518,7018
410042858,5562
410057052,7017
410078843,24097
410091327,24096
410093652,25608
410113946,24204
410138278,28619
410197903,28722
410220252,23715
410243130,22144
410253885,24098
410272522,17397
410276561,24207
410319401,15930
410330569,16690
410374614,16312
410393394,14429
410426984,29368
410448232,10523
410465119,33285
410474737,12396
410518165,7459
410533332,22220
410577387,27232
410610381,21289
410664961,27522
410667532,29369
410679967,9707
410786051,13144
410805360,9720
410808349,13444
410840143,11938
410861407,24667
410894267,24437
410903163,17126
410930663,9715
410956150,9705
410968230,9713
410970901,32414
410971739,3572
410982925,9712
411005704,3308
411047156,32415
411075539,2409
411110888,15589
411113742,7426
411157474,6558
411159254,12219
411168284,22211
411169459,11820
411203649,8789
411205700,23579
411229555,7425
411293050,9687
411293693,6559
411307773,12521
411320979,22364
411344428,6557
411416985,10095
411432384,4271
411463195,27822
411492660,26699
411499396,24443
411516445,8280
411568080,19173
411612630,19648
411657576,10123
411693932,11526
411793461,8625
411815382,23721
411896769,22372
411953022,8617
412057877,8629
412104012,2396
412134536,20594
412149286,15341
412379572,25459
412437458,28132
412487744,975
412601443,15015
412771205,22424
412810091,30281
412872175,30086
412902775,33172
412917593,2046
412925139,17838
412937187,33085
412954778,32822
412963493,25677
412990867,33167
413018101,30104
413040246,30087
413060470,30103
413081631,5167
413109560,33170
413117266,28213
413126247,7518
413197164,120
413197351,26058
413223988,23051
413274828,21941
413282554,28094
413285936,22872
413287990,5274
413299401,26061
413329226,28102
413416248,15606
413422845,17837
413423570,12440
413439982,26062
413509063,7696
413645247,21940
413687701,685
413862849,30282
413876436,2698
413878756,11678
413882491,32192
413885546,19214
413948251,14504
413986679,22004
414005262,4327
414009218,8619
414020050,26917
414023753,8599
414042102,8595
414060981,8607
414156495,18622
414184111,1651
414264914,1512
414274960,24099
414296421,15399
414377995,30166
414485790,23421
414642090,9739
414806314,11562
414869558,27373
414887344,27140
414992336,14784
415011479,12014
415019297,32334
415021800,11563
415141760,23351
415150054,26070
415160097,4905
415160752,22893
415177576,23444
415181053,122
415186577,102
415192458,1952
415210654,21837
415233184,95
415239087,113
415247154,19552
415275036,23709
415387458,111
415447155,21836
415555706,8238
415602532,8247
415647221,22450
415668953,8244
415669241,7846
415674425,17038
415681528,8241
415692001,7117
415827698,17037
415912205,8223
416013675,19725
416039654,11976
416069456,22600
416075765,12408
416191537,9233
416233587,19486
416236898,20296
416279050,16166
416295501,4144
416348337,976
416348383,19756
416359409,29550
416397368,30054
416414786,20685
416429411,28130
416432164,25646
416492043,22402
416566752,977
416593998,21343
416600070,14982
416649849,15639
416652266,8610
416664578,21990
416706444,25574
416799765,12141
416861801,6564
417032572,11630
417048705,7891
417161545,11632
417270077,20764
417405157,22648
417414753,22649
417419222,19554
417441663,32646
417470152,19847
417481203,32646
417482867,22647
417579996,17489
417638483,1362
417778503,1363
417787527,32645
417836232,1435
417868246,20369
417895782,21129
417936524,14061
417980496,7775
418091283,11457
418132373,29676
418133669,19740
418133732,10411
418146832,7096
418156189,31482
418226901,10437
418227797,11458
418262548,19928
418281820,121
418282100,12002
418286077,29179
418298034,29644
418299450,4429
418326136,11461
418334548,4410
418372004,15540
418391907,14260
418407377,17375
418411697,356
418431229,11423
418454480,11445
418462836,27240
418490838,10417
418491051,4419
418520244,32895
418537648,26223
418543530,24453
418556980,17374
418559965,9861
418580954,27020
418602963,10236
418613428,10235
418615911,10419
418619882,24447
418633305,22867
418637825,23807
418655160,22789
418689525,30734
418956805,30796
419005882,21905
419060814,21744
419116564,19617
419127851,28465
419140662,19617
419152777,19618
419172163,33198
419221883,19617
419226285,19618
419239066,19616
419244185,21907
419298156,14059
419351787,19616
419383924,19618
419414346,19617
419487963,18637
419488169,18621
419497026,18195
419500015,20197
419502167,19171
419509340,20673
419509383,22036
419521797,20670
419556834,22039
419588217,20144
419619123,20452
419658063,18519
419667084,17998
419688731,23213
419700529,19353
419703512,20664
419704362,23176
419785323,22038
419811587,22040
419965227,8346
419984954,57
420013758,1325
420130123,25575
420189150,29367
420482295,16035
420566531,5169
420581117,14009
420587399,32815
420635383,21746
420646171,15135
420654429,28189
420660329,22606
420680986,26684
420699280,25265
420711439,27974
420711686,2006
420761042,14010
420776188,32276
420789597,17389
420797175,27713
420814708,14156
420840219,28491
420864356,32498
420912365,20075
420916713,14155
420926706,1995
420927749,25482
420948918,26599
420957320,29478
420985245,3434
421002508,17627
421054398,12318
421075501,22869
421140883,28190
421185218,29252
421199489,9928
421245166,21829
421248199,28494
421249763,18126
421255335,5723
421284357,25722
421293598,16379
421326959,9978
421329225,5427
421343443,9938
421352498,11417
421362989,21824
421377082,5721
421379659,11464
421411530,9935
421425011,10332
421430298,11648
421493237,18781
421545545,9814
421554639,26772
421558966,10328
421576793,9057
421592844,8538
421599405,11634
421633917,9367
421639550,32973
421688193,33240
421692415,22784
421721414,25579
421752829,11809
421760474,8549
421775083,10613
421781424,11694
421793680,15447
421824309,10612
421865534,7199
421913981,15153
421996331,18486
422048508,27376
422095333,24665
422238295,5714
422306992,9691
422314369,31748
422391633,9692
422640126,24100
422704840,28618
422733036,9886
422794159,906
422800238,7404
422878919,26980
422891267,30811
422910202,31749
422911256,6782
422947282,11080
422997589,10707
423030529,1357
423035379,32354
423102583,7962
423215149,28918
423263828,7964
423277419,23705
423325365,33246
423349978,16650
423426300,10074
423449730,33257
423483012,2460
423490155,18829
423534452,14787
423574855,13058
423579238,8163
423614014,7211
423627225,3177
423636425,9975
423749578,26605
423767465,11890
423783946,19036
423807692,32170
423821134,12904
423829471,16244
423836546,17204
423916492,17040
423950249,32734
424151618,19479
424173772,22138
424416114,32072
424458806,16472
424575805,18774
424660360,19661
424686592,10801
424810317,33051
424833643,18772
424835223,15459
424837765,22160
424846754,18773
424889518,9974
424981349,12241
425008269,21267
425022370,21273
425087318,19609
425134418,30085
425172803,33165
425197182,30087
425400844,26006
425416304,33094
425429322,26411
425477657,18403
425478889,18398
425532990,26377
425593689,33240
425713222,19917
425742735,13781
425777150,7935
425797048,20530
425876594,3721
425898994,24956
425931539,17586
425954431,1734
425959731,28712
426006046,9276
426026476,1722
426114491,4509
426237408,13666
426375146,20588
426403504,4145
426459941,1327
426475082,1326
426600569,7840
426605182,29904
426642885,22073
426783039,2691
426803456,10578
426861197,21495
426885597,10760
426887114,13000
426970023,3723
427006556,11261
427040119,32700
427042250,31481
427050538,7785
427081961,9803
427137675,11633
427139404,13898
427166168,23975
427236931,23783
427261945,28686
427300148,13326
427368048,24287
427397437,32511
427435239,14873
427534305,26720
427539739,8548
427590758,600
427664101,10708
427731225,32966
427738585,262
427820196,33013
427833143,4821
427886801,6908
427889253,16036
427929829,21072
427972523,28687
428006865,13440
428011758,16182
428018832,10186
428057181,27690
428093142,8239
428121624,10184
428122970,21745
428132013,22007
428141716,12717
428173119,20851
428173471,26349
428175982,11508
428183975,27690
428207569,10185
428221904,27690
428228860,20848
428238459,9751
428253114,3722
428285820,19651
428322485,9976
428338448,8706
428356458,1728
428399334,8723
428425994,347
428506484,13438
428507596,8328
428508326,12032
428527901,31016
428533132,11592
428537078,13667
428543071,8710
428596760,9225
428597287,29540
428602193,13740
428608785,22373
428611739,11597
428614601,11791
428621107,16936
428712845,12256
428713132,28964
428729191,22143
428745136,28962
428782236,28963
428794789,1732
428843085,26867
428871146,25280
428908815,27763
428908907,25596
428946474,16116
428971026,19278
428984325,28921
429073926,4470
429076344,24392
429120054,24715
429216952,1364
429250152,4483
429266767,13439
429307758,18248
429320934,9740
429338424,4969
429346860,20847
429365883,165
429389737,20979
429400173,23340
429452560,23653
429485889,27141
429544084,4105
429632060,8858
429649396,22374
429656887,23668
429675958,14265
429765956,32442
429803861,6691
430160357,16483
430203314,20543
430305608,12006
430307327,29505
430320894,23339
430481802,28640
430487389,9476
430491066,23337
430527697,8285
430615583,2479
430632920,31127
430644142,7726
430650591,16014
430670336,16097
430675478,8949
430705660,19157
430754863,7725
430816243,8594
430833515,11265
430855678,11268
430967121,28601
430975103,12841
431009495,15512
431022261,5844
431032912,25100
431048199,3730
431110996,5261
431115301,25099
431142362,7735
431252260,7733
431329776,28002
431402521,27824
431453585,16579
431612443,15326
431613237,27823
431636832,26050
431640246,19156
431647848,27878
431648403,24984
431656973,23891
431661572,27889
431664464,26318
431666543,8892
431678995,27894
431686786,27545
431689017,23884
431690266,27888
431691434,27877
431701882,27883
431704141,27825
431704625,25248
431715875,25243
431716151,27882
431719695,27891
431723864,26322
431730057,19155
431741957,8890
431744819,18810
431758877,24987
431759000,27895
431768637,20492
431785827,27890
431793835,25250
431793889,14682
431796992,20497
431805487,27893
431806240,23888
431809399,18771
431809489,23346
431822740,14797
431823777,14679
431825634,25246
431825749,23350
431837058,24980
431837834,24975
431838307,18809
431843460,27892
431864621,32871
431869534,32881
431928825,32874
431939392,32773
431940720,23889
431952688,9553
431965225,32878
431995746,32869
431998334,32877
432039566,10982
432071970,25932
432116278,23885
432133534,24452
432183240,24451
432209512,10993
432265915,28767
432417975,7463
432418220,29209
432630441,28635
432690638,16550
432788465,5247
432854030,10630
432915604,17689
432921313,16559
432939845,23338
432952683,21865
432956249,29919
432961276,29899
432971625,24452
432995960,26051
433040542,26665
433063426,16030
433066973,24453
433073925,21863
433148978,2264
433192170,15405
433193055,21862
433235291,29654
433250623,24444
433295483,17390
433306516,24449
433414960,27257
433438617,23365
433485789,23313
433488502,23364
433494455,23369
433514220,19023
433532397,33121
433554319,31347
433554550,16655
433568311,9461
433583799,18769
433602260,16887
433622079,17335
433759558,7947
433765493,21090
433775021,25249
433788025,28488
433816878,26866
433845115,16247
433851788,24092
433860438,18627
433891181,5312
433898013,26052
433924135,19657
433932906,14617
433972179,14140
434023587,32307
434029971,25252
434033677,19658
434064161,10553
434071331,2619
434146133,16099
434167688,11740
434168292,7487
434194300,9844
434223141,15016
434232336,23405
434247372,7565
434254442,23603
434342490,3555
434476181,3558
434614730,22795
434665825,15539
434680185,13176
434759604,13609
434811256,27676
434890871,25454
434979063,25455
434984340,25453
435026743,26809
435053595,239
435124164,29288
435128991,26183
435153273,26184
435241386,26176
435273108,29290
435274894,26810
435282082,26177
435291589,11148
435331279,14799
435359078,27318
435370534,12451
435434886,27905
435457699,11093
435523341,23413
435528181,23391
435542527,5737
435602766,11136
435606997,7660
435609644,25684
435632439,11704
435657419,10036
435689772,10614
435725030,21575
435809567,2182
435864264,19487
435941791,19484
436001042,2353
436010388,22692
436022367,32561
436068324,14275
436180228,26844
436197619,3535
436220353,24797
436228837,27349
436253374,7576
436258219,18848
436309120,23879
436371964,23881
436372385,9405
436414273,18852
436432708,15248
436454679,18864
436466431,32646
436480103,1968
436522347,33122
436542857,27155
436552567,27467
436590176,22145
436625931,18850
436639389,27846
436674750,19488
436683391,15553
436691656,23877
436812885,2354
436821649,23880
436881080,20947
436882820,17197
436932369,25247
436946697,16235
437028570,23984
437099964,2620
437100147,24444
437104498,32734
437151593,251
437182771,7472
437212864,8768
437223933,28783
437228430,22037
437310675,21456
437332868,7253
437369614,21197
437373673,21850
437410722,26542
437460828,27455
437471312,2087
437525099,10628
437544213,2086
437565669,20442
437569936,251
437602088,22662
437610339,18763
437617358,23882
437629003,25720
437669089,10594
437727354,2244
437737108,7254
437740470,27346
437762366,251
437774634,18770
437789800,24710
438008116,27193
438043485,24442
438064473,18629
438068834,24448
438128026,33288
438179574,8109
438195682,11149
438207040,10985
438208029,10984
438213435,7752
438216828,2310
438234060,27068
438244386,6106
438248411,11222
438253462,9323
438266246,13566
438273797,4402
438276139,4401
438329285,8110
438376802,10967
438404526,8178
438424437,13567
438447079,11001
438449444,10336
438453606,10995
438470392,28016
438489551,6047
438493875,10999
438522865,26786
438536743,23621
438580170,29868
438706023,29419
438881333,31149
438949988,28316
439025182,10154
439036006,30868
439083062,28360
439145311,19877
439276816,15311
439310863,1361
439415465,18107
439468977,19219
439553342,32268
439580294,16672
439603076,20959
439615758,32268
439666311,22463
439671194,28720
439680876,7566
439724355,28717
439834637,20522
439849279,14426
439877243,1324
440031274,17579
440084440,1322
440304406,5530
440364847,20602
440407618,5531
440424233,13644
440425865,24101
440432705,25403
440457431,24102
440511419,4946
440536140,1701
440563701,11910
440568196,108
440570095,27253
440584685,948
440598071,10797
440608355,7592
440610493,9230
440612652,33123
440618209,93
440633318,5539
440638182,1872
440642098,6915
440646243,19232
440673444,98
440674611,502
440699064,5762
440717464,99
440762497,878
440765767,1818
440767119,19250
440782572,947
440790553,96
440796191,2630
440809922,6228
440825482,112
440830699,13923
440832018,5828
440849060,1149
440858005,21257
440858075,104
440882179,368
440885434,19230
440911841,6238
440916358,15925
440931514,31853
440932726,1344
440937082,3741
440954235,32670
440958504,773
440959409,3738
440964111,4530
440969632,4756
440972394,7043
440974294,3564
440986888,4706
440992858,387
440993421,10199
440994928,4026
441001979,2335
441009424,4799
441018981,30809
441020173,891
441027708,23802
441035223,4746
441047497,1620
441060554,28357
441066852,1569
441070526,4752
441077088,1568
441079262,1573
441081294,1264
441084869,4735
441095772,4724
441100828,4666
441101306,1682
441114960,2302
441129518,890
441137048,20245
441140414,1560
441152246,4058
441178890,3999
441180706,1378
441183066,6450
441183456,23119
441186922,7164
441202726,4748
441207961,1571
441217783,4755
441219187,4708
441219970,1574
441222542,6470
441223853,3789
441231417,1572
441232290,4712
441233803,4758
441235472,6338
441236468,7121
441242597,4720
441251323,4790
441263695,1567
441284128,2946
441289569,7166
441290527,4773
441290656,6239
441298613,22781
441302129,4733
441303447,4982
441303924,5643
441316038,17670
441316548,4808
441330949,97
441409874,13317
441448147,101
441534356,21303
441615510,22665
441699720,14809
441703512,14905
441711291,14608
441715483,15963
441761406,23606
441767219,15578
441857757,18162
441895113,30134
441903855,16860
441910870,28397
441932254,28782
441956277,25267
441959012,14685
441959297,11506
441985374,24934
442047364,14883
442115459,24545
442129534,251
442262974,6031
442327231,2621
442359929,30055
442398011,14684
442403633,28399
442459100,10361
442475831,1723
442508331,14592
442511558,5877
442533976,25116
442562081,14969
442680128,13721
442764062,25120
442781680,15359
442788557,18539
442812205,30885
442817343,17635
442820056,18943
442899985,23584
442907066,20818
442913051,7488
442926327,23587
442928636,21845
442934107,27191
442935454,20591
442956957,23576
442976663,14976
442990492,20819
442996785,18930
443023910,20806
443025377,19414
443035222,19409
443052625,17637
443054464,19624
443078489,20463
443090151,22602
443094505,22351
443100727,15744
443105649,20056
443125973,17610
443186901,19057
443203660,13328
443206181,28535
443254665,33061
443259861,30896
443271090,32482
443292265,32486
443323943,15671
443330748,32706
443387179,30259
443390087,21128
443419761,32416
443421778,13306
443422624,8175
443448402,25211
443457268,32416
443457551,25212
443479406,26688
443511200,27406
443512249,32279
443536575,18794
443592468,9028
443616513,30853
443635533,18151
443733200,3157
443751099,31183
443769777,32509
443783455,7641
443808461,19319
443924030,14983
443953884,25119
443956184,13063
443999524,18388
444005001,4870
444041870,21140
444067135,7887
444078083,10554
444106559,24127
444123066,15272
444169044,27982
444189664,9723
444219135,27406
444231216,32734
444243073,32279
444247867,33061
444252605,32495
444275884,6840
444278142,32571
444284302,32490
444287961,32706
444306153,26688
444307764,6837
444318972,32482
444318994,32169
444326355,14859
444347629,32734
444351205,32698
444357234,32734
444384922,32571
444387295,16369
444395707,32734
444403358,11738
444419131,32279
444426944,32651
444444517,10139
444466345,24947
444492677,11551
444502399,9525
444529652,29612
444532108,16270
444568685,116
444577262,25919
444599315,118
444607732,24946
444614753,117
444639095,24935
444656053,10088
444669961,27007
444675716,25330
444724313,10097
444726629,8768
444751585,119
444760271,10376
444768976,10092
444805652,16499
444813927,22193
444826452,31391
444829192,14994
444834678,15141
444835409,15959
444836449,16500
444863981,12003
444865146,20592
444877418,23210
444889877,25454
444895330,21108
444895750,31777
444914840,22196
444915462,15956
444947284,16283
444964025,21109
444973216,7890
444982938,22063
444983022,28727
445009070,15936
445011205,22771
445017849,16496
445025272,23581
445030707,14540
445048912,16498
445053529,17928
445064884,15443
445076639,17836
445081407,22194
445086658,31815
445101984,20965
445110037,15001
445121464,18830
445129376,20734
445130871,31355
445140778,22195
445144809,15673
445156035,14929
445177270,11986
445177960,21916
445179456,31816
445190960,18646
445202252,31685
445232351,8835
445233841,32698
445265123,25777
445272881,17819
445287675,24916
445315124,27406
445363963,18239
445372759,19918
445403395,31101
445440425,17827
445455449,28232
445542355,28611
445586586,18795
445598081,26688
445628238,29366
445650879,19124
445673992,32706
445679519,16254
445683887,7670
445744735,10568
445840235,12804
445848487,205
446047084,7845
446405178,10627
446421631,11403
446659435,10705
446737133,20846
446756277,15137
446757446,3957
446800481,28213
446844308,32698
446852747,5730
446858349,9587
446867790,6788
447022702,5052
447029059,20224
447048435,32980
447058879,28232
447065816,26688
447139912,25606
447146605,24916
447226739,27406
447243832,14546
447326371,14968
447438299,18808
447474175,24985
447495799,19485
447608157,22526
447632196,17490
447669711,19361
447720988,15207
447746563,23285
447762645,16224
447898975,10400
447929001,26091
447940937,5311
448055705,8550
448123753,15186
448216881,7097
448324764,31025
448330552,21926
448380388,734
448392527,15196
448405945,23476
448584898,16362
448653385,9485
448686254,28424
448716439,4859
448742079,9478
448828988,27760
448836677,7389
448873997,23284
448919674,12242
448984006,4850
449025082,10237
449065146,4835
449077165,12161
449081215,23954
449107019,9483
449119919,9532
449162997,5943
449470382,9265
449503658,28077
449515384,32677
449552083,6831
449555909,29944
449560065,9606
449560626,2333
449561879,1126
449564277,7407
449565909,9099
449566261,12677
449567756,24521
449568047,5497
449568300,7267
449569199,13463
449570224,3989
449575982,4502
449576630,24596
449577232,6589
449581070,31671
449582779,6543
449586599,6605
449590145,1186
449592770,493
449593727,23050
449596500,21595
449605277,4215
449605544,13288
449607319,1318
449608026,1698
449608066,13126
449608874,13404
449609194,20510
449609242,4199
449610982,495
449611404,12732
449611628,13124
449619401,13109
449623566,4550
449623696,2626
449623719,6114
449626543,5581
449630429,2206
449632486,5496
449633561,5034
449637051,6522
449637418,4227
449641557,2823
449642684,4545
449648903,5578
449649059,2204
449651780,3494
449653606,9616
449661128,12729
449661293,2564
449662257,13266
449663041,2787
449665539,20531
449673141,31201
449675100,6361
449677847,3835
449688533,23055
449689229,982
449690936,7368
449692378,5653
449694696,13271
449694846,3653
449704392,25512
449708786,4552
449710867,5033
449713111,2202
449714172,5579
449715326,12697
449715461,13269
449729765,9612
449733802,5580
449735891,3925
449736994,5036
449739767,6204
449741461,31539
449744627,6609
449744922,2786
449747663,13117
449749920,2788
449751882,5903
449753797,9600
449755963,9614
449756593,1127
449756771,1042
449759446,12980
449759795,3493
449763002,4080
449766213,496
449768665,13378
449776388,16902
449779672,13268
449782065,5534
449784830,30456
449785091,5575
449786341,13464
449789174,6577
449791210,5037
449791390,3029
449795897,3927
449796790,766
449796887,2205
449798935,2804
449806701,4555
449806822,5795
449807135,13123
449807906,2223
449811717,1694
449818623,13405
449822730,2195
449831095,5654
449831279,1039
449833460,5217
449844213,12464
449846198,4542
449848300,6443
449848787,5577
449851732,2193
449859378,13403
449865947,6599
449865957,20796
449866265,13270
449870096,13377
449872565,4553
449887378,494
449889889,2872
449889922,2393
449891470,5612
449899678,13593
449901614,978
449901822,2200
449902435,6600
449905981,2218
449906426,5989
449907506,5041
449923204,4554
449924204,4318
449927118,21241
449931125,13125
449935832,4561
449936044,5493
449936710,4556
449937132,290
449937216,5597
449951022,2789
450025359,4557
450034024,15309
450057526,3039
450072907,4551
450198955,7093
450246664,9223
450257168,18419
450257894,9206
450305029,26396
450324576,9222
450338740,18409
450351515,5244
450359910,12452
450365912,12015
450397057,32586
450436833,21264
450862110,10274
450981421,1917
451004917,24720
451021065,23825
451071125,2348
451089536,26187
451099560,31752
451208956,31269
451227767,24977
451339440,15355
451353826,23552
451395326,18383
451408383,25578
451566744,26131
451601219,11492
451615188,6566
451626260,17035
451632647,18476
451651938,7679
451697247,1159
451760865,180
451874285,181
451891549,628
451900937,32736
451916490,2000
451934274,7847
451948464,21318
452080774,3830
452085018,4065
452101550,7595
452116685,29603
452137931,1534
452156152,3062
452158494,12263
452176097,2907
452193149,1556
452225334,8316
452232704,12266
452233143,26596
452244161,7578
452244691,5189
452244727,11189
452254563,219
452262255,9196
452264832,10548
452269629,30929
452278812,12261
452281753,10007
452283337,8720
452285503,10500
452295417,9195
452299661,29225
452302073,10537
452302472,8727
452306256,8573
452323054,10928
452337491,11580
452339241,3336
452341317,12268
452345743,12269
452351581,7528
452395034,20730
452399661,8815
452401290,32038
452411742,12262
452420037,12264
452449910,8721
452456377,7579
452549944,20230
452641816,20228
452705242,21810
452778190,24908
452793557,31058
452935571,22026
452946922,5646
452956118,30442
453058773,20728
453072287,26835
453089609,7760
453123412,19358
453132843,22777
453161370,24709
453227326,26835
453247075,24709
453370184,28326
453387000,17036
453408151,26835
453414544,32603
453483126,26835
453490456,26835
453503441,43
453594726,15906
453629853,11211
453734179,30334
453769096,23718
453773981,12325
453797484,29501
453799159,12331
453819716,27457
453827111,6568
453922999,8333
453957867,11219
453974738,18100
454000474,11617
454111231,11220
454138399,27715
454172290,7783
454181472,11616
454238697,6563
454330719,11587
454337977,30174
454358751,21981
454428290,23045
454489566,33306
454570579,9055
454583085,9064
454599618,12265
454727196,8728
454769040,15017
454797738,25083
454800731,17821
454880209,29092
454904028,23889
454911708,29951
455121166,17883
455155858,21139
455157720,4868
455160915,4543
455200411,257
455217129,4547
455515841,30596
455686924,30595
455714729,7784
455799652,26668
455809625,12648
455927993,21292
455954518,19368
456001916,20258
456040661,17004
456081762,31668
456157629,19146
456179467,18171
456210536,19591
456212261,24877
456220494,29053
456238747,7664
456242494,27840
456246493,7669
456275967,1712
456296296,7662
456313682,9479
456330506,28390
456336189,29483
456350411,1710
456372146,1708
456410773,11615
456422623,22635
456433357,25268
456461324,26597
456466678,28784
456563085,20025
456574557,28252
456576021,16791
456588264,22440
456605382,28093
456608719,7667
456641518,190
456663389,25718
456728579,32919
456803369,31053
456809463,31669
456820050,19371
456840450,25108
456857536,30454
456894691,20232
456926064,28099
456979805,28096
457003997,31031
457072269,30798
457083447,28095
457083533,32963
457084805,18431
457152956,28101
457168781,31072
457181022,19537
457203681,19535
457222460,8569
457651380,29493
457703983,23355
457782066,14417
457784962,11980
457812201,24909
457880478,22504
457989261,9718
458002037,14819
458096734,21213
458211326,9198
458268827,14943
458315727,16842
458330999,14949
458445779,30120
458467219,3211
458469813,479
458488800,32094
458499864,19401
458506417,5875
458523931,1193
458538736,4560
458551170,10150
458644207,477
458649976,10151
458704114,17520
458721043,2311
458763131,11635
458769488,2323
458791531,19540
458855815,16215
458872379,10670
458881897,8368
458891714,9266
458962389,2309
458980044,11846
459026106,8511
459033843,6171
459100858,6181
459107565,6174
459135503,7564
459191380,11828
459241244,6928
459415583,26588
459612021,29534
459633900,26554
459671245,30696
459794861,10677
459915745,26615
459980915,29389
460156426,10673
460209279,16741
460209542,16745
460243784,12900
460295780,10684
460300557,10675
460371175,15636
460394355,20814
460435734,8193
460453525,20769
460461261,12019
460511647,10035
460529322,22791
460547879,20490
461134620,17477
461423562,23779
461437906,18474
461467059,25924
461639475,19672
461681948,7401
461699128,19700
461724675,12332
461814908,33119
461857692,7402
462086448,27093
462110682,14796
462128004,12490
462151092,8734
462176952,12492
462182335,20237
462219373,10773
462236857,14747
462271216,7860
462540529,33022
462757156,9668
462781192,20446
462881433,20537
462894608,16138
462988955,5111
463051127,19869
463075124,16530
463150752,22477
463159553,18931
463194051,19405
463209095,27034
463229976,25946
463359358,19400
463386610,27131
463414132,26697
463527548,19482
463613395,27149
463758169,18473
463848622,9533
463889844,27362
463938130,30333
463938535,25035
463955153,10850
464024298,17951
464110064,21564
464151743,16740
464205072,23104
464210747,26594
464269148,17194
464304280,30125
464388603,29586
464532474,17066
464569362,7644
464659345,33039
464668754,24842
464711208,11947
464905493,22356
464971772,24185
464993969,14980
465098047,27807
465173630,32444
465358727,29709
465360555,29710
465390840,29702
465403381,818
465464901,31037
465593886,25036
465659563,25033
465685050,20542
465797660,28715
465818774,25034
465838416,183
465903922,1707
465930983,2319
465945800,5946
465948394,11496
466126711,15852
466163203,32914
466168226,8533
466179604,21554
466231327,8730
466301002,15961
466315627,21767
466422019,11629
466630581,27572
466673207,28211
466691269,31270
466692666,9416
466706996,15469
466760415,32729
466810868,12552
466811168,18145
466864992,10696
466867134,16478
466914217,15148
466978293,22593
467134572,17904
467140295,16479
467194799,15244
467196730,31024
467257014,30256
467409652,30925
467481369,31087
467482884,22560
467513354,33293
467721243,27125
467912141,32642
468036127,32728
468042285,12243
468061085,23510
468152616,24125
468170208,28764
468210039,26943
468275284,26459
468289858,14999
468348976,23511
468471377,21856
468505798,15735
468523924,20350
468537883,15434
468608657,22139
468724176,24651
468733519,22140
468747277,16737
468981707,1263
469109861,30924
469187961,32803
469330238,21506
469386641,17856
469410436,33087
469436103,29065
469476708,25151
469489043,22226
469501296,29364
469504730,21573
469589020,17854
469604234,17969
469608690,29457
469669882,16497
469677132,10081
469706501,26758
469743600,25591
469784605,21507
469788736,17857
469814490,18901
470030668,24435
470235436,9418
470279331,10983
470315263,9419
470315902,1491
470342357,10986
470382861,11824
470388941,10338
470468757,30616
470498038,4403
470527563,27845
470544704,32811
470575087,19751
470616256,9416
470691780,4546
470700129,11244
470735819,17852
470759698,9619
470804661,15532
470831950,24836
470848780,28181
470864865,16093
470885143,21508
470886696,15531
470901880,28182
470911896,27754
470916864,13637
470974178,32593
471039569,18137
471047898,12938
471133846,2895
471192837,12321
471523200,18902
471593916,2201
471604837,24822
471633850,4406
471637735,20834
471766152,14686
472160711,29901
472268621,4221
472301283,24253
472320828,22120
472324190,18472
472365567,22118
472380117,21857
472402995,10581
472407098,29041
472467265,631
472470318,16722
472480091,9819
472481593,19737
472576074,28027
472730949,15565
472737287,17212
472869967,9818
472940695,14631
473054604,30419
473082038,24495
473195864,24055
473250195,17211
473283799,2813
473334703,31333
473440710,10622
473457367,27945
473568480,32720
473583913,33108
473600347,26104
473619736,32669
473670929,22530
473701457,3804
473737517,25588
473744711,32350
473813088,13402
473995847,25918
474025112,32263
474052184,20706
474112332,30005
474127526,33124
474168646,20700
474170279,25644
474225380,21004
474299179,21057
474316643,18900
474396621,23885
474419403,21219
474464617,24740
474546638,25215
474569128,1179
474582777,25216
474591346,12373
474641535,31223
474737764,20484
474902767,12374
474923306,26918
475019153,17505
475139269,26092
475145250,7901
475160609,27258
475254437,10134
475284335,27132
475436970,14666
475494128,11026
475505719,27072
475537403,27071
475566115,32988
475599300,20440
475631873,25713
475637428,28547
475709135,20194
475713535,29228
475769127,14662
475771069,14665
475793149,11029
476188203,10644
476295270,4188
476745559,28549
476850739,28551
476889523,23071
477001596,26600
477020104,27238
477592718,8632
477624334,9394
477633563,14660
477647038,22188
477656976,69
477686241,25983
477692329,22021
477714792,24690
477735154,30955
477743002,26829
477754401,17569
477761374,27679
477805998,29527
477806566,30745
477830524,9327
477833129,11356
477876477,14788
477876574,11361
477880544,29219
477893140,2596
477920465,7853
477921065,9393
477921363,10369
477931619,26584
477955446,10325
478012060,29221
478013631,22023
478020395,27680
478024648,17157
478028455,30745
478058747,29220
478066789,27681
478113319,31122
478121157,15337
478142071,25173
478154186,22020
478175778,29521
478195431,22187
478210249,10370
478217949,25348
478254843,14790
478273156,7181
478281713,9326
478293121,22022
478311235,14791
478311491,22186
478320968,7905
478379373,14789
478405876,30378
478422159,14661
478425472,9392
478438588,8630
478512358,7241
478546257,4226
478570660,4522
478577674,14245
478582478,3808
478597258,14244
478611019,14246
478613849,3108
478615155,1171
478624667,1789
478634551,1168
478640848,1167
478640949,1169
478674446,6487
478721601,4366
478725621,19177
478769437,4059
478785857,5109
478790510,4367
478793438,22285
478793607,1339
478796472,1176
478824748,22287
478859353,7844
478939182,1172
478959474,21019
479023956,17648
479060175,29025
479316729,2570
479522841,14433
479774801,765
479891368,3335
480102539,27785
480107415,15758
480143866,10194
480152651,29255
480155939,9406
480199656,21936
480200699,20265
480210212,10191
480255857,27983
480270716,10196
480287823,10195
480294538,10192
480305441,19531
480324827,9185
480326573,9407
480377632,7770
480392517,10193
480395733,21933
480396555,5344
480414529,18564
480416343,26944
480418037,15490
480432510,8337
480510811,25923
480527115,5343
480528345,14551
480543866,19055
480546924,20278
480550356,11763
480552654,5342
480573500,17906
480584636,17676
480585551,11762
480592889,24494
480597889,11764
480635454,10827
480650755,7591
480763996,8502
480827182,9247
480884663,8503
480890417,27838
480991447,9328
481032057,15516
481081464,1145
481084214,8168
481135166,7537
481160777,9247
481162300,8547
481192352,4367
481212368,26116
481214133,5476
481234354,25531
481259909,1135
481265346,28412
481277225,4515
481282307,14972
481284072,25343
481318514,30954
481345745,19420
481351266,7146
481359098,32352
481368946,32581
481379674,30653
481382521,26845
481387748,1172
481406686,1170
481420350,24907
481431698,29787
481433942,3586
481477755,28195
481483716,1170
481488074,24235
481509368,10093
481518037,25350
481548294,19419
481549507,26873
481568824,17377
481583217,27479
481592426,19425
481603409,18928
481609225,8470
481625265,26713
481643426,25417
481646264,4703
481660231,27847
481691996,25353
481704025,12720
481721136,1170
481721856,25354
481728530,18927
481793474,25172
481798061,1916
481804312,7244
481814211,19426
481837601,26025
481840943,1170
481848721,27848
481864249,32360
481875429,25163
481912552,25159
481923309,25827
481926059,1172
481930759,7903
481953186,27919
481954393,26140
481978071,25356
481991892,6487
481996664,19422
482004479,25289
482014280,10345
482034938,7146
482056522,4060
482056734,1172
482063219,26284
482063523,32365
482083316,24841
482088306,25349
482090950,4517
482102084,864
482105459,4364
482111628,32052
482111656,25345
482115336,24239
482131239,25716
482150054,32359
482168773,25355
482176948,5914
482181895,32615
482186147,4365
482214125,6487
482223191,7904
482242211,25418
482291568,12220
482304205,24234
482321374,15788
482325196,25352
482330415,15545
482330782,24547
482340876,12220
482342924,29860
482343692,33156
482350775,27145
482359915,18972
482377775,12220
482379184,27916
482392466,30653
482403866,30653
482408499,27918
482412260,31204
482433287,20789
482437029,27920
482458717,24215
482458742,27920
482458812,20830
482466802,10688
482491295,30665
482491690,25156
482491968,31727
482505405,7908
482523569,27688
482531805,14656
482536875,10689
482542248,24788
482542757,30660
482553494,29860
482575827,6919
482578047,33155
482593012,30605
482595722,30665
482609490,14854
482611126,27915
482615294,25157
482633978,20299
482659258,30955
482675149,6919
482679271,30653
482692747,20790
482693355,27916
482694323,30656
482696837,27677
482722724,12220
482766437,6919
482773665,14673
482774697,27915
482780125,30660
482780736,22024
482799103,27689
482811692,12638
482814431,26024
482816631,14853
482819386,12220
482820254,19960
482823649,30605
482827939,26828
482831826,30664
482852193,12928
482855364,30660
482855523,30955
482861969,30954
482896934,27678
482914286,14960
482936109,25157
482939912,27914
482946810,20791
482972320,26107
482977002,15269
482991598,24214
483046284,14953
483047392,4484
483060248,27917
483065011,32956
483070709,10924
483072471,27918
483081337,25158
483121282,14671
483124032,24787
483131268,30957
483132672,15547
483134909,20413
483257567,15721
483296538,10923
483375261,16160
483581557,30420
483602666,20285
483709603,7906
483720786,20291
483751011,20287
483815485,8633
483864817,23667
483880232,29298
483921037,1331
483991118,22446
484008321,16999
484051733,25086
484065140,9908
484128342,753
484155340,29729
484225840,27313
484278162,17000
484279664,33321
484309958,28631
484341740,24742
484485111,26109
484651275,3541
484699028,10889
484699064,437
484701492,10666
484743768,25122
484744198,5997
484753038,4042
484760706,24147
484789553,10610
484820677,21910
484853105,19481
484863170,970
484879067,9404
484882184,10890
484901999,24148
484925740,24858
484941523,16300
484950067,27719
484978634,9466
484997517,10948
485008886,25174
485012858,12983
485097819,2059
485119485,27758
485122363,10616
485126466,3051
485127005,28045
485127698,25549
485128399,23406
485134810,4647
485144951,3936
485146842,2059
485154032,21483
485156408,5823
485159840,7622
485160101,22343
485175727,27017
485182898,6849
485185894,23408
485187703,28032
485193830,4609
485195019,15082
485197152,20267
485202753,27984
485204126,20340
485207987,10609
485208295,2397
485215632,30119
485221396,10608
485221604,17383
485221819,26937
485223118,10890
485226080,10610
485237159,27135
485237394,3935
485241973,21464
485255014,10948
485261604,17383
485264137,7607
485265269,32421
485266287,18983
485267863,3515
485276274,4351
485279949,7625
485299152,23409
485306063,10888
485307801,27170
485308709,3515
485314049,544
485315471,26543
485319021,12136
485322101,7622
485323894,32356
485324391,2059
485326490,10973
485343331,5823
485346961,24145
485348112,6849
485349238,27992
485355936,10889
485356555,1332
485364814,10948
485370881,3617
485378806,1157
485392815,9234
485393498,26785
485393650,9404
485396345,2059
485400410,10616
485401482,28334
485411717,754
485414953,10890
485421299,7732
485429160,10948
485438899,4730
485443579,6849
485446511,4610
485451516,24246
485452366,17383
485458123,2059
485480144,17383
485487663,2059
485488287,3614
485490247,7732
485492784,17383
485500499,22950
485503259,9404
485512621,2398
485513492,9404
485532461,9404
485538728,8872
485540832,10888
485548801,9404
485550556,29403
485551822,10888
485555887,31388
485557903,2059
485558526,5474
485565366,10889
485569447,474
485571207,9234
485579545,4741
485581950,17383
485584907,4609
485591480,3515
485603367,8289
485617639,10888
485618441,23407
485623965,17338
485628754,9404
485632708,7624
485676323,7621
485677606,3937
485679773,6849
485684990,6849
485687767,6849
485692373,3936
485693376,9404
485695099,17383
485698063,17383
485702531,10948
485707830,32421
485709397,28335
485717143,7231
485728342,25088
485898325,12752
485927156,29679
485946528,9231
485946573,2281
486028764,8174
486160224,2282
486175569,26973
486258229,29519
486262609,839
486270459,20760
486270916,2062
486296371,17316
486389294,26696
486454595,21200
486520804,14814
486619925,3937
486691337,15151
486694260,28103
486815505,14539
486920500,1528
486924711,28673
486946700,25160
487023481,2122
487025179,21294
487050817,23224
487061499,1529
487125847,26851
487135815,28433
487136117,18532
487137226,21295
487219174,25170
487226348,28466
487235582,21293
487289418,18251
487479183,5477
487516057,15241
487521160,17050
487654099,19659
487736536,11378
487739879,17813
487783048,14550
487802348,19660
487840188,27164
487847981,25551
487866630,27983
487884958,15762
487924734,10774
487941410,11377
487943379,18828
487948219,11379
487949856,26785
487995437,16261
488008785,19532
488065336,27927
488134081,12221
488140284,10775
488159202,10778
488181487,24859
488185262,15758
488185935,29600
488201728,19659
488284755,15759
488305071,15761
488312307,9742
488316947,10892
488401672,17339
488411615,17676
488454506,10893
488457805,15759
488489518,9411
488505039,31937
488562998,28042
488589871,26077
488636964,25162
488639801,31603
488742130,9098
488783317,29175
488783372,3592
488820006,7608
488959955,20339
489152947,9257
489158574,13856
489232260,22502
489322448,12566
489391770,23342
489403563,10303
489472417,16124
489607932,29886
489612167,9232
489712300,27397
489738215,27856
489788519,26575
489797721,29029
490008244,14940
490035491,553
490038950,76
490115416,26516
490123582,16192
490207011,12086
490443818,26801
490454616,19561
490570467,14510
490744245,13673
490973120,16108
490992275,13031
491041109,9468
491333556,20347
491451609,26140
491724217,7923
492081293,16342
492106480,33300
492149094,8290
492184689,29382
492259191,29335
492268689,32734
492272174,1003
492354247,7623
492379506,33031
492615374,32651
492661168,6697
492787891,30179
492827654,33237
492849456,8291
492948478,545
492963113,12567
492998057,27647
493035377,12974
493037444,7610
493091173,125
493097518,11447
493106553,27646
493111353,24325
493154000,11459
493175045,27648
493187380,11512
493220708,11155
493250415,11453
493282086,14279
493402809,133
493423692,11515
493432148,7612
493441727,131
493444363,11178
493520652,12090
493544271,12093
493735935,27951
493780254,17081
493797560,10425
493798172,27085
493819462,32339
493885678,3012
493939080,32338
493966077,3012
493974767,27086
494018998,3011
494100885,17381
494104018,22999
494119120,15785
494193171,12868
494202430,24421
494226275,26550
494280417,12301
494340450,785
494367610,14549
494441288,2061
494499409,2060
494550320,17515
494594056,10360
494992000,13616
495040936,11168
495072998,19515
495202387,5465
495292157,18533
495440236,19513
495525074,18966
495535535,15528
495634058,6075
495652948,24368
495656601,7114
495683877,28869
495736186,6674
495772063,2305
495783634,2314
495787402,4488
495802703,28578
495831337,10013
495836117,23473
495850247,6402
495854233,6397
495857474,16335
495860445,25996
495865866,6662
495867440,29707
495870570,26498
495885232,6669
495897182,18135
495928207,29246
495966858,6398
495970999,6404
496008084,6665
496014342,11907
496042624,6664
496120128,24754
496182520,6142
496203581,16535
496230672,21268
496235100,16519
496285171,33284
496295140,33012
496303543,31330
496330488,24268
496339286,32374
496352795,32813
496355550,19473
496385071,31330
496394738,32087
496403492,21266
496466916,20053
496509502,16526
496521584,22478
496542567,22902
496574657,13653
496585992,25456
496600544,23043
496616911,9452
496621674,16516
496725163,26557
496793051,8701
496853698,18034
496990762,14635
497019127,4448
497061743,25447
497129281,21993
497152770,9743
497167486,32166
497273350,17457
497464086,30449
497522214,28487
497528547,30880
497531111,26350
497534804,23341
497600697,28870
497607124,21296
497617962,31098
497737135,28131
497741286,29048
497753247,28665
497795556,32644
497802168,32144
497861728,5755
497904973,32154
498159455,23389
498247802,26000
498444538,29128
498496434,22441
498680600,23496
498829088,20487
498876782,16343
499086748,2324
499112537,9833
499117241,8061
499121873,5876
499132060,20805
499159781,9027
499175369,11416
499186973,20839
499201929,9947
499208259,24221
499257066,20761
499279004,9923
499297917,142
499380537,140
499391332,17563
499392842,9944
499412194,9204
499475725,9940
499503531,17234
499631431,19006
499681904,5865
499711597,16118
499719232,17467
499802230,3899
499840464,27943
499882936,9029
499892939,7162
499922484,3900
499925200,10307
500058184,18910
500101843,16528
500162379,22479
500217955,18092
500238294,22482
500330792,26042
500522838,28574
500683194,20964
500822411,27625
500833317,27629
500849583,17185
500898183,27631
500944274,8164
500982775,14432
500989330,10200
501002216,22425
501121308,27636
501150133,32570
501205472,7464
501228761,27624
501235004,6034
501272310,23267
501304804,22426
501322943,29933
501327719,25959
501429504,22845
501433251,24291
501434230,1961
501606658,9625
501679002,19461
501724496,13045
501726731,20717
501755606,19310
501766530,26278
501769763,6671
501788447,27451
501789618,27035
502052148,3934
502061000,12563
502092504,26483
502174717,21922
502252321,12956
502292940,14825
502338668,26356
502433807,25958
502503522,26355
502520158,13699
502523604,21921
502582093,29716
502683410,10859
503012344,20845
503053155,27662
503067298,23585
503125711,22257
503188915,23586
503202095,20838
503352023,17067
503364348,21509
503378966,25445
503449910,6679
503500699,1729
503620435,23512
503710724,10802
503775402,27668
504079950,17401
504190111,17402
504208355,26054
504214257,26053
504227466,22202
504271966,26055
504411168,14967
504425714,22785
504442484,21510
504457340,18796
504499023,6172
504567447,22312
504568809,22788
504625656,7699
504641033,14911
504673100,20179
504753151,22313
504777119,24018
504868662,18893
504882598,26842
504889220,21505
504936542,10482
504949665,21735
505031439,23325
505048031,26482
505100453,14758
505102979,29526
505171675,12986
505200542,9509
505255509,15886
505324051,4539
505394087,20064
505449801,5866
505703547,19152
505739408,20857
505827070,8901
505860568,24131
505873427,9493
505884105,29248
505890143,6670
505927752,18851
505928141,17068
505989229,23513
506289467,28125
506303513,25508
506348531,10214
506438302,21511
506526692,17049
506539356,28319
506603062,27256
506924889,10215
507025392,21446
507229846,17026
507399181,27143
507479100,28213
507569579,13640
507629689,27142
507819697,27899
507881834,18948
507892706,19016
507929831,30478
508013744,7711
508020226,9451
508039290,14856
508081719,16391
508127247,10216
508138395,12170
508165614,23044
508201659,12372
508311571,27621
508372194,21340
508403395,9642
508567986,25117
508596435,2318
508609288,12371
508611411,32386
508628351,20188
508657882,22854
508686928,2996
508691023,4653
508695323,4256
508697508,5201
508704256,779
508711891,5855
508725554,29875
508735055,21252
508766764,2997
508776807,24882
508777425,296
508782019,3508
508795815,3834
508803106,2985
508806232,18753
508822434,6206
508859680,2984
508860821,2991
508877664,7281
508895784,378
508904574,1383
508913303,29874
508913394,1387
508937261,2506
509342218,12721
509466993,21720
509603310,9520
509605112,10520
509621565,7517
509626313,24574
509657152,9581
509684307,19536
509720885,9527
509727187,28690
509732027,9526
509748100,9801
509765669,15951
509774449,29531
509781849,19535
509804920,24617
509813057,3403
509882725,26778
509966721,23270
509995652,3402
510099850,5677
510127632,516
510146089,3303
510161433,12615
510181519,9203
510303015,13496
510333236,10086
510369384,7219
510385651,4412
510480705,961
510535670,10994
510545091,10997
510563893,10969
510600997,22650
510624522,22384
510640512,29533
510686144,25188
510777063,25507
510835468,13294
510844497,11000
510880718,31279
510883318,24454
510900383,28066
510961819,25913
511158352,22802
511285721,25982
511321797,8482
511325769,11019
511385245,9369
511420448,10621
511484911,505
511507520,31172
511598717,15800
511679763,4432
511683292,17399
511712209,10339
511756949,25498
511774868,15929
511823449,21087
511868291,17090
511900196,21150
511905934,10337
511918661,1074
511943657,28451
511973651,10334
512104690,8474
512110862,33138
512127065,32556
512129417,13921
512144194,30569
512148824,14306
512167966,10201
512200202,8492
512204748,8448
512213866,8181
512237913,2329
512249730,3023
512258540,13739
512262172,6053
512272916,9508
512279600,32557
512299458,11002
512303855,8445
512337414,27703
512344763,2327
512349809,31636
512358800,8408
512365408,2833
512376949,178
512400838,14283
512403444,8484
512414050,7647
512420909,8456
512423366,8476
512443303,28540
512455944,2326
512464217,3026
512464777,11276
512465527,8254
512470981,9306
512475330,13735
512482205,8496
512490104,13919
512493328,5965
512501876,2839
512522254,8405
512523884,26850
512531067,28538
512535682,28540
512555461,1116
512603147,7645
512614766,26730
512655118,2306
512657101,12776
512661902,30180
512677071,14307
512679561,13370
512679567,12764
512694296,33139
512710759,25301
512719362,1716
512719493,17091
512724058,30180
512724551,9112
512732089,9107
512738010,2199
512754800,8413
512872934,13230
512892836,28536
512909542,28536
513002270,17800
513007201,28539
513027643,28536
513071851,11018
513072846,19538
513077594,11150
513103489,10039
513126656,24619
513140203,11011
513150616,17799
513153493,26237
513155175,22101
513182353,11012
513251105,27759
513292203,285
513527410,17251
513673897,2992
513897383,12157
513897467,12150
513968901,12144
514021669,12143
514022847,11013
514068977,10996
514317229,18992
514321441,26118
514436214,9789
514441400,16851
514442973,10535
514445019,2074
514575075,14650
514601891,9742
514686341,27447
514751036,15645
514960709,6399
515004974,24492
515089361,21908
515174270,10676
515183343,1726
515217131,6400
515246108,12842
515331142,6403
515347191,9368
515358217,6673
515657172,26818
515764568,23556
515891742,23525
515953083,19005
516034959,18391
516114227,9629
516147695,15515
516147875,9645
516173184,3244
516200718,21788
516581081,9653
516599468,14655
516712949,7253
516754085,9656
516812457,12825
516865231,3515
516871202,32112
516873654,27913
516892561,9638
516907506,17147
516920082,6849
516930210,28738
516939274,28133
516941955,17141
516958583,25399
517011539,22135
517026066,3515
517026228,6849
517048587,29532
517050544,27669
517066397,6849
517098800,27661
517107240,6849
517115080,11022
517120932,20174
517125977,24782
517143825,22787
517160995,6849
517198787,15317
517216116,10980
517224532,13486
517242951,24786
517245700,10289
517250309,22646
517251624,4744
517253580,9096
517264764,10296
517320647,10972
517329324,14356
517339495,32412
517343164,14210
517348584,9059
517361572,9788
517371316,10294
517390252,5106
517392694,8520
517402115,13851
517410952,11015
517426971,18091
517435480,9255
517438541,5094
517482406,25123
517483944,6905
517490215,26766
517496724,10965
517497693,10113
517500066,5108
517520086,4743
517520160,15620
517531902,10992
517544138,26586
517546036,10290
517553601,33150
517557901,18962
517581631,2622
517596219,32043
517600258,11420
517627263,10291
517636794,10930
517639675,5479
517641915,10991
517644671,14229
517679732,10649
517689128,5107
517694708,9465
517700451,24783
517704589,13998
517705540,10292
517706734,12296
517716540,18963
517721383,1619
517723770,8531
517737295,32573
517780896,14824
517782363,16769
517784057,13999
517882069,26548
517980999,15149
518043185,17092
518062872,6315
518084567,25135
518119250,27453
518155341,15306
518199574,22465
518219292,10848
518223884,24781
518319417,27344
518416594,22172
518417400,14178
518457223,16938
518480358,23345
518482822,19539
518573738,14805
518582238,9896
518649538,18636
518727220,14702
518761529,27720
518862568,26545
518927269,20464
518969176,14479
519119498,5303
519132803,24626
519279753,7354
519291853,7353
519322515,16145
519326764,11891
519335533,8233
519342327,8821
519347262,13457
519348188,11294
519352941,28593
519353406,9103
519355813,2835
519365714,13918
519367481,5939
519373767,8412
519386615,27450
519388639,2492
519392097,28602
519392818,8836
519402477,13916
519408289,12772
519414127,12322
519428726,7877
519431684,11229
519438417,11301
519439136,11889
519441318,13920
519441561,8250
519442627,5964
519443633,2840
519447198,25050
519452484,12054
519456510,12323
519462233,8466
519475507,11297
519481869,12766
519500529,2322
519508018,11911
519508699,2317
519510634,29962
519512736,8404
519515470,11894
519515983,103
519524828,8488
519527194,8991
519539416,21450
519541149,33137
519545183,25893
519545449,11897
519551533,7663
519552555,9309
519552861,12422
519555874,9324
519563012,5940
519563738,2892
519569929,13917
519574579,2891
519596923,2484
519607123,18784
519607254,8850
519608309,22624
519609023,191
519612292,2307
519612767,12312
519648143,11886
519649612,26026
519657329,186
519672172,12314
519815400,17093
519927442,21071
519946116,11154
520162880,26708
520179716,27246
520184627,24265
520186815,19247
520187495,25375
520188005,27985
520188295,26397
520188740,19244
520191905,27023
520193223,29251
520197274,26419
520203035,25388
520203113,26407
520209878,23799
520224981,28006
520225597,28974
520245588,19241
520252102,25387
520252366,19227
520256529,27293
520257650,19224
520266208,18231
520275845,19329
520287239,22719
520287885,22577
520295709,27953
520301767,25380
520302756,24860
520303520,27289
520308125,27693
520313139,25420
520319451,25383
520325499,26391
520329018,26044
520329535,32105
520341104,26387
520351189,27292
520353560,19246
520354548,27986
520374659,27990
520374814,25378
520380538,26095
520386185,26822
520395074,23292
520402626,28206
520404279,25381
520416794,27242
520418998,19220
520421961,27954
520434167,19221
520435872,26378
520437429,19252
520439806,27295
520443085,26431
520452615,26417
520453891,26821
520457432,26423
520478348,25376
520488134,27287
520490965,19226
520492866,25377
520499470,9320
520515656,12055
520516008,8477
520518517,25669
520518781,11221
520531066,11
520532703,12769
520534684,13563
520537588,8245
520537623,2491
520540541,9322
520541869,1706
520543463,11620
520543858,8411
520550536,8987
520551955,11621
520552140,11224
520557369,8450
520561158,11623
520571034,8240
520573413,15047
520574712,8236
520574978,9
520579152,11904
520583725,195
520585284,11881
520589217,11619
520589669,2887
520590972,11628
520592764,11225
520595102,8852
520599981,8235
520600179,11908
520604632,4575
520605424,7648
520613474,6565
520617457,11274
520617785,11280
520624450,8992
520636599,8494
520643652,7646
520647659,2894
520654099,5941
520655286,13562
520658427,12763
520659316,12056
520662498,5945
520663322,11277
520666759,2315
520667273,19078
520673776,8823
520676710,11883
520678565,9111
520684859,10063
520698875,8234
520710942,8824
520718511,8839
520723660,1709
520733056,11879
520734729,7653
520737716,12773
520742112,10
520760189,8471
520767745,7881
520770710,8491
520777461,2482
520784149,8473
520786776,2897
520793455,12
520804552,8847
520804659,9101
520814430,11230
520815128,4576
520835655,11899
520857265,5947
520860384,8983
520867449,9317
520867459,2834
520869228,6567
520869254,8485
520873831,11493
520879138,8224
520885507,8840
520886193,11912
520899753,11291
520905045,18595
520913730,11624
520914528,8407
520914575,2890
520926919,8243
520928649,11902
520935248,9318
520954154,3337
521253093,20248
521263960,16486
521319000,16833
521334542,24529
521338688,20191
521346125,3606
521362435,16326
521366528,16485
521373532,19038
521674839,19037
521824281,2048
521909936,8844
521920740,1317
522035698,23614
522060719,19077
522128100,1508
522130928,22819
522132778,8845
522320955,9744
522331864,18662
522347116,9744
522349683,9744
522382718,10701
522382960,10604
522417764,20971
522423684,739
522425328,14247
522426841,13809
522436033,9577
522438445,14440
522439835,13409
522440155,14358
522441072,13808
522442245,13138
522445297,12526
522453823,10906
522460268,32118
522463696,14001
522482647,5874
522485367,12529
522487651,14439
522493712,14441
522500100,14003
522501039,14000
522507902,13165
522511285,13807
522519397,14382
522522099,1641
522523291,14443
522531566,13804
522532702,13408
522532861,16164
522536696,1640
522542368,13931
522543191,14272
522547845,12522
522548970,12807
522552680,8177
522553480,13932
522554363,8812
522555204,13805
522555848,13164
522561163,12808
522565673,27659
522579638,11778
522583351,14438
522587410,13541
522589534,12809
522592632,14383
522612699,25954
522618241,27566
522619488,13166
522625818,13812
522629177,14444
522632119,13806
522636624,9456
522636736,13167
522643693,1642
522644545,13930
522650849,13407
522668975,12523
522674832,13629
522677666,13410
522686795,12524
522688961,11316
522692623,733
522756703,1803
522796182,18934
522885764,16309
522993515,26876
523010048,15240
523028088,25638
523070229,14442
523079326,16435
523115924,24828
523144665,107
523163230,28737
523204017,31820
523206541,21185
523303886,13617
523325579,24429
523342620,25192
523449960,31485
523455196,31484
523576487,26830
523594852,27067
523647829,22464
523657931,9639
523658341,17468
523688198,10781
523706629,9657
523721767,9683
523857928,18093
523862705,11808
523897303,27002
523901790,27991
523928293,28931
523947784,15319
523962774,8817
523963191,8389
523963978,10931
523964434,9147
523965530,5384
523968197,14435
523968439,8932
523970337,417
523970920,409
523974302,12174
523974430,5388
523976156,9984
523978757,10878
523979061,9977
523979382,9936
523980306,8265
523980351,408
523985133,423
523985305,10910
523986140,12173
523987574,12477
523988646,10224
523990336,5404
523991776,132
523992176,8062
523994251,9959
523996486,8401
523997001,13220
524001072,9924
524003472,8058
524004900,29759
524005296,10222
524006087,5724
524009641,8400
524011767,8021
524014775,14409
524022060,10436
524024908,9205
524031893,4076
524032215,9897
524032614,8392
524036039,9615
524038102,8025
524039190,10420
524039511,10034
524040064,8027
524042843,5390
524042971,9836
524045387,141
524046715,12475
524046822,5722
524046981,10418
524048460,146
524048623,5438
524053892,9948
524057984,10809
524058685,10938
524064270,9941
524066459,7748
524068176,9858
524068891,11172
524078404,13514
524080510,12181
524088824,9986
524092952,32317
524095294,7975
524096229,10019
524098645,9848
524099890,8978
524099944,143
524100149,8279
524101558,738
524107435,12334
524108438,10463
524109771,9618
524112516,9569
524112585,8273
524112876,9851
524114483,11179
524122267,10943
524122326,5380
524126704,9538
524127248,41
524127731,2497
524128563,8263
524134035,10731
524134452,6649
524144116,8403
524148822,12476
524150804,7868
524153626,5430
524153878,39
524155006,8013
524159138,9939
524165180,8394
524167136,9961
524167531,8271
524167882,5386
524173065,10029
524174613,10324
524175136,13510
524179458,10323
524179557,5412
524183084,9564
524185061,8387
524194698,8379
524199392,406
524201040,13511
524208890,12178
524210029,134
524212449,8269
524213078,8383
524214125,5420
524215054,10228
524215491,73
524218142,149
524220660,10908
524220962,9991
524221703,7991
524222766,403
524232060,709
524232594,6866
524233008,12379
524239675,8381
524242337,8351
524242704,8079
524245548,10441
524248488,737
524249909,10460
524255855,9929
524256472,6869
524258355,2736
524259168,8772
524259392,136
524262035,10860
524263406,8051
524268600,9902
524277760,8074
524280892,8348
524280991,10023
524281707,9970
524282795,13482
524288947,420
524290476,10913
524290843,5410
524296766,126
524298170,14226
524300810,28732
524302319,5436
524303043,8355
524304209,9989
524305610,128
524312044,145
524318459,130
524319927,19235
524320324,8283
524321255,7993
524324681,413
524326168,8023
524328790,9607
524329070,5190
524332680,8048
524334768,8391
524335613,5426
524335820,410
524335972,9210
524337562,8952
524339608,10021
524341763,5378
524345785,14167
524347937,9565
524348197,5424
524348907,9987
524350203,10454
524351178,8072
524351394,5422
524351606,37
524354392,10218
524357341,2494
524357557,10452
524360005,9158
524360082,9965
524360419,9954
524360914,13803
524365088,10456
524366670,9933
524367463,7999
524368716,8378
524373581,8763
524377748,414
524380122,8385
524381010,12180
524381166,6641
524381675,9601
524382386,9617
524386186,9156
524389042,11156
524390670,12356
524392143,5416
524392647,9549
524393198,12175
524394412,5407
524394420,13731
524394578,9967
524395565,412
524399734,10947
524408675,8067
524409632,9945
524410775,10459
524411358,7977
524414184,5394
524417123,5401
524418034,5414
524418763,10932
524419632,12376
524419673,9891
524425461,10220
524427585,13481
524430288,9872
524432355,10226
524432366,5373
524432886,419
524438247,5432
524442919,10025
524444408,12358
524448241,8009
524450244,11181
524451794,12378
524455055,9834
524458443,10449
524459350,10027
524461375,9870
524465284,12355
524466638,40
524466851,5402
524469477,8259
524473778,8261
524474054,9979
524475669,9613
524476891,10004
524477917,9963
524478811,10424
524483113,14166
524483665,9144
524487251,10444
524491864,9216
524491880,693
524496258,12381
524500514,5434
524500938,9542
524501256,8006
524504600,5376
524505796,5382
524506210,5408
524506357,8380
524512606,8767
524512975,8277
524516720,5428
524519198,42
524519230,8971
524520337,10109
524531527,10108
524535135,12324
524537619,12259
524537893,9579
524544724,9496
524566582,27494
524567268,5895
524573803,11606
524586471,12073
524603201,12278
524607968,8956
524614081,9567
524627268,8954
524652571,12275
524654672,9151
524669279,10434
524679157,9952
524680948,11516
524686097,11332
524688541,8064
524693987,8076
524699765,9211
524700888,11666
524702046,11528
524711003,9540
524723261,676
524725075,12260
524737440,59
524743255,3246
524746813,9444
524754449,56
524754765,9585
524756538,10110
524758098,25188
524782859,5374
524783864,9735
524788114,10014
524802489,3441
524805365,11558
524814442,12074
524815562,12270
524820864,8042
524822958,9580
524828054,5392
524832431,8818
524849237,20925
524997902,31720
525002469,8967
525071563,11242
525074165,12369
525154319,7996
525155538,27567
525486058,20081
525495906,641
525505232,31602
525527229,15737
525623832,22703
525689205,32690
525722736,27070
525834842,29610
525864417,9254
525881833,11500
525909190,11338
526003211,11090
526007416,26013
526082662,11454
526088021,11456
526128217,10455
526155410,11455
526205486,24563
526276905,26544
526281965,26820
526495372,3082
526605599,16631
526789104,29937
526858488,15233
526861574,14271
526987626,32757
527065283,14273
527096276,14002
527126677,14199
527137275,10524
527152949,11495
527155640,12401
527156133,10527
527159032,684
527167995,12409
527169804,10761
527176368,6968
527177594,9352
527178546,6134
527179418,10901
527181559,8102
527190450,6143
527193282,3807
527195521,10340
527196457,4637
527210254,7515
527214432,10557
527219956,7524
527228998,14243
527232480,9379
527235326,6139
527235873,11494
527244785,8788
527246850,9781
527263621,10841
527274219,692
527291920,6391
527297447,9333
527297771,29674
527300161,6016
527303133,10539
527303645,28978
527316319,6026
527316484,10766
527320880,9227
527321399,4014
527346507,10529
527372243,12407
527382468,9381
527383557,680
527389844,8104
527394293,9359
527396976,10898
527405924,10550
527407717,12105
527414405,8176
527417208,9384
527425602,743
527437759,8791
527441002,6008
527444406,14397
527452700,7526
527452947,701
527455193,14080
527459745,7777
527468640,13708
527494741,9428
527505770,12390
527510985,9335
527514482,2407
527519487,14173
527520751,8809
527521615,12395
527531553,8782
527536165,741
527537669,6050
527546827,11092
527548832,4016
527548981,13385
527553154,6394
527565488,26855
527573564,8786
527581327,10732
527594468,9229
527620027,8811
527623665,8098
527645194,6138
527650538,9434
527652064,10518
527657096,2518
527657389,6973
527670021,9383
527675738,10541
527675909,10543
527690237,7511
527709635,4407
527713638,6392
527719102,9188
527725484,8790
527744063,3698
527751961,2419
527760530,5250
527772476,4697
527795114,3852
527813264,2420
527826651,6284
527872020,15638
527947040,14224
527988351,6285
527990951,15235
528001342,7200
528020409,21474
528023828,7649
528046277,4520
528095238,19902
528098241,4356
528131582,15164
528135498,3853
528144904,15638
528151624,4153
528153604,5251
528166199,7245
528176088,4519
528196524,4354
528219755,29997
528271494,7240
528325292,3698
528361779,851
528366982,15733
528409772,5720
528415757,4696
528457467,4355
528513136,3006
528523185,5250
528535332,2421
528605726,4354
528625422,4697
528685080,27664
528709739,2035
528793881,12147
528911955,16979
528946275,17956
528949916,4518
528950708,29942
528965536,18249
529018270,11765
529044945,3854
529211177,30274
529433390,32384
529484046,32379
529617792,5623
529840632,5139
529840729,20093
529963989,32555
530002139,15318
530038019,9484
530127211,2058
530138692,13939
530330000,27153
530415235,10149
530422513,11814
530429001,26585
530452250,10197
530456960,10998
530484558,9792
530495276,7533
530498232,8334
530515860,12427
530516050,11856
530518496,11005
530553273,8691
530553937,21453
530564287,6792
530564683,10636
530572368,11009
530577405,9813
530578422,16115
530588368,10112
530591289,11803
530595235,11815
530603940,11020
530610671,13783
530612461,2703
530617680,7571
530627151,11754
530715328,1667
530774552,16167
531004089,22783
531094619,18767
531407631,1761
531534689,7377
531613780,28919
531671848,320
531707211,2100
531770321,11780
531801274,11576
531806517,17573
531807303,11591
531965536,4784
531971846,5137
532008620,23475
532153248,27333
532202154,28920
532284698,19059
532474316,23632
532540472,10668
532605745,7786
532668686,25999
532675253,15637
532701405,25525
532956556,16027
533193437,16252
533229394,23968
533386908,32446
533392769,7769
533494934,20716
533690482,31588
533697266,26136
533714764,23063
533744442,9684
533780929,19378
533868555,22566
534123227,12377
534207393,14225
534208657,12388
534302406,20031
534365865,15232
534459453,11869
534485759,25309
534493811,12710
534511963,7563
534633121,24573
535027590,10779
535210106,12532
535234133,25955
535427560,10779
535439628,10779
535480814,21452
536033530,9429
536198831,6442
536608223,14410
536631647,14124
536868338,774
536886526,22405
537312688,1666
537560482,2886
537585585,6076
537662219,1630
537791452,21462
537976098,20305
538317777,26221
538348250,15020
538401182,16515
538452200,16531
538480743,17138
538498554,16906
538563186,20225
538623468,22768
538623576,16524
538665490,20401
538773697,20652
538938663,7527
538964053,27939
538971748,8519
539194705,18295
539246070,17097
539295583,18298
539306187,16035
539402206,12533
539471033,18980
539476719,18980
539481757,27706
539487759,27705
539497476,4925
539504657,27706
539531000,18984
539617569,27705
539621468,27704
539634875,27706
539638131,27704
539652293,27705
539659526,26080
539715299,17195
539911672,33099
539917989,8871
539919963,22862
539973289,2522
539973682,32856
540243923,10790
540264956,19160
540335955,13584
540437833,4927
540446151,6859
540478263,30735
540488877,13586
540495827,4926
540540805,903
540578709,26266
540582129,25385
540600280,26045
540635874,25386
540647313,29402
540651720,12843
540679682,26094
540681722,26093
540733534,24229
540836968,3765
540875280,26868
540925802,3760
540947274,27
541018599,6207
541050986,3763
541087932,3766
541130989,28
541136933,3762
541175715,10789
541222818,29624
541249533,22726
541274734,25393
541274767,9295
541277121,29137
541293829,8700
541310803,12072
541321156,1725
541321435,32387
541325756,28969
541336955,29925
541364579,9462
541395798,29152
541396832,4591
541414473,29164
541452276,29139
541460172,9445
541480653,29167
541485164,22713
541487866,9457
541496187,29924
541499651,28967
541504785,29930
541533894,8184
541551648,27851
541557628,29136
541560402,7961
541565728,1203
541572009,28162
541632045,26081
541704471,28087
541758160,26082
541762375,19593
541807389,2245
541832603,20715
541922441,20714
541936714,20026
542014320,2729
542074217,10855
542186409,2730
542203752,2731
542276053,26555
542278967,25152
542308657,28476
542315108,26327
542316715,28476
542323369,24662
542326378,16465
542342612,15760
542347413,26328
542350889,25150
542352976,14454
542362469,14594
542363627,25145
542433491,25143
542468479,24266
542484701,2898
542543228,7952
542546328,25148
542720985,12531
543279944,15361
543504905,27993
543566050,6860
543612872,21516
543692468,7116
543709122,7534
543814929,29458
543882934,27171
543915289,24784
543936524,32341
543977753,31808
543997144,23399
544046074,10733
544149451,32418
544173551,25018
544304715,3433
544371245,14810
544444662,21475
544543940,4452
544588022,6197
544625960,5059
544671587,6198
544677513,13585
544725558,28447
544726357,29405
544752216,28471
544795963,10580
544801165,29343
544870493,29338
544927627,29387
544950318,14598
544993724,25351
545045308,26740
545055087,19413
545070587,27575
545092757,27981
545118207,25344
545140057,20832
545155781,32806
545178040,27024
545212459,32197
545293815,25118
545304860,1535
545334456,17684
545337859,6194
545415270,1392
545458683,30799
545474878,3554
545522868,1557
545675295,21920
545687692,7318
545697729,4593
545769193,3882
546224657,31456
546355337,14538
546418600,23399
546453501,25886
546459309,29080
546536650,2852
546593520,20831
546745093,32008
546956971,25018
547015244,8972
547021682,7596
547089862,21202
547136051,10386
547164324,17435
547170325,6657
547189728,698
547236759,9139
547286069,9862
547332806,3063
547389529,9220
547396654,10392
547401872,12366
547406319,10393
547647149,1596
547667176,14823
547842496,590
547926060,26919
547963602,13811
547972909,3513
547979732,13539
548073449,18136
548132383,13540
548152260,26915
548157904,13810
548164861,26996
548174301,28013
548180760,26622
548266386,12367
548267178,11452
548399528,3024
548427899,33302
548437087,24228
548438253,32880
548444517,32740
548446502,32910
548460578,32308
548466681,32622
548466748,32798
548472132,32787
548474481,33217
548494810,32783
548495538,32872
548498282,33100
548500638,33098
548502550,33125
548537160,32797
548538054,32873
548538463,32793
548542269,5218
548547139,33262
548549174,32782
548550728,32868
548553382,32795
548559186,32786
548571518,32621
548578513,17773
548587974,32584
548592297,32592
548619363,33126
548621227,32778
548627479,32879
548637265,32675
548649945,9888
548658705,32911
548658858,33117
548671183,32784
548671346,32796
548671453,32391
548688481,33120
548691591,32790
548698876,24878
548711405,32470
548711607,32876
548733878,32908
548734805,32770
548748783,32909
548749538,32791
548757528,32875
548758690,32906
548763264,32785
548820396,25167
548821163,30971
548994963,25705
549012233,32802
549141538,5130
549159653,30237
549253666,8419
549346858,901
549413931,27538
549426175,8679
549497586,31538
549527855,25704
549576247,26521
549680672,9128
549702483,29108
549835989,4592
549910976,4590
550178948,28073
550196779,3846
550203821,17888
550386054,19384
550388099,902
550454367,9316
550492173,8669
550495509,19120
550541702,17521
550577025,30010
550581261,30007
550596189,17958
550696075,9921
551056432,2142
551126279,29452
551186958,2140
551192590,10856
551235752,19392
551247724,2141
551252698,4847
551429626,28520
551585686,19650
551608301,13997
551610791,11127
551612391,17869
551621389,10825
551636302,8678
551661893,12915
551691060,4911
551712605,2899
551728660,17403
551748056,4913
551808103,20270
551849793,27532
551863070,27531
551865117,14664
551878485,8631
551881627,6136
551892863,6132
551899340,20271
551911602,27533
551933968,23271
551943038,10922
552019206,8596
552027280,27745
552030721,27534
552035124,9430
552039005,2515
552116672,17501
552118063,12106
552146856,27530
552179804,24350
552194577,27747
552205892,15069
552224772,27536
552270789,20269
552288180,32671
552297974,27744
552367353,20272
552425687,27537
552445237,27535
552504131,14815
552566531,14820
552613377,25368
552620006,28828
552661765,14816
552714407,25367
552811700,14817
552976849,4912
552987347,26819
553092733,13282
553104773,30008
553149938,14821
553346621,16827
553657736,8680
553690577,26991
553709555,4848
553785743,1801
553958047,4690
554008592,18788
554679174,30968
554807584,22516
555232821,22865
555240611,13861
555337926,15009
555576318,30586
555606315,14896
555723225,2474
555742198,14795
555749571,7661
555875100,30491
555876148,6127
555990143,21540
555996109,21527
556041301,22660
556134160,21113
556188089,27650
556211452,21541
556243633,4373
556275863,1966
556335593,20518
556432892,7489
556459024,26965
556534899,16272
556556930,27649
556591739,10114
556614446,29331
556620699,272
556620798,10115
556679046,17089
556776176,11647
556855977,274
556921754,18715
556954403,13709
557145556,26282
557208760,31581
557265918,22580
557278957,25921
557317640,26914
557330521,29622
557373879,28968
557404166,27859
557406646,22581
557418928,29142
557426008,28965
557426986,28970
557459412,26066
557473024,29923
557488524,26067
557511394,23085
557544185,28913
557546979,24549
557572164,22976
557574139,23803
557587611,22722
557724139,27316
557854495,29926
557888262,6122
557963606,27148
557985054,21982
558040314,22121
558063503,18912
558087331,15794
558099123,30275
558107803,25760
558110636,21105
558125868,22119
558132985,16474
558133384,10009
558160456,21632
558172661,19471
558177477,23915
558185850,15598
558187261,7828
558188135,19843
558201832,9917
558223701,20185
558228057,17277
558233956,22667
558236096,18253
558251424,23441
558274952,18520
558275954,15422
558305821,1740
558309463,15514
558316321,24039
558319064,21668
558333180,18916
558336011,6130
558349552,25066
558366236,18913
558380573,14552
558383059,19782
558405083,10016
558412263,20395
558414450,16636
558419537,17275
558426528,15799
558551806,14952
558690646,25296
558696105,17231
558746128,18807
558815567,29454
558993579,24872
559019934,15502
559095614,19823
559301620,6373
559305511,2808
559403453,21913
559472364,18400
559527666,19239
559528939,14437
559538396,27244
559543866,13513
559574670,26415
559592363,12810
559683894,19234
559692809,9918
559704872,28575
559755962,28924
559760383,1741
559787174,25978
559815691,3574
559989873,25346
560024080,32053
560242839,3049
560382176,16243
560449934,17687
560461572,30851
560463392,30776
560494911,1354
560588153,31247
560763547,27649
560799964,4347
560994368,23348
560997151,27651
561059865,31108
561072864,7722
561152066,28508
561211303,13291
561218814,12939
561278077,7948
561312624,7212
561316741,30869
561336901,19947
561432652,21475
561446472,593
561449939,21475
561472497,24327
561534462,18333
561597888,4030
561787904,6128
561801794,29908
561806833,31339
561809677,14573
561812305,21125
561841746,21126
561859105,21127
561885454,23778
561893367,23776
561926838,1877
561956098,17936
562006328,1428
562014853,6086
562141348,448
562159411,15642
562575943,25702
562656614,10582
562823872,6377
562990037,20007
563611169,32993
563754170,820
563931914,32357
564064387,15412
564068875,32992
564436116,8086
564727354,18303
564801865,8618
564823549,18307
564923729,18303
565187040,7044
565234106,22839
565475652,15736
565986763,18314
566438001,18315
566894234,13073
566951192,12393
566993988,6970
566994267,8802
567032936,18217
567060349,2516
567112119,6833
567152808,8806
567209090,6969
567286866,12107
567368093,21526
567376699,24326
567421752,21533
567447189,6971
567567386,20061
567666001,8803
567693947,8807
567755158,28397
567788097,23125
567789262,31779
567800728,10700
567819384,23912
567828569,4902
567840702,31900
567852265,15353
567877971,22332
567879631,7160
567882470,23287
567891915,23911
567901863,28803
567909067,31899
567984107,19035
567994407,6126
568011961,20969
568014895,16941
568028067,20606
568051769,22240
568074947,22308
568104984,23928
568154656,3715
568231158,31303
568238330,22241
568239892,32613
568368509,32056
568379126,2473
568382511,30011
568430140,1115
568460034,942
568471727,5959
568560742,5958
568598745,4705
568663379,5960
568996416,5957
569243305,5954
569292768,10700
569454025,31566
569524824,26777
569602542,2123
569691221,17671
569734090,8362
569849390,32209
569911128,21317
569925314,2129
570003861,27302
570019285,17502
570155770,27303
570159002,9106
570346610,14236
570767255,14237
571199288,30238
571430783,32062
571460501,3740
571470058,16289
571716681,5098
571753006,32512
572045705,6401
572318503,6129
572348076,8546
572711898,21207
572786500,27423
572826175,18492
572826793,15258
572874896,30582
572978728,19813
573136995,31405
573307785,2124
573327466,28207
573408599,24870
573416743,31958
573420585,1562
573522332,13966
573603346,10951
573609053,10952
573646184,15176
573680284,24868
573689226,18704
573720266,26603
573736953,2121
573858247,31859
573862178,2126
573880307,31902
573882263,30223
573914088,31036
573970948,31543
573973740,27221
574000944,3616
574014410,24869
574066706,32959
574105621,32023
574109184,24821
574109838,33141
574138158,26103
574227629,13926
574263425,7034
574277622,19752
574595748,17386
574596429,20268
574763110,7035
574817933,3052
574883437,12536
575101405,22799
575204167,22801
575262627,9183
575437687,14693
575502732,20274
575587552,28827
575644217,10738
575680944,4253
575720093,12979
575748241,9413
575785038,8908
575843202,22307
575845193,15576
575854228,20385
575857384,17432
575861699,20385
575964397,24873
575980460,30017
575989782,8083
576018242,6787
576091790,7920
576100070,26219
576190970,4031
576191539,29958
576208516,8777
576245525,14054
576348201,16937
576429988,2208
576497035,1004
576518277,8775
576529437,16291
576639965,15695
576663361,6298
576996841,29665
577498093,24487
577597626,4253
577609321,10749
577654209,6785
577728205,14055
577818004,10739
578005846,32683
578068590,24488
578192041,28915
578203003,9864
578216985,9212
578227105,11936
578227589,18483
578241278,17617
578244848,3448
578249419,17612
578254239,24295
578260201,21898
578279476,8943
578285940,27952
578290244,6658
578292921,12336
578313005,9981
578319788,6865
578333654,23425
578336113,21899
578346687,8946
578347456,17621
578358791,9702
578365563,2737
578373017,4563
578381298,11313
578393261,9972
578402247,32383
578407903,12423
578421641,9137
578423021,1310
578428577,8776
578428896,11319
578429542,8003
578447487,138
578462623,12098
578471921,9878
578476480,9693
578479152,9608
578484610,9207
578486488,23418
578495318,9925
578496383,6862
578498240,17616
578502689,576
578507745,5140
578508067,17613
578519576,18482
578520777,27290
578548561,9856
578575045,9838
578577045,18557
578594699,9561
578600992,5395
578614396,32382
578614483,16377
578701701,18316
578854399,21897
578920359,14085
578944366,23371
578956433,18570
579000878,12774
579004916,12099
579017105,18478
579023229,23701
579043135,22256
579049818,22256
579064981,20986
579066374,16417
579067665,22298
579069267,16538
579069400,20528
579075094,20794
579075839,18477
579079790,17539
579091336,21132
579093713,18648
579097959,6911
579111029,17307
579112655,16148
579115101,15226
579118124,17902
579149010,20488
579165401,18953
579202625,15203
579213440,16142
579244729,23935
579244880,15934
579255913,20656
579272350,20448
579288123,16264
579318493,16537
579344190,23965
579352780,24507
579354890,19556
579358406,20686
579377524,21007
579388600,19052
579406883,21045
579414935,20077
579430999,15132
579431335,22357
579433385,19804
579434638,21138
579460109,21123
579462455,17128
579469462,17957
579469885,19730
579477114,16901
579504342,22290
579515711,16092
579519667,17591
579527774,19503
579558983,27052
579584592,16232
579595112,6802
579612498,18432
579620707,20529
579633704,19897
579639021,23993
579698764,22404
579720932,18044
579725044,20460
579738505,17540
579748742,17267
579750615,17192
579762203,20393
579764959,22569
579766447,17944
579779970,17708
579794127,22472
579819027,18989
579823460,22289
579828801,23449
579831792,23697
579837010,22201
579843596,22256
579865520,22003
579876214,24470
579882086,20903
579884010,17943
579884104,18654
579884151,23992
579894242,18645
579898685,17937
579899300,19728
579902686,23699
579916894,23793
579925794,22935
579926571,31121
579942215,16095
579945195,22300
579963022,20692
579965390,18479
579974202,16111
579990790,21354
580004585,19838
580006038,17941
580009595,15691
580019219,22005
580033498,22599
580035119,16346
580043192,19142
580059007,20076
580063092,23129
580072429,22281
580080162,16094
580081569,16905
580085913,24319
580092398,24421
580112156,16476
580123143,21574
580124589,18758
580128606,22301
580143501,15198
580156978,15079
580158802,15835
580173600,23294
580187839,15184
580189584,20371
580200154,21256
580214558,17522
580215227,23994
580222032,16112
580282584,23936
580294668,19478
580355445,19895
580357536,16845
580363553,19002
580396037,21996
580403594,23931
580411062,17145
580451486,18532
580469837,18480
580471572,22283
580472543,22130
580478974,22992
580494436,22004
580508046,22460
580526230,20258
580557163,22920
580568046,21954
580583118,22256
580588244,29420
580589055,7543
580600019,24838
580605141,9482
580613811,8529
580614728,9241
580618575,22786
580624864,7590
580629979,11867
580669120,26872
580678791,27236
580685829,11384
580698198,11384
580701954,3139
580718549,9736
580720821,9517
580729878,10471
580733854,28244
580737116,7573
580745084,9516
580758175,7520
580765405,29423
580769925,10522
580771524,24702
580782251,10793
580786252,27004
580791166,9472
580796608,27005
580798738,27120
580801443,9518
580812920,12085
580813422,9802
580837764,24840
580856339,22838
581122482,10121
581674115,23410
581728545,18484
581758034,17868
581933940,21995
582034207,30090
582060122,28643
582071745,24469
582082872,23615
582097555,26993
582141025,23152
582143144,834
582156468,23153
582168075,11896
582169595,24503
582170974,18952
582204624,3255
582215402,17131
582271628,23932
582286750,20681
582295299,15142
582299648,20102
582303941,20695
582389369,4658
582399173,21999
582409961,18789
582426031,29544
582427848,17792
582461955,16903
582498451,16110
582506647,32306
582555604,20562
582573188,23995
582705938,21060
582733448,31504
582736611,16560
582742644,22127
582761622,23502
582780919,21997
582805388,835
582817606,20693
582862643,16995
582887338,18766
582891249,18655
582893363,14527
582901902,21064
583077823,23416
583092577,19729
583093038,4
583108626,20561
583151976,2301
583160496,23499
583174532,17384
583195976,21998
583201940,19176
583222134,836
583279312,18154
583298097,17942
583305921,25737
583314970,24040
583329788,5932
583527975,21238
583604224,16951
583615326,702
583616957,24505
583624723,16434
583670192,17391
583691388,18149
583751615,17100
583761748,19646
583775519,23987
583792550,19645
584105532,5360
584116984,7390
584128024,24505
584134621,19421
584175507,15097
584213177,16586
584220772,21203
584279556,19423
584301763,24052
584353319,23902
584376694,21458
584386331,18765
584386520,16398
584431655,16539
584444323,18038
584467668,21231
584467955,17098
584636285,24506
584651452,26816
584658896,26871
584680311,7391
584687837,21204
584690674,5613
584727725,24051
584729453,20690
584758317,4375
584764895,4374
584790920,19311
584810061,20263
584845866,17615
584856461,81
584992577,2802
585006555,9731
585102991,4369
585147424,2475
585258881,27930
585391427,11934
585455068,32673
585821550,8246
585859681,4371
585875334,24208
585920277,9114
586009534,24683
586025935,26279
586235122,24126
586242630,20662
586266571,18805
586276210,11857
586301393,27254
586328116,18806
586331656,23098
586391209,29693
586479492,14813
586895253,24504
586896747,25595
586901898,17524
586919732,26430
586924372,29022
586925913,16727
586955276,19726
586955277,21060
586960547,17531
586966435,21515
586967575,19809
586969223,16319
586974778,16319
586981440,29871
586989449,16562
586994847,13785
587012442,16144
587020742,30052
587033550,19759
587034129,28237
587066666,28234
587071073,24244
587076194,27469
587082829,25062
587096092,29587
587101545,29876
587115959,17528
587134011,24116
587137352,25126
587137671,19079
587155868,16709
587162131,23725
587166837,17532
587168868,27481
587171526,26440
587192452,29177
587196873,19424
587242656,18666
587268757,17902
587268970,18667
587282566,21366
587287308,17309
587304256,18338
587313393,25257
587324111,15080
587333223,26524
587344150,26366
587350563,21514
587359977,29872
587360344,26310
587366329,15823
587366846,16146
587371431,25598
587385446,26438
587387207,27482
587390689,14490
587423055,23615
587431322,29870
587439693,27977
587459532,28534
587464847,19365
587466809,22731
587473502,25599
587492482,17902
587496043,16090
587505923,26365
587514624,17902
587524368,17525
587525701,25069
587534691,23960
587555642,17526
587560102,14626
587561612,17535
587562634,27483
587591688,16301
587597028,29869
587617118,28004
587635334,19750
587640598,14581
587648446,28005
587683072,19074
587694256,19726
587694657,19099
587706493,27501
587710324,25600
587727448,15876
587728542,29673
587762923,20960
587774931,22732
587796991,21060
587807704,29588
587837888,29601
587843382,26439
587847912,28236
587856367,17942
587859950,23616
587874952,25027
587877103,26434
587877222,29590
587879980,27484
587888897,23726
587891297,26297
587908201,22730
587918782,22416
587952771,19114
588006859,4383
588007519,4915
588052238,31135
588081967,30006
588096255,3986
588176658,11642
588365531,26518
588372488,26280
588408568,28388
588468225,10238
588524238,1520
588567686,3066
588771212,6858
588832428,19974
588954402,14935
588956830,18860
589091892,31380
589214665,25745
589220411,10726
589290853,11235
589305823,1091
589402198,12565
589417448,28029
589473940,5942
589517088,27665
589561811,7854
589678172,16320
589826974,22887
589871997,6851
589879286,17334
589939482,16321
590086244,14568
590155948,22106
590397851,2806
590397934,24136
591183065,14978
591265048,12819
591301625,18141
591401831,13642
591582403,14450
591680320,8081
592040866,14101
592240570,3025
592273132,17472
592299276,22930
592366438,8709
592388995,2136
592480141,30283
592524827,2212
592547603,26079
592584841,281
592611604,17084
592747548,28111
592754547,18142
592914116,1005
592916498,24242
593005732,10709
593158170,22430
593165894,22303
593245126,27616
593255164,26340
593267896,27619
593267979,26333
593287201,25739
593334778,25738
593413998,18219
593434084,7665
593483454,15756
593510848,26332
593515987,20000
593532390,24622
593541837,24794
593545158,26335
593603654,29299
593623660,24899
593625850,24896
593630653,26337
593631587,24897
593648647,29327
593666649,23941
593696375,174
593703022,14756
593705518,26336
593719397,19996
593727583,20002
593729475,26339
593752184,23801
593788459,25927
593790917,173
593812497,25740
593813913,27063
593820064,24893
593825764,7666
593855805,20018
593856785,175
593860744,26334
593866275,27064
593916730,2908
593924856,18220
593951441,27548
593966964,5625
594015895,21439
594016221,21438
594041800,15330
594090807,22304
594102872,19489
594137696,9779
594197303,4694
594381356,24539
594396621,4695
594541571,16154
594678710,1408
594692790,2183
594711085,21544
594749045,14934
594799519,25384
594814093,28779
594885599,28413
594903043,26405
594949511,25392
594963420,28914
594969212,26096
594990594,19753
595025485,22823
595123871,28972
595168496,22824
595175703,1406
595360499,17452
595364192,25040
595585991,25039
595587702,16376
595596622,28483
595603041,24820
595737340,12628
595739705,24432
595827420,1407
595908815,10590
596010035,31589
596054998,14284
596225185,22657
596265497,11572
596323483,7734
596351168,16378
596555591,4577
596722452,6208
596741624,6801
596752816,8653
596814017,19757
597028579,22240
597054779,9313
597088877,5626
597103896,25398
597271100,13583
597471942,5567
597472104,6517
597498131,5568
597521293,10593
597606964,2701
597623579,6051
597661338,32961
597884355,9425
597901574,11759
598066467,21916
598088172,18847
598443770,19790
598602647,13338
598711916,5286
598746157,12466
598788380,23974
598830066,2947
598837640,24577
598986344,8716
598986500,7256
598998858,14231
598999396,20887
599026341,8717
599090677,6185
599109806,29176
599243819,20282
599301175,18671
599404014,17379
599418501,21901
599427110,25744
599448713,15672
599452491,20837
599476636,17380
599554421,22509
599557761,29349
599690349,8733
599694619,7394
599843541,24354
599885980,11804
599947128,23618
599948191,25580
600022072,14909
600109598,14910
600110181,11309
600131056,16578
600202253,11308
600324548,5314
600330753,4376
600358105,11797
600414859,4370
600442821,7209
600528900,20554
600840779,17057
600861034,12991
600873797,29107
600914820,10949
601160555,7672
603871396,6458
604474570,32381
605714270,5627
606708699,32380
607592190,25641
607679951,4698
608933281,2746
609112545,3330
609118530,27716
609456750,14948
609584425,15400
610225607,28614
610913895,6159
610954266,14800
611012864,20316
611152553,15199
611298595,5246
611388977,30893
611533144,7372
611905118,32510
611931479,23654
612050633,32679
612062732,32678
612074635,30956
612251739,21063
612257237,5935
612274887,26481
612284420,33299
612383879,32626
612550310,18980
612822848,19793
612968000,7163
612999387,3344
613055933,25545
613108568,14658
613110977,12647
613176564,20264
613194960,15529
613224144,19730
613231408,17308
613235610,19151
613240348,23596
613252955,15260
613263999,13146
613274209,18945
613284851,13147
613301040,21848
613302200,24564
613302829,21130
613319323,15307
613332644,30023
613339688,22458
613350817,19727
613351830,15175
613356827,24566
613363893,20693
613411634,14481
613455144,23952
613460532,21237
613461429,20033
613471197,26153
613484828,18095
613487776,23564
613501391,20768
613509243,16890
613512075,21460
613549552,21362
613554477,15451
613558913,19978
613559537,26152
613583005,24151
613583597,22487
613587835,25063
613599954,23991
613604138,19148
613605754,12997
613611710,15099
613645461,14574
613649595,23702
613663511,9420
613695242,20449
613731798,15227
613731935,17938
613736435,26151
613748609,15452
613752359,7342
613758142,20141
613772014,15588
613786111,23557
613789890,15453
613793608,23693
613810309,19149
613812648,21250
613823195,17366
613823342,20517
613833990,23417
613840344,23695
613851697,26150
613881362,23704
613881585,18094
613901951,14503
613906421,24581
613907944,1328
613916407,15099
613921671,24462
613924759,15004
613937346,21046
613937907,23553
613955711,15302
614017831,21457
614018427,16200
614023828,23626
614039119,15594
614056059,22461
614076996,25876
614085429,23555
614093779,20037
614094664,24546
614097297,16433
614124948,17902
614126296,15003
614142254,8994
614146507,9880
614174302,18103
614177624,32280
614184235,17902
614201853,11032
614206774,25552
614208937,13927
614229487,3201
614239648,15847
614249862,23934
614253482,20060
614301908,17287
614304064,22299
614341670,15713
614369266,16473
614381614,29775
614383855,11034
614401319,11035
614401498,9786
614401810,17267
614403172,23703
614429088,20521
614433808,15590
614447096,11036
614468786,17144
614497675,18944
614514223,17707
614524131,14364
614578160,3318
614656900,5692
614657736,21254
614766876,15834
614797513,32569
614801978,12937
615063850,20140
615269770,282
615349121,6396
615399059,4285
615487860,20875
615506734,12636
615517734,16282
615522732,16391
615540937,1786
615579685,18325
615582529,32351
615609144,26154
615685421,8694
615742535,13788
615743832,22006
615919623,16407
615930505,24543
615959027,16389
615983757,13787
616012460,18755
616072706,13683
616232665,15180
616242095,3361
616321958,8154
616390161,15815
616590258,3322
616709807,21774
616803059,6778
616913894,8726
616928742,11073
616953677,1015
617117311,8426
617205225,7787
617366884,12998
617445198,21775
617544151,13682
617819195,16940
617972797,15549
618019141,20198
618075832,8725
618133585,3757
618209028,6364
618222408,19794
618231785,23415
618312904,3756
618640941,18984
618641177,22071
618765910,17249
618876357,19844
618919127,8695
619020325,14073
619197716,338
619255316,7710
619279237,30598
619442133,5191
619493935,9294
619653164,16896
619659803,7716
619752355,21242
620020419,22476
620061378,12425
620104883,20184
620163881,14333
620165262,8447
620246803,17129
620247846,8420
620364384,11499
620424353,11903
620570557,8421
620933104,15145
621031887,1538
621260492,2127
621261607,18924
621311996,24502
621353216,4692
621569154,6057
621702389,19607
621730967,16290
621782909,15495
621932575,27722
622013285,14748
622041870,26671
622042225,22737
622091001,26286
622217506,8230
622322377,5948
622388608,20719
622539365,20935
622755012,25026
622974254,16893
623021537,22212
623082585,21896
623095299,21894
623122635,21893
623151032,22214
623321803,20244
623466258,22213
623748414,27658
623835645,13995
623850687,13648
623892829,27786
623976495,27671
624186112,14801
624289215,25022
624328005,11357
624368990,8751
624437069,5999
624445510,10333
624465284,11358
624488619,6493
624492767,6870
624495515,8752
624504900,6025
624611157,10978
624628719,6017
624633358,4413
624648209,6492
624930911,6514
624945881,11030
624946384,3209
625002743,3213
625109474,22437
625165699,19119
625225788,20718
625251528,2732
625260784,8451
625340988,5369
625433248,20855
625456050,3081
625500707,10966
625528248,2372
625608313,3080
625710634,3079
625711538,22700
625749916,5520
625861508,26520
626078171,319
626339799,16806
626390534,17227
626515549,14670
626538143,7242
626561155,22834
626672090,19492
626723086,23498
626775635,16453
626821288,318
626878454,32672
627016016,17547
627210019,5129
627238920,28347
627270941,17149
627410210,7303
627469088,31006
627471150,7304
627544912,4192
627602991,4190
627789199,12439
627791510,9272
627946241,12285
627962321,11636
627963686,9808
627985777,8080
628036441,21117
628088967,15677
628090676,12412
628113919,11336
628132895,10611
628156761,24196
628275371,22179
628310714,25540
628433724,2754
628575860,26414
629133189,2755
629199318,3618
629321440,33034
629397619,10055
629426937,17566
629452109,16231
629573468,1513
629796176,6158
629881227,25506
630021821,24110
630128010,26530
630143119,28752
630149349,27215
630163298,11370
630177730,15313
630223259,28745
630265679,25229
630275152,2509
630331546,29599
630337946,24846
630639816,29014
630777009,25911
630831256,28750
630839619,28751
630907486,29021
630977760,14668
630980128,26285
631028198,32051
631183708,1395
631339051,6800
631339915,261
631340582,1994
631341129,2957
631341200,4229
631341268,4933
631341400,5205
631342571,6202
631342809,1993
631342944,3539
631342960,1790
631343140,3126
631343252,4934
631343456,4780
631344065,822
631344548,3548
631345348,6260
631346180,1300
631346676,5204
631347067,512
631347284,1284
631348181,3153
631348705,5211
631348752,1996
631349053,826
631349104,827
631349770,2955
631349928,4127
631350006,4939
631350149,5213
631350195,6078
631350342,1299
631350415,3002
631351362,7141
631351385,3112
631351818,6077
631352450,266
631353150,3152
631353233,511
631353590,7369
631354438,7140
631354525,6871
631355066,4779
631356068,5053
631356442,3930
631357443,1017
631357454,2807
631357926,5587
631358242,22025
631358618,260
631358634,3549
631358880,263
631358994,21337
631359046,3150
631359264,514
631359341,4959
631359514,20182
631361039,4777
631362232,2498
631363558,4315
631363670,6946
631366329,613
631366560,1695
631366819,269
631374473,32324
631513277,6516
631581676,168
631740901,16019
631908555,22511
632074228,12495
632119690,29611
632165228,12493
632215463,8537
632241165,4286
632278677,23649
632324242,18858
632614839,5263
632695327,20045
632717470,6288
632758374,31338
632784410,16520
632869961,31592
632894141,4437
632929475,5339
632941038,4689
632992128,5341
633018226,5145
633118739,3188
633187001,18074
633192114,22914
633220883,30489
633257870,17631
633262652,15087
633264022,17638
633265465,23283
633268012,22208
633272436,19886
633272973,22131
633276743,20156
633288321,19050
633304442,16083
633308932,16089
633315243,32035
633316878,17636
633320055,31657
633335033,19573
633337932,15822
633344309,16084
633351273,20792
633353641,17180
633359268,22837
633377068,17611
633379456,16085
633381079,19519
633402516,20808
633413776,19415
633416508,32801
633416926,22279
633421669,14669
633435747,16253
633447343,20816
633450257,22714
633451291,31467
633455533,22841
633463196,6175
633482575,17181
633486698,32686
633502021,23573
633505957,22062
633507681,21467
633510746,15049
633512302,18499
633525445,15090
633526855,19516
633527130,23218
633527210,6812
633538881,22842
633541880,24436
633548298,20812
633550362,3719
633553804,22765
633560117,17629
633563622,17634
633570035,20735
633575200,18296
633595514,22592
633602771,16471
633605096,15821
633612497,23217
633616726,19952
633625825,20691
633636977,17632
633636980,19517
633643826,22061
633656426,17633
633667639,27189
633671593,20311
633678780,15474
633680839,18257
633697335,17272
633703125,5138
633703699,23665
633704357,19887
633704445,22282
633705468,22767
633705525,22843
633717942,19625
633729592,15085
633731231,19049
633755401,19564
633879961,17442
633949378,17448
634081548,17136
634529885,15527
634562401,24315
634631756,12496
634778030,2843
634870905,16086
634921664,2846
634921859,2844
634924345,32639
634925574,8231
634956322,1970
635010746,8313
635140298,10342
635232837,8866
635464212,7341
635472432,7970
635526334,10799
635536266,10800
635545097,6481
635581124,2530
635643550,9521
635733056,13596
635733886,22481
635756005,18926
635772881,11868
636078284,8369
636125512,5741
636302833,11795
636431236,20058
636456711,22311
636602249,1788
636679238,11226
636814073,5699
636833652,12494
636864520,8506
636926675,10589
636996800,20743
637143214,32040
637240777,2612
637267105,5938
637279058,8423
637333781,9797
637336882,2805
637393970,11491
637417993,3021
637458965,22494
637895323,8213
637902955,8210
637906269,6988
637914595,9468
637917153,8212
637928322,8203
637929798,8209
637935516,11501
637947160,6989
637948224,8207
637948383,8214
637949510,11785
637972063,6987
637976638,8320
638035841,11784
638040011,8215
638056284,27752
638069785,8200
638074702,8323
638075977,8204
638077959,8208
638087268,8217
638092573,8197
638094252,8206
638098369,9466
638100409,8198
638101413,24094
638128567,21437
638142433,8199
638153240,21180
638169566,8211
638173419,8202
638175244,11786
638191114,1055
638220589,8205
638366484,4682
638543169,22710
638748843,19563
638800526,28396
638818703,27667
638866477,7598
639070169,27006
639124342,9329
639135725,11610
639141089,256
639148010,27998
639212783,2429
639284110,28792
639555947,258
639586982,18334
639589335,16458
639961795,29879
639969425,653
639978371,19206
639979169,18842
640097361,5924
640151698,2538
640171299,12311
640216105,29351
640233359,22639
640254252,20119
640386199,5332
640476585,4728
640492642,16367
640562232,31590
640672945,32329
640714533,29350
640721647,5319
640894999,2661
640984919,4626
641015771,16137
641161028,9423
641187932,19709
641250417,723
641283265,4434
641380964,9356
641390886,28241
641429575,14328
641438991,14366
641450405,3690
641450657,3692
641486490,13924
641500297,8284
641501971,3667
641503474,12921
641517745,13934
641523592,14020
641527720,6448
641603268,3689
641613620,14174
641629406,27364
641645538,14171
642114698,2240
642263160,4068
642325908,17291
642466640,4228
642474807,18950
642577289,7973
642666805,6463
642833504,12787
642915429,4630
642970395,884
643019385,4631
643039533,4716
643116485,30238
643123460,876
643186214,18327
643474172,28701
643529499,20943
643566930,2587
643824469,26065
643901863,23166
644097212,25253
644373627,21448
644380564,21448
644503288,4372
644614759,21447
644864014,21290
644887633,16470
644902401,21112
645143711,817
645305700,5640
645406290,22217
645442352,31207
645447416,5641
645483937,5859
645670783,12094
645831967,21787
645862080,20942
645945976,20418
646105171,26814
646167295,20312
646448044,29791
646486903,15738
646488370,5490
646545516,30350
646555231,20425
646893599,6873
647016700,11779
647098926,777
647158475,6977
647168635,6976
647219485,29792
647295616,29790
647328443,4078
647351465,2589
647424194,5811
647451378,18856
647495554,15851
647690413,11916
647741363,2826
647935822,29223
647946776,20276
648022459,30234
648255521,19127
648492713,4335
648562890,11757
648698557,8462
648723062,10954
648741247,11781
648786993,12231
649007687,6863
649091573,11905
649114587,26900
649122255,10955
649234949,29529
649392240,22769
649484407,28376
649518255,21861
649557282,30239
649647097,24721
649710193,30242
649777251,12232
649937412,31746
649949691,20420
649997465,17475
650009884,19534
650033461,22857
650183292,16669
650184304,20878
650188853,17474
650201916,32641
650623976,3573
650959804,30146
650994673,24540
651069987,20694
651119623,23651
651219636,4549
651234958,1163
651252833,545
651309186,1184
651390023,20419
651399364,19158
651536819,32825
651666784,13636
651682471,32823
651694304,23368
651715400,33216
651741739,28398
651741893,1756
651793769,19427
651861330,6249
651865280,25186
651914975,14305
652039211,32478
652099437,22670
652371738,16034
652771159,22855
652845528,207
652984897,25200
652995455,4602
653003623,1536
653122372,17135
653229801,15342
653254327,4582
653257908,22229
653263696,1839
653277829,315
653280120,19788
653287600,4524
653294169,3198
653297682,6804
653306401,2039
653318693,5593
653318745,1266
653319073,7087
653344523,4828
653381333,3832
653396857,3131
653399241,310
653402963,1385
653421007,5599
653424735,7376
653429299,4828
653444460,1604
653446988,12977
653447827,1252
653448861,13568
653454029,2590
653470890,13003
653492994,316
653495590,4533
653503244,4841
653513743,1152
653514928,1605
653518800,24245
653522252,665
653523162,16600
653524718,4475
653529476,3700
653546497,28871
653551338,11488
653560177,4472
653566479,1219
653594937,5792
653612662,30599
653615749,2181
653617228,4536
653620809,5963
653623196,12878
653624601,1702
653642119,19020
653650679,10325
653656545,4842
653669899,15342
653672470,22991
653688244,5592
653695526,9393
653702702,3778
653703568,1182
653743494,3475
653747091,7135
653749803,2928
653758864,7089
653768280,15275
653780301,4439
653786066,13008
653787581,4473
653792920,13416
653807470,24044
653807645,19708
653814658,1696
653820966,24035
653842215,1699
653842932,6931
653843276,17652
653851137,2038
653859826,4474
653873080,4534
653873221,4389
653875693,313
653886114,4388
653915354,13139
653920089,4783
653920270,1150
653922522,314
653930962,30575
653932141,15328
653932843,4390
653951067,4476
653966771,1389
653969426,2015
653977886,6864
653983872,1841
653984717,5507
653993349,12879
653993600,7373
653993955,16601
653996541,4538
654020947,3697
654030623,5987
654033732,539
654085274,5542
654176930,27746
654243568,24679
654246575,15731
654433263,24263
654466032,33289
654504856,997
654587709,15146
654595933,29721
654663218,29589
654733684,15147
654738152,32477
654755186,18371
654781648,1008
654781655,18372
654846306,24880
654961304,11929
654966201,20422
655074458,27842
655177155,20421
655184597,16831
655653931,9190
655789687,196
655813457,7650
655846510,24108
655887848,24107
656120341,14434
656179017,7654
656280107,194
656368849,2241
656384652,17229
656407300,6760
656495653,329
656558793,19493
656624572,870
656641821,24308
656650771,19195
656780030,5885
656793960,28825
656811383,25516
656952271,5886
656976221,15397
657068253,8957
657082192,3187
657100830,12459
657104531,25517
657179105,7469
657367172,19899
657445658,24338
657730689,15396
657938357,20417
657956060,1599
658114333,4216
658131540,32291
658330580,12460
658415964,3020
658566152,11900
658700627,27124
658716223,19490
658971364,15911
658995813,21096
659007823,19758
659035698,20203
659056180,8635
659122619,24168
659281700,29884
659535783,664
659549210,9319
659557272,23344
659589948,3536
659592146,18973
659593166,14391
659672948,3536
659724161,16163
659741071,18235
659977934,19828
660018656,24426
660098472,17085
660447266,2228
660612688,20732
660715363,5054
660719564,32665
660832533,24910
660848848,16016
660880599,5886
661028003,23533
661035853,5885
661357796,26824
661466221,6193
661708082,615
661717287,32664
661778436,25909
661783555,27718
661794909,14392
661855806,853
662039565,18233
662045461,26947
662055534,13083
662071371,27717
662126022,1758
662160790,21262
662289364,1768
662346960,32810
662460524,27583
662501186,24653
662607316,30123
662844253,1759
663008217,32809
663145197,16012
663173302,6690
663177184,2722
663332172,13773
663354857,30677
663483812,20421
664048360,390
664485842,18404
664991829,2524
665209092,18288
665323532,19469
666138410,17246
666271551,32439
666343293,32436
666364948,10062
666413726,32437
666433452,4574
666490099,26010
666499328,32440
666533853,17237
666620738,33208
666674240,32242
666704719,25398
666715145,12709
666790388,27285
666980886,32435
667035493,14942
667170283,22141
667293593,16843
667381605,28479
667459960,6562
667539664,23669
667556889,20500
667700390,30707
667847598,24304
667939404,365
668197057,21721
668370995,609
668386675,17503
668767893,11038
668782455,29573
668799126,11039
668928270,938
668929539,3949
668939759,6914
668946759,3564
668946777,4081
668956383,7042
668958910,70
668964975,6934
668965289,5446
668971302,4669
668979905,1570
668982663,20113
668983728,4791
668998528,4785
668998918,7321
669015319,4245
669035062,4750
669042768,1504
669044625,4731
669047188,6449
669050570,3136
669051351,289
669052873,3565
669053278,8
669053372,6248
669080478,2239
669085479,6953
669096479,4766
669097325,4790
669107087,3003
669117257,6692
669122205,2335
669139377,4718
669143123,2902
669146218,4746
669157041,4733
669157876,1320
669180562,4764
669192795,4709
669197474,5643
669209518,4768
669213248,25407
669230976,21061
669233802,2618
669237384,4712
669243957,3739
669263729,1760
669265023,3563
669265996,7399
669270062,770
669293405,20149
669372472,6163
669556108,20111
669593913,27089
669628898,26667
669746585,26967
669786053,15021
669831085,8561
669831759,899
669855637,7587
669859133,1370
669860746,13415
669886041,13113
669931673,4804
669986149,7583
669997504,24251
670021691,6345
670037159,5063
670078050,7967
670140513,7686
670140709,1527
670183980,8560
670192609,6199
670205266,7809
670213148,5115
670247490,14760
670325049,30526
670328505,29892
670600887,21804
670695524,20112
670712203,26238
670735725,29297
670793092,7572
670807227,10560
670902287,24939
670928194,15015
670991515,29001
670997675,3154
671038942,32019
671062810,16844
671064553,27099
671084708,7810
671182331,5043
671243128,21522
671257377,21156
671357692,9388
671418524,21155
671516615,13255
671565538,10234
671567062,224
671608067,9725
671608653,9626
671614434,26108
671629007,10230
671642291,9049
671650062,226
671692183,26391
671696216,28500
671708517,19249
671716212,21550
671775918,14389
671776842,19243
671829994,32438
671887014,9042
671893569,11114
671983947,11101
672003244,11098
672009604,28213
672037497,11099
672120843,9636
672154414,2101
672204489,26338
672289351,24344
672339822,13462
672555257,4238
672615263,22503
672803614,20275
672829063,18665
673119598,28163
673125638,18096
673213451,22951
673271835,7584
673310787,28254
673593585,14393
673701488,227
674137389,14394
674191182,7687
674389661,18569
674416870,4965
674486736,21790
674502574,20642
674559022,20643
674620552,4967
674624532,2739
674680281,20639
674720405,3718
674776274,17672
674813607,14808
674841538,9353
674847879,14430
674969884,6183
675111074,3716
675224847,28780
675317500,6384
675331370,11887
675335460,19233
675359833,20293
675443521,22702
675445552,26378
675669527,30663
675749281,30663
675843434,6184
675883061,4753
675917192,22178
675932840,23514
675988345,20236
676091269,4467
676121050,16049
676122928,20809
676126531,4465
676438521,18437
676452161,15257
676515071,24176
676521156,15581
676657445,21562
676688623,21561
676857271,7510
676874253,16794
677076155,1077
677081884,21884
677103486,6180
677138594,17270
677292814,17484
677509888,3073
677536589,26958
677607183,16349
677644363,21992
677687357,25539
677708911,6507
677759357,6508
677844039,10561
677899706,29637
677916127,216
677988212,16069
678060058,6838
678143943,4180
678187073,23937
678350981,19231
678395520,33071
678413192,5726
678439849,26408
678443258,33072
678451037,4701
678451186,27026
678457412,15779
678481351,6505
678483986,14431
678511519,27029
678535231,16982
678680079,17065
678736864,24316
678801780,25565
678845519,29552
678910466,27040
678928294,26799
678963457,26479
679118533,16275
679185266,21080
679348742,5473
679482584,6561
679573050,16743
679582046,8218
679613227,26526
679716746,32347
679840689,24316
680042305,16798
680085040,20059
680136716,11705
680363890,14338
680490888,25568
680727135,23656
680779605,29371
680808953,30089
680811479,18255
680873787,29324
681020795,26517
681446188,6436
681459540,3750
681472131,12993
681495337,12518
681501533,1783
681515249,12812
681532187,12811
681558460,1606
681565841,21198
681566439,12854
681568284,5506
681624956,5509
681626239,3779
681635027,1680
681655948,13141
681657311,27577
681675221,1681
681698561,5508
681707927,5514
681708214,13002
681738344,667
681761228,13140
681880290,27978
681887525,18567
681921270,22292
682035018,22291
682056209,22385
682193684,24955
682284507,18124
682385397,26716
682489446,10402
682588241,24958
682626137,14233
682754341,3381
682945549,4152
683004531,29155
683054724,29009
683103223,29943
683465949,25142
683518550,25214
683523503,25255
683599283,25254
683652417,31479
683661728,15786
683771728,4142
683774663,19806
683874274,23469
683950154,24958
683998370,21315
684004845,22623
684082972,27112
684136386,14769
684352843,5698
684377067,5099
684442318,28310
684449754,17933
684520813,25141
684632358,27670
684669725,27251
684676913,9640
684704968,15784
684751238,13297
684759591,14764
684762606,27666
684834721,9621
684842873,3462
684868948,31302
684901468,20977
684920424,14762
685021945,17186
685043481,21097
685173039,30766
685187208,25526
685257488,18649
685541891,24132
685549224,20372
685589191,21091
685671624,15640
685744867,19470
685777287,28124
685893880,29515
685958979,29513
685964455,14858
685994796,27111
686088917,16799
686160147,17041
686384184,28395
686439403,29593
686604580,5276
686633868,26790
686717232,14172
686755594,7379
686773047,11999
686780129,5813
686788002,15559
686807029,27723
686915855,17608
687240292,5248
687360400,11518
687421327,11517
687458393,11521
687482501,24474
687487720,12346
687516703,11522
687611423,25769
687636422,11520
687637203,25768
687669345,11519
687717624,25233
687776469,25639
687870370,26023
687871793,28364
688085456,28363
688129667,8452
688247800,2139
688271827,3992
688341001,5695
688456701,21988
688548087,5569
688567753,4723
688636951,20290
688686043,5697
688695147,1594
688711082,17623
688725976,22961
688737252,29516
688741394,25256
688750007,5860
688771153,654
688846632,1597
688863334,14582
688889542,17698
688922996,8740
688969314,8738
688989288,18537
689050731,5696
689076516,22253
689076993,11376
689096968,18538
689161556,5536
689291843,5659
689372645,8829
689378771,14768
689397269,3238
689419159,15670
689438156,14602
689449256,20423
689495947,3130
689559639,3110
689824797,7153
689890464,31208
689989863,31446
689991922,18898
689997457,21891
689997458,15802
689997470,31635
690005182,22597
690011803,22596
690012822,21656
690018054,2014
690038177,12013
690048722,21621
690064713,21331
690065147,30226
690065752,31443
690072460,9125
690078137,21659
690083902,12012
690091848,20354
690098062,24043
690098486,23637
690109103,21612
690137995,30748
690146128,21627
690146640,10960
690160768,31487
690172653,22109
690177545,21249
690179539,18347
690183972,26298
690190175,23362
690190331,23359
690191077,21677
690192382,2014
690196135,13981
690197170,20260
690199361,13303
690200494,30745
690205914,21640
690208633,21658
690211090,21660
690212908,23647
690218089,15846
690223916,22114
690247305,2015
690258655,15837
690260347,21630
690280569,18949
690297885,15780
690314835,23493
690335871,15845
690341527,18294
690348728,30378
690357632,21683
690357668,22941
690371207,18362
690372324,21689
690380878,7181
690386009,21670
690396416,21675
690397912,21648
690398207,15160
690407647,23640
690418065,23661
690419030,21626
690435975,18365
690459154,30745
690485509,22770
690499238,32054
690499623,30906
690503007,21636
690548435,21705
690550182,21696
690550894,21628
690564127,29305
690577890,12012
690578625,30731
690580442,22414
690593046,7458
690598641,21890
690599096,31204
690615716,1388
690641459,21601
690652527,19472
690656232,20360
690659664,17959
690665109,21613
690674072,32695
690703239,20744
690717033,1915
690743785,21693
690775341,21665
690779534,20746
690790772,21669
690796117,31159
690813450,21653
690821423,24031
690831803,19605
690845970,22762
690851806,21625
690876928,21681
690881978,12012
690905885,18360
690917422,30650
690925927,16786
690927518,18791
690932592,18917
690940052,12985
690942639,27339
690951129,23939
690966552,18551
690968707,30210
690976433,21620
690982057,24572
691018136,18349
691023487,15395
691025511,10364
691028546,23451
691030247,21892
691032369,30747
691041907,21521
691051643,9124
691052095,22327
691066120,17134
691069939,15281
691078433,21709
691085754,12012
691096750,21685
691099255,30790
691103550,31386
691104687,21710
691112722,16406
691115515,23447
691119285,21534
691129038,9124
691131541,21635
691140290,21545
691160278,9124
691165183,31310
691165618,30742
691176282,21754
691210492,12840
691232520,22413
691234873,21547
691237473,19518
691239071,21608
691255070,21699
691258249,9235
691260811,18785
691268193,31052
691283536,15415
691286606,15162
691291261,21664
691297486,31707
691315996,24037
691320545,22594
691321029,16571
691323752,19781
691326256,18345
691329394,21661
691336148,15838
691350326,19953
691353375,9327
691355584,12984
691375665,21643
691378127,23058
691402810,21623
691412051,31707
691413893,15801
691420586,15783
691422867,18358
691424354,22666
691454951,31750
691464474,19954
691477831,30789
691482734,18356
691482752,21159
691489843,12013
691493594,19603
691494507,9326
691526286,13981
691526567,32054
691536816,5146
691563431,23643
691577514,15419
691579519,26299
691582041,30748
691587412,22942
691589338,30789
691598842,30790
691606129,31076
691609189,21706
691611316,27340
691616326,18351
691629885,13026
691641290,21645
691644936,19402
691647050,23442
691650964,21106
691652033,21651
691653031,24568
691653882,31448
691661729,30405
691671287,30746
691680900,26302
691699106,21667
691705091,17367
691711783,31582
691722010,1565
691836769,31918
691870322,30396
691992706,20675
692038583,1566
692050030,1781
692097410,11134
692147393,1564
692152153,28402
692221960,21361
692324685,28401
692373825,28480
692433423,14806
692454532,27869
692518365,30021
692533404,24615
692586059,24347
692673980,27592
692730536,21492
692749600,24616
692817807,23147
692877149,10141
693021989,12568
693111721,19491
693192492,24863
693338932,15064
693482464,26771
693591729,27721
693694683,27546
694132296,9688
694294006,9688
694303811,9688
694497668,9688
694596753,6115
694601311,9688
694661228,27330
694679007,27361
694809731,25822
694864839,16620
694924373,29560
694991286,29562
695052875,21431
695208721,27314
695309920,33157
695402930,25743
695417713,6073
695436371,9637
695484878,17504
695539850,9238
695551703,9236
695553188,9237
695632209,9239
695637019,16114
695655970,16595
695763169,9240
695875861,24036
696111020,2137
696364542,13182
696633102,18707
696649162,24422
696662340,18435
696751429,21449
696855265,1973
696966317,27080
697067228,19879
697270123,27069
697455130,31080
697548040,10975
697549101,11004
697599674,4418
697656246,20090
697690209,19474
697690602,10976
697792209,11003
697804943,22209
697877132,20411
697916537,32119
698029706,5827
698269593,6195
698419238,2643
698439059,30991
698439123,21806
698687851,32549
698893742,32549
698897372,2643
698926470,20980
698970976,10970
699026449,4085
699038278,8467
699081471,3055
699138299,29677
699232450,26546
699281775,17269
699282329,3055
699369687,8467
699506710,1962
700199912,30859
700419475,3185
700449409,19043
700488268,2486
700635436,16250
700670383,4583
700768268,2490
700928814,2203
700933342,11210
700945817,3615
701076083,12421
701079801,9056
701092954,9077
701161419,3799
701187760,3354
701193272,10188
701211134,11107
701225585,9643
701227506,12101
701303645,7945
701324353,9641
701335145,9455
701353680,8862
701371198,7950
701378891,9628
701396357,346
701696413,29514
701773490,5845
701896979,1386
701911878,30448
701970637,26527
701979635,29759
702002001,28458
702005708,17639
702057471,28460
702173031,16736
702218297,24167
702295022,28459
702343562,28461
702485578,23914
703038707,22132
703120812,13128
703165630,6304
703324150,1366
703379030,1367
703382749,16504
703395236,9899
703409942,9892
703565475,9894
703602604,9895
703639595,5931
703648359,9893
703649541,12550
703659977,1368
703706498,2355
703708589,2025
703768197,17245
703853614,2025
703869159,2355
703882641,29996
703934133,2025
703956183,2025
704308350,16594
704436691,12691
704596828,12692
704617549,2523
704654359,32031
704670290,24408
704678825,11353
704708125,27868
704717829,22846
704751240,24418
704763048,28723
704766205,20303
704774609,22428
704788341,24402
704793631,9893
704795630,16503
704837366,24401
704838723,24398
704845657,24416
704868811,24417
704876257,24407
704939559,2025
704972606,2355
705054845,15063
705116632,20473
705151898,15068
705228863,14807
705258371,25637
705359186,11133
705405470,14753
705438335,29083
705588615,3190
705714365,18722
705814278,89
705902411,18178
706106253,13397
706137641,13395
706154879,5317
706219798,612
706224838,5315
706234693,608
706363355,3151
706391752,3178
706419134,31670
706439448,1598
706649403,7929
706732961,25112
706757403,21991
706766775,3191
706818101,22410
706841993,20676
706914505,29559
706948836,5066
706982809,15683
706987447,19522
707003202,15685
707016475,29556
707201531,18097
707485697,5326
707520656,26191
707599413,30175
707845023,11650
708098017,15464
708203554,1771
708292645,22355
708540310,15725
708631246,859
709447145,25947
709507359,25092
709531647,7723
709584627,7706
709625793,14071
709767063,14384
709798100,9178
709885572,14291
709986879,24789
710203614,7705
710281836,14287
710361863,14062
710520228,9502
710552956,9499
710624750,14299
710755276,13753
710944421,25082
711131288,7982
711197091,14289
711472608,9467
711527218,14288
711606478,7707
711707821,9469
711712969,14290
711955913,10327
712060756,7721
712179710,11710
712224370,13715
712280810,11712
712330047,33311
712518878,24958
712661587,7454
712670506,531
712678112,15463
712688304,18468
712956621,31901
712989567,31938
713021265,28468
713046324,15866
713073710,20553
713102809,25640
713131183,25071
713146998,31939
713163753,1581
713197400,15869
713198745,6266
713234681,15873
713270053,29551
713280750,3929
713307540,29890
713320211,15868
713340896,10304
713378596,32472
713543423,18139
713588457,5933
713658748,5830
713752853,12347
713758832,22637
713849846,15841
713911486,19044
714160136,12515
714279479,23013
714473121,6261
714677037,6263
714961864,530
714975973,27867
715034231,6847
715048321,6276
715112643,6205
715113113,17683
715123024,6264
715129125,4023
715133725,14141
715175982,2089
715204270,6200
715224681,6269
715369613,6280
715503921,1755
715574120,15633
715683012,22656
715780006,29597
715835505,21805
716032505,29714
716039908,27418
716040406,25692
716040556,28564
716052890,18705
716092204,19551
716099324,29713
716110597,29708
716139074,19547
716142264,29711
716181268,25694
716219603,28862
716241723,29813
716251546,31048
716278919,19543
716288859,28561
716289059,28845
716293688,28865
716300453,19548
716306380,24658
716308348,29712
716314310,29810
716344407,24659
716356201,25812
716359669,18700
716366820,28378
716369236,29834
716374725,15843
716409536,29844
716457742,6262
716468621,28857
716649825,25251
716695683,19865
716706272,21075
716737362,15675
716767076,23677
716769851,23676
716834202,17582
716864332,17585
716876746,6281
716913760,25389
716991935,32864
717054632,21077
717106532,4421
717111253,586
717112583,28522
717113551,6471
717122415,2254
717133731,15831
717149696,6279
717173103,8108
717177240,19301
717181439,26027
717203913,29595
717204587,10335
717207271,31523
717218549,8664
717227737,29570
717241493,7031
717244047,24114
717246171,8659
717254948,7884
717257608,24113
717263104,11716
717268246,5277
717271990,5708
717280008,9136
717282118,585
717294751,28530
717314237,11017
717331083,1119
717342278,12449
717342926,1118
717348243,5707
717352794,5709
717353020,12450
717356579,13325
717363950,10162
717364026,13736
717446300,6848
717475041,940
717618305,11046
717706223,26363
717766220,28912
717823524,23829
717869762,6272
717916082,7956
718111814,28031
718166199,21440
718266025,11008
718383202,14142
718451177,24727
718549688,31136
718613115,23578
718618263,31134
718634169,29341
718652077,4757
718675014,756
718695307,23056
718705735,25559
718783759,17088
718832180,18438
718842803,4024
718976247,4224
718997564,23029
718999083,4223
719008640,29561
719044614,20295
719191298,20294
719207039,16018
719250268,17398
719315563,26190
719365199,25251
719422408,1131
719525677,299
719545765,5937
719601749,2436
719621334,24074
719622712,4829
719627582,20338
719679521,27184
719731567,20337
719789603,15523
719792571,20336
719844455,10624
720000656,20335
720028740,23030
720043492,13983
720113015,19428
720135858,17247
720149834,24074
720192427,5124
720194477,27593
720198459,25056
720201116,4738
720204562,4787
720208096,28120
720214633,2855
720218146,27553
720231314,7761
720231900,25058
720231901,20171
720232522,5753
720236090,2268
720239533,22989
720240802,6692
720241883,27591
720244241,4732
720251533,4077
720259608,28108
720262273,4736
720269718,4759
720271280,27571
720273827,7121
720274437,27588
720277441,5749
720279777,27554
720282277,2269
720284740,5750
720295573,29536
720301263,4751
720305871,5751
720308973,27589
720315665,28121
720320480,29535
720322649,4727
720328835,25057
720332198,6949
720333587,10173
720334761,4485
720335625,27386
720337434,8510
720340080,17916
720344397,5754
720346388,387
720347438,4760
720348623,4749
720491897,28868
720572301,10060
720736642,2144
720759919,23041
720839188,14095
720989820,25185
721164260,6271
721216617,5030
721219856,23034
721322650,6192
721411947,13984
721564902,23009
721773391,23022
721863428,16997
721924918,2293
721943530,12245
721944337,86
721960890,23020
722086263,469
722098253,2291
722177126,18449
722181350,26402
722192264,31191
722196852,24197
722258548,27105
722264961,30009
722360917,2289
722443274,4212
722476101,9898
722482672,9893
722520652,9900
722602694,9893
722621863,25101
722638532,9898
722742757,20367
722982676,2287
723210264,32491
723215337,32735
723235931,5545
723310370,33059
723343412,32493
723458228,24958
723459569,32492
723616941,9805
723694494,28817
723779509,32004
723827788,7588
723855572,30258
723858553,3045
723958052,14373
724011321,20292
724021442,1622
724028447,14056
724040817,11949
724045300,1621
724067043,10046
724134351,7740
724143188,10049
724182337,503
724192016,11948
724200667,10958
724234676,15510
724240242,11292
724256190,14228
724271921,10048
724346663,14057
724348986,14270
724367483,22890
724389023,30176
724524553,13661
724545389,2145
724545843,11607
724566540,11950
724578278,504
724595040,10047
724628402,24958
724661581,8304
724730539,14985
724952714,8739
725041771,2290
725048855,24314
725147503,15716
725165001,15555
725165906,23268
725204925,3193
725309853,13780
725313053,5122
725323192,19652
725323203,14238
725327878,16197
725370635,5752
725568470,25327
725641571,32288
725642197,7738
725896329,7739
726021159,3194
726220490,30758
726221147,31759
726221325,31773
726221881,15701
726223489,18057
726223807,31871
726224559,21297
726224803,15172
726226445,23741
726227328,15699
726227717,15863
726228106,23205
726228571,31981
726229765,19164
726230609,16098
726230884,30826
726232050,20765
726235125,23746
726236818,17752
726238184,16700
726239759,23471
726239913,21233
726242573,17735
726243642,22222
726244169,18062
726244866,30844
726245077,31850
726245973,15709
726246017,30757
726246500,23814
726248111,19453
726248256,30158
726249562,30348
726250729,30833
726251857,22271
726251896,30202
726252305,20334
726253562,19944
726254873,31971
726256030,30791
726257657,31017
726257819,22720
726262105,22270
726262252,23198
726262670,18056
726263376,30307
726264901,31534
726267680,30322
726269189,31885
726270336,23189
726270379,23062
726271417,31357
726271768,15166
726272569,30780
726272816,30303
726273846,30832
726274062,20774
726275362,23194
726275566,18512
726275644,31822
726276049,22717
726279072,31914
726280096,18058
726280419,14922
726282160,31915
726283199,30692
726283819,30417
726284322,30058
726287058,31842
726288089,30060
726288200,15875
726290881,14920
726291849,17727
726294177,31959
726295242,31190
726296087,21247
726296109,31552
726296912,19445
726297675,20402
726297702,22272
726298408,30836
726300173,17849
726301404,22250
726301432,31910
726301893,17749
726302486,30769
726302599,18060
726302662,31434
726303651,17719
726304258,18935
726304658,21243
726306166,7222
726306589,15704
726307354,31975
726307533,23187
726307534,30824
726307681,30867
726307857,30861
726308981,31550
726309031,21240
726310175,15864
726310212,31849
726310581,17760
726311213,31724
726312540,30308
726312717,30830
726313230,19444
726313655,15859
726315819,23794
726316398,22721
726316455,17724
726316905,17722
726319593,22268
726319595,31356
726323089,31770
726323102,30847
726325538,15700
726325738,20570
726327355,31763
726327652,31431
726327653,15857
726327875,15871
726328494,17758
726329525,31520
726331002,17737
726331507,18317
726332680,18514
726333568,17726
726335101,15560
726345159,30574
726346027,30743
726361804,21468
726376726,23070
726403161,30573
726416382,30573
726417935,24582
726438000,9370
726441526,16105
726445203,17177
726447029,22522
726448747,32068
726471471,30429
726489295,31505
726498372,31813
726508427,15091
726515544,30510
726521884,30839
726530180,30276
726530189,18193
726531762,17788
726540482,30908
726544099,15603
726570106,20122
726572253,15604
726589075,19188
726592769,24590
726600122,23290
726600537,8912
726603433,3306
726616248,30987
726629288,17264
726649005,18387
726652845,30910
726652907,22318
726659725,30284
726677745,15609
726721286,16993
726725936,9807
726729696,18081
726730585,30285
726734349,16196
726736932,30911
726759467,17263
726762726,9448
726768130,31533
726769032,23867
726771848,23429
726818529,31921
726841450,31327
726852091,1950
726934774,20424
726975594,31962
727069215,32629
727070224,31327
727103519,1611
727111220,9129
727179271,33096
727197640,1403
727221104,24712
727254209,15503
727363882,23001
727370607,25314
727399659,8301
727649609,5819
727676742,18925
727697036,16299
727772481,5936
727991429,15055
728090228,19121
728149015,20720
728273135,20949
728311364,18846
728360802,10233
728404354,3325
728586017,18803
728614619,24050
728720559,1753
728803998,8530
728927127,31007
728951888,3717
728970650,27831
728981999,19042
729003909,27896
729022804,24924
729073587,25589
729085448,31008
729238246,31737
729322341,5044
729375776,24958
729407008,24906
729415013,17043
729479667,3326
729519183,29617
729660025,25363
729745942,29647
729762354,28292
729783610,18560
729869700,8305
729946756,2067
730073421,15728
730078712,17404
730171885,10232
730208393,17101
730263084,14458
730317863,14590
730442366,28072
730480410,24294
730636012,32388
730654822,20948
730669918,7436
730691279,26035
730718461,27872
730741036,15331
730765630,26029
730800926,28654
730806638,26735
730817664,26731
730837142,25856
730848360,27908
730879040,29972
730901710,28886
730922528,25857
730934912,19223
730954056,25885
730954592,17828
730983742,17815
730985121,17829
730988051,17822
731001832,22661
731012623,29975
731047036,25865
731073978,26217
731121092,25858
731138181,25879
731159814,25884
731169843,29965
731206087,19222
731229583,17826
731254264,25875
731262416,29977
731292046,28885
731326717,17825
731327934,29432
731331907,25878
731334530,18072
731343060,26738
731374821,30741
731378176,25251
731466945,30712
731555975,25907
731566242,8604
731775444,4486
732011618,21842
732095615,19328
732186076,8002
732207949,11157
732212458,3691
732243081,11760
732286982,12337
732335340,1191
732356538,12404
732378308,2184
732379085,12281
732382640,10415
732410369,10178
732426043,8930
732434555,14251
732442541,14154
732508818,28552
732576017,14004
732595138,9562
732606851,13846
732611517,28922
732638050,10180
732663757,29158
732669269,11158
732714061,577
732714913,25605
732718418,9980
732744451,9443
732748467,9554
732774891,45
732820901,17094
732824735,14013
732827629,9859
732831294,6133
732859564,12386
732868979,3693
732875397,11175
732964015,12338
733067209,9971
733097254,9873
733104526,27319
733117132,28086
733130110,3442
733151367,24149
733161152,3443
733177528,28453
733179416,8974
733218277,9513
733228859,5396
733230808,8004
733305846,10181
733312788,9138
733378609,11176
733425755,682
733447291,9512
733477884,683
733495100,29130
733509716,9982
733521818,6659
733572673,700
733589346,9439
733636267,9955
733659937,11320
733667284,9946
733672611,9973
733705511,29161
733706765,3688
733720634,4562
733762164,12118
733769158,4564
733809233,8794
733826696,9949
733856584,8975
733867908,3444
733873738,29157
733894961,7749
733899782,25339
733929880,9839
733932935,1738
733959941,21563
733968638,8941
733971513,12326
733979087,16720
733980620,12279
733983799,9849
734007241,28553
734075582,8000
734091144,27809
734097444,2738
734106637,10464
734120564,22848
734148825,10357
734180027,8931
734228332,718
734228346,46
734230756,9909
734269947,9224
734280655,9426
734294376,12177
734295581,11153
734311202,10000
734315391,8944
734328100,28554
734414012,7866
734457853,8942
734458221,13127
734530863,10871
734531127,27850
734545053,10182
734553549,2976
734556995,9956
734560312,22847
734645890,9874
734653277,11662
734660043,27814
734665139,9442
734670481,10872
734677062,9357
734719632,14252
734774271,7750
734824150,719
734829242,11152
734880997,11182
734935518,7428
734947541,9475
734983723,29149
735013004,8001
735014472,6140
735033154,9694
735044225,12339
735052452,27812
735074164,5417
735075655,9926
735085686,8947
735096741,44
735167790,139
735173387,717
735189247,9875
735231281,28555
735245269,10416
735249715,16721
735262647,13512
735336089,148
735388638,11314
735388814,29143
735395466,29151
735426304,6137
735429205,9609
735447016,9913
735493231,9208
735504829,9424
735513178,1742
735517632,27813
735542720,25607
735567613,11317
735568055,9857
735675904,7744
735706403,13013
735722636,10179
735723689,12520
735736158,13012
735761238,11315
735764410,6052
735813559,675
735858349,10001
735875294,29927
735884041,3449
736077936,12424
736080263,13845
736105176,14258
736111520,12280
736220298,6846
736224336,12895
736259509,9703
736259643,9957
736262715,5418
736339076,6141
736377455,29150
736420768,6656
736469173,7988
736540814,724
736543451,29163
736553449,11177
736555296,9879
736565800,12426
736566558,25337
736567829,28556
736595187,11167
736641198,9910
736703040,3105
736808824,29994
736944138,29992
736966367,7837
737008255,5746
737034369,29992
737120978,12119
737164757,29995
737191024,29993
737228966,9914
737278522,19429
737386012,8281
737423852,32926
737443390,8225
737451869,28733
737453640,5031
737492078,29993
737518541,20950
737534762,23412
737545061,15693
737590748,23414
737622392,22293
737665767,21182
737683930,14618
737699853,18688
737835453,24560
737979517,21487
738073662,7658
738172944,12195
738356230,14168
738413328,14256
738416467,22508
738580131,22507
738830656,32471
738835174,18440
738861707,22080
738866515,2222
738908654,6689
738961950,23806
738976356,8249
739060454,22605
739151839,9133
739157884,21917
739687899,24669
739792779,9622
739815175,28582
739826210,16269
739924198,9899
740081523,9911
740115312,2350
740129407,29131
740149489,2352
740168204,9915
740198856,1436
740265961,9895
740269277,5747
740316192,7838
740370641,11579
740411660,8282
740581401,28590
740618630,24745
740620243,10367
740685825,26698
740772966,17784
740837973,25587
740841595,8461
740859933,19651
740881004,17783
741028233,14933
741098038,22835
741152368,26833
741573734,7681
742143011,5057
742296788,12994
742299732,19791
742423000,18155
743114559,9889
743156601,15201
743162443,6131
743175477,26982
743179118,26573
743214351,24876
743232746,26364
743247908,21021
743279681,673
743327255,6124
743337957,7275
743341792,2513
743360725,8798
743362405,21020
743369341,18242
743374489,20909
743374579,8804
743380598,30587
743394923,8795
743661685,15092
743662034,6696
743770663,5586
743785255,31608
743788892,5763
743821509,31609
743836379,5764
743938137,1782
743996312,23036
743999839,28589
744192669,15458
744256993,674
744270806,26535
744354789,18981
744393584,8799
744479718,27806
744508094,9943
744560311,8805
744595232,9942
744663799,12196
744686084,9385
744690955,23007
744724137,2514
744797715,4012
744821902,9860
744940502,18039
744985461,14766
745133719,16149
745450273,25776
745506075,25778
745541368,15202
745650567,19814
745742586,21930
745987629,1731
745997524,20949
746068661,29921
746244047,18816
746535253,18815
746647581,24607
746713704,14227
746722588,28734
746742392,9248
746752082,1288
746764786,14419
746908830,2292
746908877,14630
746910934,6186
747031267,10190
747032176,28482
747071301,21927
747076615,21927
747143848,5786
747152736,21928
747201371,23011
747227232,22844
747227525,4722
747337107,15182
747406474,29002
747579673,13406
747633304,26746
747662221,8483
747663925,2847
747684707,15200
747824941,13151
747827566,5814
747839730,14818
747870483,31684
747872270,13156
747896391,14812
747902843,13158
747906050,4732
747918237,4719
747924771,24129
747926566,31271
747930700,13155
747954066,14822
747955307,4760
747959682,28588
747959943,16322
747960335,1119
747980408,4759
747990934,4787
747999604,25798
748011279,22009
748034712,3467
748065767,4738
748124771,8825
748168933,31866
748202732,7896
748222770,23815
748240088,22381
748254529,22382
748280833,22380
748284094,7899
748287210,8841
748288937,26910
748378429,23817
748396739,23822
748420446,31672
748433825,18513
748456866,22276
748456928,5700
748532285,94
748544241,26891
748581769,13495
748592618,29094
748618035,22625
748638130,16914
748680099,26734
748688328,2288
748694462,2502
748700537,7056
748734104,14937
748752792,18593
748774629,13507
748781577,268
748783254,5588
748790858,5921
748801884,18592
748805144,300
748842292,15939
748846493,1829
748856593,2427
748894438,22078
748896563,28603
748933357,6955
748938337,24391
748945230,26745
748950221,109
748961752,16294
748965412,29052
748994450,3232
749000978,29054
749006912,18587
749027641,5825
749065450,5288
749067264,25668
749068516,5980
749074140,3759
749085901,26205
749108993,31916
749123425,2093
749126480,953
749126799,22079
749134320,26113
749171108,14941
749212713,13361
749215923,7280
749219627,29109
749227171,12844
749227572,19260
749238782,25304
749241317,28231
749256561,29067
749261307,3100
749289716,4514
749303032,7050
749323281,6962
749326604,13508
749331154,18783
749344332,29086
749349073,23398
749367435,958
749367641,17971
749368582,215
749374356,2286
749375805,6210
749389408,25305
749397660,28887
749400686,6965
749423400,3528
749423613,4945
749436305,3258
749438421,28612
749447412,28889
749453449,603
749475971,6209
749485933,25871
749495013,3276
749498660,29110
749508057,25676
749525809,12762
749529277,3761
749533181,32319
749544124,105
749544719,1275
749576072,25898
749589304,13098
749597337,1410
749597607,13494
749600930,230
749607542,29016
749622769,515
749641108,223
749646361,4053
749653357,25652
749660534,12538
749664813,3277
749667532,17602
749674216,12725
749676604,7302
749730247,25665
749733851,3556
749743167,5071
749744034,7283
749754344,5585
749799574,3000
749801102,25024
749816587,26206
749816609,26781
749818216,611
749831521,3764
749834009,6150
749852613,26089
749862380,606
749867699,955
749892909,29431
749892920,3590
749898451,618
749902407,25303
749914622,31917
749921851,5073
749926243,4138
749987887,25824
750016616,18590
750043856,169
750055230,25892
750064299,28597
750071314,26212
750074712,16984
750127240,1396
750132361,25653
750141160,949
750158683,27343
750163451,30246
750186570,960
750212289,6957
750248662,3593
750266182,950
750296832,23394
750305802,25863
750306791,231
750327137,13096
750348036,12535
750358182,614
750372261,3828
750381629,25657
750386337,3596
750413016,25651
750423640,3103
750452252,13298
750487857,29095
750517304,29060
750524545,25654
750528203,4104
750535237,15024
750535433,28604
750540321,25671
750550718,288
750557455,26215
750561430,3534
750562599,3823
750564655,26344
750595450,517
750603698,32640
750604756,6954
750627744,26732
750633686,4512
750638140,607
750642452,25890
750680307,16924
750682306,962
750704813,16726
750720929,17872
750727052,2504
750728335,7272
750732442,5199
750745006,25025
750747508,25896
750768664,4651
750774462,28613
750798576,823
750841157,19275
750858284,17220
750913288,30967
750951432,8555
750975516,11826
751041722,29113
751079659,14653
751103677,3383
751168319,3387
751172766,17274
751198861,17651
751248927,26410
751256484,3385
751272889,27559
751334491,13369
751347533,29731
751373902,3453
751429323,6660
751463180,7829
751466481,12343
751514679,10395
751527235,21076
751568542,17533
751591403,17532
751605462,704
751611270,11160
751644981,10388
751767024,8950
751791379,17527
751829572,11909
751865763,17529
751971806,18844
751993346,687
752042651,8933
752048994,6844
752060344,7831
752150287,5600
752164677,32960
752183267,217
752200440,2760
752242667,7213
752244812,4862
752262687,17411
752290990,17412
752293015,580
752315671,3455
752351567,17413
752356265,18841
752362243,2759
752406153,3087
752411539,29730
752414391,5748
752426012,26209
752457941,214
752466027,16603
752486878,18065
752505543,1937
752519339,17301
752524080,5126
752933214,2945
752937339,2021
752958427,16277
753104554,8685
753332154,6438
753351657,28851
753419425,28858
753423891,28854
753433170,28846
753499771,7709
753546255,21194
753564534,7878
753602575,22378
753670181,18959
753753360,5103
753792538,27511
753938416,17410
753952041,3041
754078064,2146
754547587,19774
754674907,29160
754681907,6817
754710141,6818
754799605,7879
754811498,29132
754887347,21161
754903392,2633
754936084,21162
754968926,6815
754986199,29144
755030704,29145
755061522,6816
755102668,29146
755114180,6277
755127439,7329
755142289,14692
755146711,9546
755153085,6845
755161664,10396
755204351,9604
755218244,22267
755230218,10176
755249330,8961
755254287,7830
755268028,6661
755281581,8934
755288818,7339
755298742,30846
755300325,10389
755328142,12344
755401787,7335
755413285,7745
755420895,9550
755430341,19198
755448543,8053
755458564,19199
755471676,28585
755483128,9217
755491224,688
755519371,705
755520511,3454
755540573,18300
755565912,2733
755569996,11161
755589464,8951
755602008,7337
755612656,10031
755615102,16710
755656272,7832
755661799,2452
755661807,4021
755662732,11599
755684911,14675
755688574,4100
755688818,5647
755733077,15654
755740640,3948
755742724,4025
755755795,1575
755764438,8552
755769161,5469
755789379,3733
755790020,14241
755804420,1576
755854497,10783
755867704,8541
755868653,3856
755873488,2449
755878448,5252
755887612,1503
755911510,1905
755912240,4802
755921730,9371
755924721,1577
755944563,4984
755952417,20433
755981017,939
755987408,4762
755992960,4358
755997492,9503
756004535,1505
756025915,4737
756026857,4782
756033249,4734
756048933,7789
756049050,12649
756069061,4974
756072441,3735
756073813,4761
756082651,4359
756089811,4747
756101700,3858
756105856,8514
756106069,4020
756106276,4763
756124244,2697
756125153,19598
756126060,1578
756146050,751
756157368,2151
756161363,4717
756178460,2944
756178808,8515
756191241,5092
756194654,12297
756198627,1506
756234482,10038
756239034,9704
756242822,4349
756243870,4707
756244259,12023
756248367,1342
756251482,6346
756252403,4034
756254567,7532
756266453,5470
756268084,4489
756269945,5783
756281599,7040
756284207,4710
756302919,451
756311548,2461
756314726,11400
756315450,8543
756316815,10566
756324626,12761
756327102,4745
756329123,2040
756330366,3859
756336944,3857
756344629,3521
756354286,4029
756378164,3800
756386452,7921
756388524,1204
756392263,2147
756403043,4360
756404990,4767
756410376,1899
756422498,4211
756422576,6337
756434690,8542
756436572,4729
756440414,6096
756441978,1684
756456054,2682
756458061,5632
756463055,5633
756484513,4361
756490128,5550
756498308,4928
756508329,6161
756540495,5634
756541731,4721
756543306,5472
756544254,4028
756546494,24187
756546659,6347
756561982,2971
756602187,6250
756639466,15045
756645362,772
756645995,4981
756710027,6217
756728808,16304
756787075,15431
756788641,14242
756810987,8831
756832776,1750
756882586,26085
756885939,26099
756935333,8085
756967755,4379
756984281,12654
756992329,28932
757026072,19404
757046184,26420
757059155,24958
757101824,20970
757128501,17232
757139810,27313
757142053,12345
757211521,29062
757236408,25903
757271856,8997
757338930,352
757356281,15912
757439418,12418
757443740,6212
757552706,5042
757579168,24676
757623042,29241
757645510,25896
757694667,28147
757696206,14926
757702691,21149
757702789,13777
757723623,27611
757729335,18156
757764182,26666
757807458,12116
757830281,15168
757887808,22840
757898939,27609
757923209,26669
757948503,2634
757983677,25898
758014268,26784
758021954,30814
758041724,23144
758060333,5596
758063867,16226
758067761,3088
758133718,5278
758183212,13046
758253553,31480
758368446,24958
758507387,28039
758540548,11713
758545996,21028
758606626,25689
758721976,778
758750929,3374
758842763,6146
758868591,32417
758960532,21049
759192260,29234
759236613,24165
759325492,18240
759346199,26744
759442442,19041
759528331,5602
759541508,2346
759582565,536
759600226,31420
759601396,5091
759636656,18490
759683811,5603
759689014,7204
759758520,32011
759813653,25601
759817812,25312
759857348,115
760026866,24345
760078781,25688
760266737,12117
760310480,24165
760317519,17712
760319391,27560
760420241,28587
760425222,29695
760430206,11227
760589488,7403
760638705,18801
760663156,15246
760715718,31678
760744760,32709
760759785,7490
760764452,31679
760766817,32461
760767209,32260
760779168,31677
760791853,33147
760816639,33185
760830374,32907
760898527,775
760899458,1286
760954177,25396
760961624,16001
760969360,304
760988642,32718
761026355,33142
761034921,32566
761036045,7917
761079276,33186
761201931,1287
761265768,192
761334090,15095
761409055,21560
761453217,21834
761470847,16007
761523114,23265
761529695,3480
761552942,15975
761739995,6884
761743247,27810
761777940,7768
761778754,8495
761955217,24844
762155773,21235
762158439,23861
762158490,31591
762165646,4009
762224026,26447
762269329,8054
762281617,7338
762300378,9605
762318577,9551
762364639,25691
762388879,2734
762407258,6691
762411737,9218
762414295,7336
762434669,9547
762539069,21524
762553275,10177
762613460,7746
762629229,7330
762656757,9560
762667893,8962
762669031,7340
762681191,10032
762727084,8044
762941483,857
763005595,32183
763123396,1285
763160024,28994
763161829,20330
763179483,26207
763192288,17538
763217940,17538
763219312,11346
763241658,11345
763272522,10845
763317217,233
763321174,21752
763410446,6791
763428180,33207
763441819,11983
763501629,2791
763587494,14203
763608813,2020
763642319,25007
763759681,6335
763759694,8046
763777668,232
763794577,27163
763823005,17300
763858539,11014
763968026,12159
763997176,229
764045788,4569
764092303,20080
764150211,16281
764152473,12160
764232870,5512
764253618,6813
764258827,16751
764259543,5774
764272791,5526
764275830,23871
764283575,486
764288830,19187
764289173,23079
764299325,3542
764307764,5848
764333477,29337
764337415,3376
764348671,23077
764351561,19182
764358988,5961
764359946,7092
764361148,6803
764365067,29380
764379503,6820
764384054,29393
764387887,433
764390839,3701
764397289,23086
764401992,18297
764413268,27248
764422200,27222
764423439,7149
764438058,6444
764443020,1092
764444339,6513
764458735,434
764469706,17184
764474842,27223
764491998,6515
764496875,436
764496876,5990
764515037,25936
764516337,6882
764521885,24059
764535124,20217
764535707,5852
764540301,6805
764544040,1313
764556368,20229
764568089,1093
764590082,29400
764600779,1773
764615174,29397
764621072,18172
764624738,3598
764634917,23866
764635912,23084
764637247,435
764639652,24062
764639779,15605
764641249,1094
764641822,23083
764647766,2550
764669768,2047
764670389,8964
764680667,24928
764682413,17158
764688904,2549
764704336,22059
764708175,19893
764708970,6625
764715289,23082
764717392,2548
764722045,5849
764723081,30190
764739205,23996
764757991,1772
764767576,3938
764781865,487
764794334,5850
764797913,1314
764802555,19884
764805335,669
764830005,5853
764862974,5977
764879587,25938
764899478,6806
764905238,5851
764908834,29210
764909530,3543
764926044,3994
764945646,5796
764947215,8045
764958278,7090
764963443,24583
764963900,6814
764973517,26792
764976168,29135
764981651,23078
764986422,30186
765001295,31719
765001882,5777
765002442,28423
765003468,24930
765006115,9174
765014246,6821
765019507,15607
765025692,3379
765026406,656
765040197,3380
765045543,23130
765047095,25928
765054843,28422
765058037,23874
765068633,670
765080300,5797
765084313,2551
765103185,18541
765131818,26663
765132425,1774
765136453,26793
765150186,5775
765172914,23997
765173329,5398
765178697,6380
765179382,26788
765181357,193
765183428,23990
765187110,7088
765196558,7091
765216485,5962
765306348,19601
765353787,15437
765441226,228
765485309,3821
765550786,15439
765569822,30804
765646724,4792
765665158,3983
765694753,8654
765723060,3985
765744715,3987
765757288,9738
765762016,3984
765839778,19731
765860271,10925
765890531,32342
765984782,32342
766025733,12077
766271921,2646
766279751,31598
766289745,3208
766315708,29171
766474451,19874
766487638,28235
766501771,604
766618991,7656
766635897,17173
766678781,27692
766767961,23809
766835982,12277
766930599,16251
767014644,23343
767041891,22617
767112023,13309
767122345,17172
767187733,12076
767222434,31599
767222745,17184
767264489,17538
767327633,31547
767359846,31546
767441675,22221
767452972,3822
767454194,31594
767488665,17538
767539415,7214
767551004,12075
767740303,4067
767765809,3090
767985856,1312
768036544,22284
768076980,1224
768120863,1271
768121090,1817
768144897,6918
768147191,5038
768154186,694
768165851,5525
768176272,15470
768183780,3777
768224616,2001
768229143,2332
768235057,6468
768245045,3289
768259750,5663
768263721,3225
768270610,15472
768282570,25300
768283567,3392
768284926,5118
768307687,6149
768314162,3393
768327032,1225
768337761,1969
768342577,6910
768371535,6213
768438327,3212
768446269,623
768476917,24068
768483512,23833
768521391,2468
768545334,28667
768666387,240
768670491,22096
768673653,15928
768675424,23529
768713221,26811
768740949,19161
768743895,8219
768782676,13316
768784837,25866
768792429,703
768801425,31597
768811727,23307
768814393,9575
768814493,686
768820580,464
768866782,695
768934864,31601
768941058,25860
768953790,6642
768975163,26426
769007369,14253
769056181,26427
769080576,23812
769170071,8846
769214073,3245
769229637,26865
769230387,6265
769300712,204
769329098,4797
769342923,25864
769397853,12860
769412656,17461
769452559,26005
769489576,20095
769536042,3514
769639915,22571
769671818,20937
769775174,8443
769818500,4284
769923432,8415
769954999,5285
769996080,11913
770155008,8459
770164646,11287
770280232,33055
770313544,29182
770338195,14672
770393104,20277
770419969,22180
770439979,23910
770454773,16000
770495400,23392
770519168,23289
770560612,33056
770565914,14946
770603273,23288
770613524,13399
770636641,9012
770639908,3570
770674729,8475
770699457,31857
770703637,6294
770711263,19
770729332,8232
770730456,306
770739074,8444
770746911,8429
770767086,5967
770812157,8446
770812838,18173
770815168,2485
770848239,30410
770869583,2330
770871893,8828
770880192,9016
770897005,13413
770940953,6092
770954453,2888
770967548,5891
770980070,8848
770998217,29489
771003924,22894
771021345,23017
771045794,8457
771063271,11832
771065714,3022
771083217,9267
771093543,7883
771097918,1637
771103546,12556
771108388,1639
771113230,11498
771155258,20558
771163820,25944
771164945,11625
771170402,30412
771173035,26757
771187880,11289
771191161,4662
771201161,9268
771271501,9497
771274439,1705
771285409,6166
771285844,9100
771290766,8427
771299936,5689
771301797,9269
771344412,8227
771348053,11232
771368797,5691
771371344,8826
771376868,11233
771379815,5690
771411293,26935
771412764,5949
771413519,11236
771468522,21357
771485044,25115
771554032,2328
771554430,7074
771570206,8838
771579901,30411
771623116,11901
771633805,21359
771695617,2143
771749574,13993
771763116,6883
771767271,6412
771830676,13310
771848056,17357
771877928,27245
771925452,13315
771928608,2753
771987093,5664
772130884,27114
772222759,7872
772240810,27243
772530137,21271
772556989,1991
772786656,17190
772791276,28164
772854399,1095
772921449,16088
772931028,16280
773070231,3013
773326565,22744
773351073,25203
773372748,23662
773450184,19465
773614072,17299
773616333,237
773642407,159
773714073,10921
773753779,10920
773805714,2536
773908685,15887
773988669,23273
774377061,15793
774405203,23080
774478139,3035
774482126,17191
774491481,22033
774495788,10920
774504512,16945
774517790,33158
774542783,17188
774552602,17317
774746351,27712
774880205,8965
774938756,9175
774974445,5399
774998507,7776
775084739,23272
775087481,12738
775151707,23671
775159497,6619
775162701,12870
775218950,23670
775239053,5572
775315937,7782
775332742,9176
775465096,2077
775707437,26200
775730614,18782
775886661,5365
775905743,17766
775948514,25072
775972833,17768
775981668,16152
775988971,28966
776000135,18223
776090096,11557
776101315,26247
776112818,29626
776142497,2375
776146897,29620
776160393,11665
776208816,29627
776209618,20978
776222711,23445
776240105,5776
776269176,29628
776293078,9450
776294537,6807
776300004,189
776310724,24241
776326784,18209
776345191,2374
776412993,2582
776443778,30201
776446041,11368
776481144,2581
776482410,15674
776482748,28747
776509096,18969
776510844,24298
776512369,28749
776528454,21900
776543422,23293
776545187,11375
776692661,30199
776708941,12023
776714491,28747
776719463,19542
776755112,31425
776792269,30113
776800387,23909
776818537,11373
776854904,11368
776958338,31978
777000433,29639
777002206,14892
777054201,20575
777078046,33073
777144390,20711
777150935,20767
777194187,17911
777233086,12022
777244068,28748
777250937,2238
777265428,28607
777319457,31250
777359898,2706
777366841,28746
777375283,11366
777398408,24297
777511736,810
777546088,30112
777563075,20574
777563877,29795
777567651,11371
777605746,2583
777641192,17908
777685964,10426
777709944,11374
777727412,16238
777727712,23269
777742857,7708
777804380,23488
777846146,23437
777878556,4892
777917427,28749
778094718,3481
778116220,26477
778205681,15093
778211643,5821
778414934,26609
778418016,5093
778461650,16985
778511832,6495
778570433,12193
778585622,28697
778588107,31605
778603357,3067
778603491,3848
778623112,5551
778637907,10854
778752539,19898
778764187,29934
778774267,6494
778788820,31458
778804749,26608
778883382,28698
778981025,23648
779092593,31458
779183537,17948
779210809,26606
779334391,20927
779382857,30004
779387026,15133
779411534,14771
779423781,14955
779438333,19961
779493669,14957
779569538,450
779586578,12554
779586938,5969
779607345,12967
779691057,13172
779772682,7013
780057264,1846
780127009,24819
780210310,13461
780274939,19590
780317604,31941
780328988,22072
780368742,30661
780429652,14962
780444244,8936
780568083,1910
780592272,32865
780711769,4639
780756680,19418
780764182,2036
780768139,19589
780807179,14959
780835707,20934
780848959,30951
780850230,809
780908524,31051
780951761,5738
780974756,27156
780999427,22077
781025157,7378
781089848,14939
781135866,12335
781168890,28976
781285837,24527
781289267,27641
781501413,30111
781544138,10295
781607393,24528
781611959,10374
781629706,24220
781716685,23010
781761546,8562
781856485,29818
781862433,15621
782046625,8558
782122000,25076
782149739,12328
782189305,23744
782207107,238
782243132,14977
782329446,3993
782336083,5035
782386027,4936
782406177,875
782435687,4654
782441544,23580
782452883,23743
782454404,22955
782454409,27408
782473956,2903
782514656,18158
782536062,3290
782633461,29793
782659074,7293
782677874,1206
782680910,16242
782700742,5039
782753512,6214
782770164,15526
782773534,18469
782800238,3228
782809251,1181
782820180,6916
782833662,7880
782861299,23591
782882843,811
782927471,5119
783010962,5533
783056984,8827
783088867,29218
783108583,6372
783125043,15839
783126197,23592
783129798,23588
783144569,23589
783163334,23590
783167151,7651
783246081,22821
783261793,3551
783286889,5668
783327667,20117
783332188,184
783337760,8416
783346383,3391
783591207,8566
783689509,7652
783725514,8565
783846482,877
783884456,4290
783922983,8481
783985884,6849
783993261,8465
784001537,28753
784013456,29779
784019588,19100
784053507,23655
784074500,6849
784110822,26512
784170605,30858
784177196,21482
784185457,29344
784211287,8489
784230623,21211
784244877,8480
784296400,20112
784307023,19571
784325135,11787
784334811,1854
784362953,29777
784368222,19827
784541241,29778
784549705,6849
784597369,11021
784630913,30874
784756401,27061
784789028,30965
784834195,30964
784925986,30964
785040905,18144
785102308,3176
785137914,22954
785144932,20587
785152132,27815
785152885,3175
785164804,2728
785175347,3865
785213000,29557
785331866,6502
785400512,12553
785409350,26224
785471645,25610
785488672,12551
785563562,1713
785572048,27083
785615392,5463
785639536,20891
785672163,26742
785680725,3175
785713929,25732
785734917,18447
785745177,16921
785817863,25604
785863107,28791
785867357,26681
785869641,26968
785871053,26593
785871919,28518
785871936,31181
785893261,31892
785898522,28000
785906693,24853
785909888,30691
785920517,31969
785920985,25645
785941804,15564
785944147,31255
785950105,29794
785950550,15775
785951539,27127
785977283,31549
785984045,14585
785988522,22016
786002233,27019
786008137,24847
786008510,25429
786023235,28790
786031043,26971
786036819,31254
786047202,27107
786059934,26591
786061342,28789
786063474,31222
786065621,29880
786078290,15167
786093538,31888
786094461,31884
786096300,19166
786097281,17743
786111075,26977
786121839,18070
786122594,30542
786140721,30862
786148462,20342
786150227,27018
786156459,17813
786158445,17364
786160399,17169
786167122,30689
786168757,28196
786171463,25430
786176193,26038
786181561,24845
786203319,15517
786221205,16505
786238687,29451
786240719,16506
786242093,28240
786247303,27126
786248713,30012
786248849,27127
786249971,23462
786259391,28026
786278074,15177
786289753,31874
786303842,31256
786311480,17167
786316545,17368
786318379,15776
786323666,27018
786338174,30687
786351568,27084
786361888,31554
786361935,21840
786374282,31862
786377521,31873
786385138,14587
786395791,31490
786404985,27108
786414945,16508
786420338,16509
786424289,27126
786435543,31184
786444502,31968
786446374,30724
786447172,17730
786453563,28791
786456256,31372
786464349,23942
786469879,20333
786471603,16507
786472225,15767
786477566,29877
786488302,30834
786488423,28000
786489972,19441
786513112,15770
786525248,30304
786526807,20388
786528171,32624
786548140,15882
786553150,5186
786561333,9552
786564635,10387
786584031,8055
786612147,13068
786654528,14945
786695261,17400
786725939,29554
786737672,11275
786752560,29746
786754287,888
786853789,19356
786865167,13280
786870745,3922
786889796,14936
786892293,8963
786913910,7334
786964402,10030
786986140,8286
787019323,14411
787033485,6655
787060901,7333
787082033,10383
787106214,9219
787122935,16597
787149659,19075
787191348,7332
787235240,16518
787238637,7331
787364754,16919
787491762,22697
787570706,351
787648319,12576
787656499,492
787784657,4891
787787757,12575
787887259,22696
787986404,8414
788023372,29555
788033074,9500
788079722,13084
788111808,15078
788117988,9498
788164243,19076
788200746,4265
788224495,4266
788264518,16983
788408078,21558
788460596,22349
788535091,21566
788561180,32018
788579067,14407
788736222,25084
788779233,19826
788836598,20231
788876688,27623
788938659,6268
788941008,27637
788982645,24458
789059932,14612
789088194,6275
789137665,29264
789140605,4246
789218103,18369
789261633,27622
789311727,21566
789405462,27635
789411152,6270
789450849,4889
789539160,27632
789644768,13613
789666493,22673
789684293,16256
789755566,11663
789788148,25805
789826468,8544
789876260,27627
790014339,28910
790014790,22563
790112191,19321
790119937,1888
790181194,6267
790194828,14613
790285062,6282
790311106,27638
792184311,1865
792918307,23033
795115991,11281
795879005,3271
796177687,3133
797142696,26111
798952728,19900
801565292,241
801843665,6518
802679339,15046
802942976,23565
808525709,18800
808562788,18775
808880304,10615
809289573,10695
809389574,23035
809397483,28068
809417323,28866
809430879,24890
809449215,17953
809455101,29981
809457189,16801
809463648,28735
809519568,29033
809520755,4287
809528393,14583
809528604,26306
809549361,24957
809554254,25486
809563259,26202
809567618,16158
809579256,16159
809581878,28023
809593741,31896
809626930,27958
809630728,17105
809633020,17127
809656485,24510
809657779,11852
809692546,29981
809705719,28022
809717616,32123
809718759,26676
809739564,25484
809747180,27989
809760998,23895
809761547,27968
809773470,16803
809776809,27950
809805325,29982
809805667,26595
809811222,15222
809849113,32287
809880311,22705
809897201,32124
809898086,16800
809908034,29584
809908181,16804
809921850,23898
809930901,28198
809969493,28198
809971745,28773
809992194,21871
810029548,32286
810047480,11861
810073807,25514
810077779,27967
810121887,28201
810123742,27989
810130031,26201
810150941,32542
810152358,17953
810159086,21513
810179062,23897
810182030,28318
810191846,25515
810247720,28085
810282473,27540
810338283,4041
810355789,32904
810356952,27773
810377860,11089
810399761,26717
810403589,32902
810403603,27965
810423560,25485
810467111,32287
810481925,24925
810485402,25487
810491766,28320
810504101,27519
810510905,27966
810515755,29035
810530234,27213
810544231,22704
810552223,23896
810559157,26505
810566972,27987
810569614,32225
810577075,14544
810578533,27988
810579549,16805
810614956,18370
810624343,28084
810624584,28021
810634774,2462
810701392,31699
810723554,26782
810734876,30943
810744352,24741
810765997,1414
810770597,15941
810773414,14506
810841202,2175
810849609,17909
810918834,14765
810920179,26126
810923985,4288
810976529,19870
811001556,22985
811046395,29723
811144512,5125
811154292,22986
811184434,27398
811188521,28084
811217916,13300
811227494,9201
811261548,20534
811278607,25299
811308808,22984
811323425,26678
811355449,5678
811418163,31567
811432466,19647
811468984,15411
811484905,25914
811513340,25096
811524504,1909
811558773,23784
811579241,17473
811595006,27472
811615234,22344
811615599,24833
811695384,27050
811711582,24834
811713827,1411
811729094,22638
811784441,14956
811837275,18723
811879704,28308
811911947,25513
812074282,14954
812075628,29036
812211437,22102
812249647,27973
812577302,1382
812927049,19872
813063247,27214
813084349,27527
813110711,27972
813121804,24104
813442662,3065
813468559,9823
813619873,26860
813622848,5934
813624719,7168
813646614,11228
813677394,17795
813710997,19825
813742829,17798
813760951,4973
813771596,2255
813818903,17797
813838042,25338
813840816,17793
813851211,17253
813859697,30709
813879679,17796
813888907,323
813916304,29104
813954465,30708
813956578,30020
813993862,26017
814080919,19463
814120011,17794
814146740,25342
814161021,17973
814233110,19269
814251498,26135
814358189,17977
814364951,25642
814509671,26715
814553151,32904
814580662,25518
814643762,220
814723679,27436
814894130,20901
815064734,25262
815087007,20902
815087499,29114
815109479,27955
815165519,24606
815178006,15427
815375957,25372
815412598,5222
815469202,18143
815499101,12095
815538908,27556
815613127,27403
815667585,26371
815674671,16850
815767594,18140
815823589,647
815848968,18837
815879018,6489
815915810,7873
815916399,27409
815924385,10254
815978860,28859
815985072,31883
816001769,31646
816002061,24352
816005187,27601
816015392,30551
816022015,20810
816024255,29698
816039076,17742
816053701,17741
816100810,17279
816148005,15174
816154635,30550
816234969,30549
816235175,24351
816302692,30726
816330713,20352
816337049,20890
816352181,1932
816400428,10072
816430361,24353
816441017,7284
816568826,26798
816574561,30059
816591955,6598
816605002,29222
816605283,1321
816611389,9115
816652155,4625
816655683,30561
816672904,31882
816676283,1926
816694006,23820
816722967,4019
816842697,19179
816875639,19557
816988150,19558
817184698,18849
817232415,3248
817318162,19170
817355430,12327
817366506,25125
817509999,6981
817517699,19169
817578803,19559
817742893,4548
817827934,22415
817866134,6975
817884015,20823
818109655,4414
818142710,5214
818227288,21323
818255870,12749
818302000,12750
818327536,11290
818391053,9060
818479927,4900
818577339,25444
818583106,31697
818613878,26574
818640040,12751
818658063,14659
818666221,28041
818731643,14418
818776700,7826
818840748,252
818885258,3891
818977555,5917
818979914,3121
819231979,11600
819238336,15650
819241347,29948
819252993,29398
819269604,5676
819278790,4660
819296615,13727
819338177,24348
819375651,24349
819396858,12901
819430749,2882
819460595,26789
819488780,11550
819549932,27144
819554016,25834
819618109,25397
819684763,23507
819704811,15329
819732089,30974
819768418,29952
819880232,8326
819981985,27526
820022375,24029
820215518,24293
820317016,6519
820422061,3262
820682483,25621
820831116,17628
820850819,28975
820852389,4894
820879719,2446
820929001,3283
820929781,3388
820939003,14063
820974840,20900
820985016,3288
820986412,23008
821002968,24481
821015583,3390
821064680,19191
821070773,27059
821085656,16966
821092613,16488
821132357,2003
821132697,32073
821134017,2448
821141385,22967
821151542,3273
821172188,3281
821204571,2447
821215791,3377
821221467,2445
821240057,2450
821334261,20583
821366501,21311
821491750,7036
821646026,28138
821665933,2194
821737279,25436
821738085,5075
821884448,21802
822226625,28187
822341192,15824
822570602,13965
822613364,11094
822704399,18779
822839501,29539
822843095,5982
822924577,25228
822938116,9014
822991609,13946
823012509,20648
823049701,20951
823123333,5981
823161201,17647
823166234,21803
823199126,20951
823254063,25503
823322441,18329
823331914,16198
823347213,20951
823413756,24831
823510991,20951
823761995,24927
823832335,32860
823846595,3898
823893686,19257
823923386,1358
824034549,9688
824054780,32466
824082815,13414
824153539,19174
824173173,13867
824194683,22969
824201477,6162
824238612,11711
824267492,15089
824286485,2469
824321564,32465
824338953,23046
824341353,22302
824355377,298
824362810,32465
824365574,17233
824372114,11943
824377880,27042
824385987,4010
824470867,17934
824581301,15809
824586532,14413
824640597,20022
824747460,6220
824748784,13550
824784154,20508
824838502,31368
824959733,28247
824983830,21502
825002819,21766
825015372,23120
825050369,18988
825153354,16867
825195302,19873
825204039,15877
825299347,7916
825394437,17847
825453937,28677
825498072,12432
825601111,20281
825764960,23862
825789250,25347
825933667,21358
825970343,17910
825973908,23862
825987396,236
826074396,2655
826142108,20951
826160121,1711
826163658,6768
826368334,27743
826374229,2119
826405371,27058
826432749,92
826461021,13765
826606506,15747
826619743,2654
826775977,6278
826851764,18286
827110724,7055
827136896,22659
827226002,2649
827305578,23873
827307332,19393
827310297,7736
827357366,6123
827488478,13765
827576336,20322
827602269,880
827603071,5918
827630520,20951
827630756,13355
827636599,16056
827665463,6125
827666766,17419
827709333,21223
827716304,12731
827764556,27415
827786731,22018
827804400,124
827846030,15504
827867221,17187
827872624,21356
827873452,20324
827882713,22836
827889061,21927
827919655,1748
827980582,7208
827995025,18120
828040630,20323
828053446,22409
828066944,10403
828115803,26380
828140251,12728
828356452,4176
828569929,10643
828573052,28678
828697881,29558
828719303,13611
828740840,14359
828746051,7485
828750652,22329
828812163,16428
828838562,6783
828843454,21639
828859457,21603
828865158,21611
828879826,18552
828894991,13382
828930766,19228
828930827,21604
828977757,21647
829014824,4035
829058523,12100
829077064,20358
829109086,9770
829144872,20905
829211682,20353
829231543,6048
829281417,23021
829297122,6784
829310906,23659
829320921,30877
829337009,14360
829341536,21606
829394925,23151
829433007,21642
829439755,31442
829517919,21707
829527666,7580
829536822,16573
829550443,16788
829557741,26932
829570791,3736
829614601,17780
829641164,31439
829653253,15798
829661817,2692
829683793,22766
829698408,31440
829715046,24472
829723532,26563
829800787,19194
829852144,23037
829861740,19604
829879444,14395
829887162,15810
829936176,4036
829942617,22793
829966433,12793
829982330,21701
830038251,14390
830045814,3737
830077907,22763
830276412,1148
830327644,32343
830443801,1532
830551613,4628
830552021,15808
830609218,29747
830648911,4629
830653077,23023
830695771,7581
830712896,2693
830731376,16574
830747687,29748
830767063,29749
830788102,8036
830796863,1776
830800443,7594
830810059,14396
830812045,14066
830812485,15942
830849033,1418
830872442,5644
830877794,29259
831202102,24785
831237835,4786
831280088,13612
831292940,26376
831414848,30881
831420007,5461
831423159,29783
831463303,29979
831470144,21349
831478416,28311
831541113,534
831590815,29980
831629491,22377
831634920,22564
831635405,21652
831647525,309
831656331,10203
831670240,6422
831672908,18929
831677320,18364
831684501,27993
831688758,18363
831689012,21494
831701131,17209
831703290,18355
831703370,21244
831704730,21694
831705210,20745
831706610,17292
831724351,22764
831735198,23455
831742242,21692
831743660,18985
831752436,23335
831754706,25444
831761612,21633
831762197,21688
831764103,17288
831766694,29598
831772026,32893
831772027,18946
831777241,31445
831787145,23330
831791138,15612
831797191,18897
831802155,17487
831810593,17778
831811451,21657
831813566,27409
831815333,23644
831815579,20688
831820225,28239
831825664,23333
831827539,23401
831832835,23334
831836608,20359
831844809,1099
831845134,23663
831859012,17293
831861790,23940
831868540,18128
831871866,22964
831876395,24223
831878302,24042
831887958,16782
831907938,24288
831920167,24704
831928071,18982
831933897,18914
831935521,16140
831942245,535
831963370,15462
831970309,22828
831970473,1595
831976797,15421
831978603,14961
831994694,17278
831996130,21230
831999163,11115
832004151,18130
832013766,23645
832019517,15416
832026056,3703
832031711,18352
832040777,15418
832053134,15797
832056236,22235
832061774,16787
832063496,15782
832074225,31447
832077601,29424
832079242,1591
832090875,22107
832096014,19783
832127023,17878
832133097,19189
832133494,18129
832144945,31437
832161620,21686
832163034,20356
832165571,3279
832174895,19403
832179693,26592
832185398,19775
832197553,9586
832209016,20684
832224173,22115
832228353,15682
832235657,23638
832242673,24038
832246806,28243
832261056,311
832262949,20178
832275191,21624
832282712,312
832286891,31438
832298821,31450
832315076,16403
832336552,19013
832343792,3122
832420134,26090
832448926,19010
832465898,26701
832475827,15239
832601792,8750
832659560,8480
832702450,2026
832758175,26084
832769634,15236
832785160,20747
832920687,10266
832981215,8750
833023878,19193
833091308,19011
833117104,15161
833125568,17405
833143916,2120
833195131,17779
833215581,27864
833288055,7296
833302992,3452
833320777,8650
833336482,18754
833339681,706
833343134,31188
833351368,30340
833367931,9852
833375425,11391
833380734,12029
833392738,8040
833415556,32674
833446514,28309
833449407,32122
833457626,16489
833461488,6652
833479419,8651
833483366,6654
833483378,30339
833493561,9855
833513362,16854
833520430,31187
833544283,28739
833581758,8945
833596093,13074
833599906,2117
833625532,32633
833627085,10354
833633842,714
833640000,32676
833652458,24555
833691695,21333
833695776,1522
833698976,5331
833702971,15417
833717698,1289
833761554,28024
833765497,24881
833783203,17952
833824379,23323
833838498,20462
833865035,28203
833882577,16416
833948570,27225
833949841,13389
833977111,23900
834034915,9414
834067030,27499
834114792,17954
834155914,29725
834158017,16599
834169362,4895
834221939,27518
834249091,25226
834254531,23042
834266299,9415
834296463,19476
834484254,7427
834559292,28591
834682629,769
834684048,5701
834686522,29081
834810311,29983
834908635,5702
834946193,32077
834980759,650
834996836,29049
835010964,308
835054815,26087
835122019,7065
835225776,29081
835226887,28591
835320317,715
835338893,10881
835425075,19322
835456292,10384
835475280,4217
835501973,6645
835533692,3450
835540398,21196
835541523,22675
835543043,52
835557558,16006
835581769,25251
835602077,5755
835608565,15398
835609009,23264
835612402,9853
835656853,9865
835682158,17603
835709468,15557
835716242,8325
835718678,707
835752377,22677
835764959,15420
835773084,6643
835840282,16987
835886773,3101
835898586,29782
835930140,15426
835974400,1041
836015565,15228
836087851,11476
836152577,11144
836162913,23404
836225893,13935
836284823,372
836291390,18698
836337893,4875
836365638,29386
836426977,14659
836427278,24698
836455927,3016
836485188,29636
836524546,24697
836573207,24837
836573694,26261
836685967,21567
836688635,4263
836695876,7138
836697079,27022
836697533,21559
836700774,21026
836702438,26853
836752357,2230
836895928,3015
836932162,6216
836992334,28793
837116500,2024
837120975,27435
837180639,22110
837260561,30590
837266419,24144
837450869,23054
837563573,30247
837713110,19888
837817127,31814
837833120,32985
837858806,19882
837887236,18180
838016022,3275
838036627,23872
838277900,11389
838317067,11387
838325614,8958
838335702,13114
838343451,6644
838401916,3975
838428535,9854
838456974,12546
838512873,53
838543072,26487
838551954,10355
838601398,12364
838634828,9866
838640274,9213
838729100,3456
838742599,6646
838774715,708
838775302,10882
838792191,6786
838822733,3921
838862054,3451
838914644,7979
838930389,26990
838934176,8038
838948047,22852
838981820,10385
839037884,22851
839063371,6651
839109105,17549
839343241,3973
839344392,3204
839355894,7981
839399591,58
839404874,716
839413877,13487
839490018,28671
839537318,28200
839571959,171
839582073,179
839594143,2207
839632307,2426
839645558,24889
839723439,856
839729010,5316
839792975,28199
839823968,7032
839835601,23834
839866962,33225
839934145,26056
839939714,31148
839982854,4774
840032633,2005
840051747,8830
840054031,14292
840152918,32115
840196966,5970
840241086,7033
840245219,3458
840251704,2920
840261592,5815
840284532,886
840290557,21048
840389798,170
840391899,17155
840496406,23843
840509247,5973
840586483,29929
840603612,14641
840627808,29404
840636410,27027
840723737,4567
840735700,14605
840771286,18802
840792832,27701
840805914,14604
840823350,29623
840828380,8357
840857931,14642
840879484,19132
840884486,10043
840950904,14644
840955665,15617
840982535,30280
841021724,10040
841057017,29928
841071948,14606
841130969,15907
841181836,9412
841186388,17725
841188904,30886
841191307,23742
841194488,31758
841195813,15861
841196160,30408
841196552,22258
841198021,30786
841199815,20389
841202129,15706
841202499,31976
841202888,17746
841203035,30318
841204267,15867
841209087,31366
841215263,17754
841216314,18237
841224671,23847
841224782,18273
841225069,24360
841225438,31361
841226967,18380
841227747,30979
841229071,15698
841230257,30825
841230423,23818
841235945,15858
841237577,30683
841237578,31232
841237618,17747
841238982,30310
841242095,21245
841242684,31972
841242689,31103
841247024,31851
841247147,23181
841249317,23192
841249843,14622
841250188,4976
841256911,31848
841258071,31774
841258740,23813
841258745,22225
841259830,31461
841260611,19454
841260796,21714
841263183,33326
841264974,19458
841268011,22248
841269587,30690
841270686,31362
841273289,23830
841273394,30863
841274421,12614
841274588,25569
841275935,23188
841277741,23855
841282581,30159
841283960,18376
841288757,14923
841288805,18061
841293209,18275
841293844,3803
841298002,30770
841298962,30212
841301686,31619
841301738,22259
841302859,30982
841304236,30498
841304485,22223
841310913,19165
841312832,21952
841313425,23197
841315434,14932
841316172,18059
841317692,31433
841318130,17751
841319756,31360
841324004,23856
841327300,30160
841330460,30504
841330520,20218
841333084,16701
841333914,30679
841334663,30688
841337786,17761
841338869,17848
841338873,18495
841339508,17755
841339979,31471
841340228,20516
841340897,18381
841340985,31459
841341132,22203
841342020,31553
841342682,30548
841343637,30383
841345067,31350
841347818,30751
841348508,30767
841349747,17720
841350029,12613
841350481,23816
841355544,24356
841355877,16128
841356853,30395
841360739,19354
841361233,15854
841361591,30685
841362638,18375
841365149,31725
841367090,17850
841372791,30302
841376244,19012
841381342,14921
841381817,31731
841386210,30684
841388254,18373
841389675,17770
841394816,18374
841399443,30588
841401771,17736
841402421,17728
841405072,16490
841406625,30721
841408638,17723
841409436,15703
841409800,30544
841410913,30366
841411548,30552
841412003,19443
841414077,31611
841418064,17740
841418331,14619
841418916,15710
841420938,20116
841428939,30327
841429437,17738
841430315,24359
841430880,30784
841432021,15707
841432221,31373
841433057,17731
841434566,21915
841434780,31846
841434784,31979
841434785,15860
841438217,23470
841440348,20571
841440669,19168
841442446,18937
841443707,30317
841449412,31860
841450045,31105
841450731,22273
841450794,30888
841453467,22204
841456932,23183
841460065,30978
841463331,17166
841463751,31228
841467164,31771
841468600,23821
841472130,23174
841474065,23747
841476385,22227
841479244,19375
841479721,30156
841480607,17168
841480871,18382
841481395,19167
841482044,30325
841482316,31970
841483295,31967
841485619,30835
841485861,22231
841486481,31772
841486606,9008
841487077,22251
841488337,23200
841490283,20568
841490490,15702
841494077,18071
841494505,15178
841499924,18377
841500824,15173
841505712,30827
841506647,31833
841507683,17750
841507886,22513
841510794,17772
841511314,31875
841512148,31734
841514093,23853
841518995,18069
841520050,23973
841522228,31369
841524162,19941
841526916,23179
841529554,20327
841529558,23823
841531303,22249
841531363,19162
841531684,20403
841532987,21234
841533203,31869
841534551,23795
841534882,30546
841535306,31233
841539860,15702
841539923,30682
841540752,20404
841542107,15870
841545571,31463
841552970,15181
841556221,30554
841557750,12835
841561134,23846
841568436,24358
841569175,17482
841570642,19442
841571930,15971
841572420,17711
841573213,19163
841573397,30693
841573399,30934
841574759,31835
841575514,31831
841576339,20328
841578467,31179
841579212,30892
841581645,21713
841582444,17729
841584310,22224
841585492,30312
841586375,15171
841587176,30393
841587340,18272
841588184,23848
841592466,21248
841592556,31576
841594995,18936
841595385,17769
841595860,18085
841596135,20489
841596969,21715
841601128,20539
841601192,18274
841603291,23854
841609658,17164
841611288,18379
841612082,31370
841613596,20924
841617179,17753
841623372,16576
841624416,22228
841624695,19446
841626007,18318
841626134,17759
841629616,19942
841631802,31889
841633430,30332
841633470,30305
841637526,31847
841639251,30161
841640363,30500
841640569,31230
841641269,31199
841641628,15865
841644604,23195
841644945,31569
841646146,18064
841648349,15972
841652820,23463
841657385,17721
841661360,20775
841662627,30840
841664641,22277
841666714,23202
841667289,23196
841670057,17748
841670564,21711
841671377,18063
841672435,31911
841674528,30725
841674976,31262
841676616,16491
841679227,30324
841680894,30416
841682003,30309
841687345,31432
841699402,17756
841699874,18485
841700993,20332
841701089,30845
841706466,30418
841710476,19948
841710871,19943
841712736,15708
841715759,20326
841720641,22230
841726486,30372
841727624,20541
841728279,30319
841731667,17745
841733170,30299
841733983,30768
841736656,24264
841737039,23850
841739288,15862
841739866,31966
841740210,16848
841743186,15856
841744582,23852
841745064,14620
841748837,21712
841750768,24357
841752791,23851
841758866,30543
841759887,31276
841761475,30314
841763692,29034
841764454,18301
841766176,31829
841771337,20540
841772318,18048
841773446,20569
841775605,19946
841775706,22260
841776062,31359
841776745,30553
841778469,30391
841778663,23849
842255008,15237
842538487,15238
842567712,23324
842703530,25394
842939972,14064
843157577,32012
843324812,25823
843422415,7781
843723863,10356
843761314,20679
843774240,8959
843807724,9214
844494223,11390
844531787,17225
845104851,31708
845212221,27503
846073359,3457
846214695,12365
846251862,26511
846339142,22671
846750629,29084
846966406,24920
847080722,8039
847786467,18813
848003893,11388
848288139,30451
848330620,1101
848341046,1100
848387969,17575
848421773,3748
848429638,7072
848591997,25619
848609056,5669
848653641,3260
848730746,3752
848847141,1744
848859639,14874
849121031,19186
849123066,17387
849125366,19080
849130624,18854
849134616,16544
849141224,23913
849146960,20173
849150106,15110
849154218,17226
849156154,24599
849160956,22908
849164646,21589
849174680,15293
849175412,23436
849182756,30738
849191420,22137
849191745,16691
849192317,17219
849193828,23730
849194032,15500
849198031,18291
849199736,23706
849199855,21794
849201965,17266
849204843,19081
849210095,16580
849213292,18620
849213294,22247
849222275,20221
849224454,15818
849226242,22198
849232310,22211
849232478,23052
849237448,19967
849239154,24364
849239801,17776
849240281,23016
849251473,21305
849254477,21116
849258122,16026
849261252,22445
849262780,16400
849263274,15101
849263309,10778
849270612,22366
849270719,14365
849273019,15836
849276352,23277
849277517,23735
849277704,18441
849281114,15156
849281612,19040
849287974,21586
849291368,4587
849302564,16965
849308088,15157
849308761,15023
849311551,16219
849313675,21360
849315048,23599
849318921,18650
849321524,30658
849322469,20987
849329824,23038
849332172,19739
849335946,20234
849343571,19185
849347114,24508
849347926,22945
849351088,20687
849355030,20577
849355811,22354
849363361,18123
849367252,22295
849371226,18131
849372208,23031
849375697,23354
849378280,6603
849378939,16836
849379461,21587
849380850,24139
849382259,31515
849385141,26975
849386196,24173
849387397,20280
849392005,24322
849394132,21165
849394176,31516
849395032,23786
849399208,17241
849402792,4587
849404792,23049
849409527,15297
849420884,16839
849421425,22947
849427592,24299
849429808,12497
849434375,22936
849438395,19805
849439367,15475
849445769,15300
849446213,2180
849446802,15296
849447753,21773
849467390,24370
849468854,16691
849470399,17271
849471447,17781
849476258,3284
849476318,24191
849478135,24501
849483257,23933
849489306,14493
849489425,18718
849490658,22057
849492240,16543
849492296,20173
849495353,14492
849496720,15187
849503590,16733
849504193,20219
849507265,21183
849507901,20226
849510075,15828
849510827,23714
849511715,20680
849513608,24180
849515699,22936
849517308,21301
849517354,14501
849518340,18282
849518661,17297
849525510,18086
849527402,23696
849529389,15025
849532273,16792
849532783,23734
849532928,4833
849542823,16143
849544513,23694
849550715,6704
849554929,29569
849557154,15661
849562926,17241
849565156,21594
849565420,16556
849565535,21148
849569775,19896
849577045,19018
849581400,17213
849587103,19082
849592727,4313
849596442,15284
849596813,25612
849601020,16948
849603723,18905
849604940,20173
849608177,22919
849611124,15497
849622612,21306
849623929,20740
849624082,29571
849625634,22975
849626727,4140
849628401,100
849628514,17206
849632600,18580
849637361,23705
849637380,23738
849644214,22074
849647161,14401
849648254,14504
849654961,17568
849656924,22993
849660944,14404
849665919,22907
849665954,27949
849667069,21459
849668904,18089
849672440,18090
849677493,24277
849677971,18108
849678494,23577
849680223,16222
849682966,20873
849684254,18392
849685506,15303
849686705,16752
849687410,18436
849691653,17153
849698817,16899
849703041,17974
849707111,18719
849712497,14636
849715662,15294
849718653,17976
849719912,16793
849721370,14496
849721881,23597
849737648,20364
849739638,25820
849746336,14494
849748166,21339
849748553,31517
849752886,23728
849763519,16753
849769755,20173
849780802,16162
849780836,15298
849786436,22207
849790119,20590
849790268,23864
849793314,19621
849805054,21765
849808762,19738
849809508,17694
849818680,23700
849824556,19608
849830575,21598
849830982,14569
849831056,22197
849832506,16877
849833652,15077
849842364,16897
849843318,20364
849845436,23865
849846571,23737
849850147,15554
849856515,21854
849856717,24175
849863627,15299
849864343,18099
849868037,18543
849869281,15076
849869505,15297
849871310,14505
849871638,21345
849877119,21441
849878716,18869
849879037,22589
849880986,15026
849928409,32579
849931743,13424
849941175,22905
849945538,23947
849958149,15600
849958972,23497
849982584,17142
849990956,21914
850014515,4930
850025336,11304
850061069,22909
850063014,31996
850074302,15599
850119944,15223
850134088,8545
850151587,13283
850165421,1518
850167843,23600
850187632,17599
850191375,20365
850219667,21338
850221785,11334
850226996,15719
850265709,16972
850280409,24811
850284579,6246
850296605,22199
850326349,30022
850335236,18101
850340915,22944
850341602,20199
850356629,22554
850364090,14649
850366495,15800
850368714,4931
850391319,17265
850391751,24271
850396523,11302
850424658,430
850451552,21158
850457553,21875
850512661,21259
850515243,1561
850532028,1103
850538921,23438
850551332,23439
850574410,22916
850589272,15218
850597386,17201
850618179,537
850637193,19201
850641625,23016
850641633,17593
850642111,20650
850679533,32216
850707594,33076
850717723,22885
850728223,23698
850750771,20370
850756389,5504
850781253,6245
850812138,31702
850812693,15720
850858308,429
850884969,3170
850886188,31402
850904254,21344
850975576,15727
851035656,22554
851056508,19770
851088144,14927
851102749,9285
851147803,16147
851152441,15460
851158690,17240
851163302,23857
851169016,22218
851181878,31403
851199563,22447
851254536,19792
851296776,30455
851324743,20991
851364480,12194
851372309,19765
851471448,22959
851507195,27074
851550830,22882
851561887,20057
851595063,20456
851618947,17179
851622551,1089
851644521,23808
851652993,16910
851669943,15130
851701345,16973
851717921,23949
851726271,816
851759476,31706
851778536,27294
851848964,17199
851870945,16283
851978405,20396
852002332,31390
852036371,22803
852041795,23527
852102658,30534
852248782,29326
852318294,27028
852364027,17202
852415836,23480
852553035,24209
852590761,20124
852638908,15680
852647385,21917
852747663,5072
852852033,428
852879132,21298
852882707,31791
852948312,20757
852981249,23170
852985758,21868
853021271,17701
853042531,16460
853085644,16991
853111743,32668
853188127,4589
853194005,21284
853210936,19560
853217871,20766
853243791,30613
853260803,19508
853345907,22146
853364402,5591
853395948,19654
853447217,24292
853582907,19770
853621957,15103
853641160,25261
853708285,23156
853721701,16221
853748491,21971
853755572,18970
853768927,22943
853866400,33316
853900612,16492
853910697,16551
853962560,22856
853993910,28217
854000279,21465
854021961,4983
854026358,31109
854078249,19620
854091852,23948
854134576,31203
854224597,15720
854243188,18102
854324603,27380
854358561,17493
854380465,19945
854385319,22742
854441720,28444
854486435,18892
854554838,20103
854598731,16673
854627557,16635
854668870,16278
854681068,7172
854776606,16279
854787878,17492
854793665,23962
854837298,25313
854843617,24133
854907243,8671
854908581,12454
854913548,23691
854968977,7797
854971467,12899
854971595,22921
854976087,1381
855001248,8318
855046844,19610
855097903,21086
855098943,15409
855122296,22081
855166530,14480
855272410,17659
855279546,10828
855286827,25948
855305702,25828
855306916,9341
855311075,8833
855333675,6437
855422806,8670
855436736,4503
855447371,2196
855491129,21279
855521573,2911
855526595,27811
855536066,1025
855566760,15305
855572871,17594
855581880,27081
855624704,17771
855641968,23012
855668528,28194
855670237,20262
855671129,20137
855672231,15110
855678505,20192
855692574,14639
855700489,19175
855715884,28464
855789706,27550
855799425,22129
855834529,4382
855840093,31047
855840786,24065
855882694,17139
855894567,3537
855976620,31637
855977253,31378
855997523,25620
856064050,22558
856159767,11331
856201361,23796
856251501,672
856267082,16359
856304427,27076
856367228,1437
856377675,4947
856396598,18672
856464232,31019
856487179,10351
856489722,17840
856500674,15880
856503248,31638
856512731,11028
856526050,11321
856527434,19019
856527701,10861
856551146,11318
856570923,20477
856612268,23154
856666168,18464
856708691,4457
856739939,5570
856771873,22565
856821597,21346
856841028,15289
856871077,9221
856946308,21056
856949182,18853
856972525,17027
856975884,21059
856984764,21017
856993900,24278
857003154,23675
857044530,15102
857052169,14555
857066793,14674
857067927,16702
857068738,23014
857081956,27016
857098395,24183
857108104,26018
857111947,23361
857115169,19786
857121765,21017
857151547,20881
857187116,19369
857197220,7068
857205867,16734
857252377,21029
857268529,22936
857284766,24430
857300876,19717
857318626,15842
857318768,16122
857344954,5736
857351070,19719
857354036,16855
857379167,27016
857385322,17003
857385696,17699
857401201,20457
857407604,22309
857418878,23275
857430244,22915
857447899,20649
857450065,16686
857457935,16759
857477196,24152
857496673,17241
857510586,24301
857556375,19718
857590591,29907
857592392,5184
857626915,26933
857649381,2424
857691407,11654
857723659,26921
857744557,17238
857754919,30678
857778978,15840
857841831,26679
857861532,7869
857980327,20881
857986008,30244
857990494,6616
858043593,22014
858067720,16141
858121319,26743
858144148,27118
858244912,21584
858263285,19771
858305238,23059
858345862,21310
858401478,16123
858434347,21307
858484018,15292
858487300,31268
858498692,21308
858504526,31070
858508947,22911
858520945,18670
858587400,28601
858591316,22317
858598532,25317
858607116,17905
858661122,19597
858700702,29625
858700742,29166
858703606,17241
858710045,4061
858717056,15107
858731296,22975
858751425,15103
858761288,21220
858761809,14570
858764657,8417
858772277,25318
858772696,17463
858783529,23729
858786201,20493
858803482,29621
858812133,14495
858844263,18525
858849256,2364
858892980,20476
858895488,21765
858920016,16119
858944342,22918
858964707,17163
858991867,6467
859014352,22975
859076513,22975
859126028,26255
859146436,12627
859171253,14542
859230464,25622
859237710,752
859248021,18869
859249347,15103
859255038,26101
859263835,23729
859281423,3396
859283413,31530
859300311,17153
859304109,21970
859327303,18870
859345411,29348
859359083,17955
859408946,29491
859410889,23099
859429414,23728
859458623,22948
859466316,14802
859469899,14907
859534575,28452
859549801,17355
859560866,16602
859571488,15107
859611856,1602
859623523,13434
859634382,11311
859764000,20882
859774442,21906
859785345,7882
859785499,19716
859903348,16907
859941928,15340
860066395,31522
860081568,18536
860115215,3771
860166679,19622
860182831,995
860193123,1563
860209123,23097
860223272,6823
860304167,11310
860316385,648
860441236,3768
860491763,11312
860495821,22015
860529889,20737
860538360,21092
860653186,20101
860691984,20882
860781482,23096
860843643,26203
860863680,20066
860915220,16122
860931546,14555
861024741,16699
861028511,16733
861028679,16968
861030679,14525
861086070,16029
861107610,18768
861155887,27931
861271579,3278
861441279,16411
861492209,18553
861495108,24366
861513464,29249
861536601,7073
861548739,23015
861605987,2118
861623953,16876
861675544,5847
861719082,15088
861742541,15501
861746030,31030
861841125,21764
861846051,15108
861862099,19200
861943823,15129
861946205,23016
862021943,12405
862090077,31922
862196475,23731
862264007,21501
862288873,17189
862301288,1675
862303920,24301
862313882,16621
862362481,24178
862364536,21393
862430151,19394
862464234,21765
862474282,16673
862487330,21016
862521494,21886
862543070,20215
862567050,14643
862574428,31248
862638957,657
862656376,16422
862667920,18855
862686246,13945
862692523,6850
862700842,2546
862716161,20865
862716514,17576
862741973,22557
862755242,20981
862798335,15106
862809816,19054
862860374,23601
862862488,19765
862897518,20173
862907779,14803
862919827,20266
862963891,6824
862982388,14774
863040042,25622
863053180,2254
863059225,19771
863065584,20173
863098676,22910
863117987,23027
863146305,20187
863185136,17824
863220286,19502
863223984,23276
863233712,1338
863253023,16699
863257314,30117
863278908,15829
863298114,23722
863378886,16139
863415978,21079
863450847,21747
863509986,16354
863701246,30243
863711867,4459
863771161,22048
863775335,23004
863789353,26775
863812960,25613
863826128,5972
863840701,25616
863867813,25615
863879607,17677
863894395,1231
863939593,22963
863951814,10344
863957818,16621
863994195,25632
863998211,19785
864047019,25628
864052816,22632
864064527,19769
864083570,20867
864120380,23370
864141658,30493
864177710,25630
864186206,32311
864196756,25622
864221703,20867
864245704,3784
864248362,25618
864249351,23105
864254131,27210
864257527,25626
864272316,19784
864318586,22957
864331689,28253
864365129,16358
864368120,18448
864388620,5120
864402479,31026
864403860,3770
864469049,23027
864479336,31541
864493746,9342
864494654,19586
864522417,12487
864553972,3979
864603035,20387
864627049,16356
864661160,16730
864670553,15713
864705635,24301
864712613,26773
864725568,22604
864777128,3980
864784116,15830
864852059,19973
864852619,15242
864931602,21942
864967031,25976
864979191,17143
864981444,31540
864983336,17972
864991762,27979
865042700,1990
865105373,26776
865127788,4627
865176542,5462
865176648,3981
865203830,6707
865229161,3780
865374066,5185
865423130,21470
865452931,16797
865454325,3787
865478779,28596
865547166,18434
865650629,19585
865683191,23100
865719272,22065
865720499,16962
865747413,17355
865752022,30887
865774561,3788
865778326,16958
865788528,29655
865815804,3747
865824491,19587
865832122,16677
865840228,22506
865850681,17005
865881157,7206
865927689,26210
865998745,21145
866023985,21586
866025765,22051
866039074,22663
866057277,24285
866065217,22631
866160933,26248
866271978,18760
866280682,23101
866285575,31285
866355177,20859
866359084,15935
866384882,22050
866440828,19180
866455831,15155
866483380,14603
866486583,15825
866547280,16760
866561688,25623
866673575,25633
866756198,16297
866765461,5486
866792728,4479
866824519,14522
866877605,26239
866934702,3165
866942417,25616
866950679,23028
866955704,24300
867005344,21444
867019764,23053
867037406,22514
867127617,15493
867145448,18970
867258974,25631
867281717,23629
867302983,7343
867332150,13922
867334391,1981
867361430,21943
867423386,6295
867452296,4480
867468283,26020
867476651,25625
867524901,4456
867621994,20866
867627386,25612
867698860,25627
867801374,21976
867967872,4686
867970917,14451
868008032,4478
868100779,8028
868149282,5487
868248324,21763
868255773,14794
868261450,25624
868288017,16879
868296372,29097
868315474,7169
868335141,23025
868349805,19800
868378004,3164
868389683,21758
868392379,15287
868404796,15826
868433364,23105
868443743,19768
868465635,15043
868469092,23074
868484505,3163
868513256,18284
868517415,18430
868595738,21955
868626751,29105
868637321,3860
868701772,15038
868704099,29087
868736502,18777
868774727,15288
868823422,1624
868853789,22575
868857790,21783
868910183,15041
868938228,15827
868975837,20868
868990812,29007
869048041,29249
869075423,29250
869116237,20366
869128589,23930
869133009,23106
869149716,29823
869159342,18075
869177615,24041
869232742,18076
869258138,18077
869328493,5079
869369178,16292
869369969,22830
869404262,29821
869444693,5081
869445662,23929
869479139,16025
869480020,5080
869535274,17767
869539954,31158
869550781,21278
869553043,26180
869594401,21585
869610137,16853
869613297,15286
869613532,23945
869622941,17931
869636476,15618
869669513,2726
869717166,22849
869748549,16022
869795820,28493
869809386,26185
869851055,16879
869859864,14761
869867254,254
869915728,15622
869916748,20912
869932325,23026
869936230,3274
869939896,21757
869947536,20913
869957286,22949
869964080,30531
869978662,30628
869987624,21102
870047376,26598
870054345,17768
870067217,26770
870069946,14778
870085836,21442
870103895,23107
870123639,25816
870133902,8358
870137064,14781
870138207,26178
870156239,22850
870159063,20961
870159488,253
870197061,21445
870199077,19767
870205867,11135
870253626,26179
870254231,25815
870263077,27139
870277562,23946
870305443,21944
870305744,15811
870311796,3894
870335803,1521
870353109,15290
870359266,1230
870383137,26173
870397243,23630
870404979,3895
870405048,13214
870499615,21157
870510467,993
870524479,1739
870564088,10886
870565853,1743
870582693,16436
870587282,20872
870588530,31710
870590867,22520
870593739,1745
870604960,21217
870611371,23073
870617125,14785
870662401,20899
870706576,15104
870737559,5137
870741555,3782
870750853,3767
870760601,23073
870777323,23938
870892668,3367
870927098,25633
870950487,23003
870988634,25627
871005684,21027
871039980,20362
871068620,10895
871119048,25631
871130748,16410
871171290,10884
871177817,25630
871317139,22868
871350485,32310
871355490,659
871368311,21486
871413861,25632
871504957,29249
871512850,3366
871518934,7613
871568768,3368
871569173,10894
871629214,20563
871672176,22947
871680762,29265
871756702,21351
871799598,21098
871800801,25816
871821351,18206
871858175,32687
871866191,32332
871869109,4440
871914805,27630
871920253,17382
871937661,14772
871940223,18203
871958879,26259
871963544,27635
871978873,25806
872010342,21350
872014340,19363
872036926,22917
872072202,17363
872115614,18716
872140214,25615
872181912,27626
872189505,7061
872245318,15414
872247021,25617
872260088,33309
872298029,32333
872306584,20954
872315880,6714
872329677,22829
872343202,14615
872360161,3199
872366880,1137
872384887,7062
872389353,18205
872389452,25933
872430718,881
872432566,22216
872446839,15711
872467012,22622
872486417,3186
872495898,17033
872499155,21098
872538951,16415
872545309,25611
872551050,17174
872566299,21179
872591982,14457
872598762,14584
872614176,28140
872621429,26624
872633196,17175
872646566,17032
872673769,21946
872729656,17483
872831652,23145
872907982,11303
872948877,6118
872982879,14772
872983989,21291
873036452,31453
873085785,18684
873094079,20257
873102625,18778
873203100,7922
873211466,14772
873249408,2174
873286428,15908
873373946,16102
873410104,22743
873415276,30730
873423925,24512
873436692,2545
873443780,20341
873497231,15217
873514840,17601
873531891,29725
873615421,19796
873714775,18444
873724896,16230
873738844,28507
873835791,16024
874013263,29725
874116223,11836
874116800,21304
874132522,29471
874151798,19567
874161937,29781
874238838,16555
874374120,19360
874388262,3091
874444439,23155
874476587,21883
874563834,23966
874563944,11027
874646586,11027
874666495,15471
874733999,31705
874736959,31389
874753112,20082
874794063,29726
874925723,22297
874939219,15833
875004196,20712
875047430,15033
875068994,22296
875168148,21347
875283242,14488
875343707,32568
875401747,19807
875466459,23664
875542668,22680
875628048,20461
875792900,5911
875818408,21597
875826779,32554
875833243,3772
875866768,26192
875888580,18488
875947512,18716
875978699,16002
875991804,3775
876010685,21209
876089384,23715
876119752,23005
876161440,21210
876263823,32900
876323905,17470
876357477,7235
876395278,24473
876478133,29751
876518567,22906
876570178,17839
876591562,28689
877063594,32553
877136305,10068
877169432,16802
877244398,484
877290551,29039
877442899,21904
877455506,32899
877465843,17262
877482829,21813
877537373,16002
877627911,16874
877722093,2544
877744142,21205
877744587,32901
877801239,16564
877809361,21206
877822792,5673
877872193,21208
877886020,18697
877898706,29038
877952220,4893
877952875,24922
878080622,10468
878243080,23005
878275576,15433
878278620,23102
878385438,21885
878527287,18160
878656195,24463
878753867,20129
878812897,23000
878854867,16133
878882506,4062
878934507,16225
878944467,16775
878964297,14520
878986286,27821
879449366,15688
879461385,15086
879463829,15084
879604351,17618
879813527,18635
879856883,17830
879931514,22685
880012900,15689
880051660,5028
880072648,23875
880090739,25443
880107069,7779
880107624,17831
880150092,18187
880198326,20864
880237094,23966
880314545,32109
880338298,1850
880368382,23107
880393998,9511
880530696,18285
880533227,16703
880566311,19885
880685454,579
880882387,27399
880949201,20382
881053707,23868
881149885,22966
881212683,13834
881338782,19889
881394331,19778
881663614,17620
881731312,28030
881929492,22350
881950719,24588
881961652,22881
881982574,24063
882011767,23870
882133313,23089
882268551,17619
882338801,16621
882388892,16540
882568423,20908
882837261,10737
882893088,19891
883516034,15690
883689112,23076
883706466,19883
883839171,23081
883840530,20383
883915334,5055
883933701,17832
884084453,16169
884262970,14846
884333708,13638
884336994,8665
884402940,22044
884544084,26098
884557021,20566
884680461,17052
884725122,28946
884781381,106
884847899,23950
884880057,6933
884916411,25379
884956993,28926
884964967,24171
885011421,16703
885091805,14928
885110171,11191
885275131,25382
885348078,5681
885496362,23278
885523125,16513
885677711,13835
885796912,21216
885811228,15966
885848508,15967
885922513,9766
885962466,8906
885971944,16596
885974365,21889
885978214,22060
886104048,15832
886142444,16758
886173897,20880
886273124,819
886297202,11330
886364251,24302
886365268,5245
886390042,16201
886449520,26307
886535885,17496
886537532,15937
886569061,7780
886575680,11329
886588384,25278
886697228,15291
886713768,7778
886715423,6712
886732440,22433
886740795,21859
886767090,20321
886819406,4461
886840553,31895
886881824,16100
886910177,22621
886948923,17311
886976973,9545
887000497,10814
887004974,21902
887008479,24336
887042527,23095
887045508,30838
887073143,21880
887098270,14699
887112940,18487
887153465,23792
887164031,16947
887166797,19034
887174352,20110
887640886,16646
887768861,16548
887983820,4177
888089617,16023
888215018,22525
888236617,19787
888329817,1134
888363063,21680
888465216,16100
888504958,30046
888533844,3537
888640946,29594
888715267,21201
888730251,1746
888786773,15816
888815400,17577
888894116,14586
889051217,3384
889090851,27605
889113420,10929
889133347,24128
889186373,3386
889383184,1997
889396353,31583
889455886,10917
889518597,14456
889521809,16481
889529311,21058
889556659,22256
889572013,31441
889581854,14852
889592308,10916
889761527,17315
889763775,6713
889835711,11570
889839267,6672
889852601,18183
889856425,23831
889868755,360
889873029,19621
889923576,17042
889943285,30666
889947167,6666
889952292,23005
889964127,22938
890071151,23683
890100830,22939
890105289,22946
890126639,31158
890169145,9126
890242598,19190
890331001,11821
890336730,13558
890337459,24321
890369158,16963
890442707,24867
890456699,32999
890498290,2885
890511787,14022
890583775,22940
890620703,23430
890743329,25279
890854844,11141
890864161,27094
890869063,15521
890881335,24484
890900335,27761
890949859,16100
890969643,3704
890980062,24493
891015065,31067
891048821,7370
891065135,31139
891084035,22486
891134567,24483
891143495,3699
891144301,3991
891159906,2553
891165092,33045
891174456,22475
891182706,24477
891191895,22237
891192979,8907
891241980,2435
891294928,25321
891316704,31140
891357672,8899
891363781,8576
891379164,25208
891451760,23005
891464134,8575
891467116,19400
891472857,1010
891514779,30200
891519475,23093
891551122,8575
891551655,1526
891575252,28303
891579807,19405
891582560,8574
891604594,4441
891636130,23092
891688380,234
891696465,15530
891704616,12612
891746152,21839
891748192,221
891781605,18243
891785334,12674
891790328,14931
891793463,15509
891819170,22505
891838706,30813
891873243,31175
891888869,31696
891913977,6653
891929133,30540
892091101,25570
892151028,3699
892180079,27199
892190152,27198
892203542,5144
892232981,26685
892233857,26496
892251530,27197
892271842,28304
892274492,27203
892279124,27209
892286933,24603
892303667,22321
892310664,27175
892311928,27205
892314485,19362
892330766,29955
892335205,27841
892336072,26281
892350571,27562
892378429,25201
892393484,27200
892394045,27382
892415609,28082
892425704,24604
892428801,15468
892436623,27202
892437253,27194
892439548,26170
892447331,5573
892455466,17310
892459940,26127
892481427,27201
892496044,24605
892522739,6841
892527081,25451
892531588,27196
892555558,25213
892558278,27176
892574654,27206
892583279,19964
892610420,29935
892624504,26125
892629845,3559
892663310,18780
892672688,27207
892680939,27204
892698821,21588
892728382,27586
892732070,22860
892746774,24602
892764349,2442
892768166,24601
892774677,27208
892792769,32545
892802843,28255
892806686,5321
892824383,4951
892969836,24156
892994245,15791
893004531,24254
893094757,26083
893184123,6811
893205359,3781
893248090,1523
893316968,1677
893327468,24060
893365014,3786
893396744,13662
893404644,33091
893421045,8755
893440069,3755
893452463,1676
893472415,33091
893484452,10887
893514585,3123
893535072,13048
893540932,5138
893542573,24002
893593687,1971
893651923,24514
893707584,5595
893715366,3972
893725443,14902
893747043,27195
893822889,14607
893889920,19238
893929434,14958
894036298,27237
894047770,26385
894098793,25266
894114296,23149
894150471,28893
894309423,8598
894317114,1479
894387992,5290
894446595,26988
894513039,26626
894577884,18200
894585316,11137
894708030,27300
894717959,1477
894792247,25235
894805625,10120
894815163,19033
894824920,5675
894836266,20940
894864853,6283
894937329,3296
894941334,11007
894992880,24118
895004471,9182
895138107,13775
895165010,13994
895170199,18651
895261968,1482
895323470,20256
895324980,5674
895396023,1467
895403462,1470
895405487,9330
895440843,8897
895442611,1096
895483611,23454
895489768,31682
895491530,16704
895508619,1448
895523185,731
895524883,1459
895530175,17056
895532133,729
895544400,6144
895560054,17280
895583601,28274
895608216,9765
895636462,9363
895661883,8792
895709599,31681
895766308,25521
895830723,22002
895835147,31683
895858666,12410
895863617,22010
895904894,1463
895921179,1450
895959867,7855
895984210,7470
895986140,1453
896047398,1455
896080110,10902
896119891,19640
896180403,19639
896191690,19638
896238994,10065
896276975,13049
896311702,2094
896344955,627
896384695,5666
896400373,13663
896422461,20315
896473341,27541
896489886,17281
896590522,12020
896646718,7175
896699786,481
896740387,2294
896813453,22206
896881414,6201
896966455,557
897107733,3916
897142655,20450
897210434,22525
897211159,21769
897221419,28477
897322287,1862
897325110,22878
897370642,6274
897502831,6
897517348,7874
897523430,24267
897568978,10887
897575888,2063
897602289,20455
897611849,9331
897624814,27261
897657924,31983
897696914,24565
897755219,19797
897769115,5138
897805634,19920
897813792,27231
897869726,19192
897885775,19795
897916486,24299
897936388,8636
897939531,16632
898017800,13762
898021038,22394
898064157,6273
898076148,15140
898126273,8087
898162949,22398
898167237,23068
898249986,16687
898250913,25023
898283497,21120
898315808,13902
898331268,23402
898458272,4942
898502087,21535
898655936,9283
898662849,27331
898677010,15641
898850145,14526
898857239,9284
898894808,8819
898920250,4793
898954243,11231
898994129,20085
899099724,16847
899129345,12955
899148158,32293
899157885,11504
899172664,277
899256611,278
899257718,32296
899259473,7420
899264003,2552
899267281,22397
899345043,12018
899347209,3285
899377544,273
899511979,16545
899512757,15454
899559414,12308
899561879,29030
899587634,14532
899609943,3746
899643195,21949
899645153,14530
899648792,12954
899672755,16931
899688796,16581
899700289,32296
899736277,16706
899751905,13619
899809425,27574
899887251,7417
899898301,17216
899899231,31404
899916154,4270
899983601,23639
900049487,5670
900064597,11173
900122188,3769
900123070,25435
900241306,15511
900243375,23642
900269418,7842
900312870,7894
900329078,24864
900404245,2978
900439997,8454
900440509,2086
900451479,25560
900483065,25567
900521031,8460
900548550,15221
900567338,15027
900570311,20049
900576134,6242
900609881,4594
900622283,27032
900659861,8449
900750928,26470
900755187,29075
900794253,7833
900824709,7839
900843460,20426
900860884,2045
900894803,8458
900926143,2977
900948139,18694
900959624,6917
901024840,5510
901028436,17312
901037384,5665
901038512,15050
901054649,24363
901070116,24211
901090859,2224
901111381,17650
901125214,20458
901163361,1426
901177690,4693
901287253,31419
901290880,5485
901331722,24210
901369767,6614
901387689,3214
901409349,3783
901451335,14637
901577556,26825
901605320,17571
901613779,24296
901643127,24225
901651520,31716
901670787,661
901673629,6680
901684630,4283
901686319,8652
901695839,17697
901714150,12733
901755914,167
901763537,7252
901769455,13763
901770513,1279
901774767,13453
901783560,4558
901796014,17642
901817686,15585
901821343,15915
901824475,13524
901872576,6682
901872620,29283
901892675,2969
901899864,15029
901920184,12734
901922619,9344
901931493,15879
901958904,18967
901966474,17649
901997448,15034
902013974,18182
902042283,4595
902055860,4559
902117247,12701
902134695,26756
902177335,15583
902192368,1984
902250305,15042
902256110,13518
902259534,15655
902271388,9340
902284757,28350
902322381,6624
902328543,16584
902335168,1735
902341456,23320
902363438,9343
902578072,18508
902588724,17491
902608677,17083
902612907,23646
902631651,22826
902632389,8228
902648901,20092
902661548,4584
902667301,8226
902682166,2845
902691753,3923
902706157,4581
902731289,6961
902736980,9671
902756479,1022
902771340,18968
902792228,6886
902806691,14565
902821743,16621
902839314,17929
902850750,2573
902851479,28884
902859935,22347
902861485,22314
902875410,4469
902883197,20523
902970728,20928
902974952,2079
902984316,1592
902990160,47
902996380,13499
903007545,17930
903018578,21565
903037242,17006
903061851,16050
903077336,15144
903111575,1268
903132597,25562
903161590,16010
903194755,4775
903209450,19871
903222883,16553
903229944,12340
903233759,22207
903237170,25980
903237910,1989
903272838,16675
903278284,2576
903287860,23711
903312673,10372
903377532,4726
903381353,16554
903390359,27407
903391148,18691
903419198,54
903467510,20581
903473795,1794
903503561,16675
903506274,15804
903552615,12727
903568688,1972
903598301,30522
903613092,29963
903621752,22934
903622302,21260
903663232,24186
903707051,13024
903728509,3286
903729420,12470
903747280,19464
903758062,3600
903821337,22175
903836407,11164
903913970,30164
903915133,11174
903916562,23711
903934692,29101
904018660,12471
904049212,23221
904051861,22658
904062695,28883
904068500,23403
904128401,29568
904152016,16263
904171285,24618
904237466,22933
904256482,16307
904326570,25683
904330257,28145
904382234,25680
904382449,1813
904400715,28882
904408607,16762
904446857,30255
904464092,15878
904484653,25682
904500019,19799
904502951,26063
904533866,4380
904546580,7070
904594848,10879
904604159,7843
904607339,15660
904609302,25567
904629109,20915
904631409,17485
904678244,6892
904707133,32009
904718555,371
904741761,17018
904756525,29961
904761935,20115
904785730,16675
904786212,1964
904793422,20916
904806912,23690
904824393,16796
904826513,16009
904836735,18716
904844893,8229
904858475,23072
904867842,26736
904880531,20138
904942558,9362
904957428,8096
904981886,3217
905001723,2481
905012657,595
905052547,21596
905059627,596
905074205,10880
905156428,32314
905337667,14412
905364999,15445
905414329,9876
905427511,22348
905439978,6951
905519389,33327
905521617,26565
905526069,32591
905533532,30365
905539414,21497
905543427,18392
905543605,21496
905546017,26474
905547485,13245
905548507,26570
905550578,16046
905552812,30364
905553911,26566
905559111,32887
905561734,32503
905565823,32590
905583356,27056
905586009,28342
905590908,33066
905592387,2830
905595060,28351
905598250,28355
905605203,32496
905614072,15874
905615361,32517
905615784,26475
905619319,14925
905620090,25295
905621157,27055
905621591,25293
905623309,26568
905631538,32693
905632962,33328
905633785,27053
905634059,26476
905634851,23684
905637139,22185
905638531,32575
905651824,16043
905653785,26569
905654104,18712
905656626,29667
905660764,32663
905662496,32129
905662878,27912
905663609,32658
905665467,33035
905665813,16041
905669040,658
905670634,32518
905672737,32433
905676870,26268
905679700,16045
905679888,28353
905679940,26619
905686337,30163
905689585,26567
905689751,32888
905691325,28685
905694114,32986
905698427,27054
905704987,23617
905708441,32516
905708929,26620
905710051,21500
905711739,28684
905712258,16044
905716299,32432
905716566,28352
905718325,23617
905719201,21499
905721029,26564
905723911,21498
905725734,33036
905726813,26264
905727622,21493
905734325,26473
905739563,25294
905742086,32657
905752313,26618
905759036,32515
905761803,30235
905766437,26047
905771365,14924
905771894,28499
905772776,16048
905777089,30363
905779560,26048
905780029,31429
905780691,16040
905781311,33060
905786256,23926
905788791,29174
905799762,29668
905802356,26263
905809050,28354
905809941,32576
905813477,29669
905827672,2285
905870687,22878
905893219,8430
905901274,732
905912106,15916
905948614,21289
905957815,21016
905959843,18964
905975193,15623
905978817,26246
906006040,7856
906010502,3785
906012283,18941
906016162,1765
906023382,21312
906102277,1908
906108247,14571
906139579,27264
906142338,7120
906143970,8437
906149402,13519
906160860,172
906185688,22315
906199436,18190
906210107,22738
906221205,23723
906225473,6880
906253554,29289
906260525,6885
906337374,20329
906379408,12838
906401040,23040
906401098,9364
906421725,22528
906432636,22878
906448628,8435
906463668,12411
906466658,3545
906483127,6145
906505763,13077
906524542,730
906545804,21023
906550392,20220
906561044,18965
906579293,7421
906580988,2639
906595923,23692
906631351,23006
906643595,3272
906651089,6663
906652921,10780
906686412,20988
906690563,12786
906748517,11709
906818528,8504
906830067,7094
906839274,6667
906862021,13299
906870889,3116
906913058,13580
906917319,12747
906918566,13092
906937279,12592
906942394,2084
906968975,20314
906983752,13341
906987541,13017
906987639,18947
906999368,23157
906999456,13030
907070253,16388
907118139,4573
907118904,2799
907131779,33136
907132787,13561
907181299,12947
907186021,13517
907187140,12639
907198743,5614
907223031,15365
907343220,7413
907447807,13174
907462158,4832
907485539,2588
907490618,4781
907492234,27492
907496733,4450
907543786,20050
907565796,31283
907576693,13289
907584723,4572
907595321,31284
907609222,16944
907629373,1974
907644936,25325
907652920,28797
907667468,8854
907668963,26510
907674471,25364
907678750,25326
907683998,18366
907708769,4330
907713136,25842
907714566,21082
907725406,27819
907728443,6116
907740878,25360
907742737,25206
907779906,28527
907800669,1027
907813293,28290
907818691,25207
907854992,29805
907855361,31963
907856033,13594
907856042,24565
907856141,29470
907859003,23688
907866016,28306
907869733,27934
907887669,29474
907899201,30890
907908093,22233
907930507,28819
907947668,21083
907966378,15646
907972516,26292
907978590,28796
907981711,23143
907998992,17668
908036467,12542
908065711,27936
908078248,28296
908140053,22210
908140186,28305
908145241,28266
908151937,26907
908154983,26157
908157681,20955
908175631,18660
908182109,26718
908193166,28267
908240311,28176
908245731,27935
908256943,27502
908286159,22451
908296518,1189
908328845,27937
908335778,25299
908374489,25323
908401329,28295
908432274,29276
908458958,4325
908488889,27440
908501722,25964
908510597,27429
908568991,28288
908573996,25322
908606023,25961
908620488,23601
908625910,25573
908647003,21069
908671421,28808
908686471,23390
908698796,29467
908720153,19477
908734244,28533
908755506,8855
908755865,28292
908772293,25845
908773250,24654
908820000,21979
908823377,17248
908823429,27277
908827475,23148
908829812,28526
908848512,25362
908865228,2970
908886280,15651
908896053,27308
908903312,21084
908906317,28281
908915007,25204
908950218,25324
908962734,24625
908993517,25838
909003419,25357
909048211,21355
909058858,26899
909064410,27309
909065652,25963
909077702,13590
909083395,25094
909084069,17666
909130300,25841
909169316,22878
909176201,24624
909186212,26905
909196361,2968
909217188,25095
909223523,23688
909243073,24625
909250745,28270
909298143,12594
909304946,23142
909305749,26227
909315146,28265
909321091,12593
909331936,25572
909332207,25361
909334646,25097
909340791,17669
909348627,25960
909358098,28271
909368443,28528
909368973,1785
909372098,13493
909372174,19714
909385864,19713
909393393,3010
909435824,6796
909460328,1987
909465577,1992
909475237,20104
909478664,13039
909509839,27441
909522946,12963
909539804,17479
909610581,5682
909639338,27932
909695068,13079
909713673,5615
909735487,1029
909736823,18191
909756144,2943
909757400,12888
909796905,27440
909798990,23657
909845322,15473
909850176,1525
909898286,28434
909904403,882
909954079,883
909954696,8432
909975078,12341
910037672,11165
910042370,2007
910190105,23440
910209758,887
910221897,10373
910273331,19430
910374874,48
910376764,21489
910384610,55
910401101,8397
910405933,31282
910425825,10883
910461799,8433
910514251,17289
910557445,18838
910561201,1329
910564256,3423
910581165,8439
910590397,885
910601017,13229
910602339,8395
910649864,19901
910815865,23554
910875722,7697
910875740,12309
910907700,25520
910951645,16370
911025887,27787
911054655,9997
911119129,27104
911122401,25154
911130768,15647
911149569,13747
911151274,25519
911262507,11166
911330297,30990
911342333,7179
911369800,24159
911450880,18458
911486273,16467
911511813,6395
911525447,16370
911542426,17055
911543973,27933
911556665,1853
911559319,26519
911613223,22878
911639268,12919
911679218,1793
911704875,25839
911734912,29308
911757175,25840
911773157,9140
911821570,30121
911844967,12794
911857029,8016
911863189,26156
911891105,5893
911913441,25841
911928898,16577
911932121,31700
912028051,12673
912043174,22699
912073863,4571
912082691,8440
912099120,8436
912112590,16621
912116732,8434
912154295,15648
912184615,20048
912192929,17664
912216176,15044
912228636,3298
912250789,15267
912281546,28222
912300016,9141
912331550,8019
912334706,6385
912360751,9992
912415705,8431
912487125,8255
912560713,27442
912630999,482
912713511,5265
912734178,6868
912734266,2965
912753855,3099
912755684,617
912799487,23674
912814946,12651
912820315,9680
912861090,16100
912898796,12539
912909093,3206
912922152,3219
912972862,31726
912974234,25837
913038357,13231
913059488,23673
913100467,7180
913139990,6703
913149864,13072
913158624,16117
913168861,27438
913184473,23515
913198661,25064
913229945,23593
913250670,24624
913264973,2836
913265229,12855
913281316,6943
913284831,12313
913360732,24559
913399773,20055
913412269,19058
913417811,564
913451230,12307
913490512,27262
913540311,9102
913547991,8398
913566596,5785
913630701,12317
913665110,8251
913706089,8396
913735860,8438
913755027,23594
913896297,26132
913991073,1177
914072229,27350
914156424,1674
914279690,27383
914347918,27788
914350118,25400
914366970,21951
914402903,23999
914427514,20410
914493910,26752
914530497,25701
914556379,13163
914561229,27529
914593317,25182
914639225,14347
914669447,31488
914670525,28436
914732695,5616
914753053,26755
914788053,25176
914819564,24855
914829806,24739
914892978,15496
915032153,6960
915050792,22386
915079232,27886
915091023,29456
915092971,19180
915138829,10756
915225243,26287
915273464,22947
915288307,28135
915445868,26754
915464638,14534
915483019,28134
915647854,14536
915652180,6942
915660563,5517
915679699,24536
915808036,6932
915881707,27876
915921996,21246
916012062,20439
916046643,28683
916087447,26750
916167627,19765
916230119,25181
916348753,11047
916370118,33318
916372812,26134
916386163,13465
916399715,26749
916513362,3609
916520409,26133
916539059,4796
916663577,20083
916741803,26753
916744369,27870
916757662,3595
916820806,4691
916839165,3261
916862256,19880
916890958,6526
916923508,27829
916961155,14595
916994136,25190
917014033,1404
917024357,27880
917091384,15696
917142875,26490
917185922,16653
917202374,14640
917208523,25298
917218185,23841
917295786,14913
917314103,20966
917377795,16072
917382168,12643
917457507,27037
917477423,26751
917579139,17330
917580807,26662
917596731,10757
917602917,28620
917693073,17372
917720433,29235
917732329,12543
917756840,26492
917952128,12742
918036152,12465
918072276,13394
918212247,10064
918223310,12783
918319665,28418
918375634,28123
918382993,16071
918385633,22573
918414453,14531
918477536,27378
918510606,21181
918550464,28122
918558285,17879
918601459,12973
918613469,15264
918636512,27881
918681378,13184
918732609,538
918753758,20872
918770050,12995
918794723,20135
918802771,15322
918837542,27884
918895384,15321
918940158,25089
918944345,2678
918967126,26959
918975398,28166
918976698,26086
918982601,21906
918987234,27871
918995893,17207
919007483,24871
919051259,24312
919088115,14528
919094805,12391
919106540,14634
919109974,24122
919123947,27875
919163905,26974
919183625,27873
919225802,30001
919239277,23716
919251860,25707
919281255,27885
919297146,28258
919310887,3885
919333701,24738
919340095,24286
919342372,26088
919358132,25767
919363272,19881
919366260,21877
919368156,24124
919376271,22981
919431359,14533
919444388,6952
919452243,4826
919467142,1031
919472103,10466
919484665,5123
919485404,3745
919505923,29518
919508330,19122
919521223,5549
919521865,17873
919544442,16713
919594918,23528
919636905,10467
919659499,19506
919693500,18396
919697728,19995
919699531,21539
919704912,21263
919732671,17791
919770316,23152
919806645,14348
919824501,23087
919825445,16875
919844735,29796
919898466,15879
919908634,14633
919951318,24020
919985764,27887
920018669,21903
920056961,19065
920133346,14632
920150424,1097
920190214,3709
920220448,12392
920253860,27879
920290896,5892
920295105,21538
920414253,3814
920424202,16074
920465087,13041
920497852,24120
920582803,11783
920608480,2019
920614744,24585
920618858,7158
920635133,3417
920646457,16073
920700129,17218
920776248,16075
920784717,16113
920814600,12472
920845008,16707
920858364,3421
920870418,27874
920934911,1075
920940902,4588
921002488,18179
921011696,17572
921021596,22245
921132938,13437
921186131,20134
921267259,19623
921283660,25232
921401324,9336
921439035,18990
921459888,13449
921491927,16350
921508425,19101
921556304,4464
921557516,22387
921588548,15032
921591583,22396
921599155,7002
921606336,24306
921627941,23658
921631037,4334
921635627,16990
921638222,12642
921679913,14657
921699198,12540
921713727,7371
921800965,21436
921809603,22672
921859149,23015
921933804,16908
921949457,22390
921950541,29728
921954706,18895
921999783,29678
922004577,7004
922020580,22574
922063298,13260
922086166,19104
922102352,21404
922121236,18895
922158959,19850
922168411,1999
922181438,24307
922189557,4633
922253565,30555
922283795,7374
922293225,22674
922472453,28837
922521060,24578
922546293,13173
922656006,68
922681022,67
922699724,12600
922753087,26610
922774473,12943
922792772,22330
922801447,25210
922861390,23600
922917923,18116
922924416,1590
922935291,30558
922951018,24054
922952316,25536
923043503,18118
923049908,26251
923071226,16697
923080906,15613
923089204,10249
923119421,18192
923127444,26115
923134931,18561
923177396,17170
923186106,27865
923189688,24054
923260217,24254
923284327,26252
923291670,11645
923296024,19071
923318946,16437
923334394,19106
923361604,18115
923375221,24310
923384010,25431
923407123,12601
923415501,24620
923418419,17495
923425254,16370
923435564,16308
923437443,14146
923441790,32891
923458224,18164
923463757,25432
923535910,28874
923539317,21085
923556084,27183
923558457,6307
923574973,10349
923579767,1501
923588521,29547
923597576,14529
923601029,9995
923606794,14866
923612710,29653
923624130,31075
923630987,31868
923634016,27185
923644733,26499
923652019,2974
923658331,29657
923688627,27186
923691120,25764
923697421,29658
923713937,17205
923725872,9998
923731127,4901
923767031,14467
923779332,17691
923794818,19765
923797428,25458
923825639,27169
923854852,18558
923858463,25502
923860927,9993
923870750,30686
923872246,28873
923875073,15732
923875643,9152
923875744,23713
923878442,1422
923892538,6386
923896435,28875
923910328,24053
923923128,15524
923986228,27855
923996381,26305
924001973,18290
924007676,8274
924027120,18119
924030626,10390
924036380,26110
924038118,6388
924039773,12359
924043645,21761
924046666,26553
924050040,11326
924052053,17171
924055961,11324
924062326,22388
924068901,15741
924071462,15513
924073645,6311
924103081,11327
924124787,9610
924134611,4663
924143646,31379
924194019,6319
924195794,22076
924208351,24717
924232881,17903
924238403,14548
924243331,22423
924254183,8014
924258797,424
924268414,8017
924274658,2973
924280511,15019
924283307,6321
924284696,15035
924305539,27187
924310310,2176
924342894,30750
924375009,21869
924375947,22389
924383732,22075
924405376,11325
924411072,18189
924414499,15408
924419969,14599
924426316,22858
924447467,19578
924454927,30293
924457200,2508
924468897,6229
924516230,17116
924541816,22012
924545406,17120
924565098,19773
924605162,17113
924611613,17108
924612074,17110
924613008,5448
924619983,13527
924650219,8521
924677731,17118
924678733,7157
924682651,7156
924692430,17113
924705116,20162
924711282,17107
924804564,17110
924830698,23002
924837100,17114
924865007,17118
924869093,19133
924901488,6230
924907689,17117
924908875,19504
924960976,17121
924961016,1874
924993872,21154
925030235,21405
925087634,17118
925134465,1779
925172029,12580
925228139,18212
925262953,18867
925275689,31880
925373239,9298
925467598,5183
925493745,5182
925548441,29799
925549134,26539
925643519,31878
925657390,12695
925719042,2623
925786809,17116
925797012,4843
925832996,5076
925996504,15985
926054548,4580
926063361,1752
926085688,24856
926098844,23836
926111065,5820
926135267,26621
926153316,747
926207147,25614
926236252,6221
926252657,6306
926402487,15991
926428150,6323
926440625,17119
926488493,9767
926543071,1747
926629679,6227
926683836,15994
926689510,15979
926700764,17680
926727176,560
926795782,6310
926802149,28877
926804813,28467
926819976,6234
926861107,6320
926874886,28879
926966583,15983
926967345,559
926970251,2437
926998908,17123
927003874,26114
927114245,15995
927133805,1319
927197698,556
927199999,28880
927212340,4776
927214843,6322
927239129,3601
927306218,3603
927314390,5515
927324706,16028
927354566,2030
927417420,16008
927419493,1784
927466135,1751
927499721,5679
927617670,15980
927635423,5540
927640172,2028
927646148,19931
927665253,1749
927692856,1174
927716747,5051
927797603,21088
927849791,22392
927856667,14452
927856695,15988
927880489,6615
927886958,25951
927891465,22395
927907308,15989
927931435,12668
927941201,18748
928018063,9200
928021994,22391
928025711,22393
928037495,20054
928041190,15987
928042225,19125
928082907,30567
928102075,6634
928130872,15990
928141654,22676
928145295,3106
928150654,3754
928156190,16003
928238447,6608
928254638,15992
928254921,4337
928304189,16754
928341962,2438
928364092,15982
928493698,28881
928500419,15051
928521696,28682
928528328,6527
928528722,20478
928554432,2556
928563186,28469
928638160,14777
928669500,2439
928669536,17681
928681050,28878
928699470,15986
928711949,22054
928722955,4646
928797414,5116
928799109,17646
928847632,15981
928884649,17421
928917110,26141
928917253,17328
928919521,1812
928925096,20052
928956448,519
928979898,15694
929087577,21136
929095584,6381
929208918,13040
929209445,565
929251182,17417
929301329,6950
929349422,24123
929393729,14872
929563393,17423
929594941,776
929603059,16153
929641152,17122
929642104,26683
929647246,19256
929708461,2637
929717516,15978
929733881,15993
929754373,17329
929773096,15977
929847205,25623
929852076,28876
929858801,28592
929859546,30003
929863539,15881
929905748,22164
930014334,17499
930019904,6959
930020213,5548
930103551,15944
930151870,25632
930178781,6612
930215293,15984
930235009,14847
930326858,5301
930357136,8275
930381958,2756
930408512,9996
930544938,12166
930555316,11328
930622023,5121
930632373,5685
930649156,9145
930676524,13595
930687337,8018
930725114,19820
930747856,11322
930756158,15950
930793879,3207
930852663,22996
930914167,6387
930964279,9994
931028263,22529
931045696,9611
931154114,12360
931160715,2972
931167730,31216
931219719,1423
931229101,27741
931302530,9999
931373901,33159
931564036,26796
931584235,27938
931608714,6389
931634283,33133
931656527,28531
931663391,11323
931685425,12829
931700674,29159
931733999,6383
931741317,25566
931800096,19126
931995867,8015
932008248,7064
932024379,17302
932026728,33134
932087585,29984
932140964,12167
932225125,2975
932228414,10350
932265601,25563
932372079,13559
932408697,9153
932445406,24639
932446856,7075
932515767,31216
932519996,33132
932644608,30872
932645941,10391
932686178,21081
932717085,32114
932732173,17439
932736208,6715
932739131,6556
932741414,6382
932742140,5516
932794257,3158
932803895,13579
932806793,5460
932841954,17422
932880582,30600
932887182,30297
932904312,480
932942298,5922
932957944,829
932962723,14567
932976165,6148
932983579,17395
932999551,31225
933000292,30294
933002675,30602
933005612,6948
933051601,26115
933058247,31278
933067234,17254
933119357,7642
933136303,17444
933138175,15853
933139821,5484
933141588,3058
933151813,3161
933156570,28632
933168553,2851
933175788,6793
933189424,24593
933210575,23526
933217757,6329
933218408,1405
933225280,13346
933231085,30601
933278918,4535
933298658,5523
933306611,3215
933358711,6794
933358972,13506
933395935,3210
933398048,4326
933404328,20556
933416074,16868
933431136,27738
933437758,6795
933440015,22408
933450272,15403
933494574,9169
933497242,7005
933557200,21590
933558767,9421
933577916,25849
933587156,7927
933603424,14114
933624522,23508
933625970,4222
933627819,28218
933630516,7003
933633687,7932
933661345,1514
933662982,8783
933670672,22001
933675409,18681
933677343,28219
933683596,16764
933688762,30445
933695548,2796
933715916,2192
933731243,20731
933750422,1006
933763480,17007
933765591,25571
933769375,24696
933779520,2227
933782985,2793
933787668,7446
933788614,8524
933809915,9432
933812589,8722
933814531,9806
933835810,31919
933840251,22570
933845509,24973
933858816,768
933864745,25850
933878264,18834
933899708,1240
933909695,14074
933930305,26673
933943813,31133
933951840,11612
933955193,16552
933963217,2179
933970945,18833
933982707,23628
933989378,30446
934016797,9168
934048448,9052
934053705,3316
934070745,12416
934073869,12597
934083326,12818
934089694,13760
934092368,28216
934105577,2519
934111828,16770
934115309,14105
934127369,18148
934127526,8704
934146466,11102
934147182,8715
934156764,2666
934165583,30636
934169500,24105
934175185,21280
934176146,1232
934177099,1496
934188865,11844
934189977,7951
934192765,20871
934203918,16557
934205292,1138
934206231,20985
934208290,2197
934209551,8526
934223276,8702
934232417,16438
934252739,14408
934272508,9165
934277971,20870
934282012,31227
934283388,21973
934304017,558
934310123,3398
934325878,12417
934329489,7937
934329533,7938
934334809,10551
934342925,11811
934368941,30535
934399913,9073
934409118,8889
934418666,21809
934427225,11813
934432781,26060
934475537,8731
934482134,29200
934493010,31865
934498889,25818
934510918,27268
934514043,14106
934520202,14312
934524369,29764
934537561,24513
934538638,28666
934555933,14319
934565192,14970
934577213,14107
934580702,26146
934583460,25139
934609069,9815
934616496,26898
934620049,14232
934648904,17369
934652714,24997
934653797,32213
934689564,29811
934699755,33054
934700283,22937
934703567,16618
934704692,2477
934725874,16248
934738183,10119
934740323,20659
934758299,13354
934769416,14346
934770833,6716
934783141,28768
934800838,14343
934831537,12489
934832126,11845
934835649,16249
934852964,22490
934854026,14340
934859986,25140
934861175,3160
934873114,14116
934894971,14521
934905044,29199
934912540,14341
934926205,14117
934954977,30568
934958970,20252
934960609,20710
934968347,25048
934968892,29812
934991476,14310
934998162,3550
935013650,24475
935015873,28769
935016807,14324
935042944,29826
935043984,14108
935044695,26145
935051515,25001
935071786,2501
935103064,566
935105891,24311
935128829,26147
935137588,17373
935140409,28369
935142144,25138
935157573,14098
935171939,11825
935174375,14113
935192379,31965
935199897,5598
935202967,11854
935208593,14321
935223025,28463
935242968,26674
935264924,15624
935273005,25003
935290026,24711
935291819,21950
935301897,29190
935305180,13925
935318820,28299
935328284,28594
935332238,29186
935370042,24991
935388440,24259
935408541,18703
935417373,25053
935428325,24730
935430572,28154
935482908,14322
935485622,26143
935489401,29224
935492398,14320
935497849,16220
935508029,14068
935508158,19550
935530953,29825
935533789,18668
935560450,3299
935588613,9263
935606053,14339
935609153,12491
935621718,28370
935627770,20249
935647666,18669
935647828,29814
935659794,14123
935660777,8559
935667656,29700
935672408,28371
935675295,14345
935682080,14115
935686508,26064
935687260,19544
935694892,16168
935696201,27341
935710661,28372
935712198,22305
935715881,16619
935716664,24515
935718236,29576
935719796,17574
935728168,29703
935731680,29822
935761290,12713
935765940,25735
935766534,29575
935767023,27342
935780155,14311
935784440,14109
935788689,24994
935798536,29183
935812407,24777
935827926,4537
935829505,14318
935843914,20867
935848440,14323
935853169,30182
935863456,14118
935870017,25810
935890876,11843
935894872,14950
935896887,29563
935900948,19641
935911107,20
935919364,24728
935941192,301
935951702,14122
935963316,3540
935970386,27269
935972541,29194
935974779,31376
935977156,29195
935977918,25002
935979247,29247
935988793,26057
936026913,14110
936052008,14344
936054746,20250
936055182,1142
936059716,14111
936072317,13103
936077261,14313
936079497,25808
936088080,4262
936088925,32390
936099040,11798
936140205,7113
936190031,16569
936234255,6809
936419419,29634
936512821,5952
936518159,6698
936554522,6810
936622248,29339
936644325,18184
936683025,14965
936729680,18491
936910590,1963
936930566,19642
937069385,1154
937161106,449
937186267,7147
937282027,14966
937316347,26174
937321836,7115
937382249,17450
937439128,655
937456795,4179
937457947,1141
937469272,26677
937523622,2794
937650450,21909
937689897,11638
937753897,31113
937757650,31411
937815651,14578
937823972,31111
937827463,20525
937895220,1140
937937616,31412
938025946,19742
938033087,20526
938068227,22572
938139125,13295
938177451,4056
938235545,16770
938259772,28939
938308275,21047
938388166,25240
938390125,28938
938512753,14578
938520407,3544
938606075,22161
938765588,12650
938808780,2371
938811470,5831
938961419,27543
939008671,23103
939040788,9422
939049650,2520
939097719,24121
939187402,16765
939203962,17042
939272124,28814
939305363,15111
939427789,21584
939436905,14930
939509290,22655
939560864,1136
939735022,21095
939766490,4971
939773567,10293
939842827,25629
939915423,14523
939934332,5951
939943303,4328
940011976,6681
940031679,25239
940045546,6367
940153450,1515
940158318,8639
940202235,20527
940254888,31410
940398239,12737
940417773,12741
940549010,24189
940632605,16678
940684371,16692
940725432,16692
940783063,16692
940820646,10379
940860103,16766
940860668,18428
940924437,24542
940926231,24252
941006824,16692
941015402,16692
941056114,31153
941070200,16692
941082987,17462
941087544,22878
941098606,16692
941112114,22878
941134105,1139
941160477,16692
941175206,1719
941253320,16692
941289668,6621
941308337,20917
941527191,12610
941541572,20125
941560418,16692
941582125,18188
941705488,22878
941757019,13061
941773276,18859
941773730,16692
941807646,16692
941813546,14523
941870929,16692
941891237,16692
941892350,18331
941893563,12962
941907295,13052
941935060,13571
941943765,23601
941972685,16692
941982532,24313
942001382,16692
942003401,12702
942037131,16692
942047358,16692
942050477,18055
942064975,16692
942093230,12462
942112945,17574
942135034,16692
942187526,20365
942197380,1507
942199615,19754
942216724,21888
942225403,16692
942245117,1365
942248661,16692
942261999,16692
942283471,1164
942287519,16692
942295184,16561
942302554,16969
942308050,13111
942314518,18054
942325205,16393
942357218,19771
942368768,3901
942371465,16692
942374807,29566
942378709,12923
942430023,19069
942434356,29078
942459716,25276
942459947,7942
942502529,20867
942525929,2027
942564466,2029
942567249,29073
942617497,19069
942679469,25286
942683821,19062
942703161,12641
942719921,14871
942854492,19069
942854876,29268
942879785,18510
942903144,19062
942954376,18510
942995732,7016
943015804,21302
943021384,16692
943038596,1374
943053237,1165
943075968,3482
943096428,19062
943126323,12288
943134340,29076
943148456,27123
943177599,19069
943242544,25285
943294916,14876
943307186,19069
943344463,21734
943361159,24926
943365831,19032
943367733,15508
943412121,19062
943426200,19069
943587835,19062
943596930,4329
943614232,14523
943615915,25807
943629309,2083
943654086,25284
943664179,16692
943671504,15112
943736387,23018
943777648,19480
943840248,16122
943924907,13277
943925302,21016
944019478,32385
944044935,28872
944105261,31060
944106888,19069
944116500,20867
944171068,33089
944176499,21732
944263254,19030
944291347,16770
944303244,1166
944333315,22322
944376675,27326
944431719,19137
944449487,31893
944466884,22681
944475828,13428
944492038,33088
944566773,14578
944572772,15002
944594103,33090
944637046,19069
944640895,10204
944689003,20918
944755717,19062
944765344,16549
944800951,22323
944805336,12869
944885859,22365
944912062,25220
944934776,6867
944942242,4415
944950736,12872
944953636,15407
944985294,2741
945021011,25218
945081907,4323
945109169,19069
945156773,1495
945179787,17494
945276898,16767
945296160,14600
945296465,25833
945399513,19135
945460905,23601
945515176,15075
945520506,22859
945537853,16770
945539695,26228
945549962,18996
945598805,2031
945618463,2430
945671298,33011
945758162,485
945760811,31132
945779283,302
945809845,1951
945877911,6036
945890737,3070
945921817,5056
945949642,5451
946013740,23712
946035948,19720
946062096,19062
946113707,32290
946138586,32000
946151519,21089
946161152,19017
946175208,17814
946175769,16351
946181022,19062
946225560,19739
946236175,32714
946246363,16541
946247934,18185
946279719,19062
946288035,20279
946321166,26610
946326063,5809
946361487,488
946384802,7309
946426820,24387
946433466,27709
946457448,31342
946464906,8094
946485853,19069
946491573,21887
946495107,5046
946500892,17605
946509531,33101
946539982,27443
946542808,5810
946561152,5117
946587801,5521
946612434,33010
946663063,29436
946667248,19062
946711715,19062
946719512,17124
946722505,32691
946763513,21867
946775388,19062
946784462,24459
946794381,19062
946810027,29102
946819239,21593
946821656,2721
946880566,2376
946903887,3978
946904362,24057
946959768,1162
946978259,5241
946988372,15476
946993621,5101
947032801,20475
947045231,5743
947067715,18152
947073413,27739
947073574,18287
947132656,6309
947151789,26155
947179112,2377
947232039,7238
947234765,2085
947253549,2642
947264482,27618
947275739,8068
947286263,5100
947296988,5102
947301882,24929
947325797,6312
947384031,3694
947387536,19894
947477072,13791
947532387,30227
947588598,1867
947592503,17230
947612522,19929
947629418,29147
947650587,8288
947738328,19134
947738912,29089
947830796,20996
947887743,6524
947906685,20301
947923911,25535
947967697,1866
947970328,29148
948027627,13335
948131789,15028
948140509,27031
948142291,18078
948153701,784
948173336,16480
948173416,1795
948177903,4824
948207634,31314
948210198,22913
948222342,29435
948271706,11914
948289618,1146
948291179,13621
948293011,20867
948300557,1798
948309599,31319
948321192,6500
948335096,1720
948338790,14578
948348460,29549
948359434,4867
948377246,4608
948404581,2572
948424725,1791
948433467,12826
948447690,30227
948447881,31316
948478465,16285
948486405,21044
948502940,22371
948506768,15996
948507442,4011
948511883,24509
948516733,2571
948531837,21966
948536351,4823
948545208,31315
948555586,276
948593591,6759
948616564,25868
948630923,18559
948638012,5467
948653091,29437
948653438,2611
948687718,31320
948745038,4504
948776815,2574
948780083,13492
948785224,16033
948792930,1796
948819523,1797
948828358,6537
948859879,31321
948898845,21043
948928887,18535
948929880,19136
948945355,1792
948958419,19143
948960761,6308
948974941,26741
948975252,15113
948992737,8287
948997058,17124
949009593,4516
949011392,2575
949029680,21016
949033080,16274
949041524,31317
949089311,15114
949108690,31323
949120912,14776
949121316,25867
949256027,594
949266054,26628
949281006,1175
949310801,27190
949375898,27354
949493435,31313
949512623,12685
949516720,23890
949568179,1833
949580007,31318
949597462,17217
949609123,22103
949633914,3155
949639427,27188
949665406,17252
949737206,3378
949758692,12499
949766364,11906
949882149,27514
949889463,23903
949900862,19459
950100286,18110
950131238,18814
950163346,18138
950164024,21010
950205432,24161
950251104,23521
950281189,29592
950292189,4132
950381762,12342
950393819,8793
950400253,18756
950431042,21309
950461156,7063
950491079,8638
950517332,26789
950546256,15338
950611285,21008
950638317,16122
950667984,12839
950776373,7471
950827181,6326
950829569,16901
950832920,15265
950836439,5971
950837907,6982
950889835,23904
950891173,12736
950904801,1668
950909293,6983
950954804,1155
950973485,22370
951029335,24718
951079105,16587
951092895,27357
951132524,18996
951215023,3107
951299455,13423
951400362,18305
951438078,21733
951455939,22103
951519245,12145
951539543,9437
951608762,7659
951620563,1834
951638292,21192
951639174,6418
951681786,6419
951826789,23491
951863803,27956
951926996,27077
951939048,19839
951959719,22103
952018351,1986
952087101,18150
952089603,6575
952111908,23347
952112993,12152
952165137,13421
952204495,24305
952216221,27351
952263319,1335
952302166,14578
952336898,24979
952410830,21352
952421943,27394
952447117,27426
952447329,27430
952478454,13235
952502208,13733
952516867,17709
952527199,1478
952528824,27395
952543053,15697
952614035,2757
952616474,1481
952618326,27427
952622780,18998
952659788,15356
952673362,16583
952680045,13732
952714928,22740
952718587,1480
952750070,13116
952750767,13234
952768854,16622
952781197,15354
952793336,6525
952816188,23503
952820199,1474
952832803,1471
952846737,16679
952859882,30556
952872140,1451
952872681,2037
952993173,16785
953025623,1777
953067578,27044
953124337,26106
953134337,3965
953162928,30609
953166043,198
953171832,3964
953180901,10956
953209180,30000
953219878,13497
953220961,21178
953245018,20024
953257480,1460
953286041,14779
953298544,21164
953311555,1466
953319202,27352
953334335,1456
953353710,31371
953378283,15597
953434539,1457
953447528,27359
953478296,19072
953494785,27360
953501629,1445
953515783,27353
953526082,1533
953532243,19073
953536385,27584
953607941,26500
953611970,1452
953626666,31468
953628959,2534
953633293,1449
953687267,1447
953688789,6808
953758336,1848
953771933,25193
953790604,1446
953798221,31470
953804054,1475
953818585,1465
953823206,24557
953824619,1849
953825143,249
953829827,19610
953833875,19068
953848439,1468
953953173,1473
953981591,31349
954019710,20233
954025019,17704
954034413,4938
954069440,31348
954104478,15054
954111336,1462
954116755,1476
954137090,12469
954147988,31469
954181132,31220
954185991,24613
954200025,12730
954237453,12516
954238879,31655
954256050,16296
954280492,21074
954299578,27866
954387468,31654
954398532,19060
954421451,16680
954432603,25564
954458569,19060
954467270,14523
954524431,23804
954575116,2817
954577023,26236
954591387,21218
954629871,8732
954655147,20512
954676469,22978
954677251,19901
954713498,22932
954744684,17833
954789024,22041
954791163,19064
954819635,15444
954819816,10961
954838992,10599
954916259,842
955008875,3159
955018585,16268
955043230,25074
955048300,10595
955060816,4527
955075566,16267
955099766,11033
955111806,25277
955114108,10596
955153975,27082
955167157,202
955261975,4526
955286181,8069
955313359,10598
955315255,841
955362606,10600
955399819,15998
955424274,10603
955433457,16989
955441355,10597
955444774,32212
955458430,18871
955458971,22041
955485434,16681
955565320,17580
955571540,25714
955580552,20288
955587010,25719
955609156,3280
955615390,16693
955635650,23016
955636671,15499
955642496,3256
955673677,16623
955674106,31510
955689217,22045
955725034,19765
955733683,2256
955739221,21008
955746407,21584
955764881,24177
955777400,2257
955789718,20127
955806858,15109
955813891,14554
955829690,14777
955837685,23016
955839407,13253
955842647,8960
955843789,23014
955849651,17239
955851473,17239
955852537,22041
955863185,16245
955870845,24557
955883475,23689
955883857,15948
955890815,19123
955901526,22046
955915069,18544
955920114,18545
955923382,20051
955940682,21016
955967329,19197
956024088,20512
956024756,28542
956040822,11033
956041621,24557
956061612,1851
956072235,22306
956121858,21189
956136021,20365
956163979,25723
956164121,13342
956168844,28781
956184035,1274
956191870,27929
956196678,20512
956209809,22047
956211575,6188
956214974,27115
956222035,18872
956223356,28894
956229032,24932
956232000,17156
956240796,21003
956245072,19196
956247710,1359
956251025,19364
956251422,8973
956253892,28327
956261854,19060
956285801,4499
956291204,18565
956309597,21003
956311675,1852
956332932,3295
956335405,23014
956335904,18546
956367929,24157
956368363,20867
956378557,18524
956418031,15522
956421370,5453
956428299,5452
956432419,15109
956437785,31510
956438563,9661
956448691,20108
956459491,21038
956462897,19060
956488127,28348
956514333,20867
956521484,22524
956531653,24025
956536639,18547
956552374,18873
956555530,21408
956561192,6607
956581098,19066
956585054,20108
956596827,13104
956597207,22664
956599653,3216
956625978,23016
956627661,3140
956646423,21039
956706258,15115
956717815,31511
956720781,605
956735881,23016
956736321,19060
956765909,26846
956805078,18548
956811125,12513
956813040,24557
956813041,20867
956814683,26514
956833317,23601
956845325,18874
956857058,18875
956877296,20365
956896787,13745
956906154,2949
956913642,25873
956946204,29079
956990169,25861
957012820,25872
957015356,17818
957081114,32922
957093588,24795
957108213,25905
957141897,14947
957201064,28621
957215941,23168
957234399,29973
957258373,18502
957286584,25874
957345554,29966
957360944,6610
957387877,18504
957441111,22401
957454202,16932
957454249,18503
957484436,17823
957529637,27079
957538171,25311
957539098,13746
957554690,29074
957588056,18505
957594110,4932
957683704,29013
957758175,26664
957761970,8551
957834771,6461
958019901,11830
958083951,1128
958095017,4471
958101971,7538
958160794,892
958172369,21412
958178324,15044
958204797,20307
958207712,13218
958234050,3506
958244298,2009
958262782,23229
958266291,1420
958327071,23635
958332070,11796
958337838,21173
958402049,4134
958402862,14652
958449191,7462
958519826,17304
958538427,2012
958564732,10140
958603127,20309
958640834,27552
958691939,19766
958774157,16876
958781437,21283
958832140,6466
958890323,10202
958899891,16587
958912069,7570
958924654,19803
959019873,15138
959020760,30165
959089794,222
959263518,9714
959280982,18583
959300328,11827
959300430,28117
959310239,6451
959351602,11406
959358962,4975
959393497,23549
959431704,5861
959466911,17060
959498567,11801
959555606,8935
959575485,24455
959657899,10152
959673680,15947
959752789,4482
959824745,21253
959876632,22442
959950263,7548
959997819,27568
960000983,11661
960018195,19271
960052887,20867
960085297,24557
960112493,15109
960119732,21841
960130681,24557
960132493,1419
960155846,17451
960207272,21041
960258297,893
960363360,3855
960399604,21035
960463136,3397
960567418,15597
960638410,2013
960638422,21030
960731627,21034
960764333,24537
960841755,16588
960851390,20306
960852662,2004
960884368,27432
960919269,20992
960959591,21032
961003234,23923
961021080,21031
961129674,31084
961140175,19061
961159227,20308
961183311,1434
961189319,5356
961209284,13422
961212826,23225
961225236,1787
961242034,21033
961243085,10240
961245923,31312
961275345,13376
961284438,13279
961290100,15885
961299630,5483
961306007,31322
961321977,1579
961331040,31324
961351592,3282
961363798,12875
961412479,21040
961432659,21042
961475381,23227
961475481,29548
961488798,16742
961497335,668
961557930,13535
961575131,284
961587374,4632
961595036,29691
961609220,31326
961626055,4481
961630002,1173
961644626,21037
961700811,14301
961732024,15491
961732409,17682
961813697,2761
961831146,27490
961853471,29267
961896298,22524
961897180,15109
961935044,17239
961936797,19766
961953015,22864
962031204,29270
962033661,22929
962062583,6452
962103714,27970
962110263,29281
962129095,19771
962130015,29692
962138149,18222
962151914,24538
962171065,5505
962179881,17835
962182382,25835
962288948,18876
962295719,16079
962307821,2563
962319241,18877
962327848,25836
962328398,17834
962341966,12534
962373010,20108
962374116,29939
962434129,29272
962442926,19765
962444882,3162
962474535,13396
962499299,22562
962512278,29277
962519211,23575
962527401,24111
962543006,23582
962600903,29938
962602927,24430
962624207,15820
962637044,18186
962692836,6909
962764596,20365
962789478,3707
962833316,16122
962866454,922
962876570,21762
962925632,24154
962927306,28806
962946941,3069
962954574,6790
962990819,3382
962999334,916
963005844,19766
963008346,19273
963049775,2267
963065675,7234
963069404,16487
963079279,24575
963100767,18614
963159572,14921
963164197,16255
963176484,19766
963187042,20365
963189691,18524
963247815,22443
963259422,18211
963261067,27310
963298691,22970
963305584,23601
963345471,5718
963361686,7375
963369154,21175
963399895,28344
963439045,17059
963442425,25949
963467922,21768
963476635,17486
963485270,16462
963517005,17303
963598614,23465
963601188,6523
963634364,22098
963644125,22979
963662854,645
963666286,17061
963671362,4825
963676880,16461
963705358,8091
963707701,17048
963712224,22238
963722232,24240
963725125,6374
963732187,17058
963737648,16120
963747478,17975
963758532,4433
963794310,10592
963803455,20398
963815699,22926
963901406,27106
963909064,16454
963940752,22099
963991435,3077
964034864,28343
964041391,5518
964064482,15602
964091381,22927
964127113,15283
964145077,17054
964166228,24252
964197073,29077
964212321,20739
964224491,18528
964245012,991
964255520,15109
964283991,26702
964291006,12684
964293694,30437
964314389,24289
964325982,19649
964335955,25770
964352389,22724
964365609,4596
964389893,18221
964393905,2483
964403546,4634
964410937,18524
964413991,21598
964415540,20511
964429998,6424
964453499,2648
964458804,17239
964481992,25060
964491054,2217
964514506,616
964517476,16122
964519019,6232
964537312,3229
964544002,22041
964549242,18652
964579099,32812
964587351,20511
964594307,24252
964599247,24575
964608298,15109
964637101,14523
964684634,610
964686684,27075
964734830,6147
964751925,20108
964754835,14759
964763638,24982
964765961,2829
964818459,2410
964842787,4714
964847777,18818
964857083,22041
964868961,10066
964878253,1278
964891797,992
964917770,13450
964930704,31935
964961568,20738
964971737,14629
964979532,13523
964985340,22468
964994395,7236
965021499,19144
965021529,990
965082400,15466
965100222,27078
965128932,13549
965131255,29985
965168961,5715
965223820,21174
965262067,15465
965291877,29986
965298783,19150
965326338,12579
965326805,31106
965331352,2221
965362701,24383
965375202,21945
965440542,23483
965484299,16547
965489881,13548
965490834,20713
965500598,24497
965607436,4422
965616087,19765
965633669,30932
965649081,20109
965658694,1487
965678340,29987
965720791,22103
965724703,15466
965767414,13484
965853686,29545
965880981,33107
965947733,15295
965973445,16558
966080232,17460
966141054,20109
966147482,2849
966156432,9750
966236388,2848
966241463,24556
966291931,23917
966314741,19060
966342572,14710
966350160,14713
966390975,5719
966410874,13755
966426109,20028
966439586,16510
966441820,14712
966448680,29253
966463532,14715
966471388,14707
966478460,18878
966481076,31810
966512811,14719
966523424,2082
966558380,26795
966566846,14714
966596423,24058
966655009,4635
966665623,18690
966695258,4106
966695879,14713
966702086,21189
966779505,18951
966796508,8266
966828690,15251
966829911,22931
966850555,14714
966884952,7119
966906347,14717
966947589,13130
966955979,28805
966960998,14718
966964988,19318
966975976,14719
966979364,19316
966980997,22922
967041955,18995
967077421,14711
967078962,26627
967118020,16260
967125032,23003
967130362,5717
967135454,9374
967197457,15255
967212625,9373
967221523,15256
967248530,14716
967285682,5716
967308870,6405
967309209,21785
967311928,29640
967313205,21569
967325030,15597
967330330,2034
967333247,2569
967350393,23004
967401628,5630
967407876,21011
967429429,19351
967479785,16582
967495215,25698
967511460,619
967546679,22442
967557956,10957
967575519,6699
967670460,16532
967700532,16522
967720448,22923
967726969,15817
967803888,12512
967817674,10962
967821906,20108
967844744,12514
967851040,17276
967869534,23738
967872312,21960
967876568,25699
967972086,23304
968000622,16517
968013732,23014
968023383,13577
968025727,17239
968046864,17284
968062161,28933
968062906,28349
968174097,24153
968185524,22128
968208241,15006
968304311,3120
968311985,1775
968323468,16514
968389433,15997
968402204,5622
968413348,17465
968434795,13532
968435445,19991
968466303,15360
968505698,19765
968508504,14708
968511621,21407
968595316,18879
968615802,19584
968667245,21189
968669724,5621
968687429,16533
968710183,23689
968721719,18524
968769923,15247
968777475,16511
968786926,14763
968794239,29633
968814210,18954
968823582,15358
968846541,23016
968880289,23016
968909037,18221
969001243,25209
969006224,20172
969032460,17695
969053426,21882
969078990,22965
969123793,26262
969134951,23736
969145234,21984
969159301,17696
969171049,29745
969194207,17455
969199368,32065
969221570,15499
969261430,13362
969272945,11023
969361433,18524
969409227,23304
969419517,17578
969462723,8267
969484959,16122
969488105,21987
969535464,2250
969546900,4324
969576461,14709
969585287,4353
969602390,24252
969671390,16570
969688162,19060
969744151,18222
969749103,3078
969754199,6465
969789564,1304
969817494,14904
969824615,22041
969863680,13222
969908056,23457
969909224,15597
969929121,4640
969953261,19979
969953263,26625
969963628,15109
969981410,32066
969994298,21131
970001507,13232
970011361,14557
970011837,13233
970034144,17261
970063308,21131
970111928,13337
970162888,12724
970162973,21131
970172105,20654
970197019,29004
970265613,22970
970268810,12544
970293495,12948
970465167,23304
970534390,19330
970563721,23443
970575291,5127
970637514,18880
970663144,1125
970663185,13418
970709438,12851
970713117,22970
970828683,17604
970861793,18881
970908338,27305
970912023,22572
970944609,22970
971112116,25114
971236159,31341
971248586,24309
971407057,5589
971463644,19102
971666750,13250
971844668,18938
971853237,16122
971858263,25843
971870417,19712
971891999,25320
971936705,21593
971936938,16876
971968922,13274
971983882,27396
971991769,18549
971993202,22041
972031161,22042
972061455,4869
972109787,22559
972118907,18549
972121945,27404
972133257,17654
972134958,12714
972140087,24557
972157216,20867
972211032,7230
972248565,7067
972265853,1054
972280292,7066
972312970,31066
972339918,18915
972342501,16122
972344561,24499
972357618,16237
972358221,18521
972400321,16360
972420447,19183
972437458,14767
972473480,12861
972502278,12859
972502630,22041
972523616,16237
972564975,20867
972577683,4778
972583179,16682
972625742,19622
972652175,31661
972672723,16683
972692372,13275
972703493,22042
972714568,19512
972729051,17685
972729226,16624
972745576,26587
972774378,13531
972783863,1416
972797478,1412
972799498,19903
972924748,13538
972941880,10394
972965807,14523
972966245,1415
972994547,1413
973004439,13445
973107454,5745
973123522,16684
973147043,12905
973214761,15116
973215862,1417
973226851,16355
973243370,22399
973245570,21947
973277604,15364
973292825,15965
973297637,19145
973425314,23627
973441373,4725
973510755,17476
973512958,29005
973649941,15492
973742158,7243
973780342,14183
973968490,12541
974047879,6958
974261820,19274
974309025,12992
974392208,26858
974679629,18957
974681356,16477
974724835,21584
974809985,15036
974836963,10259
974837353,24499
974838572,1524
974885728,29991
974953472,15030
974977322,16013
974983722,20867
974994839,23411
975005251,22174
975040695,20409
975048459,29989
975148486,15037
975160609,27095
975198852,14523
975214812,24499
975230707,27012
975231854,23015
975243110,29990
975315779,4477
975317464,18080
975354862,15031
975460131,16512
975498898,25697
975500933,29988
975564694,15040
975627073,12945
975645541,12463
975704477,15910
975718807,13490
975741243,283
975785085,3497
975821797,6074
975856090,24174
975860180,18390
975895998,16529
975901660,21036
975910630,13491
975915510,22432
975916337,29017
975928410,11601
975939371,16536
975968895,21866
975980522,16521
976004135,3533
976009975,22925
976097207,16440
976108277,31667
976133634,13292
976138339,7717
976212577,1689
976218243,27839
976312183,4586
976331199,2921
976350111,16585
976439486,13034
976443127,2824
976495905,14778
976558649,1237
976669164,7715
976676381,2926
976680106,2651
976748060,2825
976829667,19060
976844110,19824
976862601,18073
976885580,13010
976897218,5354
976899495,29455
976901921,7474
976921070,25474
976944120,22741
977003500,4336
977013792,29082
977025921,16534
977041263,12019
977051751,13055
977072558,280
977119843,20867
977130111,1228
977170937,19103
977233623,19060
977240581,19060
977245873,16992
977274693,12703
977279820,15438
977284088,1229
977291223,19060
977355149,17284
977389732,10919
977419083,23636
977442324,10229
977447452,21969
977459175,26607
977507896,13537
977531985,20867
977548621,21107
977557141,31495
977557609,19060
977600426,14677
977643304,15249
977656312,10231
977674665,29027
977693612,20202
977704233,32230
977725527,15901
977778516,10407
977805103,7516
977828456,25765
977850796,1218
977856704,3958
977880613,13168
977901925,2927
977912690,21968
977914850,26856
977939062,6464
977956551,18605
977968715,18582
977972853,16276
978001466,24580
978058881,4072
978069922,10918
978070880,4073
978074845,29026
978078332,21552
978124070,17945
978139374,19104
978156602,13528
978259469,21391
978290020,8874
978301797,8875
978362935,21107
978393717,23088
978510321,13469
978526395,3019
978550969,15302
978562350,23666
978617935,860
978649082,4508
978649757,24485
978672432,15901
978731982,5050
978781197,12778
978839807,19568
978859717,24476
978862123,7380
979008914,7814
979074314,7815
979087533,12837
979158008,24558
979191386,5067
979200574,22833
979260777,9408
979264994,25925
979297794,7818
979352539,26112
979359403,7816
979390373,16526
979474604,7819
979516241,19009
979580178,10601
979671294,19184
979783785,19107
979803032,23291
979808478,16360
979816356,2535
979840939,17284
979849171,8070
979876270,23088
979936991,398
979983483,5078
980010844,2628
980011538,24166
980015256,15432
980020821,33130
980024066,2627
980064552,15448
980100462,3287
980101458,13560
980114312,33053
980121020,19317
980270434,7817
980284151,19848
980287363,5667
980334711,235
980373567,3424
980401385,1217
980417517,20206
980424604,2537
980485355,26670
980506028,2640
980510997,22922
980528276,16516
980529671,858
980537270,22316
980560149,19255
980571836,10602
980687836,2650
980724811,10776
980728582,16641
980731506,23842
980753689,14235
980756612,26686
980777193,1102
980778051,21881
980779168,15965
980823901,16643
980858882,30562
980877370,19315
980900756,3676
980903670,21591
980916739,17775
980976871,1933
980983985,16357
980989410,1262
981007201,15949
981021272,21000
981035972,29631
981070350,24049
981087424,19060
981145936,28644
981168526,17294
981250091,26859
981277341,17774
981286464,18562
981311236,21759
981329772,31300
981332468,4844
981375001,15943
981395139,3226
981397215,17137
981403547,6228
981456868,2072
981459903,15252
981484229,26395
981517188,30641
981569493,26394
981574301,30640
981663672,25319
981772422,19229
981787094,30643
981807442,26384
981881503,30266
981913699,28450
981965087,30644
981985177,20696
982000927,30263
982027569,23019
982048207,5816
982095402,30268
982152472,30264
982216333,30267
982255987,28831
982342625,19653
982417324,225
982431879,23893
982470888,30642
982536007,17592
982553390,6178
982577303,11067
982595983,19395
982631533,18393
982631563,2966
982747645,12767
982759602,22521
982809067,23141
982828946,4240
982915748,18434
982977312,24557
982998470,17282
983008926,10791
983156110,13665
983158491,12765
983169318,6176
983178688,11159
983244587,12777
983257979,9769
983284012,7718
983296662,19495
983303698,18542
983377731,18542
983485224,7593
983497356,10480
983509787,13458
983643281,20939
983770483,15467
983773365,4239
983783933,10606
983841243,8879
983882524,17239
983915372,23299
983915504,20597
983948955,13516
983965897,13468
983977907,26541
983981570,20283
984112734,19396
984149870,1939
984149925,18446
984171933,20297
984181924,23298
984199799,7475
984247311,17239
984271190,24179
984290181,20465
984321851,16675
984336994,4239
984358158,4182
984438440,879
984445550,20441
984483811,11068
984487603,14776
984495831,27060
984512749,31936
984525958,13515
984610217,28332
984660908,15739
984719320,3192
984792988,16519
984818189,21053
984921465,22863
984949834,1883
984986118,13353
985026515,24164
985041200,13352
985140829,17407
985197877,12652
985268445,17406
985293792,24318
985330676,8800
985345777,13533
985414465,8796
985426349,21107
985563615,8801
985647033,17408
985648576,9360
985662729,5661
985674442,3102
985701481,745
985754524,31794
985768989,2360
985778390,4181
985795778,29910
985796147,18689
985925699,2433
985965448,29490
985989378,3243
986003478,20363
986007751,18098
986037339,5143
986110132,10481
986253928,22470
986257990,21953
986399518,5363
986404661,13293
986460101,2428
986485150,5358
986577593,10591
986601922,10869
986613559,16589
986671594,5590
986721076,12653
986727720,5359
986767018,1402
986824758,23916
986895303,1398
987006427,32033
987033387,2659
987078607,5662
987113732,2444
987194274,32034
987308366,2658
987333693,4346
987343104,1736
987382762,16525
987400799,11489
987503663,29523
987573425,726
987676294,7911
987689008,24261
987705279,578
987710728,16527
987725794,22480
987903983,33319
987909374,1678
987943605,11490
988038733,32364
988081949,2967
988130205,20596
988177872,20939
988217436,21012
988252903,10701
988272739,20644
988292750,21948
988378441,21016
988397731,4541
988540345,6121
988550765,17777
988558340,13367
988612570,17239
988638776,29236
988653162,21592
988655504,14423
988659232,7137
988663030,15392
988700184,16642
988760528,6611
988855890,24243
988856077,26690
988889840,13467
988928839,6119
988975180,18882
989046208,23360
989066848,25995
989094981,5361
989095816,5355
989122274,13521
989191419,15819
989192478,20798
989232897,3089
989262876,21135
989299861,2198
989328250,19498
989478148,18392
989490228,18222
989491109,30629
989626668,18883
989673553,27844
989819939,15884
989864969,12662
989932966,22041
989935771,18496
989947997,15687
990020136,1028
990126008,30629
990327731,5362
990366956,20365
990477673,4274
990483328,19771
990497504,32064
990523279,30359
990598146,16104
990627818,16846
990763017,16763
990782619,16625
990787853,2257
990845603,15940
990866756,15964
990888395,4219
990893155,19217
991044648,13112
991058442,20860
991095102,16626
991151920,16627
991195770,22041
991233137,24780
991245150,15339
991254794,22013
991297068,18549
991325486,18556
991354563,18221
991365380,2178
991385737,24499
991430091,2256
991483564,12886
991486551,12700
991550096,21858
991645551,19930
991649266,16442
991652240,19925
991671076,30973
991702941,19253
991728061,22913
991740959,19060
991774786,17434
991780344,21054
991803630,19217
991819279,15406
991840023,23710
991853753,33097
991912804,17443
991939034,15402
991950209,23652
991959492,20284
991961176,21814
991973038,20298
991980660,23908
991985133,19109
991991036,15410
992000130,16062
992021890,17446
992039629,17095
992050227,25695
992059419,20286
992097392,18792
992112336,16878
992113515,3075
992131954,24371
992135965,20289
992184814,20858
992198116,5449
992212032,21300
992217411,22043
992267548,18586
992324890,17409
992351520,23443
992409259,18596
992420118,26902
992421838,18597
992450300,18047
992517823,7943
992553897,32046
992583740,9022
992596255,18586
992616445,18047
992656741,20041
992676994,22043
992678277,1670
992725047,31872
992735384,30295
992738533,31879
992739057,23184
992741093,23180
992755573,30505
992756693,31577
992757588,30300
992768012,17757
992769858,31200
992779888,30316
992780271,9555
992781068,3196
992787037,31658
992788272,971
992789728,31496
992791885,30315
992801666,23185
992810989,30727
992813309,30983
992813837,31832
992818808,31104
992820616,31775
992823942,26525
992828710,3445
992833019,30061
992849046,30323
992858942,30771
992861876,30864
992862554,10422
992866333,31363
992871135,30545
992878822,1424
992892991,30343
992902253,30936
992905556,30630
992906261,30326
992917576,3447
992927116,15165
992927700,30860
992929311,30729
992930017,31973
992933432,31612
992950881,31555
992960150,31374
992960875,30301
992964599,3710
992967386,31730
992969194,30980
992980128,31221
992989481,30829
992991385,30407
992992235,31229
993000365,31548
993002372,30296
993010763,23550
993026516,23191
993032696,30311
993033769,30720
993045038,32376
993058848,20405
993066713,17739
993067748,30392
993071811,32013
993079609,31828
993087689,31980
993090982,30981
993091034,32017
993098724,32298
993111418,30557
993111986,30935
993119721,30785
993121698,31234
993132988,30313
993136167,4305
993141542,463
993145596,30289
993158350,31867
993159595,10398
993162423,722
993163573,30722
993185743,21491
993188116,4603
993189329,6165
993191821,31118
993194144,31112
993212109,11162
993220436,8939
993221234,31107
993221977,10607
993231503,31110
993247683,31545
993250404,14621
993255240,31182
993257745,31858
993258918,32044
993262421,32302
993301288,31830
993316686,31676
993330578,30320
993333837,20114
993348620,28486
993349967,1371
993353053,16418
993366969,17733
993369095,31185
993376164,32298
993378019,31735
993384692,31659
993385180,13472
993403933,21172
993417118,31305
993420418,31570
993425036,30831
993428567,30414
993430172,23203
993444960,17710
993446250,31982
993459541,23175
993469474,31460
993478648,31578
993479404,31120
993487977,23193
993500556,32015
993508996,30882
993513850,30371
993514067,17165
993521367,24181
993528759,31571
993528827,31028
993533281,30891
993538649,16423
993541190,727
993548324,30342
993549300,30409
993559077,973
993568962,23186
993583633,23201
993591207,23464
993597920,30728
993601635,31261
993607716,30384
993608621,30866
993611172,31974
993614769,32016
993616003,17732
993631460,31621
993634358,31894
993634466,25316
993643036,23190
993646995,30589
993662016,30559
993665962,31114
993667756,17734
993676361,30413
993683466,27582
993687841,31556
993689273,31834
993691491,31119
993695123,23472
993711325,32304
993718030,10873
993729902,31765
993751122,30547
993754861,4605
993767321,23819
993768091,30162
993784739,32014
993789890,23199
993793363,31462
993794296,17744
993794971,9916
993796419,31887
993799247,31836
993800311,31231
993804121,31977
993805079,725
993816758,23024
993826222,31881
993827220,30406
993833721,19447
993839867,5367
993848402,31027
993868047,25851
993869219,14474
993886784,6408
993932653,25567
993949644,2008
993983165,2008
994092847,6407
994165156,5817
994184977,5818
994213948,30630
994242425,18121
994245858,13420
994265497,14478
994311274,10702
994324609,10762
994347512,17273
994379718,33128
994394397,23304
994401976,13473
994455170,14706
994469026,32298
994469668,5968
994483446,33263
994502626,6164
994509274,27922
994540135,27924
994541963,26617
994591396,20863
994595927,14293
994640412,27923
994681897,24815
994725225,29613
994726022,24818
994777706,24816
994801937,1965
994828193,30265
994830359,14298
994849448,23178
994859827,27925
994863782,20062
994882702,29162
994925916,27921
994927043,24817
994930516,18884
994942394,27898
994983796,7400
994999385,3892
995036276,27926
995047564,4890
995066556,11163
995067106,21784
995099223,22908
995107069,10870
995123501,4460
995133845,10423
995189888,14775
995195813,24499
995200054,22912
995216589,8940
995245011,14475
995248142,974
995249449,23038
995262313,29671
995269153,10874
995270950,29670
995282115,19070
995294179,20593
995317419,14776
995357525,20466
995358249,1425
995439769,14776
995449400,24498
995557933,16772
995559162,3711
995590853,5447
995611159,972
995611562,728
995618442,24557
995625619,24500
995660643,1372
995697146,9556
995700178,16047
995705232,20888
995724367,21013
995725643,25994
995741914,14778
995754635,19733
995777483,19272
995805847,19732
995841673,19362
995863016,22907
995879791,24496
995885223,9912
995886353,22449
995895620,3446
995906312,10399
995930287,22183
995942237,19734
996030376,18153
996130773,19060
996246678,5781
996291758,26660
996413704,24499
996450799,14725
996460368,5513
996507713,22346
996660902,16713
996700586,15550
996798760,18250
996832650,12485
996952032,15745
997062086,16761
997275109,16494
997282086,23845
997448625,15117
997469544,16688
997496048,19117
997500944,11031
997514485,25281
997539205,11790
997662199,21320
997715213,16610
997717041,21167
997729307,17590
997732173,24284
997778168,24974
997784849,17471
997832048,19105
997879952,22973
997882151,5062
997921698,13336
997959105,27355
997964063,22973
997991306,13115
998002324,22173
998027460,24978
998041561,23171
998122510,28506
998144757,13345
998155587,20929
998201540,10826
998209531,21831
998232612,2177
998244677,19110
998413438,388
998417711,28937
998419665,20222
998437397,14725
998441847,7737
998472222,20647
998560685,15619
998566821,31334
998567166,21760
998583031,31116
998606046,9557
998624872,5782
998730041,16101
998743072,27464
998756735,24576
998787100,16994
998796517,30657
998807302,14956
998826443,20968
998841228,5660
998878305,23140
998891787,19546
998892218,13972
998946105,24663
998993272,7046
999005557,23733
999044228,27464
999142298,24103
999175268,11819
999177031,3702
999196374,11807
999249774,9530
999279806,6626
999292841,21807
999324154,21232
999452534,23963
999461808,20310
999494881,15730
999507838,3104
999511563,21895
999522756,15890
999537230,23860
999605784,1960
999633011,23964
999648372,13933
999655492,20153
999730480,19060
999731595,24117
999823143,13071
999832727,13448
999875945,20677
999877538,14239
999930510,16039
999973213,14726
999975439,19933
999996647,14726
1000077678,18585
1000100698,7912
1000113054,33194
1000149969,14726
1000166760,16943
1000304279,13051
1000306876,24557
1000354807,29093
1000367703,23322
1000426538,15118
1000486377,624
1000488306,17295
1000489164,18687
1000508853,23839
1000510072,11915
1000656051,2910
1000664245,18584
1000749660,13035
1000754712,32303
1000789832,18674
1000813567,13223
1000817543,14804
1000862407,22103
1000887176,15595
1000903607,15119
1000909248,23182
1000988218,8832
1001040103,23035
1001079382,16950
1001135174,3416
1001164122,15945
1001173315,11622
1001227679,22923
1001262658,14545
1001347673,18562
1001405249,1108
1001436205,16080
1001467543,22931
1001470657,3418
1001493273,23309
1001573296,12498
1001603430,26774
1001657160,32452
1001674701,16954
1001724125,17607
1001747776,27757
1001782802,18885
1001783640,19963
1001786915,18250
1001787666,6480
1001799135,15946
1001808054,16953
1001809806,18122
1001814748,14964
1001891946,24182
1001906898,15333
1001922506,16952
1001941665,18222
1002004030,12562
1002086396,22831
1002096625,21584
1002116588,3429
1002183105,16017
1002191827,17606
1002245079,21584
1002262631,7129
1002320685,20867
1002383316,3641
1002440846,30700
1002448096,6635
1002503073,19984
1002564246,26936
1002612154,22971
1002631533,19549
1002673390,24566
1002731103,22469
1002745965,19014
1002869311,16694
1002909386,23331
1002913083,19015
1002916755,21504
1002954825,22974
1002955702,10875
1002994858,23712
1003092336,23686
1003106953,18515
1003111715,21073
1003114233,602
1003119436,16649
1003131245,13251
1003145077,22484
1003151657,20406
1003280136,19113
1003362680,20936
1003449249,16031
1003462574,24460
1003502113,18709
1003533806,17445
1003574573,22483
1003620640,21504
1003700775,18708
1003718169,4275
1003740793,27634
1003760595,19789
1003785168,27897
1003818900,24279
1003836376,12125
1003838362,14523
1003951960,24557
1004000300,22923
1004003226,7398
1004027521,1393
1004037245,6618
1004074909,15120
1004095894,8853
1004112793,6462
1004117912,15121
1004150005,24280
1004245286,21227
1004273596,16130
1004285238,18481
1004287353,27633
1004293198,23681
1004322866,21503
1004325127,11025
1004346781,22884
1004374414,31544
1004425273,14553
1004435258,32298
1004487837,5187
1004541447,14414
1004541852,19632
1004591467,19631
1004631693,14076
1004644977,19253
1004658120,21144
1004665745,18250
1004677369,17674
1004713348,14060
1004831795,2216
1004889750,2064
1004902817,24557
1004910390,9734
1004948076,11554
1004966952,13705
1004979151,19630
1005050053,21134
1005073788,14553
1005088488,14388
1005115967,31890
1005215657,4978
1005219309,14297
1005220700,23039
1005243569,5049
1005258206,15122
1005351857,15253
1005357166,21490
1005371530,29798
1005531681,29638
1005724478,15544
1005807519,24281
1005824008,200
1005827581,21503
1005832479,24388
1005869287,1516
1005882954,20682
1005917910,21504
1005993789,17817
1005995743,19112
1006023813,21503
1006058053,19312
1006088072,16302
1006106520,23305
1006111150,15334
1006126841,22949
1006136205,21906
1006406786,15123
1006463432,1517
1006566889,4803
1006567210,889
1006567876,20867
1006604299,21504
1006631219,15976
1006654495,15844
1006738621,19934
1006770215,10903
1006784998,24233
1006795457,8784
1006799766,15100
1006802952,8797
1006895206,21838
1006915184,32301
1006928065,24337
1006994972,15254
1007001373,17966
1007009116,20573
1007072946,3404
1007115610,15124
1007157239,32560
1007165225,24433
1007185268,24586
1007191680,24232
1007193550,20147
1007205870,31297
1007341121,16676
1007360947,21443
1007411679,25113
1007430073,10792
1007453050,31186
1007478339,14523
1007542778,18886
1007626052,29154
1007683581,21190
1007721457,26105
1007745720,15676
1007808155,16365
1007810332,21014
1007834837,3705
1007951351,12249
1007952139,19935
1007963217,20919
1007964233,29459
1007968663,11075
1008047602,21485
1008060154,1665
1008088205,21146
1008108874,3579
1008117261,3706
1008122183,21008
1008123154,3489
1008146381,12248
1008150748,3115
1008180747,19366
1008229106,14523
1008247600,15125
1008312608,15126
1008315182,15127
1008324603,3577
1008369004,20914
1008415901,21008
1008452549,14477
1008556234,14576
1008589748,2017
1008627394,2018
1008640279,16259
1008677148,3678
1008774319,5215
1008826720,29820
1008893486,1664
1009017900,16482
1009028570,18625
1009039634,18867
1009045953,15848
1009054298,20920
1009060965,14704
1009111994,28645
1009122518,19936
1009135068,19937
1009141089,17716
1009162791,9627
1009188840,17845
1009190567,19748
1009261553,2057
1009262057,18159
1009287355,17717
1009291090,22011
1009333314,15849
1009357052,25501
1009407116,18887
1009459630,24557
1009463700,2016
1009496006,24130
1009504200,24282
1009515806,17718
1009548180,21015
1009601772,23711
1009611240,18268
1009618167,16640
1009640137,22467
1009653578,21147
1009664974,29243
1009676481,22510
1009762134,5645
1009848477,32994
1009862937,24071
1009959667,4064
1009974015,27570
1010004253,24366
1010040977,23061
1010056932,23832
1010065914,25562
1010067580,29242
1010119462,25287
1010152064,23710
1010174187,199
1010495068,13903
1010666469,16413
1010696665,32460
1010882389,20028
1010914025,19545
1010956815,23858
1011036610,9602
1011065407,31258
1011079335,25562
1011092726,30335
1011107459,21503
1011150030,3578
1011159890,15138
1011422829,16852
1011437163,10605
1011555351,18710
1011580295,7186
1011599400,7836
1011643214,22041
1011676905,18392
1011702434,5188
1011738625,14723
1011799480,18556
1011800278,20772
1011825884,20657
1011831741,15216
1011856596,651
1011894484,22368
1011903620,30718
1011949935,18475
1011957701,27628
1011961043,1073
1011976702,2745
1012038619,14721
1012072515,23708
1012098740,1079
1012104990,13724
1012157030,14727
1012172445,30336
1012183062,7969
1012183456,14523
1012214990,14722
1012216552,14720
1012226820,15751
1012229484,14721
1012263240,21504
1012302164,22368
1012315359,24627
1012318925,16971
1012327052,24024
1012345353,14724
1012353185,10421
1012370275,20655
1012405625,7551
1012407900,21503
1012538795,30945
1012554686,23305
1012560900,14576
1012732540,33092
1012750903,23711
1012758560,33092
1012788109,9603
1012793430,23297
1012877118,22568
1012934669,22056
1012944558,14476
1013017282,16258
1013120825,19139
1013265352,11664
1013291411,23711
1013375025,18471
1013446595,29915
1013586354,23500
1013602582,32298
1013646260,24163
1013810952,649
1013871879,20494
1013955116,15332
1014107853,17051
1014117011,22654
1014126299,23490
1014143202,22486
1014151327,18906
1014166308,5559
1014197747,21853
1014224206,23305
1014232648,21870
1014254384,15325
1014267916,32243
1014289431,23998
1014303072,18619
1014304162,18904
1014305438,571
1014343063,16568
1014345719,22049
1014349429,14558
1014364038,16939
1014370167,17087
1014380611,31354
1014382281,20532
1014414192,20567
1014426891,20485
1014433548,23155
1014456174,15726
1014462031,20486
1014473603,21065
1014479190,23474
1014483986,23435
1014485680,22861
1014503192,17198
1014531960,19938
1014533745,20408
1014561279,19266
1014576088,19047
1014579474,28454
1014589199,17283
1014590353,22103
1014595665,21570
1014599795,23859
1014631935,20105
1014664883,19592
1014716494,18799
1014719567,16412
1014761618,20788
1014775756,23481
1014796677,569
1014826230,23450
1014831479,568
1014842528,16633
1014864386,22243
1014865562,30183
1014866459,6506
1014894711,20123
1014937769,16401
1014941707,15724
1014942370,21342
1014952950,16475
1014955084,20407
1014958445,18906
1014985076,16151
1014991279,16900
1015004844,15720
1015025682,16776
1015027672,14792
1015050759,14500
1015058421,15712
1015068208,14694
1015077904,19138
1015083522,23838
1015098466,22527
1015098557,17086
1015104712,21186
1015127254,14973
1015130655,21872
1015146189,18793
1015161378,17995
1015166251,20689
1015178688,9361
1015194806,17214
1015206055,15131
1015248355,23840
1015255139,19570
1015266766,21221
1015284402,17978
1015338289,23305
1015351217,22962
1015402202,23305
1015410813,16967
1015418248,16768
1015445869,16575
1015481361,19572
1015497793,19511
1015543255,3415
1015572470,31294
1015631097,23504
1015669235,18389
1015670853,17223
1015673824,18336
1015686669,22689
1015691929,23305
1015704696,20941
1015730010,17424
1015751566,4304
1015757701,23467
1015799202,5454
1015801650,25929
1015908982,29293
1015958966,16960
1015998340,20923
1016019578,23332
1016040080,33140
1016052500,18535
1016102454,16698
1016134634,18117
1016176354,15128
1016177624,24541
1016188918,24160
1016196910,5450
1016235614,24283
1016340327,22972
1016344811,31827
1016359819,27569
1016383151,19022
1016416042,1763
1016416911,16567
1016451797,14515
1016466572,18535
1016494786,27348
1016515335,24479
1016519889,24480
1016527193,31826
1016545946,16959
1016554204,22972
1016599254,24367
1016624268,33129
1016670335,24256
1016672357,1072
1016678378,24071
1016691940,14499
1016733531,16339
1016735548,16645
1016735767,21008
1016760831,16426
1016773245,24257
1016790239,22041
1016790258,23032
1016798353,20921
1016813626,24478
1016880374,22345
1016897159,14521
1017108313,22980
1017159021,2857
1017248542,17239
1017258961,2858
1017340217,27358
1017388255,14554
1017403209,17570
1017412031,21985
1017428323,20922
1017435856,8688
1017544641,23216
1017555856,26019
1017558247,19939
1017606011,18867
1017611627,22189
1017673177,27356
1017715478,21986
1017735992,22184
1017767295,22972
1017771420,30922
1017789176,30921
1017799572,4362
1017811630,14554
1017820193,21285
1017902543,20386
1017929849,7
1017932259,16763
1017939334,3951
1018059576,21504
1018085053,20585
1018085255,26767
1018123689,14900
1018142351,19990
1018149981,21166
1018155661,33181
1018179673,19986
1018189681,16101
1018215412,3893
1018235966,19021
1018287398,19990
1018298257,21
1018309611,20914
1018398383,15351
1018410840,20584
1018440521,14554
1018487173,14498
1018515978,2909
1018516195,16104
1018560411,22523
1018598516,30527
1018716923,21055
1018729602,22191
1018789955,21055
1018821781,4000
1018823080,16303
1018893862,6903
1018985961,14914
1019145886,18506
1019282502,14516
1019297348,32348
1019301267,16621
1019314395,24188
1019570620,21321
1019615982,6237
1020113472,15895
1020297341,15897
1020584438,16970
1020602496,994
1020684773,4291
1020878255,1196
1020987876,15894
1021022956,16374
1021057444,4289
1021147842,14507
1021179256,16980
1021245463,22960
1021404927,27323
1021504143,1194
1021513286,17782
1021635560,25
1021678220,15896
1021731249,21229
1021782520,17250
1021872373,11953
1021879586,31045
1021964226,4247
1022034735,20888
1022044837,16397
1022095085,33232
1022157345,24022
1022236336,24614
1022246077,26857
1022277311,16466
1022396432,17418
1022416112,3677
1022426537,17537
1022696862,25700
1022844223,31177
1022861994,2066
1022900270,18269
1022900978,22619
1022969285,15139
1022982818,24023
1023013107,5455
1023015858,15900
1023071687,32997
1023208587,897
1023225325,913
1023239159,15898
1023256059,15586
1023270242,4754
1023282802,18867
1023290470,15903
1023309583,23660
1023324658,25476
1023353040,13004
1023359667,28025
1023392248,1197
1023435176,15899
1023454023,15204
1023465494,14491
1023526471,6706
1023533808,18053
1023602551,15520
1023609312,28014
1023625044,13504
1023656480,4921
1023657555,13287
1023679546,14517
1023724619,25478
1023726406,30681
1023763984,1195
1024057090,1340
1024724646,5302
1024952754,19940
1025610302,23583
1026136972,16759
1026364548,18836
1026454264,24774
1026518526,19141
1026584634,20888
1026602412,29840
1026658417,5460
1026713138,30344
1026935244,21929
1027013757,17376
1027102285,22438
1027156757,1629
1027163918,24431
1027180299,15614
1027223320,9249
1027229572,15597
1027284185,393
1027294540,18702
1027304316,15601
1027323258,16015
1027331954,20723
1027334693,23711
1027354020,16773
1027445883,32559
1027450448,15597
1027520588,5984
1027538967,920
1027542593,17498
1027580633,29715
1027641657,15597
1027648985,5856
1027675385,15312
1027675669,33064
1027693264,19140
1027703118,7434
1027717653,20154
1027718890,15597
1027727426,6243
1027743904,9905
1027801190,15597
1027809612,21931
1027937233,20722
1027950448,33065
1027957524,20888
1027987480,15597
1028025445,912
1028055060,30975
1028109861,6439
1028124281,4922
1028125652,24276
1028126966,27088
1028126980,4903
1028148995,24275
1028155702,3425
1028175903,17008
1028188216,15558
1028222766,14148
1028302649,29722
1028420459,19992
1028446243,7891
1028469079,1333
1028489334,9250
1028566957,3046
1028570909,31212
1028720981,25529
1028734575,24466
1028834180,22439
1028891678,3128
1028893711,914
1028932084,19063
1028940627,17420
1028960757,22956
1028973265,12964
1029108926,24468
1029126714,30091
1029147834,5206
1029149100,26100
1029161531,4393
1029211092,26102
1029228545,8870
1029233888,23876
1029261387,30923
1029291553,4544
1029488273,911
1029517585,907
1029558457,32473
1029566318,22031
1029592495,5275
1029696037,32474
1029724193,1067
1029782952,26863
1029791950,15136
1029826170,8705
1029829064,5357
1029863031,20586
1029964687,1627
1029993899,2463
1030018392,24061
1030041182,921
1030041400,201
1030215197,20597
1030265623,15139
1030268519,17009
1030272353,2032
1030300112,26189
1030355799,7941
1030433318,26728
1030464930,1360
1030490098,16107
1030522119,31150
1030527776,14518
1030546111,21095
1030572428,6318
1030581831,2225
1030597074,1762
1030598259,6215
1030622535,2652
1030636277,14523
1030649829,24272
1030722132,7142
1030737071,936
1030738064,10763
1030765742,3842
1030775504,6151
1030820899,15039
1030842626,28754
1030860423,24532
1030869886,13178
1030903041,14149
1030916687,1334
1030919684,14194
1030952150,9454
1030967325,11076
1030991658,26976
1030998331,22853
1031021253,17010
1031114015,7643
1031147771,19993
1031156993,11077
1031167123,5192
1031170127,11085
1031192218,2405
1031248530,8703
1031295893,13332
1031322157,11024
1031323424,17715
1031334392,13142
1031366329,9459
1031389235,17714
1031408235,13426
1031422570,3966
1031468042,524
1031492232,4528
1031523130,4650
1031539626,17713
1031545526,271
1031574742,12785
1031582945,13081
1031606160,24467
1031664861,11354
1031672365,501
1031688464,14519
1031693830,4529
1031721685,1545
1031781432,12779
1031795107,12134
1031876146,4649
1032035766,3227
1032041096,1104
1032063160,1105
1032089106,24705
1032096849,5459
1032207740,1546
1032238701,24931
1032238841,3833
1032239655,15139
1032239917,13281
1032242662,12481
1032255834,12745
1032260183,1334
1032264321,10764
1032278176,12739
1032336414,12903
1032345618,12583
1032376264,4322
1032388797,3
1032389279,11078
1032401034,4071
1032415003,32685
1032425564,11086
1032450670,1754
1032486081,2871
1032491554,26249
1032499582,13217
1032506900,2373
1032544139,634
1032561199,12981
1032565898,16735
1032567085,4670
1032577618,5529
1032602223,4570
1032604906,12746
1032626056,17960
1032637418,12990
1032640514,12744
1032654216,12445
1032788323,26255
1032864096,5915
1032888767,4923
1032893062,20883
1032986574,17011
1033049158,7125
1033061755,6491
1033069461,1153
1033082565,6211
1033110442,14169
1033266198,1098
1033313205,32990
1033370356,17012
1033424073,17013
1033449824,7478
1033477228,24026
1033484043,6639
1033484912,9820
1033484913,4607
1033528281,11062
1033553650,2251
1033589847,26257
1033611193,26254
1033617970,31180
1033637787,31125
1033640933,915
1033642866,31117
1033664376,30415
1033668565,30394
1033674132,918
1033703547,31733
1033723861,31115
1033748892,31886
1033751872,31912
1033756721,30723
1033771171,1114
1033775468,31561
1033790261,31367
1033804284,30714
1033823157,30715
1033828926,31562
1033850712,30713
1033863219,20910
1033878735,30717
1033881828,30865
1033882409,31551
1033913201,30716
1033930199,30787
1033933384,31913
1033936747,20331
1033997298,30306
1034002832,30889
1034024165,30541
1034034472,30321
1034061335,31277
1034070032,20030
1034072326,31178
1034108234,31560
1034108691,31559
1034110917,31891
1034114598,2
1034115759,30828
1034157535,31861
1034160204,19313
1034175373,4279
1034180849,18933
1034184195,24386
1034184867,30719
1034196773,31018
1034205843,6647
1034276652,26388
1034291346,7246
1034319745,9826
1034375419,20474
1034393418,21094
1034398802,74
1034399746,7479
1034467594,150
1034577022,28641
1034636539,32722
1034647823,7247
1034670285,7870
1034686669,17014
1034719400,27241
1034722408,11063
1034741983,4511
1034743416,1484
1034743868,19237
1034756517,11392
1034777146,1593
1034777701,19242
1034820325,26313
1034837789,28637
1034883268,2854
1034907723,17015
1034918489,28942
1035002201,1
1035007785,22668
1035010427,18724
1035058976,16273
1035073688,13044
1035100316,12156
1035235760,21584
1035298088,21212
1035361402,22669
1035452825,26689
1035463359,677
1035468786,4684
1035483320,4258
1035483733,30501
1035492403,15795
1035553277,29565
1035592096,3250
1035602420,3266
1035612001,19067
1035616247,12397
1035638923,18378
1035670233,12402
1035740166,31364
1035768102,31718
1035794237,20132
1035867151,18470
1035867872,6224
1035876291,4074
1035920575,30560
1035955102,24394
1035986677,20589
1036154323,12398
1036184322,21160
1036221934,18451
1036317826,26457
1036339116,12403
1036408487,18452
1036421083,18453
1036433547,18457
1036453429,16005
1036502141,24465
1036502577,24119
1036506680,19398
1036520133,31713
1036541646,22561
1036557315,16394
1036567056,678
1036587246,26882
1036588366,814
1036596544,25931
1036616342,18454
1036638393,5757
1036677389,14863
1036704644,5207
1036722355,18450
1036758371,6604
1036833371,18210
1036865288,25930
1036957264,31283
1036978198,19357
1036979292,4874
1036985705,16930
1037035872,2283
1037048578,18455
1037057572,18456
1037088296,31284
1037161826,15705
1037169390,9821
1037193861,23986
1037210493,14523
1037235092,17968
1037274354,11266
1037307801,15796
1037324526,2190
1037342504,17396
1037348038,30341
1037349866,31176
1037368318,466
1037381560,17392
1037435311,4573
1037465732,23249
1037466111,3773
1037467897,17584
1037517742,4572
1037541582,6330
1037543518,15902
1037573677,20888
1037582260,24694
1037593952,10885
1037611577,24553
1037636647,21557
1037676706,2191
1037687849,11270
1037698266,1914
1037730507,917
1037778225,6627
1037786475,6842
1037793947,16603
1037800592,27033
1037853179,16920
1037896926,3955
1037899199,20872
1037901678,4872
1038038562,29307
1038052361,24184
1038086885,31046
1038090722,18202
1038097832,18686
1038120565,15999
1038176779,21055
1038184933,22028
1038223207,292
1038231180,23892
1038307509,19761
1038356022,2284
1038363673,18685
1038386535,31908
1038411635,22913
1038568364,5975
1038574950,22100
1038582446,3753
1038592345,5511
1038612223,16240
1038618684,15316
1038631421,1397
1038633936,12656
1038648006,29832
1038648853,4184
1038659215,27801
1038660793,1799
1038664418,17790
1038683081,18083
1038723383,3696
1038743711,5445
1038776253,19705
1038809304,22159
1038816732,3774
1038873851,4886
1038880183,6160
1038907706,5822
1038952083,6120
1038960530,25090
1038962666,4162
1038997056,5444
1039003306,19039
1039013427,4887
1039025368,6668
1039030922,8758
1039073619,12655
1039247696,23228
1039316926,18465
1039321407,29808
1039348273,29806
1039348680,19982
1039357132,5858
1039379011,1843
1039497496,5292
1039504055,13764
1039528809,14502
1039589118,1840
1039597546,1838
1039636977,6425
1039649277,27642
1039685348,1076
1039697978,17598
1039724045,14170
1039758994,10918
1039842724,5857
1039912042,32377
1039924487,18466
1040013150,17082
1040058910,1842
1040062322,17519
1040066993,6240
1040198742,24600
1040232743,24888
1040249369,31876
1040297963,22097
1040300079,12329
1040309028,12255
1040313082,75
1040320236,151
1040334501,29172
1040408732,29897
1040410419,29173
1040422020,16934
1040463567,26244
1040469080,9867
1040482204,11393
1040510469,4160
1040585353,13373
1040589338,19655
1040611861,13105
1040627383,13372
1040631567,26253
1040646192,13901
1040692660,28633
1040695187,13371
1040763196,1090
1040800587,10959
1040839778,30114
1040875283,17154
1040902972,21852
1040921022,7397
1040972442,19706
1040995200,28925
1041005722,28646
1041041865,15494
1041062929,7232
1041096155,12877
1041112818,25854
1041184342,14547
1041229567,8929
1041236617,26347
1041238803,19981
1041268263,21743
1041275775,28647
1041347299,10397
1041354158,19707
1041361669,1778
1041373189,28638
1041410991,12660
1041440837,1472
1041442713,18961
1041446661,9011
1041456431,3587
1041456944,5457
1041461245,16295
1041480272,30958
1041484906,25028
1041497224,26346
1041511297,6423
1041546148,10866
1041568968,32240
1041576753,1464
1041581935,919
1041633355,11386
1041648090,32238
1041649914,19980
1041657457,29439
1041667330,6601
1041736001,32239
1041744561,12657
1041751768,5780
1041754533,8948
1041775155,12659
1041786088,26345
1041810330,14201
1041830770,9010
1041845827,28758
1041927262,12927
1042011500,6947
1042076669,28640
1042094525,14963
1042155324,16032
1042179373,1442
1042183923,1011
1042213183,27858
1042263156,20982
1042354766,12330
1042389677,16961
1042401748,1458
1042409592,9868
1042424856,1443
1042432091,9015
1042442749,1469
1042458340,27265
1042523784,21584
1042530709,18568
1042535659,5812
1042580176,27091
1042623648,900
1042648259,17997
1042783577,27090
1042793384,8257
1042833280,10070
1042839451,5208
1042859809,16015
1042928365,1454
1042969696,894
1042970890,7126
1043103897,14508
1043142165,16345
1043144975,24434
1043209341,15879
1043262376,7567
1043284941,25734
1043292470,32688
1043318001,18804
1043435447,30812
1043444178,1669
1043462514,12658
1043474113,22000
1043478086,31295
1043485738,1767
1043504899,1444
1043535230,32563
1043536081,18845
1043605422,32689
1043643812,18867
1043646067,25373
1043653849,2758
1043655360,13509
1043659028,31303
1043666939,29866
1043677558,1847
1043709942,2752
1043729400,16949
1043734823,18845
1043746628,32694
1043756239,29866
1043763512,328
1043774464,29866
1043793957,1461
1043829595,32562
1043833861,4681
1043865451,16590
1043870289,1441
1043870672,1766
1043882960,32320
1043909514,25373
1043944242,14424
1043981220,14875
1043988638,14782
1043994269,30522
1043996725,16724
1044011140,31303
1044028678,24548
1044055711,6686
1044063402,6685
1044096627,14331
1044099406,8103
1044110008,19111
1044119116,13276
1044225558,6688
1044318575,4161
1044325808,13471
1044337380,6687
1044371548,18460
1044380813,8622
1044464999,19118
1044535375,910
1044613320,1144
1044614004,31951
1044650543,26458
1044664367,646
1044673639,26277
1044735485,13790
1044773919,14326
1044788219,3389
1044804595,4381
1044856391,18245
1044865757,14296
1044919255,26250
1044937773,31952
1044955445,31620
1044960565,23211
1044963051,12711
1044963279,25912
1045047112,31870
1045094719,3135
1045097844,16986
1045157113,24714
1045232162,6258
1045233130,31877
1045234116,8623
1045288031,18246
1045288497,14067
1045377454,12712
1045432173,17112
1045446853,6490
1045449812,20118
1045459701,21568
1045480247,23361
1045486201,4001
1045570317,17115
1045597495,15550
1045602778,30502
1045664292,21299
1045701443,25113
1045736035,19159
1045774697,25422
1045907064,17109
1045932183,2811
1045932953,23361
1046051359,2812
1046059839,2531
1046091209,9270
1046129161,24162
1046155825,26323
1046318856,21851
1046332836,18467
1046370893,1679
1046372019,23650
1046374703,4458
1046389674,14879
1046444071,10735
1046444322,14878
1046458083,14877
1046482624,13728
1046525407,3731
1046540194,5209
1046550471,22908
1046590327,7100
1046592050,18463
1046596155,24158
1046598039,4979
1046624462,11744
1046677666,22190
1046707496,31298
1046713082,27642
1046719115,7143
1046719256,28075
1046727847,33317
1046731647,31301
1046735517,19324
1046738081,9771
1046771278,3428
1046775686,3426
1046802372,3430
1046840465,26682
1046849149,30870
1046867803,2577
1046868761,31742
1046881433,31206
1046883222,30610
1046891639,31660
1046896292,20161
1046919695,18817
1046922977,31299
1046966822,23906
1046987560,30773
1047066295,31174
1047075017,30611
1047108942,31430
1047180728,15315
1047255727,25114
1047256705,3427
1047438153,13589
1047496808,6203
1047580260,3394
1048169903,1200
1048560651,895
1048690454,26883
1049013024,6305
1049122305,20158
1049203254,5456
1049389560,5784
1049399681,4954
1049822298,22907
1050027728,21193
1050152433,4070
1050178819,5543
1050697366,23707
1050790755,30795
1050913654,21319
1050929089,12661
1050993400,16591
1051163129,16593
1051557657,15059
1051608178,7483
1051629640,16744
1051655675,20172
1051703367,12557
1051770091,33131
1051772656,26884
1051832234,14371
1051865752,18462
1051915894,4949
1051948260,16484
1052002342,8360
1052021787,31656
1052064893,16628
1052172356,6553
1052176961,24464
1052199973,6693
1052282143,6695
1052297306,6694
1052297866,4645
1052318223,5340
1052330061,18511
1052368383,28898
1052502138,18638
1052557924,28826
1052576477,6324
1052609293,15879
1052656656,1780
1052707381,27643
1052708536,15556
1052835949,28632
1052856761,3902
1052949282,2656
1052995670,152
1053040108,28642
1053133477,3883
1053169633,3459
1053236526,24554
1053274004,32434
1053277476,7861
1053373507,28557
1053390798,689
1053426625,13707
1053478995,12361
1053559265,13179
1053560068,4918
1053577675,23122
1053645276,7841
1053669228,21551
1053711065,1106
1053747876,4920
1053814352,13982
1053825118,7863
1053915308,10864
1054043194,10867
1054168555,1438
1054174088,32886
1054347099,9440
1054358734,4919
1054388760,25855
1054448410,18181
1054501965,4101
1054570849,18867
1054818285,25390
1054836673,7790
1054843285,28927
1054877761,31717
1054878831,26097
1054908195,20029
1054931966,20253
1054982701,30496
1054995536,2470
1055027017,25371
1055035124,3114
1055076002,1588
1055114355,26722
1055132782,29178
1055251592,17564
1055285629,23678
1055286184,23679
1055328517,7864
1055328527,15893
1055328932,2653
1055343804,19147
1055353871,12362
1055360075,8052
1055598417,690
1055624480,22215
1055627473,20904
1055702785,16946
1055790890,24410
1055806906,17673
1055840048,18489
1055841891,9441
1055855485,23326
1055882145,13784
1055914131,10865
1056030779,23329
1056134431,32132
1056158191,25085
1056235729,16898
1056273313,17855
1056306299,4082
1056323415,153
1056446805,15892
1056489592,23680
1056500302,7862
1056624079,29133
1056649757,15891
1056690950,3460
1056708345,23328
1056710046,20653
1056751961,20907
1056758621,31789
1056823207,22431
1056840511,19276
1056867939,27412
1056903237,11385
1056912634,16598
1056985720,10868
1057015388,8264
1057017459,17558
1057018892,18529
1057027941,20906
1057038334,21808
1057176945,20445
1057265682,24080
1057494768,19056
1057741506,3732
1057770149,20683
1057919959,6196
1057934996,31525
1058001635,17111
1058007128,7344
1058039323,1875
1058274525,1873
1058328612,12224
1058351634,5789
1058462603,21187
1058518061,4980
1058532701,6191
1058814714,1107
1058930608,31068
1058997696,8759
1059235139,5976
1059240132,1130
1059371126,11913
1059384981,6325
1059385591,27910
1059401893,1757
1059447330,5974
1059494664,1048
1059587353,26832
1059639548,28193
1059716152,18823
1059739780,6819
1059823801,26488
1059900116,12287
1059913360,21771
1059945788,13750
1060009456,29567
1060104853,31165
1060105402,12420
1060220997,7237
1060381908,5210
1060385217,14915
1060396393,7568
1060396866,10829
1060407745,27413
1060466272,25696
1060472490,3166
1060487593,497
1060515830,32758
1060542320,13729
1060597714,27613
1060621947,5069
1060642226,3484
1060660865,32759
1060683734,909
1060726359,32760
1060742650,18824
1060752187,27615
1060884551,7484
1060927514,6233
1060932754,27620
1060951485,21718
1060976657,16602
1060984160,12564
1061022193,908
1061067786,7233
1061093592,13
1061093640,27612
1061140562,31267
1061170143,10486
1061176367,27614
1061177205,5216
1061199271,5291
1061235502,3483
1061253758,19987
1061322977,22908
1061362390,4873
1061461851,19987
1061549137,20006
1061549162,19994
